SYMBOL,SERIES,DATE1,PREV_CLOSE,OPEN_PRICE,HIGH_PRICE,LOW_PRICE,LAST_PRICE,CLOSE_PRICE,AVG_PRICE,TTL_TRD_QNTY,TURNOVER_LACS,NO_OF_TRADES,DELIV_QTY,DELIV_PER
ABB,EQ,2025-09-25,5237.3,5237.0,5265.0,5184.0,5210.0,5200.7,5212.83,308529,16083.08,28985.0,203387.0,65.92
ABB,EQ,2025-09-26,5200.7,5200.9,5210.0,5121.0,5179.0,5173.4,5160.3,348241,17970.28,24840.0,214658.0,61.64
ABB,EQ,2025-09-30,5207.8,5201.0,5232.6,5175.1,5199.0,5183.3,5197.65,215173,11183.95,27392.0,131253.0,61.0
ABB,EQ,2025-10-01,5183.3,5185.0,5208.0,5143.0,5196.5,5199.0,5181.83,94280,4885.43,14072.0,51450.0,54.57
ABB,EQ,2025-10-07,5218.0,5233.0,5343.0,5209.5,5224.0,5219.5,5281.83,382453,20200.52,39231.0,185284.0,48.45
ABB,EQ,2025-10-08,5219.5,5236.5,5236.5,5101.0,5110.5,5128.5,5186.86,399870,20740.68,25518.0,261353.0,65.36
ABB,EQ,2025-10-09,5128.5,5120.0,5162.0,5075.0,5151.0,5146.5,5114.8,212517,10869.82,19691.0,108080.0,50.86
ABB,EQ,2025-10-14,5147.5,5169.5,5169.5,5081.5,5100.0,5119.5,5115.57,299352,15313.57,23975.0,214678.0,71.71
ABB,EQ,2025-10-15,5119.5,5119.5,5228.0,5097.5,5181.5,5173.5,5180.14,218559,11321.65,25997.0,116879.0,53.48
ABB,EQ,2025-10-16,5173.5,5190.0,5260.0,5077.5,5200.0,5212.0,5180.21,542569,28106.24,49064.0,227373.0,41.91
ABB,EQ,2025-10-17,5212.0,5208.5,5227.0,5176.0,5200.0,5202.0,5201.99,145812,7585.12,13498.0,70615.0,48.43
ABB,EQ,2025-10-20,5202.0,5228.0,5273.5,5203.5,5235.0,5231.5,5235.99,141485,7408.14,17626.0,68487.0,48.41
ABB,EQ,2025-10-21,5231.5,5248.0,5262.0,5220.0,5232.0,5240.0,5246.3,26961,1414.46,4476.0,16350.0,60.69
ABB,EQ,2025-10-24,5181.5,5198.0,5210.0,5151.5,5180.0,5181.0,5186.73,245669,12742.18,13691.0,169868.0,69.15
ABB,EQ,2025-10-28,5238.0,5260.0,5275.0,5141.5,5182.5,5175.5,5198.71,236636,12302.01,23823.0,121939.0,51.53
ABB,EQ,2025-10-29,5175.5,5175.5,5300.0,5175.5,5298.0,5289.0,5267.51,193168,10175.14,17923.0,92531.0,47.9
ABB,EQ,2025-11-03,5220.0,5215.0,5279.0,5205.0,5256.5,5256.0,5247.62,79178,4154.96,11189.0,35521.0,44.86
ABB,EQ,2025-11-06,5244.0,5258.0,5280.5,5172.0,5205.0,5228.0,5245.14,302941,15889.67,23999.0,166519.0,54.97
ABB,EQ,2025-11-07,5228.0,5099.0,5151.0,4962.5,5011.5,5016.5,5014.83,1147124,57526.32,82785.0,563219.0,49.1
ABB,EQ,2025-11-10,5016.5,4964.0,5009.0,4921.5,4995.0,4992.0,4973.84,207748,10333.05,25669.0,72748.0,35.02
ABB,EQ,2025-11-11,4992.0,5021.5,5026.5,4941.0,4976.0,4978.5,4967.73,202095,10039.52,19996.0,105685.0,52.29
ABB,EQ,2025-11-12,4978.5,4994.0,5000.0,4911.0,4933.0,4924.0,4950.02,322415,15959.62,28507.0,194591.0,60.35
ABB,EQ,2025-11-14,4913.0,4913.0,4963.0,4899.0,4960.0,4952.5,4934.44,120184,5930.41,12266.0,58515.0,48.69
ABB,EQ,2025-11-17,4952.5,4955.0,5060.0,4926.0,5046.0,5041.5,5002.95,201519,10081.89,21295.0,110028.0,54.6
ABB,EQ,2025-11-18,5041.5,5041.5,5095.0,4998.5,5075.0,5080.5,5056.43,185933,9401.58,16241.0,86259.0,46.39
ABB,EQ,2025-11-19,5080.5,5081.5,5099.0,5037.0,5074.0,5083.0,5066.72,241340,12228.03,20142.0,123679.0,51.25
ABB,EQ,2025-11-20,5083.0,5083.0,5172.0,5083.0,5143.0,5147.0,5145.68,315841,16252.17,25223.0,180267.0,57.08
ABB,EQ,2025-11-21,5147.0,5130.0,5132.0,5068.5,5093.5,5092.0,5092.5,195539,9957.83,19628.0,108384.0,55.43
ABB,EQ,2025-11-24,5092.0,5092.0,5100.0,5024.5,5049.5,5057.0,5060.13,453211,22933.04,30549.0,287767.0,63.5
ABB,EQ,2025-11-26,5070.5,5070.5,5206.5,5058.0,5190.0,5197.5,5164.42,157689,8143.73,18456.0,79511.0,50.42
ABB,EQ,2025-11-27,5197.5,5235.0,5264.5,5188.5,5260.0,5240.5,5222.27,123457,6447.26,13791.0,54480.0,44.13
ABB,EQ,2025-11-28,5240.5,5260.0,5260.5,5170.0,5178.0,5175.0,5204.61,82669,4302.6,11247.0,46125.0,55.79
ABB,EQ,2025-12-01,5175.0,5218.0,5219.5,5148.5,5193.0,5189.5,5180.78,68252,3535.99,12324.0,29309.0,42.94
ABB,EQ,2025-12-02,5189.5,5171.0,5221.5,5161.0,5165.0,5183.0,5185.44,149427,7748.45,15861.0,93846.0,62.8
ABB,EQ,2025-12-03,5183.0,5183.0,5183.0,5088.5,5120.0,5107.0,5118.23,81229,4157.49,12117.0,41366.0,50.93
ABB,EQ,2025-12-05,5172.5,5172.5,5194.0,5140.5,5180.0,5173.5,5167.44,99564,5144.91,16730.0,53066.0,53.3
ABB,EQ,2025-12-08,5173.5,5171.5,5194.0,5049.0,5051.0,5057.5,5100.99,130551,6659.4,25444.0,69173.0,52.99
ABB,EQ,2025-12-09,5057.5,5051.0,5128.0,4981.0,5108.0,5117.0,5066.6,113585,5754.9,15594.0,47188.0,41.54
ABB,EQ,2025-12-10,5117.0,5109.5,5192.0,5098.0,5159.0,5152.0,5149.55,118196,6086.56,15618.0,67190.0,56.85
ABB,EQ,2025-12-15,5278.0,5288.0,5298.0,5200.5,5282.0,5285.0,5239.08,191017,10007.53,15466.0,114719.0,60.06
ABB,EQ,2025-12-16,5285.0,5280.0,5280.0,5227.0,5238.5,5242.0,5254.92,71299,3746.7,8138.0,37714.0,52.9
ABB,EQ,2025-12-18,5171.0,5185.0,5185.0,5075.5,5098.5,5097.5,5114.13,362593,18543.48,21263.0,262245.0,72.32
ABB,EQ,2025-12-19,5097.5,5106.0,5191.5,5100.0,5169.0,5177.0,5158.62,351488,18131.93,16379.0,262169.0,74.59
ABB,EQ,2025-12-23,5181.0,5185.0,5215.0,5151.0,5212.0,5204.0,5190.91,64953,3371.65,8600.0,32688.0,50.33
ABB,EQ,2025-12-24,5204.0,5212.5,5266.0,5202.0,5202.5,5215.0,5238.44,103441,5418.7,14246.0,49146.0,47.51
ABB,EQ,2025-12-26,5215.0,5215.0,5244.5,5164.5,5192.5,5183.0,5210.92,54254,2827.13,11813.0,23659.0,43.61
ABB,EQ,2025-12-29,5183.0,5218.5,5218.5,5155.0,5155.0,5165.0,5178.99,53679,2780.03,8189.0,27479.0,51.19
ABB,EQ,2025-12-30,5165.0,5155.0,5169.0,5100.0,5154.0,5138.5,5131.42,107504,5516.48,16201.0,53998.0,50.23
ABB,EQ,2025-12-31,5138.5,5150.0,5207.5,5141.5,5167.5,5170.0,5169.28,106827,5522.18,9778.0,67883.0,63.54
ABB,EQ,2026-01-01,5170.0,5183.0,5195.5,5146.0,5168.0,5176.5,5168.75,37884,1958.13,6297.0,13829.0,36.5
ABB,EQ,2026-01-02,5176.5,5156.5,5220.0,5156.5,5219.0,5205.5,5187.49,63490,3293.54,8840.0,29151.0,45.91
ABB,EQ,2026-01-06,5168.5,5168.5,5254.5,5160.5,5215.0,5224.5,5214.88,122892,6408.66,17703.0,55876.0,45.47
ABB,EQ,2026-01-07,5224.5,5215.0,5307.5,5181.5,5305.0,5299.0,5264.3,123203,6485.78,15858.0,57287.0,46.5
ABB,EQ,2026-01-08,5299.0,5312.0,5368.0,4983.5,5036.0,5021.0,5129.49,681840,34974.88,51492.0,314725.0,46.16
ABB,EQ,2026-01-09,5021.0,5050.0,5138.0,4983.5,5074.0,5093.0,5080.55,329338,16732.19,39473.0,113151.0,34.36
ABB,EQ,2026-01-12,5093.0,5075.0,5075.5,4951.0,5057.0,5048.0,5019.5,172796,8673.49,23691.0,53698.0,31.08
ABB,EQ,2026-01-13,5048.0,5050.0,5081.5,4923.0,4960.0,4966.0,4988.9,113004,5637.65,16248.0,40553.0,35.89
ABB,EQ,2026-01-14,4966.0,4960.5,4992.0,4925.0,4935.5,4935.0,4957.08,107017,5304.92,14505.0,50887.0,47.55
ABB,EQ,2026-01-19,4872.5,4877.5,4942.0,4839.0,4859.0,4865.5,4871.66,238177,11603.16,27341.0,140568.0,59.02
ABB,EQ,2026-01-20,4865.5,4855.0,4855.0,4673.0,4693.0,4691.5,4725.89,413609,19546.72,43871.0,218192.0,52.75
ABB,EQ,2026-01-21,4691.5,4692.5,4751.5,4637.5,4711.5,4707.5,4694.22,349292,16396.53,39626.0,182725.0,52.31
ABB,EQ,2026-01-23,4755.5,4760.0,4775.0,4668.5,4696.0,4694.5,4707.09,114255,5378.08,14922.0,51962.0,45.48
ABB,EQ,2026-01-28,4707.5,4759.0,5075.0,4750.0,5035.0,5043.5,4966.57,419235,20821.6,37390.0,137472.0,32.79
ABB,EQ,2026-01-30,5474.0,5440.0,5605.5,5400.0,5551.0,5578.5,5533.02,634906,35129.45,62968.0,270497.0,42.6
ABB,EQ,2026-02-02,5437.0,5490.0,5537.0,5368.5,5454.5,5468.0,5451.1,156864,8550.82,24024.0,46264.0,29.49
ABB,EQ,2026-02-03,5468.0,5641.5,5769.0,5608.0,5665.0,5668.5,5698.7,646658,36851.11,63102.0,377371.0,58.36
ABB,EQ,2026-02-04,5668.5,5661.0,5867.0,5582.5,5740.0,5755.0,5785.33,509746,29490.49,40639.0,215593.0,42.29
ABB,EQ,2026-02-06,5770.0,5769.0,5845.0,5726.5,5800.0,5816.0,5800.23,304093,17638.08,33044.0,92602.0,30.45
ABB,EQ,2026-02-09,5816.0,5845.0,5850.0,5748.0,5815.5,5815.5,5807.52,137449,7982.38,18100.0,55604.0,40.45
ABB,EQ,2026-02-10,5815.5,5850.0,5884.0,5806.0,5851.0,5870.0,5847.53,155125,9070.98,17970.0,77651.0,50.06
ABB,EQ,2026-02-11,5870.0,5851.0,5861.0,5781.0,5819.0,5825.5,5821.68,91365,5318.98,14157.0,35810.0,39.19
ABB,EQ,2026-02-12,5825.5,5819.0,5864.5,5760.0,5795.0,5788.5,5789.82,169801,9831.17,16847.0,99312.0,58.49
ABB,EQ,2026-02-13,5788.5,5788.5,5855.0,5726.5,5768.0,5780.5,5796.68,152957,8866.42,19812.0,67748.0,44.29
ABB,EQ,2026-02-16,5780.5,5781.0,5914.0,5742.5,5891.0,5888.0,5862.21,188248,11035.48,28270.0,90271.0,47.95
ABB,EQ,2026-02-17,5888.0,5922.5,5940.0,5806.0,5830.0,5836.0,5868.43,116120,6814.42,16118.0,40936.0,35.25
ABB,EQ,2026-02-18,5836.0,5836.0,5909.0,5771.5,5865.0,5881.5,5845.09,178419,10428.75,25527.0,85464.0,47.9
ABB,EQ,2026-02-23,5987.0,6090.0,6090.0,5775.0,5906.0,5917.5,5916.56,831004,49166.82,77824.0,168581.0,20.29
ABB,EQ,2026-02-24,5917.5,5881.5,6075.0,5881.5,6060.0,6056.0,5986.05,782563,46844.62,67375.0,256723.0,32.81
ABB,EQ,2026-02-26,6167.5,6170.0,6205.5,6110.5,6135.0,6133.0,6154.28,283878,17470.66,27708.0,132718.0,46.75
ABB,EQ,2026-02-27,6133.0,6128.0,6128.0,6039.0,6080.0,6073.0,6080.45,602254,36619.73,31624.0,434382.0,72.13
ABB,EQ,2026-03-02,6073.0,5840.0,6073.0,5835.0,5980.0,5983.0,5980.23,275442,16472.06,31966.0,128816.0,46.77
ABB,EQ,2026-03-04,5983.0,5900.0,5911.5,5793.5,5820.5,5830.5,5847.28,275613,16115.86,26601.0,128985.0,46.8
ABB,EQ,2026-03-05,5830.5,5844.0,6000.5,5833.5,5915.0,5929.0,5919.25,268401,15887.32,26369.0,122709.0,45.72
ABB,EQ,2026-03-06,5929.0,5900.0,6118.0,5869.0,6058.0,6062.0,6047.88,377080,22805.35,31641.0,174543.0,46.29
ABB,EQ,2026-03-09,6062.0,5982.0,6000.0,5853.0,6000.0,5982.5,5925.37,249926,14809.03,31333.0,90878.0,36.36
ABB,EQ,2026-03-12,6280.0,6242.0,6429.5,6146.0,6415.5,6409.0,6339.68,596298,37803.36,55915.0,271347.0,45.51
ABB,EQ,2026-03-13,6409.0,6439.5,6554.0,6339.5,6389.0,6392.5,6434.14,1070957,68906.87,106134.0,450328.0,42.05
ABB,EQ,2026-03-16,6392.5,6400.0,6417.0,6162.5,6218.5,6218.0,6232.65,371084,23128.35,40172.0,119294.0,32.15
ABB,EQ,2026-03-18,6310.5,6320.5,6415.5,6280.5,6329.5,6337.5,6349.26,280678,17820.98,39988.0,99934.0,35.6
ABB,EQ,2026-03-19,6337.5,6261.0,6322.0,6178.5,6230.0,6214.0,6241.99,212355,13255.19,25667.0,84643.0,39.86
ABB,EQ,2026-03-23,6297.0,6264.0,6264.0,5975.0,6018.0,6041.5,6077.72,274731,16697.38,33252.0,95761.0,34.86
ABB,EQ,2026-03-24,6041.5,6200.0,6244.5,6045.0,6140.0,6162.0,6153.28,280421,17255.1,39862.0,97189.0,34.66
ABB,EQ,2026-03-27,6212.5,6190.0,6190.0,5987.0,6101.0,6105.0,6104.34,425645,25982.83,67432.0,154312.0,36.25
ABB,EQ,2026-03-30,6105.0,5995.0,6100.0,5911.0,5975.0,5941.5,5987.6,342351,20498.61,35277.0,120782.0,35.28
ABB,EQ,2026-04-01,5941.5,6180.0,6188.5,6012.0,6074.0,6063.0,6089.66,339497,20674.22,32813.0,155995.0,45.95
ABB,EQ,2026-04-07,6193.5,6175.0,6280.0,6081.5,6270.0,6269.0,6212.17,253657,15757.61,28930.0,101069.0,39.84
ABB,EQ,2026-04-08,6269.0,6399.0,6584.5,6370.0,6569.0,6565.0,6509.17,626418,40774.64,61196.0,302859.0,48.35
ABB,EQ,2026-04-09,6565.0,6575.0,6642.0,6483.5,6592.5,6614.0,6574.29,591302,38873.88,49917.0,288630.0,48.81
ABB,EQ,2026-04-10,6614.0,6642.0,6905.5,6612.5,6849.0,6859.5,6793.3,798909,54272.26,67667.0,389451.0,48.75
ABB,EQ,2026-04-13,6859.5,6725.0,6878.5,6688.0,6835.0,6828.5,6830.17,320237,21872.73,43210.0,131947.0,41.2
ABB,EQ,2026-04-15,6828.5,6890.0,6993.0,6844.0,6851.5,6873.0,6922.77,499662,34590.44,37191.0,253345.0,50.7
ABB,EQ,2026-04-16,6873.0,6873.5,6907.0,6732.5,6880.0,6883.5,6834.11,548523,37486.66,38647.0,274106.0,49.97
ABB,EQ,2026-04-17,6883.5,6880.0,7083.0,6833.5,7015.0,7029.5,7006.91,558816,39155.72,38212.0,236513.0,42.32
ABB,EQ,2026-04-20,7029.5,7054.5,7319.5,6993.5,7156.0,7158.0,7200.41,559841,40310.86,51599.0,198352.0,35.43
ABB,EQ,2026-04-22,7255.0,7253.0,7822.5,7161.0,7622.0,7587.0,7619.86,1729200,131762.64,150361.0,453344.0,26.22
ABB,EQ,2026-04-23,7587.0,7587.0,7650.0,7533.5,7582.0,7575.5,7592.14,376857,28611.51,43602.0,150559.0,39.95
ABB,EQ,2026-04-24,7575.5,7575.5,7594.0,7304.0,7338.0,7328.5,7408.78,343502,25449.3,48247.0,130130.0,37.88
ABB,EQ,2026-04-27,7328.5,7330.5,7475.0,7282.5,7437.0,7430.5,7399.32,267337,19781.11,34827.0,90966.0,34.03
ABB,EQ,2026-04-28,7430.5,7449.0,7490.0,7251.5,7295.0,7288.0,7322.81,296110,21683.58,50996.0,130187.0,43.97
ABB,EQ,2026-04-29,7288.0,7340.0,7373.0,7212.0,7265.0,7264.5,7272.19,361430,26283.86,32811.0,173064.0,47.88
ABB,EQ,2026-04-30,7264.5,7250.0,7305.0,7102.0,7259.0,7230.0,7192.91,327820,23579.81,42456.0,172840.0,52.72
ABB,EQ,2026-05-04,7230.0,7269.0,7363.0,7185.0,7251.5,7236.5,7271.93,364239,26487.2,47990.0,161400.0,44.31
ABB,EQ,2026-05-06,7328.0,7389.0,7389.0,7135.0,7182.5,7182.5,7203.12,282411,20342.41,33407.0,96347.0,34.12
ABB,EQ,2026-05-07,7182.5,7183.0,7279.5,7000.0,7188.0,7188.0,7158.76,367185,26285.9,38518.0,106961.0,29.13
ABB,EQ,2026-05-08,7188.0,7210.0,7210.0,6991.5,7010.0,7012.5,7074.9,443952,31409.16,44521.0,168621.0,37.98
ABB,EQ,2026-05-12,6387.5,6360.0,6403.0,6171.5,6369.0,6328.5,6265.25,976463,61177.81,84475.0,364365.0,37.31
ABB,EQ,2026-05-13,6328.5,6344.0,6395.0,6212.5,6320.0,6305.0,6307.44,367052,23151.57,38985.0,115794.0,31.55
ABB,EQ,2026-05-15,6429.0,6425.0,6433.5,6307.0,6370.0,6381.0,6380.89,249403,15914.13,28531.0,85813.0,34.41
ABB,EQ,2026-05-18,6381.0,6310.0,6445.0,6225.0,6445.0,6413.5,6337.45,370285,23466.62,33853.0,178562.0,48.22
ABB,EQ,2026-05-19,6413.5,6430.5,6463.5,6310.0,6327.0,6329.0,6351.67,344676,21892.67,36637.0,148061.0,42.96
ABB,EQ,2026-05-20,6329.0,6260.0,6624.0,6259.5,6600.0,6605.0,6503.99,546490,35543.68,54920.0,245204.0,44.87
ABB,EQ,2026-05-21,6605.0,6673.0,6718.0,6566.0,6594.0,6598.0,6629.84,498808,33070.18,46650.0,197216.0,39.54
ABB,EQ,2026-05-22,6598.0,6600.5,6741.0,6594.0,6697.5,6689.5,6675.28,371775,24817.03,44502.0,171991.0,46.26
ABB,EQ,2026-05-25,6689.5,6734.0,6826.0,6712.5,6755.0,6755.0,6777.7,263153,17835.73,26417.0,101916.0,38.73
ABB,EQ,2026-05-27,6804.0,6841.5,7244.0,6808.0,7215.0,7219.0,7077.5,636096,45019.66,65005.0,203188.0,31.94
ABB,EQ,2026-05-29,7219.0,7280.0,7340.0,7121.0,7270.0,7253.0,7247.35,1105117,80091.66,73943.0,612181.0,55.4
ABB,EQ,2026-06-02,7027.5,6970.0,7169.0,6957.0,7159.0,7146.0,7099.8,511846,36340.02,59965.0,241776.0,47.24
ABB,EQ,2026-06-04,7196.0,7192.0,7327.0,7122.5,7160.0,7156.0,7245.87,298566,21633.71,39918.0,98266.0,32.91
ABB,EQ,2026-06-05,7156.0,7175.0,7217.0,7108.5,7160.0,7167.5,7162.96,249982,17906.11,33366.0,120725.0,48.29
ABB,EQ,2026-06-08,7167.5,7105.5,7129.5,6893.0,6920.0,6958.0,7035.57,240753,16938.35,32389.0,105539.0,43.84
ABB,EQ,2026-06-09,6958.0,7000.0,7063.5,6908.0,6931.0,6931.0,6969.61,254364,17728.19,26620.0,99446.0,39.1
ABB,EQ,2026-06-10,6931.0,6905.5,6951.5,6769.0,6800.0,6801.0,6818.47,463997,31637.49,52136.0,213144.0,45.94
ABB,EQ,2026-06-11,6801.0,6782.0,6815.5,6653.0,6735.5,6719.0,6722.29,262862,17670.35,46101.0,127738.0,48.6
ABB,EQ,2026-06-12,6719.0,6783.0,6854.5,6722.0,6781.0,6770.5,6779.13,188800,12799.0,29385.0,65332.0,34.6
ABB,EQ,2026-06-15,6770.5,6880.0,6977.5,6821.0,6947.5,6922.5,6916.04,227935,15764.07,24047.0,72096.0,31.63
ABB,EQ,2026-06-16,6922.5,6955.0,7079.5,6939.0,7010.0,7021.0,7018.81,366666,25735.57,25220.0,183908.0,50.16
ABB,EQ,2026-06-17,7021.0,7021.0,7187.5,6980.0,7154.0,7164.0,7079.7,298071,21102.53,33115.0,119474.0,40.08
ABB,EQ,2026-06-18,7164.0,7175.0,7254.0,7089.5,7244.0,7229.0,7172.49,239735,17194.97,28935.0,76589.0,31.95
ABB,EQ,2026-06-23,7258.0,7253.5,7285.0,7109.0,7152.5,7158.5,7180.69,186185,13369.37,23257.0,78933.0,42.39
ABB,EQ,2026-06-24,7158.5,7174.5,7199.0,6935.0,6950.0,6967.5,7028.76,280561,19719.95,38159.0,110584.0,39.42
ABB,EQ,2026-06-25,6967.5,7040.0,7098.0,6963.0,6977.0,6993.0,7022.57,231515,16258.31,21807.0,105955.0,45.77
ABB,EQ,2026-06-29,6993.0,7000.0,7268.0,6886.5,7047.5,7128.0,7088.1,915384,64883.34,78883.0,550641.0,60.15
ABB,EQ,2026-06-30,7128.0,7070.0,7100.0,6993.0,7024.5,7031.0,7046.75,367996,25931.76,47584.0,187108.0,50.85
ABB,EQ,2026-07-01,7031.0,7046.0,7073.5,6915.0,6932.0,6937.0,6981.36,146578,10233.14,21165.0,52028.0,35.5
ABB,EQ,2026-07-03,6861.0,6881.0,6975.0,6752.0,6969.5,6950.5,6878.11,345071,23734.35,40371.0,148886.0,43.15
ABB,EQ,2026-07-07,7073.0,7107.0,7107.0,6868.0,6970.5,6978.0,6952.01,229515,15955.9,28026.0,87893.0,38.3
ABB,EQ,2026-07-08,6978.0,6908.5,6943.5,6725.0,6800.0,6771.5,6821.72,331230,22595.59,34948.0,108054.0,32.62
ABB,EQ,2026-07-13,6836.0,6800.0,6872.0,6715.5,6810.0,6807.0,6809.04,297882,20282.91,28184.0,153848.0,51.65
ABB,EQ,2026-07-14,6807.0,6778.5,6920.0,6744.0,6920.0,6892.0,6846.46,187662,12848.2,22671.0,86931.0,46.32
ABB,EQ,2026-07-16,7204.5,7210.5,7924.5,7191.0,7655.5,7667.5,7724.65,2577801,199126.16,212551.0,698545.0,27.1
ABB,EQ,2026-07-17,7667.5,7667.5,7706.5,7485.0,7508.0,7506.0,7586.06,366304,27788.03,38079.0,104546.0,28.54
ABB,EQ,2026-07-20,7506.0,7495.5,7574.0,7416.5,7532.0,7517.0,7489.1,272955,20441.88,30211.0,99587.0,36.48
ABB,EQ,2026-07-21,7517.0,7525.5,7633.0,7492.5,7511.0,7532.0,7547.67,254098,19178.48,28547.0,102543.0,40.36
ABB,EQ,2026-07-22,7532.0,7532.0,7639.0,7485.5,7530.0,7506.0,7553.17,212131,16022.62,27724.0,66406.0,31.3
ABB,EQ,2026-07-23,7506.0,7519.0,7684.5,7486.0,7532.0,7528.0,7593.18,304111,23091.71,39573.0,78719.0,25.88
ABB,EQ,2026-07-24,7528.0,7498.0,7583.0,7333.0,7390.0,7375.5,7460.58,258917,19316.71,31965.0,108928.0,42.07
ABB,EQ,2026-07-27,7375.5,7419.0,7434.0,7225.0,7330.5,7327.5,7301.29,370848,27076.7,38598.0,171781.0,46.32
ABB,EQ,2026-07-29,7243.5,7247.0,7458.0,7085.0,7314.0,7310.5,7268.0,570622,41472.81,59737.0,178642.0,31.31
ABB,EQ,2026-07-31,7291.5,7350.5,7485.0,7201.5,7244.0,7284.5,7395.74,348950,25807.43,41853.0,103232.0,29.58
ABB,EQ,2026-08-03,7284.5,7243.5,7657.0,7243.0,7601.0,7601.0,7457.09,1207164,90019.32,97429.0,511367.0,42.36
ABB,EQ,2026-08-04,7601.0,7601.0,7894.5,7600.5,7700.0,7700.0,7791.77,718380,55974.52,67545.0,177216.0,24.67
ABB,EQ,2026-08-05,7700.0,7748.0,7833.0,7675.0,7690.5,7690.5,7745.16,267379,20708.93,28022.0,89117.0,33.33
ABB,EQ,2026-08-07,7735.0,7657.5,7670.0,7580.0,7600.0,7600.0,7610.66,179322,13647.59,20083.0,62722.0,34.98
ABB,EQ,2026-08-10,7600.0,7639.5,7723.5,7535.0,7649.5,7649.5,7636.55,202217,15442.41,25518.0,73185.0,36.19
ABB,EQ,2026-08-11,7649.5,7649.5,7714.0,7561.5,7611.5,7611.5,7604.89,147983,11253.95,22160.0,60408.0,40.82
ABB,EQ,2026-08-13,7710.0,7750.0,7772.0,7659.0,7710.0,7710.0,7723.14,131083,10123.72,16245.0,42580.0,32.48
ABB,EQ,2026-08-14,7710.0,7710.0,7825.0,7639.0,7649.0,7649.0,7715.48,163080,12582.41,24337.0,60161.0,36.89
ABB,EQ,2026-08-17,7649.0,7652.5,7760.0,7627.0,7660.0,7660.0,7696.15,93962,7231.46,14717.0,31597.0,33.63
ABB,EQ,2026-08-18,7660.0,7660.0,7734.0,7528.5,7546.0,7546.0,7614.57,126259,9614.08,17246.0,46090.0,36.5
ABB,EQ,2026-08-19,7546.0,7525.0,7543.0,7391.5,7430.0,7430.0,7442.62,187000,13917.69,25204.0,89352.0,47.78
ABB,EQ,2026-08-21,7479.0,7474.0,7545.0,7405.0,7424.0,7424.0,7439.58,85392,6352.81,13542.0,30210.0,35.38
ABB,EQ,2026-08-24,7424.0,7460.0,7566.5,7429.5,7504.0,7504.0,7512.49,118675,8915.45,17300.0,37866.0,31.91
ABB,EQ,2026-08-25,7504.0,7510.0,7627.0,7435.0,7627.0,7627.0,7537.65,178245,13435.49,22185.0,67601.0,37.93
ABB,EQ,2026-08-27,7609.0,7600.0,7693.0,7490.0,7490.0,7490.0,7557.63,189460,14318.69,21801.0,97181.0,51.29
ABB,EQ,2026-08-31,7509.0,7488.0,7638.5,7306.0,7638.5,7638.5,7451.18,227223,16930.79,25514.0,124089.0,54.61
ABB,EQ,2026-09-01,7638.5,7521.5,7524.5,7331.5,7396.0,7396.0,7388.19,253254,18710.89,33241.0,115967.0,45.79
ABB,EQ,2026-09-02,7396.0,7348.5,7447.5,7258.0,7447.5,7447.5,7344.95,163580,12014.87,24294.0,81884.0,50.06
ABB,EQ,2026-09-03,7447.5,7438.0,7475.0,7405.0,7432.0,7432.0,7432.36,153649,11419.75,19074.0,97678.0,63.57
ABB,EQ,2026-09-04,7432.0,7445.5,7470.0,7376.0,7410.0,7410.0,7418.71,150500,11165.16,18754.0,82551.0,54.85
ABB,EQ,2026-09-07,7410.0,7410.0,7459.5,7327.0,7434.0,7434.0,7400.04,111152,8225.29,16322.0,52918.0,47.61
ABB,EQ,2026-09-08,7434.0,7389.0,7472.0,7340.0,7387.0,7387.0,7403.97,167057,12368.86,22029.0,86749.0,51.93
ABB,EQ,2026-09-09,7387.0,7377.0,7480.0,7361.0,7401.5,7401.5,7402.94,309539,22915.0,30555.0,178554.0,57.68
ABB,EQ,2026-09-10,7401.5,7400.0,7418.5,7287.0,7329.0,7329.0,7340.55,93304,6849.02,16900.0,47279.0,50.67
ABB,EQ,2026-09-11,7329.0,7294.0,7324.0,7173.0,7274.0,7274.0,7261.68,192422,13973.07,26975.0,86043.0,49.7
ABB,EQ,2026-09-16,7005.0,7005.0,7051.0,6905.5,6980.0,6980.0,6974.28,115646,8065.48,20723.0,45289.0,39.16
ABB,EQ,2026-09-18,7130.5,7185.5,7307.0,7151.0,7270.5,7270.5,7224.4,383030,27671.62,31908.0,220700.0,57.62
ABB,EQ,2026-09-24,7120.0,7080.0,7144.5,7062.5,7129.0,7129.0,7116.28,141360,10059.58,17896.0,64136.0,45.37
ADANIENSOL,EQ,2025-09-25,889.0,889.0,907.0,881.1,894.2,894.2,894.1,2438224,21800.16,,1097201.0,45.0
ADANIENSOL,EQ,2025-09-26,894.2,898.0,899.65,875.0,879.2,879.2,884.62,1824641,16141.14,,821088.0,45.0
ADANIENSOL,EQ,2025-09-30,879.2,872.95,876.5,860.4,872.25,872.25,869.72,795182,6915.86,,357832.0,45.0
ADANIENSOL,EQ,2025-10-01,872.25,876.4,900.0,870.1,896.35,896.35,888.82,1049954,9332.2,,472479.0,45.0
ADANIENSOL,EQ,2025-10-07,926.65,927.0,945.05,917.0,919.0,919.0,927.02,1341521,12436.17,,603684.0,45.0
ADANIENSOL,EQ,2025-10-08,919.0,923.45,926.9,908.15,914.0,914.0,916.35,662712,6072.76,,298220.0,45.0
ADANIENSOL,EQ,2025-10-09,914.0,918.0,938.8,913.7,931.95,931.95,928.15,2119876,19675.63,,953944.0,45.0
ADANIENSOL,EQ,2025-10-14,937.65,937.65,942.0,919.3,933.75,933.75,931.68,1252636,11670.56,,563686.0,45.0
ADANIENSOL,EQ,2025-10-15,933.75,930.75,949.0,920.5,944.2,944.2,937.9,1555720,14591.1,,700074.0,45.0
ADANIENSOL,EQ,2025-10-16,944.2,947.45,959.0,945.0,947.95,947.95,950.65,1243155,11818.05,,559420.0,45.0
ADANIENSOL,EQ,2025-10-17,947.95,940.05,950.0,926.1,929.7,929.7,935.27,5349446,50031.76,,2407251.0,45.0
ADANIENSOL,EQ,2025-10-20,929.7,929.75,940.0,927.0,937.05,937.05,934.68,660903,6177.33,,297406.0,45.0
ADANIENSOL,EQ,2025-10-21,937.05,944.95,945.0,930.3,936.45,936.45,937.25,149680,1402.88,,67356.0,45.0
ADANIENSOL,EQ,2025-10-24,952.4,956.0,956.0,937.55,944.25,944.25,945.93,1131330,10701.59,,509098.0,45.0
ADANIENSOL,EQ,2025-10-28,946.35,941.0,943.6,918.3,921.2,921.2,927.7,1635066,15168.51,,735780.0,45.0
ADANIENSOL,EQ,2025-10-29,921.2,928.05,983.5,917.95,967.55,967.55,956.33,6202463,59316.01,,2791108.0,45.0
ADANIENSOL,EQ,2025-11-03,967.55,987.0,1005.9,975.5,994.55,994.55,991.98,1679026,16655.6,,755562.0,45.0
ADANIENSOL,EQ,2025-11-06,985.9,985.9,994.6,962.8,968.15,968.15,975.18,1064046,10376.36,,478821.0,45.0
ADANIENSOL,EQ,2025-11-07,968.15,966.85,973.7,945.2,960.6,960.6,959.83,1384632,13290.11,,623084.0,45.0
ADANIENSOL,EQ,2025-11-10,960.6,965.55,972.5,955.1,959.15,959.15,962.25,674839,6493.64,,303678.0,45.0
ADANIENSOL,EQ,2025-11-11,959.15,960.15,994.45,947.3,989.3,989.3,977.02,1703879,16647.24,,766746.0,45.0
ADANIENSOL,EQ,2025-11-12,989.3,989.35,1021.6,986.0,1001.9,1001.9,1003.17,1704880,17102.84,,767196.0,45.0
ADANIENSOL,EQ,2025-11-14,1021.4,1027.0,1050.0,1017.0,1023.85,1023.85,1030.28,2190871,22572.11,,985892.0,45.0
ADANIENSOL,EQ,2025-11-17,1023.85,1025.5,1029.0,1011.85,1021.55,1021.55,1020.8,837345,8547.62,,376805.0,45.0
ADANIENSOL,EQ,2025-11-18,1021.55,1023.8,1036.0,1017.75,1026.65,1026.65,1026.8,1175321,12068.2,,528894.0,45.0
ADANIENSOL,EQ,2025-11-19,1026.65,1032.0,1044.0,1002.2,1006.25,1006.25,1017.48,1574241,16017.59,,708408.0,45.0
ADANIENSOL,EQ,2025-11-20,1006.25,1014.0,1014.0,989.0,993.6,993.6,998.87,852319,8513.56,,383544.0,45.0
ADANIENSOL,EQ,2025-11-21,993.6,993.35,996.85,972.75,974.8,974.8,981.47,815816,8006.99,,367117.0,45.0
ADANIENSOL,EQ,2025-11-24,974.8,979.0,983.9,967.6,970.15,970.15,973.88,774740,7545.04,,348633.0,45.0
ADANIENSOL,EQ,2025-11-26,970.15,975.95,998.0,974.7,991.2,991.2,987.97,646270,6384.95,,290822.0,45.0
ADANIENSOL,EQ,2025-11-27,991.2,992.6,994.15,974.0,984.35,984.35,984.17,868201,8544.57,,390690.0,45.0
ADANIENSOL,EQ,2025-11-28,984.35,988.7,1001.0,977.9,994.55,994.55,991.15,827939,8206.12,,372573.0,45.0
ADANIENSOL,EQ,2025-12-01,994.55,999.0,1007.4,991.6,999.1,999.1,999.37,1516456,15155.01,,682405.0,45.0
ADANIENSOL,EQ,2025-12-02,999.1,1002.9,1007.9,974.05,976.95,976.95,986.3,1497092,14765.82,,673691.0,45.0
ADANIENSOL,EQ,2025-12-03,976.95,976.95,981.8,960.0,969.5,969.5,970.43,772602,7497.56,,347671.0,45.0
ADANIENSOL,EQ,2025-12-05,971.7,971.65,980.95,961.1,978.85,978.85,973.63,545222,5308.44,,245350.0,45.0
ADANIENSOL,EQ,2025-12-08,978.85,978.85,982.0,949.3,960.5,960.5,963.93,1414070,13630.64,,636332.0,45.0
ADANIENSOL,EQ,2025-12-09,960.5,954.5,976.95,946.35,974.6,974.6,965.97,891748,8614.02,,401287.0,45.0
ADANIENSOL,EQ,2025-12-10,974.6,979.4,1004.0,975.6,982.55,982.55,987.38,1831768,18086.51,,824296.0,45.0
ADANIENSOL,EQ,2025-12-15,999.6,1014.4,1020.0,1007.05,1016.45,1016.45,1014.5,887627,9004.98,,399432.0,45.0
ADANIENSOL,EQ,2025-12-16,1016.45,1009.65,1014.7,988.2,994.3,994.3,999.07,742084,7413.94,,333938.0,45.0
ADANIENSOL,EQ,2025-12-18,977.55,977.5,988.85,969.0,976.3,976.3,978.05,753721,7371.77,,339174.0,45.0
ADANIENSOL,EQ,2025-12-19,976.3,977.4,990.95,971.65,988.25,988.25,983.62,2708958,26645.85,,1219031.0,45.0
ADANIENSOL,EQ,2025-12-23,1007.9,1009.75,1013.85,988.3,994.6,994.6,998.92,597753,5971.07,,268989.0,45.0
ADANIENSOL,EQ,2025-12-24,994.6,996.25,1007.0,990.1,996.55,996.55,997.88,317485,3168.12,,142868.0,45.0
ADANIENSOL,EQ,2025-12-26,996.55,996.1,1020.4,991.1,1015.3,1015.3,1008.93,894166,9021.51,,402375.0,45.0
ADANIENSOL,EQ,2025-12-29,1015.3,1020.3,1023.05,996.1,999.35,999.35,1006.17,453491,4562.89,,204071.0,45.0
ADANIENSOL,EQ,2025-12-30,999.35,1000.4,1028.2,996.3,1024.15,1024.15,1016.22,879685,8939.53,,395858.0,45.0
ADANIENSOL,EQ,2025-12-31,1024.15,1024.15,1033.0,1014.6,1027.35,1027.35,1024.98,663080,6796.44,,298386.0,45.0
ADANIENSOL,EQ,2026-01-01,1027.35,1029.0,1061.7,1026.3,1046.4,1046.4,1044.8,2771177,28953.26,,1247030.0,45.0
ADANIENSOL,EQ,2026-01-02,1046.4,1056.9,1067.7,1050.2,1057.9,1057.9,1058.6,1370725,14510.49,,616826.0,45.0
ADANIENSOL,EQ,2026-01-06,1044.9,1048.9,1057.0,1036.4,1044.1,1044.1,1045.83,957872,10017.71,,431042.0,45.0
ADANIENSOL,EQ,2026-01-07,1044.1,1043.3,1047.9,1028.4,1033.5,1033.5,1036.6,489225,5071.31,,220151.0,45.0
ADANIENSOL,EQ,2026-01-08,1033.5,1032.0,1032.0,988.0,994.3,994.3,1004.77,1182605,11882.46,,532172.0,45.0
ADANIENSOL,EQ,2026-01-09,994.3,996.0,999.1,952.0,960.6,960.6,970.57,967758,9392.77,,435491.0,45.0
ADANIENSOL,EQ,2026-01-12,960.6,960.6,960.6,928.0,950.9,950.9,946.5,1341852,12700.63,,603833.0,45.0
ADANIENSOL,EQ,2026-01-13,950.9,963.1,963.1,923.1,932.5,932.5,939.57,1847216,17355.89,,831247.0,45.0
ADANIENSOL,EQ,2026-01-14,932.5,937.0,937.0,918.6,922.6,922.6,926.07,1589464,14719.55,,715259.0,45.0
ADANIENSOL,EQ,2026-01-19,922.6,908.7,921.0,902.3,908.4,908.4,910.57,923693,8410.87,,415662.0,45.0
ADANIENSOL,EQ,2026-01-20,908.4,915.1,928.8,881.0,885.5,885.5,898.43,1936179,17395.21,,871281.0,45.0
ADANIENSOL,EQ,2026-01-21,885.5,885.0,907.9,876.3,899.3,899.3,894.5,1645912,14722.68,,740660.0,45.0
ADANIENSOL,EQ,2026-01-23,899.3,925.0,925.0,803.1,812.7,812.7,846.93,7623697,64567.38,,3430664.0,45.0
ADANIENSOL,EQ,2026-01-28,849.1,857.0,886.0,838.0,882.0,882.0,868.67,1896173,16471.49,,853278.0,45.0
ADANIENSOL,EQ,2026-01-30,914.1,900.0,916.0,883.2,894.8,894.8,898.0,1140000,10237.2,,513000.0,45.0
ADANIENSOL,EQ,2026-02-02,894.8,849.9,890.0,842.8,884.6,884.6,872.47,1530800,13355.77,,688860.0,45.0
ADANIENSOL,EQ,2026-02-03,884.6,951.0,982.7,937.2,974.4,974.4,964.77,5085074,49059.27,,2288283.0,45.0
ADANIENSOL,EQ,2026-02-04,974.4,961.55,1002.15,957.7,988.15,988.15,982.67,1645647,16171.28,,740541.0,45.0
ADANIENSOL,EQ,2026-02-06,1011.45,1010.4,1025.95,1001.5,1017.7,1017.7,1015.05,1811726,18389.92,,815277.0,45.0
ADANIENSOL,EQ,2026-02-09,1017.7,1023.8,1040.0,1023.3,1032.5,1032.5,1031.93,1002729,10347.46,,451228.0,45.0
ADANIENSOL,EQ,2026-02-10,1032.5,1033.9,1033.9,1002.5,1016.75,1016.75,1017.72,1014007,10319.75,,456303.0,45.0
ADANIENSOL,EQ,2026-02-11,1016.75,1014.0,1037.0,1009.85,1033.8,1033.8,1026.88,929372,9543.54,,418217.0,45.0
ADANIENSOL,EQ,2026-02-12,1033.8,1030.0,1037.0,1020.0,1022.8,1022.8,1026.6,772484,7930.32,,347618.0,45.0
ADANIENSOL,EQ,2026-02-13,1022.8,1017.0,1017.0,979.0,988.0,988.0,994.67,1657616,16487.81,,745927.0,45.0
ADANIENSOL,EQ,2026-02-16,988.0,977.0,1007.5,972.3,1003.45,1003.45,994.42,976113,9706.66,,439251.0,45.0
ADANIENSOL,EQ,2026-02-17,1003.45,1002.0,1035.0,996.0,1030.2,1030.2,1020.4,1460922,14907.25,,657415.0,45.0
ADANIENSOL,EQ,2026-02-18,1030.2,1033.55,1038.8,1018.3,1035.7,1035.7,1030.93,565965,5834.7,,254684.0,45.0
ADANIENSOL,EQ,2026-02-23,998.1,1003.1,1010.0,993.15,1003.8,1003.8,1002.32,1266712,12696.51,,570020.0,45.0
ADANIENSOL,EQ,2026-02-24,1003.8,999.75,1045.0,993.7,1037.1,1037.1,1025.27,1356273,13905.46,,610323.0,45.0
ADANIENSOL,EQ,2026-02-26,1037.1,1023.2,1036.2,1009.0,1023.95,1023.95,1023.05,1114743,11404.38,,501634.0,45.0
ADANIENSOL,EQ,2026-02-27,1023.95,1022.0,1034.4,1008.0,1011.55,1011.55,1017.98,702337,7149.65,,316052.0,45.0
ADANIENSOL,EQ,2026-03-02,1011.55,961.0,988.0,951.0,972.3,972.3,970.43,1362542,13222.52,,613144.0,45.0
ADANIENSOL,EQ,2026-03-04,972.3,956.4,968.5,948.8,960.5,960.5,959.27,1778566,17061.25,,800355.0,45.0
ADANIENSOL,EQ,2026-03-05,960.5,965.4,994.0,965.4,987.9,987.9,982.43,1006629,9889.43,,452983.0,45.0
ADANIENSOL,EQ,2026-03-06,987.9,980.0,1007.7,979.8,992.5,992.5,993.33,1529030,15188.31,,688064.0,45.0
ADANIENSOL,EQ,2026-03-09,992.5,970.5,986.9,958.1,981.4,981.4,975.47,1176014,11471.66,,529206.0,45.0
ADANIENSOL,EQ,2026-03-12,992.0,987.0,1019.0,976.0,1004.4,1004.4,999.8,1132800,11325.73,,509760.0,45.0
ADANIENSOL,EQ,2026-03-13,1004.4,1008.1,1027.3,980.0,992.3,992.3,999.87,2240508,22402.17,,1008229.0,45.0
ADANIENSOL,EQ,2026-03-16,992.3,987.5,1014.3,969.9,996.5,996.5,993.57,1628015,16175.47,,732607.0,45.0
ADANIENSOL,EQ,2026-03-18,1000.6,1000.0,1043.8,1000.0,1036.7,1036.7,1026.83,1643508,16876.03,,739579.0,45.0
ADANIENSOL,EQ,2026-03-19,1036.7,1014.5,1025.9,999.1,1005.3,1005.3,1010.1,719181,7264.45,,323631.0,45.0
ADANIENSOL,EQ,2026-03-23,1005.3,1000.0,1000.9,935.7,946.9,946.9,961.17,8950325,86027.84,,4027646.0,45.0
ADANIENSOL,EQ,2026-03-24,946.9,970.1,976.3,935.4,967.3,967.3,959.67,2325440,22316.55,,1046448.0,45.0
ADANIENSOL,EQ,2026-03-27,990.4,985.0,986.0,953.5,956.0,956.0,965.17,1357130,13098.61,,610708.0,45.0
ADANIENSOL,EQ,2026-03-30,956.0,950.2,957.6,930.3,934.9,934.9,940.93,1714851,16135.55,,771683.0,45.0
ADANIENSOL,EQ,2026-04-01,934.9,953.95,982.45,947.1,956.6,956.6,962.05,1333686,12830.73,,600159.0,45.0
ADANIENSOL,EQ,2026-04-07,991.35,988.1,999.5,975.0,986.25,986.25,986.92,1498986,14793.79,,674544.0,45.0
ADANIENSOL,EQ,2026-04-08,986.25,1019.9,1084.85,1014.05,1073.3,1073.3,1057.4,4475280,47321.61,,2013876.0,45.0
ADANIENSOL,EQ,2026-04-09,1073.3,1073.2,1085.0,1052.8,1078.75,1078.75,1072.18,2130340,22841.08,,958653.0,45.0
ADANIENSOL,EQ,2026-04-10,1078.75,1079.9,1160.4,1079.3,1157.9,1157.9,1132.53,7933292,89846.91,,3569981.0,45.0
ADANIENSOL,EQ,2026-04-13,1157.9,1120.0,1187.25,1114.2,1175.3,1175.3,1158.92,4050611,46943.34,,1822775.0,45.0
ADANIENSOL,EQ,2026-04-15,1175.3,1195.0,1205.7,1165.2,1171.15,1171.15,1180.68,2053037,24239.8,,923867.0,45.0
ADANIENSOL,EQ,2026-04-16,1171.15,1182.15,1229.5,1172.15,1222.6,1222.6,1208.08,3144521,37988.33,,1415034.0,45.0
ADANIENSOL,EQ,2026-04-17,1222.6,1234.55,1266.45,1221.6,1259.8,1259.8,1249.28,4943744,61761.21,,2224685.0,45.0
ADANIENSOL,EQ,2026-04-20,1259.8,1253.1,1291.5,1246.35,1259.4,1259.4,1265.75,2335390,29560.2,,1050926.0,45.0
ADANIENSOL,EQ,2026-04-22,1259.4,1269.5,1383.4,1265.3,1368.1,1368.1,1338.93,6551573,87720.98,,2948208.0,45.0
ADANIENSOL,EQ,2026-04-23,1368.1,1365.0,1389.45,1338.65,1361.25,1361.25,1363.12,4049540,55200.09,,1822293.0,45.0
ADANIENSOL,EQ,2026-04-24,1361.25,1359.95,1425.0,1282.4,1411.95,1411.95,1373.12,7928505,108867.89,,3567827.0,45.0
ADANIENSOL,EQ,2026-04-27,1411.95,1425.0,1453.2,1388.3,1435.8,1435.8,1425.77,5533751,78898.56,,2490188.0,45.0
ADANIENSOL,EQ,2026-04-28,1435.8,1439.9,1463.65,1413.15,1435.45,1435.45,1437.42,3082735,44311.85,,1387231.0,45.0
ADANIENSOL,EQ,2026-04-29,1435.45,1439.0,1461.95,1412.0,1418.15,1418.15,1430.7,2356863,33719.64,,1060588.0,45.0
ADANIENSOL,EQ,2026-04-30,1418.15,1336.0,1377.1,1308.0,1342.25,1342.25,1342.45,6547437,87896.07,,2946347.0,45.0
ADANIENSOL,EQ,2026-05-04,1342.25,1357.0,1417.7,1329.3,1398.4,1398.4,1381.8,3745191,51751.05,,1685336.0,45.0
ADANIENSOL,EQ,2026-05-06,1398.4,1411.0,1422.0,1389.1,1407.3,1407.3,1406.13,3076159,43254.79,,1384272.0,45.0
ADANIENSOL,EQ,2026-05-07,1407.3,1406.7,1410.7,1370.0,1387.1,1387.1,1389.27,2818342,39154.38,,1268254.0,45.0
ADANIENSOL,EQ,2026-05-08,1387.1,1390.0,1397.0,1346.0,1353.6,1353.6,1365.53,3113343,42513.63,,1401004.0,45.0
ADANIENSOL,EQ,2026-05-12,1340.4,1340.4,1364.8,1258.3,1284.3,1284.3,1302.47,4849640,63165.11,,2182338.0,45.0
ADANIENSOL,EQ,2026-05-13,1284.3,1257.8,1334.8,1236.6,1318.2,1318.2,1296.53,4691091,60821.4,,2110991.0,45.0
ADANIENSOL,EQ,2026-05-15,1318.2,1365.0,1365.0,1276.3,1303.6,1303.6,1314.97,4283369,56325.02,,1927516.0,45.0
ADANIENSOL,EQ,2026-05-18,1303.6,1295.0,1334.5,1248.2,1328.3,1328.3,1303.67,4008711,52260.36,,1803920.0,45.0
ADANIENSOL,EQ,2026-05-19,1328.3,1345.0,1361.1,1311.3,1329.5,1329.5,1333.97,3103779,41403.48,,1396701.0,45.0
ADANIENSOL,EQ,2026-05-20,1329.5,1319.0,1359.8,1307.5,1346.1,1346.1,1337.8,2786130,37272.85,,1253758.0,45.0
ADANIENSOL,EQ,2026-05-21,1346.1,1356.0,1395.0,1332.1,1342.2,1342.2,1356.43,3223315,43722.01,,1450492.0,45.0
ADANIENSOL,EQ,2026-05-22,1342.2,1365.0,1391.8,1363.1,1367.9,1367.9,1374.27,3344194,45958.25,,1504887.0,45.0
ADANIENSOL,EQ,2026-05-25,1367.9,1381.2,1412.0,1357.6,1404.3,1404.3,1391.3,3046325,42383.52,,1370846.0,45.0
ADANIENSOL,EQ,2026-05-27,1404.3,1485.0,1558.8,1475.1,1540.1,1540.1,1524.67,7841736,119560.6,,3528781.0,45.0
ADANIENSOL,EQ,2026-05-29,1540.1,1557.1,1578.5,1504.0,1513.3,1513.3,1531.93,3353166,51368.16,,1508925.0,45.0
ADANIENSOL,EQ,2026-06-02,1513.3,1494.2,1536.8,1475.5,1530.6,1530.6,1514.3,2826067,42795.13,,1271730.0,45.0
ADANIENSOL,EQ,2026-06-04,1493.1,1492.0,1526.8,1482.9,1520.0,1520.0,1509.9,2706265,40861.9,,1217819.0,45.0
ADANIENSOL,EQ,2026-06-05,1520.0,1528.4,1591.4,1527.0,1579.0,1579.0,1565.8,5528998,86573.05,,2488049.0,45.0
ADANIENSOL,EQ,2026-06-08,1579.0,1558.9,1614.8,1535.1,1570.4,1570.4,1573.43,6296050,99063.94,,2833222.0,45.0
ADANIENSOL,EQ,2026-06-09,1570.4,1597.4,1599.0,1558.0,1579.2,1579.2,1578.73,3013275,47571.48,,1355974.0,45.0
ADANIENSOL,EQ,2026-06-10,1579.2,1580.0,1580.7,1521.4,1535.6,1535.6,1545.9,2286852,35352.45,,1029083.0,45.0
ADANIENSOL,EQ,2026-06-11,1535.6,1532.9,1541.5,1460.8,1466.7,1466.7,1489.67,2013886,30000.26,,906249.0,45.0
ADANIENSOL,EQ,2026-06-12,1466.7,1499.0,1509.0,1477.0,1489.6,1489.6,1491.87,1607528,23982.23,,723388.0,45.0
ADANIENSOL,EQ,2026-06-15,1489.6,1506.9,1534.8,1486.1,1491.9,1491.9,1504.27,1914035,28792.25,,861316.0,45.0
ADANIENSOL,EQ,2026-06-16,1491.9,1498.0,1519.0,1475.5,1491.1,1491.1,1495.2,1686111,25210.73,,758750.0,45.0
ADANIENSOL,EQ,2026-06-17,1491.1,1494.7,1496.3,1470.0,1491.0,1491.0,1485.77,1270712,18879.86,,571820.0,45.0
ADANIENSOL,EQ,2026-06-18,1491.0,1493.0,1540.0,1483.5,1523.3,1523.3,1515.6,1942444,29439.68,,874100.0,45.0
ADANIENSOL,EQ,2026-06-23,1523.3,1547.2,1551.0,1480.0,1493.7,1493.7,1508.23,1788461,26974.11,,804807.0,45.0
ADANIENSOL,EQ,2026-06-24,1493.7,1499.0,1522.5,1482.4,1495.9,1495.9,1500.27,1290346,19358.67,,580656.0,45.0
ADANIENSOL,EQ,2026-06-25,1495.9,1509.0,1531.0,1500.5,1507.8,1507.8,1513.1,1235265,18690.79,,555869.0,45.0
ADANIENSOL,EQ,2026-06-29,1507.8,1505.0,1505.0,1465.0,1486.4,1486.4,1485.47,7707203,114488.19,,3468241.0,45.0
ADANIENSOL,EQ,2026-06-30,1486.4,1494.0,1499.2,1471.0,1491.4,1491.4,1487.2,2175583,32355.27,,979012.0,45.0
ADANIENSOL,EQ,2026-07-01,1491.4,1491.4,1536.7,1470.0,1521.4,1521.4,1509.37,2095932,31635.37,,943169.0,45.0
ADANIENSOL,EQ,2026-07-03,1556.9,1562.0,1579.0,1514.0,1568.8,1568.8,1553.93,2845542,44217.73,,1280494.0,45.0
ADANIENSOL,EQ,2026-07-07,1622.8,1637.7,1663.9,1616.0,1651.0,1651.0,1643.63,4092032,67257.87,,1841414.0,45.0
ADANIENSOL,EQ,2026-07-08,1651.0,1639.7,1712.0,1632.5,1655.5,1655.5,1666.67,4413139,73552.46,,1985913.0,45.0
ADANIENSOL,EQ,2026-07-13,1654.0,1651.0,1667.2,1634.0,1644.6,1644.6,1648.6,1062110,17509.95,,477950.0,45.0
ADANIENSOL,EQ,2026-07-14,1644.6,1644.1,1713.9,1636.6,1690.3,1690.3,1680.27,2237295,37592.6,,1006783.0,45.0
ADANIENSOL,EQ,2026-07-16,1690.3,1689.1,1744.0,1685.6,1689.5,1689.5,1706.37,2839672,48455.31,,1277852.0,45.0
ADANIENSOL,EQ,2026-07-17,1689.5,1700.0,1757.7,1690.5,1722.6,1722.6,1723.6,2898703,49962.04,,1304416.0,45.0
ADANIENSOL,EQ,2026-07-20,1722.6,1725.0,1739.4,1704.5,1729.5,1729.5,1724.47,1234783,21293.46,,555652.0,45.0
ADANIENSOL,EQ,2026-07-21,1729.5,1736.0,1789.0,1718.6,1741.6,1741.6,1749.73,3706827,64859.46,,1668072.0,45.0
ADANIENSOL,EQ,2026-07-22,1741.6,1750.3,1758.0,1712.4,1724.4,1724.4,1731.6,2410451,41739.37,,1084703.0,45.0
ADANIENSOL,EQ,2026-07-23,1724.4,1729.7,1730.0,1665.1,1683.8,1683.8,1692.97,3436746,58183.08,,1546536.0,45.0
ADANIENSOL,EQ,2026-07-24,1683.8,1676.0,1713.9,1668.8,1702.2,1702.2,1694.97,2585952,43831.11,,1163678.0,45.0
ADANIENSOL,EQ,2026-07-27,1702.2,1719.6,1719.6,1678.1,1703.3,1703.3,1700.33,2632783,44766.0,,1184752.0,45.0
ADANIENSOL,EQ,2026-07-29,1703.3,1651.0,1682.0,1642.0,1667.8,1667.8,1663.93,2202376,36645.99,,991069.0,45.0
ADANIENSOL,EQ,2026-07-31,1659.0,1666.0,1682.0,1628.8,1645.4,1645.4,1652.07,1779312,29395.48,,800690.0,45.0
ADANIENSOL,EQ,2026-08-03,1645.4,1654.3,1676.0,1635.8,1647.0,1647.0,1652.93,1135101,18762.42,,510795.0,45.0
ADANIENSOL,EQ,2026-08-04,1647.0,1650.0,1664.3,1638.0,1646.0,1646.0,1649.43,845598,13947.55,,380519.0,45.0
ADANIENSOL,EQ,2026-08-05,1646.0,1663.8,1663.8,1630.5,1642.0,1642.0,1645.43,886130,14580.65,,398758.0,45.0
ADANIENSOL,EQ,2026-08-07,1620.0,1620.0,1647.0,1606.0,1630.1,1630.1,1627.7,1391604,22651.14,,626222.0,45.0
ADANIENSOL,EQ,2026-08-10,1630.1,1630.1,1635.9,1610.8,1632.0,1632.0,1626.23,929603,15117.48,,418321.0,45.0
ADANIENSOL,EQ,2026-08-11,1632.0,1660.0,1672.0,1616.1,1622.0,1622.0,1636.7,2222288,36372.19,,1000030.0,45.0
ADANIENSOL,EQ,2026-08-13,1622.0,1607.0,1638.3,1570.4,1583.0,1583.0,1597.23,3318810,53009.03,,1493464.0,45.0
ADANIENSOL,EQ,2026-08-14,1583.0,1588.0,1624.0,1575.0,1616.0,1616.0,1605.0,7047548,113113.15,,3171397.0,45.0
ADANIENSOL,EQ,2026-08-17,1616.0,1621.0,1627.9,1585.4,1589.1,1589.1,1600.8,2016844,32285.64,,907580.0,45.0
ADANIENSOL,EQ,2026-08-18,1589.1,1589.0,1630.0,1583.1,1603.0,1603.0,1605.37,2294009,36827.33,,1032304.0,45.0
ADANIENSOL,EQ,2026-08-19,1603.0,1604.8,1604.8,1536.5,1540.7,1540.7,1560.67,3477602,54273.89,,1564921.0,45.0
ADANIENSOL,EQ,2026-08-21,1548.5,1556.9,1559.5,1527.3,1541.9,1541.9,1542.9,2335751,36038.3,,1051088.0,45.0
ADANIENSOL,EQ,2026-08-24,1541.9,1543.9,1562.0,1527.0,1555.1,1555.1,1548.03,1718421,26601.67,,773289.0,45.0
ADANIENSOL,EQ,2026-08-25,1555.1,1554.9,1594.5,1532.0,1594.5,1594.5,1573.67,2043772,32162.23,,919697.0,45.0
ADANIENSOL,EQ,2026-08-27,1570.5,1590.0,1617.7,1581.9,1617.0,1617.0,1605.53,4514708,72484.99,,2031619.0,45.0
ADANIENSOL,EQ,2026-08-31,1581.4,1589.0,1592.9,1417.4,1417.4,1417.4,1475.9,35589890,525271.19,,16015450.0,45.0
ADANIENSOL,EQ,2026-09-01,1417.4,1435.0,1444.4,1373.3,1382.0,1382.0,1399.9,8161918,114258.69,,3672863.0,45.0
ADANIENSOL,EQ,2026-09-02,1382.0,1374.6,1401.0,1348.0,1396.6,1396.6,1381.87,4214587,58240.11,,1896564.0,45.0
ADANIENSOL,EQ,2026-09-03,1396.6,1398.0,1412.8,1378.0,1385.7,1385.7,1392.17,1939729,27004.33,,872878.0,45.0
ADANIENSOL,EQ,2026-09-04,1385.7,1385.6,1412.7,1376.7,1409.6,1409.6,1399.67,1386991,19413.3,,624146.0,45.0
ADANIENSOL,EQ,2026-09-07,1409.6,1412.7,1418.5,1387.8,1390.4,1390.4,1398.9,1342576,18781.3,,604159.0,45.0
ADANIENSOL,EQ,2026-09-08,1390.4,1390.4,1412.0,1370.0,1407.7,1407.7,1396.57,1308434,18273.2,,588795.0,45.0
ADANIENSOL,EQ,2026-09-09,1407.7,1406.0,1446.0,1396.5,1423.3,1423.3,1421.93,1914487,27222.66,,861519.0,45.0
ADANIENSOL,EQ,2026-09-10,1423.3,1439.4,1439.4,1382.1,1391.9,1391.9,1404.47,1412618,19839.8,,635678.0,45.0
ADANIENSOL,EQ,2026-09-11,1391.9,1375.0,1382.0,1364.2,1373.0,1373.0,1373.07,1154404,15850.78,,519482.0,45.0
ADANIENSOL,EQ,2026-09-16,1373.0,1347.6,1371.3,1341.6,1349.2,1349.2,1354.03,946914,12821.5,,426111.0,45.0
ADANIENSOL,EQ,2026-09-18,1349.2,1380.9,1436.5,1380.9,1436.1,1436.1,1417.83,2145921,30425.51,,965664.0,45.0
ADANIENSOL,EQ,2026-09-24,1380.0,1367.0,1371.4,1335.1,1340.5,1340.5,1349.56,1837547,24798.79,61657.0,971564.0,52.87
ADANIPOWER,EQ,2025-09-25,144.5,145.5,153.9,145.5,149.0,149.0,149.47,158371401,236717.73,,71267130.0,45.0
ADANIPOWER,EQ,2025-09-26,149.0,151.35,152.9,144.7,146.25,146.25,147.95,65042463,96230.32,,29269108.0,45.0
ADANIPOWER,EQ,2025-09-30,146.25,148.0,148.25,143.9,144.65,144.65,145.6,22474749,32723.23,,10113637.0,45.0
ADANIPOWER,EQ,2025-10-01,144.65,144.95,153.3,144.81,152.51,152.51,150.21,63059546,94721.74,,28376796.0,45.0
ADANIPOWER,EQ,2025-10-07,151.99,151.99,155.4,150.35,151.48,151.48,152.41,55385781,84413.47,,24923601.0,45.0
ADANIPOWER,EQ,2025-10-08,151.48,151.7,152.5,148.42,148.78,148.78,149.9,45821449,68686.35,,20619652.0,45.0
ADANIPOWER,EQ,2025-10-09,148.78,149.4,149.98,147.44,148.91,148.91,148.78,26066621,38781.92,,11729979.0,45.0
ADANIPOWER,EQ,2025-10-14,154.43,155.01,157.5,152.8,154.9,154.9,155.07,52873531,81990.98,,23793089.0,45.0
ADANIPOWER,EQ,2025-10-15,154.9,154.85,158.0,150.43,157.51,157.51,155.31,64552739,100256.86,,29048733.0,45.0
ADANIPOWER,EQ,2025-10-16,157.51,158.1,158.69,155.5,157.37,157.37,157.19,111085386,174615.12,,49988424.0,45.0
ADANIPOWER,EQ,2025-10-17,157.37,157.26,168.0,156.77,165.98,165.98,163.58,170754425,279320.09,,76839491.0,45.0
ADANIPOWER,EQ,2025-10-20,165.98,168.05,172.2,166.7,170.3,170.3,169.73,107477254,182421.14,,48364764.0,45.0
ADANIPOWER,EQ,2025-10-21,170.3,171.5,174.39,168.0,170.78,170.78,171.06,26425161,45202.88,,11891322.0,45.0
ADANIPOWER,EQ,2025-10-24,165.26,164.45,169.18,164.0,167.72,167.72,166.97,44515519,74327.56,,20031984.0,45.0
ADANIPOWER,EQ,2025-10-28,162.96,163.7,164.22,161.1,162.33,162.33,162.55,29992980,48753.59,,13496841.0,45.0
ADANIPOWER,EQ,2025-10-29,162.33,163.28,168.4,161.75,162.1,162.1,164.08,67870076,111361.22,,30541534.0,45.0
ADANIPOWER,EQ,2025-11-03,162.1,158.99,158.99,156.1,156.73,156.73,157.27,22320044,35102.73,,10044020.0,45.0
ADANIPOWER,EQ,2025-11-06,158.39,158.36,158.38,152.33,153.17,153.17,154.63,24262835,37517.62,,10918276.0,45.0
ADANIPOWER,EQ,2025-11-07,153.17,152.99,154.79,150.85,151.48,151.48,152.37,36644118,55834.64,,16489853.0,45.0
ADANIPOWER,EQ,2025-11-10,151.48,152.75,154.48,149.5,150.06,150.06,151.35,19497818,29509.95,,8774018.0,45.0
ADANIPOWER,EQ,2025-11-11,150.06,151.49,151.9,146.71,151.17,151.17,149.93,42377702,63536.89,,19069966.0,45.0
ADANIPOWER,EQ,2025-11-12,151.17,152.0,153.78,150.66,151.98,151.98,152.14,27328382,41577.4,,12297772.0,45.0
ADANIPOWER,EQ,2025-11-14,151.85,152.46,155.99,152.2,153.91,153.91,154.03,26821173,41312.65,,12069528.0,45.0
ADANIPOWER,EQ,2025-11-17,153.91,155.35,155.35,153.0,153.28,153.28,153.88,15162500,23332.06,,6823125.0,45.0
ADANIPOWER,EQ,2025-11-18,153.28,153.15,153.88,149.12,149.55,149.55,150.85,22500220,33941.58,,10125099.0,45.0
ADANIPOWER,EQ,2025-11-19,149.55,150.3,152.66,150.09,151.61,151.61,151.45,21355345,32342.67,,9609905.0,45.0
ADANIPOWER,EQ,2025-11-20,151.61,152.29,153.4,151.0,151.46,151.46,151.95,11439592,17382.46,,5147816.0,45.0
ADANIPOWER,EQ,2025-11-21,151.46,151.0,151.19,148.9,149.12,149.12,149.74,9642165,14438.18,,4338974.0,45.0
ADANIPOWER,EQ,2025-11-24,149.12,150.0,150.3,144.8,145.44,145.44,146.85,13878210,20380.15,,6245194.0,45.0
ADANIPOWER,EQ,2025-11-26,145.44,147.2,148.9,146.35,148.62,148.62,147.96,10550909,15611.12,,4747909.0,45.0
ADANIPOWER,EQ,2025-11-27,148.62,149.15,150.64,147.4,148.13,148.13,148.72,19409495,28865.8,,8734273.0,45.0
ADANIPOWER,EQ,2025-11-28,148.13,148.55,149.09,147.2,147.49,147.49,147.93,10052836,14871.16,,4523776.0,45.0
ADANIPOWER,EQ,2025-12-01,147.49,148.21,148.82,147.01,147.34,147.34,147.72,7759359,11462.13,,3491712.0,45.0
ADANIPOWER,EQ,2025-12-02,147.34,147.3,148.18,146.05,146.76,146.76,147.0,6392786,9397.4,,2876754.0,45.0
ADANIPOWER,EQ,2025-12-03,146.76,146.9,147.68,144.54,144.97,144.97,145.73,10331583,15056.22,,4649212.0,45.0
ADANIPOWER,EQ,2025-12-05,142.73,143.0,144.2,142.37,143.78,143.78,143.45,7231083,10372.99,,3253987.0,45.0
ADANIPOWER,EQ,2025-12-08,143.78,144.25,145.16,138.21,139.04,139.04,140.8,14985881,21100.12,,6743646.0,45.0
ADANIPOWER,EQ,2025-12-09,139.04,139.04,142.85,135.0,141.8,141.8,139.88,20828393,29134.76,,9372777.0,45.0
ADANIPOWER,EQ,2025-12-10,141.8,142.2,143.5,140.7,141.18,141.18,141.79,7793397,11050.26,,3507029.0,45.0
ADANIPOWER,EQ,2025-12-15,140.58,144.49,145.45,142.29,144.38,144.38,144.04,8949057,12890.22,,4027076.0,45.0
ADANIPOWER,EQ,2025-12-16,144.38,144.75,145.8,143.94,145.33,145.33,145.02,12127744,17587.65,,5457485.0,45.0
ADANIPOWER,EQ,2025-12-18,143.0,143.0,143.0,140.7,141.3,141.3,141.67,6848190,9701.83,,3081686.0,45.0
ADANIPOWER,EQ,2025-12-19,141.3,141.5,142.2,140.68,141.76,141.76,141.55,7869675,11139.52,,3541354.0,45.0
ADANIPOWER,EQ,2025-12-23,143.25,143.8,144.6,142.32,144.3,144.3,143.74,7437606,10690.81,,3346923.0,45.0
ADANIPOWER,EQ,2025-12-24,144.3,144.7,144.7,142.67,143.16,143.16,143.51,7905799,11345.61,,3557610.0,45.0
ADANIPOWER,EQ,2025-12-26,143.16,143.15,144.37,141.9,142.19,142.19,142.82,7682604,10972.3,,3457172.0,45.0
ADANIPOWER,EQ,2025-12-29,142.19,142.19,142.49,140.0,140.44,140.44,140.98,7527164,10611.8,,3387224.0,45.0
ADANIPOWER,EQ,2025-12-30,140.44,140.43,145.23,139.68,144.65,144.65,143.19,15926892,22805.72,,7167101.0,45.0
ADANIPOWER,EQ,2025-12-31,144.65,144.55,144.65,142.5,142.99,142.99,143.38,8469921,12144.17,,3811464.0,45.0
ADANIPOWER,EQ,2026-01-01,142.99,143.25,153.16,142.8,148.76,148.76,148.24,64003449,94878.71,,28801552.0,45.0
ADANIPOWER,EQ,2026-01-02,148.76,149.0,149.9,147.3,148.17,148.17,148.46,14413809,21398.74,,6486214.0,45.0
ADANIPOWER,EQ,2026-01-06,146.2,147.5,149.17,146.8,147.55,147.55,147.84,14511973,21454.5,,6530388.0,45.0
ADANIPOWER,EQ,2026-01-07,147.55,147.55,148.4,145.8,146.37,146.37,146.86,7285671,10699.74,,3278552.0,45.0
ADANIPOWER,EQ,2026-01-08,146.37,146.37,147.55,142.1,142.89,142.89,144.18,9862895,14220.32,,4438303.0,45.0
ADANIPOWER,EQ,2026-01-09,142.89,143.2,143.99,140.54,141.68,141.68,142.07,11323782,16087.7,,5095702.0,45.0
ADANIPOWER,EQ,2026-01-12,141.68,141.65,143.36,139.53,142.54,142.54,141.81,10353052,14681.66,,4658873.0,45.0
ADANIPOWER,EQ,2026-01-13,142.54,143.0,144.06,142.01,143.38,143.38,143.15,7267061,10402.8,,3270177.0,45.0
ADANIPOWER,EQ,2026-01-14,143.38,143.0,143.37,141.61,142.77,142.77,142.58,7290553,10394.87,,3280749.0,45.0
ADANIPOWER,EQ,2026-01-19,142.77,141.8,142.4,139.95,140.56,140.56,140.97,8355757,11779.11,,3760091.0,45.0
ADANIPOWER,EQ,2026-01-20,140.56,141.5,142.4,136.5,137.48,137.48,138.79,15689961,21776.1,,7060482.0,45.0
ADANIPOWER,EQ,2026-01-21,137.48,137.5,139.64,134.8,137.63,137.63,137.36,19416781,26670.89,,8737551.0,45.0
ADANIPOWER,EQ,2026-01-23,137.63,141.0,142.9,128.1,132.96,132.96,134.65,52434571,70603.15,,23595557.0,45.0
ADANIPOWER,EQ,2026-01-28,134.5,135.14,135.9,133.6,134.72,134.72,134.74,14843718,20000.43,,6679673.0,45.0
ADANIPOWER,EQ,2026-01-30,133.88,133.0,136.5,131.91,135.38,135.38,134.6,15157606,20402.14,,6820923.0,45.0
ADANIPOWER,EQ,2026-02-02,135.38,133.48,135.0,130.63,134.6,134.6,133.41,10586714,14123.74,,4764021.0,45.0
ADANIPOWER,EQ,2026-02-03,134.6,145.0,149.04,140.6,143.62,143.62,144.42,54947535,79355.23,,24726391.0,45.0
ADANIPOWER,EQ,2026-02-04,143.62,145.0,156.09,143.0,155.29,155.29,151.46,78428934,118788.46,,35293020.0,45.0
ADANIPOWER,EQ,2026-02-06,153.45,152.0,154.11,150.0,152.74,152.74,152.28,17334858,26397.52,,7800686.0,45.0
ADANIPOWER,EQ,2026-02-09,152.74,154.0,154.85,150.6,151.37,151.37,152.27,13739514,20921.16,,6182781.0,45.0
ADANIPOWER,EQ,2026-02-10,151.37,152.0,152.0,147.81,149.05,149.05,149.62,17009549,25449.69,,7654297.0,45.0
ADANIPOWER,EQ,2026-02-11,149.05,149.59,151.33,147.8,150.91,150.91,150.01,10695646,16044.54,,4813041.0,45.0
ADANIPOWER,EQ,2026-02-12,150.91,150.47,150.75,148.75,149.79,149.79,149.76,8553724,12810.06,,3849176.0,45.0
ADANIPOWER,EQ,2026-02-13,149.79,149.2,149.3,139.1,139.9,139.9,142.77,38679559,55222.81,,17405802.0,45.0
ADANIPOWER,EQ,2026-02-16,139.9,140.5,143.65,139.01,142.77,142.77,141.81,17314552,24553.77,,7791548.0,45.0
ADANIPOWER,EQ,2026-02-17,142.77,142.54,145.0,141.58,144.35,144.35,143.64,11021261,15830.94,,4959567.0,45.0
ADANIPOWER,EQ,2026-02-18,144.35,144.5,145.25,142.2,144.49,144.49,143.98,10122491,14574.36,,4555121.0,45.0
ADANIPOWER,EQ,2026-02-23,142.7,145.15,145.69,142.7,144.05,144.05,144.15,9098843,13115.98,,4094479.0,45.0
ADANIPOWER,EQ,2026-02-24,144.05,143.5,144.72,142.24,144.31,144.31,143.76,8248526,11858.08,,3711837.0,45.0
ADANIPOWER,EQ,2026-02-26,144.31,141.0,142.0,140.5,141.34,141.34,141.28,6526437,9220.55,,2936897.0,45.0
ADANIPOWER,EQ,2026-02-27,141.34,141.0,141.66,139.8,140.11,140.11,140.52,8054854,11318.68,,3624684.0,45.0
ADANIPOWER,EQ,2026-03-02,140.11,133.0,138.68,130.7,137.97,137.97,135.78,26699798,36252.99,,12014909.0,45.0
ADANIPOWER,EQ,2026-03-04,137.97,135.0,139.3,134.41,137.82,137.82,137.18,16666324,22862.86,,7499846.0,45.0
ADANIPOWER,EQ,2026-03-05,137.82,139.0,140.55,138.11,140.11,140.11,139.59,8274419,11550.26,,3723489.0,45.0
ADANIPOWER,EQ,2026-03-06,140.11,139.6,142.59,138.5,138.99,138.99,140.03,11769177,16480.38,,5296130.0,45.0
ADANIPOWER,EQ,2026-03-09,138.99,136.5,139.83,134.86,139.11,139.11,137.93,12009431,16564.61,,5404244.0,45.0
ADANIPOWER,EQ,2026-03-12,138.85,138.84,151.98,137.51,149.11,149.11,146.2,81276272,118825.91,,36574322.0,45.0
ADANIPOWER,EQ,2026-03-13,149.11,151.0,153.9,145.3,146.57,146.57,148.59,54479845,80951.6,,24515930.0,45.0
ADANIPOWER,EQ,2026-03-16,146.57,149.9,155.0,146.4,154.06,154.06,151.82,90227164,136982.88,,40602224.0,45.0
ADANIPOWER,EQ,2026-03-18,155.6,156.0,156.5,151.3,154.07,154.07,153.96,28773212,44299.24,,12947945.0,45.0
ADANIPOWER,EQ,2026-03-19,154.07,151.0,155.49,150.15,151.01,151.01,152.22,17635762,26845.16,,7936093.0,45.0
ADANIPOWER,EQ,2026-03-23,151.01,151.54,152.87,144.65,147.85,147.85,148.46,25968931,38553.47,,11686019.0,45.0
ADANIPOWER,EQ,2026-03-24,147.85,151.0,153.9,147.35,150.11,150.11,150.45,21762199,32741.23,,9792990.0,45.0
ADANIPOWER,EQ,2026-03-27,153.65,153.5,155.28,151.56,153.92,153.92,153.59,23958053,36797.17,,10781124.0,45.0
ADANIPOWER,EQ,2026-03-30,153.92,152.1,156.45,149.2,150.43,150.43,152.03,21100984,32079.83,,9495443.0,45.0
ADANIPOWER,EQ,2026-04-01,150.43,155.0,158.15,153.44,157.11,157.11,156.23,48215780,75327.51,,21697101.0,45.0
ADANIPOWER,EQ,2026-04-07,163.26,163.0,165.66,161.6,163.36,163.36,163.54,34671421,56701.64,,15602139.0,45.0
ADANIPOWER,EQ,2026-04-08,163.36,168.0,174.35,166.21,169.31,169.31,169.96,66318120,112714.28,,29843154.0,45.0
ADANIPOWER,EQ,2026-04-09,169.31,168.95,173.5,167.55,172.33,172.33,171.13,42258124,72316.33,,19016156.0,45.0
ADANIPOWER,EQ,2026-04-10,172.33,173.6,178.1,172.11,175.81,175.81,175.34,51959590,91105.95,,23381816.0,45.0
ADANIPOWER,EQ,2026-04-13,175.81,172.0,184.4,170.36,181.35,181.35,178.7,91406261,163342.99,,41132817.0,45.0
ADANIPOWER,EQ,2026-04-15,181.35,185.27,187.07,181.55,183.43,183.43,184.02,51497511,94765.72,,23173880.0,45.0
ADANIPOWER,EQ,2026-04-16,183.43,184.0,194.37,183.27,193.19,193.19,190.28,69751834,132723.79,,31388325.0,45.0
ADANIPOWER,EQ,2026-04-17,193.19,196.45,200.0,190.66,198.5,198.5,196.39,95051761,186672.15,,42773292.0,45.0
ADANIPOWER,EQ,2026-04-20,198.5,198.5,207.5,197.41,200.83,200.83,201.91,81881887,165327.72,,36846849.0,45.0
ADANIPOWER,EQ,2026-04-22,200.83,203.99,216.5,203.3,215.65,215.65,211.82,117165796,248180.59,,52724608.0,45.0
ADANIPOWER,EQ,2026-04-23,215.65,216.0,217.25,212.53,214.18,214.18,214.65,58947381,126530.55,,26526321.0,45.0
ADANIPOWER,EQ,2026-04-24,214.18,215.44,216.87,207.0,212.9,212.9,212.26,61885765,131358.72,,27848594.0,45.0
ADANIPOWER,EQ,2026-04-27,212.9,214.6,222.16,214.6,218.05,218.05,218.27,57532309,125575.77,,25889539.0,45.0
ADANIPOWER,EQ,2026-04-28,218.05,219.5,224.66,219.29,223.35,223.35,222.43,46710708,103898.63,,21019819.0,45.0
ADANIPOWER,EQ,2026-04-29,223.35,225.0,226.24,215.35,219.28,219.28,220.29,51932086,114401.19,,23369439.0,45.0
ADANIPOWER,EQ,2026-04-30,219.28,216.9,223.5,214.24,221.85,221.85,219.86,67584204,148590.63,,30412892.0,45.0
ADANIPOWER,EQ,2026-05-04,221.85,223.0,234.0,221.9,227.3,227.3,227.73,67200729,153036.22,,30240328.0,45.0
ADANIPOWER,EQ,2026-05-06,227.3,232.39,232.39,224.24,229.12,229.12,228.58,45243061,103416.59,,20359377.0,45.0
ADANIPOWER,EQ,2026-05-07,229.12,230.0,233.47,229.5,230.19,230.19,231.05,37064595,85637.75,,16679068.0,45.0
ADANIPOWER,EQ,2026-05-08,230.19,231.0,231.43,224.03,225.33,225.33,226.93,27156296,61625.78,,12220333.0,45.0
ADANIPOWER,EQ,2026-05-12,222.03,222.77,224.63,208.03,209.63,209.63,214.1,46023863,98537.09,,20710738.0,45.0
ADANIPOWER,EQ,2026-05-13,209.63,209.0,217.95,208.9,213.87,213.87,213.57,49608338,105948.53,,22323752.0,45.0
ADANIPOWER,EQ,2026-05-15,213.87,229.0,229.0,213.78,221.33,221.33,221.37,60020608,132867.62,,27009274.0,45.0
ADANIPOWER,EQ,2026-05-18,221.33,221.0,223.5,218.03,219.3,219.3,220.28,30197883,66519.9,,13589047.0,45.0
ADANIPOWER,EQ,2026-05-19,219.3,223.8,225.0,218.3,219.09,219.09,220.8,35941457,79358.74,,16173656.0,45.0
ADANIPOWER,EQ,2026-05-20,219.09,218.9,220.6,216.19,220.24,220.24,219.01,22506946,49292.46,,10128126.0,45.0
ADANIPOWER,EQ,2026-05-21,220.24,222.3,226.4,218.5,219.33,219.33,221.41,34984894,77460.05,,15743202.0,45.0
ADANIPOWER,EQ,2026-05-22,219.33,220.5,222.47,219.0,219.32,219.32,220.26,17090471,37643.47,,7690712.0,45.0
ADANIPOWER,EQ,2026-05-25,219.32,221.0,234.6,220.31,233.38,233.38,229.43,73847208,169427.65,,33231244.0,45.0
ADANIPOWER,EQ,2026-05-27,233.38,247.6,252.65,245.5,248.91,248.91,249.02,85859567,213807.49,,38636805.0,45.0
ADANIPOWER,EQ,2026-05-29,248.91,250.9,254.2,242.19,243.37,243.37,246.59,71856898,177191.92,,32335604.0,45.0
ADANIPOWER,EQ,2026-06-02,243.37,230.0,236.67,227.41,235.93,235.93,233.34,40494771,94490.5,,18222647.0,45.0
ADANIPOWER,EQ,2026-06-04,232.52,230.5,235.65,229.15,230.03,230.03,231.61,23485301,54394.31,,10568385.0,45.0
ADANIPOWER,EQ,2026-06-05,230.03,231.68,236.25,230.1,232.6,232.6,232.98,30846795,71866.86,,13881058.0,45.0
ADANIPOWER,EQ,2026-06-08,232.6,230.97,234.35,224.02,225.85,225.85,228.07,34194584,77987.59,,15387563.0,45.0
ADANIPOWER,EQ,2026-06-09,225.85,229.77,229.88,224.0,226.14,226.14,226.67,26466973,59992.69,,11910138.0,45.0
ADANIPOWER,EQ,2026-06-10,226.14,227.3,227.3,220.05,220.58,220.58,222.64,21659105,48221.83,,9746597.0,45.0
ADANIPOWER,EQ,2026-06-11,220.58,219.24,222.34,214.8,215.51,215.51,217.55,30938415,67306.52,,13922287.0,45.0
ADANIPOWER,EQ,2026-06-12,215.51,218.44,223.89,216.43,223.07,223.07,221.13,27825184,61529.83,,12521333.0,45.0
ADANIPOWER,EQ,2026-06-15,223.07,226.95,227.0,220.0,220.52,220.52,222.51,26726675,59469.52,,12027004.0,45.0
ADANIPOWER,EQ,2026-06-16,220.52,221.9,224.8,218.61,222.6,222.6,222.0,29486320,65459.63,,13268844.0,45.0
ADANIPOWER,EQ,2026-06-17,222.6,222.6,222.6,219.72,220.4,220.4,220.91,20834476,46025.44,,9375514.0,45.0
ADANIPOWER,EQ,2026-06-18,220.4,220.4,232.2,219.4,230.57,230.57,227.39,49545386,112661.25,,22295424.0,45.0
ADANIPOWER,EQ,2026-06-23,230.57,234.1,235.5,226.14,231.39,231.39,231.01,27392120,63278.54,,12326454.0,45.0
ADANIPOWER,EQ,2026-06-24,231.39,230.55,233.92,228.63,229.76,229.76,230.77,16821729,38819.5,,7569778.0,45.0
ADANIPOWER,EQ,2026-06-25,229.76,231.29,232.49,228.65,229.27,229.27,230.14,18735720,43118.39,,8431074.0,45.0
ADANIPOWER,EQ,2026-06-29,229.27,228.12,228.6,224.53,227.05,227.05,226.73,72715673,164868.25,,32722053.0,45.0
ADANIPOWER,EQ,2026-06-30,227.05,228.0,228.32,221.69,223.77,223.77,224.59,22697791,50976.97,,10214006.0,45.0
ADANIPOWER,EQ,2026-07-01,223.77,223.77,229.8,223.21,226.86,226.86,226.62,39061121,88520.31,,17577504.0,45.0
ADANIPOWER,EQ,2026-07-03,224.55,225.75,226.32,219.55,221.79,221.79,222.55,19666241,43767.22,,8849808.0,45.0
ADANIPOWER,EQ,2026-07-07,219.85,220.48,221.8,216.3,218.07,218.07,218.72,29372950,64244.52,,13217828.0,45.0
ADANIPOWER,EQ,2026-07-08,218.07,217.9,223.55,214.65,216.48,216.48,218.23,28539934,62282.7,,12842970.0,45.0
ADANIPOWER,EQ,2026-07-13,218.45,217.1,218.78,215.1,215.46,215.46,216.45,26415659,57176.69,,11887047.0,45.0
ADANIPOWER,EQ,2026-07-14,215.46,216.35,228.94,216.3,226.17,226.17,223.8,55601636,124436.46,,25020736.0,45.0
ADANIPOWER,EQ,2026-07-16,226.17,222.0,222.2,216.12,216.57,216.57,218.3,40710986,88872.08,,18319944.0,45.0
ADANIPOWER,EQ,2026-07-17,216.57,217.0,217.0,213.22,214.45,214.45,214.89,26561459,57077.92,,11952657.0,45.0
ADANIPOWER,EQ,2026-07-20,214.45,215.75,220.51,213.71,219.97,219.97,218.06,25750666,56151.9,,11587800.0,45.0
ADANIPOWER,EQ,2026-07-21,219.97,220.29,222.5,219.23,220.37,220.37,220.7,19049374,42041.97,,8572218.0,45.0
ADANIPOWER,EQ,2026-07-22,220.37,220.37,221.7,211.9,216.95,216.95,216.85,45613497,98912.87,,20526074.0,45.0
ADANIPOWER,EQ,2026-07-23,216.95,217.18,218.98,211.27,212.23,212.23,214.16,34960049,74870.44,,15732022.0,45.0
ADANIPOWER,EQ,2026-07-24,212.23,212.22,215.1,210.1,213.66,213.66,212.95,29273015,62336.89,,13172857.0,45.0
ADANIPOWER,EQ,2026-07-27,213.66,214.23,215.75,213.15,213.96,213.96,214.29,14546955,31172.67,,6546130.0,45.0
ADANIPOWER,EQ,2026-07-29,213.96,209.27,211.15,207.8,209.52,209.52,209.49,12560925,26313.88,,5652416.0,45.0
ADANIPOWER,EQ,2026-07-31,208.97,209.98,212.68,209.11,211.31,211.31,211.03,15216198,32110.74,,6847289.0,45.0
ADANIPOWER,EQ,2026-08-03,211.31,211.8,215.11,211.15,213.65,213.65,213.3,13859607,29562.54,,6236823.0,45.0
ADANIPOWER,EQ,2026-08-04,213.65,212.8,213.35,209.0,209.95,209.95,210.77,11392298,24011.55,,5126534.0,45.0
ADANIPOWER,EQ,2026-08-05,209.95,211.0,211.33,207.0,208.99,208.99,209.11,15188719,31761.13,,6834924.0,45.0
ADANIPOWER,EQ,2026-08-07,208.12,208.13,212.1,208.13,209.0,209.0,209.74,14372119,30144.08,,6467454.0,45.0
ADANIPOWER,EQ,2026-08-10,209.0,209.05,211.88,207.7,210.65,210.65,210.08,13196740,27723.71,,5938533.0,45.0
ADANIPOWER,EQ,2026-08-11,210.65,213.0,213.8,208.2,209.0,209.0,210.33,17507515,36823.56,,7878382.0,45.0
ADANIPOWER,EQ,2026-08-13,209.0,207.51,209.7,204.11,206.1,206.1,206.64,13554048,28008.08,,6099322.0,45.0
ADANIPOWER,EQ,2026-08-14,206.1,205.91,208.14,205.0,205.25,205.25,206.13,13864195,28578.27,,6238888.0,45.0
ADANIPOWER,EQ,2026-08-17,205.25,205.25,205.75,201.77,203.56,203.56,203.69,17130158,34892.42,,7708571.0,45.0
ADANIPOWER,EQ,2026-08-18,203.56,203.8,208.67,203.57,205.58,205.58,205.94,19181716,39502.83,,8631772.0,45.0
ADANIPOWER,EQ,2026-08-19,205.58,205.9,205.9,202.69,204.02,204.02,204.2,10553545,21550.34,,4749095.0,45.0
ADANIPOWER,EQ,2026-08-21,204.0,203.99,205.5,202.83,205.5,205.5,204.61,10503673,21491.57,,4726653.0,45.0
ADANIPOWER,EQ,2026-08-24,205.5,205.2,205.6,202.57,203.7,203.7,203.96,9498733,19373.62,,4274430.0,45.0
ADANIPOWER,EQ,2026-08-25,203.7,203.06,206.8,201.43,206.33,206.33,204.85,14258939,29209.44,,6416523.0,45.0
ADANIPOWER,EQ,2026-08-27,207.2,209.15,217.4,207.3,215.0,215.0,213.23,70024737,149313.75,,31511132.0,45.0
ADANIPOWER,EQ,2026-08-31,212.63,212.37,213.13,198.0,198.0,198.0,203.04,53907969,109454.74,,24258586.0,45.0
ADANIPOWER,EQ,2026-09-01,198.0,202.0,205.79,201.31,204.36,204.36,203.82,38032254,77517.34,,17114514.0,45.0
ADANIPOWER,EQ,2026-09-02,204.36,202.59,207.7,200.12,207.7,207.7,205.17,18174608,37288.84,,8178574.0,45.0
ADANIPOWER,EQ,2026-09-03,207.7,209.0,211.33,206.64,208.29,208.29,208.75,17538881,36612.41,,7892496.0,45.0
ADANIPOWER,EQ,2026-09-04,208.29,208.29,208.99,206.75,207.2,207.2,207.65,9328145,19369.89,,4197665.0,45.0
ADANIPOWER,EQ,2026-09-07,207.2,207.1,208.65,204.16,204.49,204.49,205.77,9839611,20246.97,,4427825.0,45.0
ADANIPOWER,EQ,2026-09-08,204.49,205.2,209.4,204.12,208.4,208.4,207.31,17837173,36978.24,,8026728.0,45.0
ADANIPOWER,EQ,2026-09-09,208.4,207.1,216.1,206.5,214.9,214.9,212.5,33227588,70608.62,,14952415.0,45.0
ADANIPOWER,EQ,2026-09-10,214.9,214.5,215.28,212.5,213.5,213.5,213.76,18719604,40015.03,,8423822.0,45.0
ADANIPOWER,EQ,2026-09-11,213.5,212.0,212.48,208.41,209.97,209.97,210.29,10271412,21599.75,,4622135.0,45.0
ADANIPOWER,EQ,2026-09-16,209.97,202.1,205.0,200.4,202.34,202.34,202.58,12105905,24524.14,,5447657.0,45.0
ADANIPOWER,EQ,2026-09-18,202.34,206.05,209.6,205.64,206.6,206.6,207.28,18185888,37695.71,,8183650.0,45.0
ADANIPOWER,EQ,2026-09-24,204.8,203.8,203.8,198.8,199.48,199.48,201.36,20283670,40843.46,96066.0,9955882.0,49.08
BHEL,EQ,2025-09-25,236.01,235.0,238.0,233.1,233.94,234.62,235.9,4026105,9497.43,36351.0,1370496.0,34.04
BHEL,EQ,2025-09-26,234.62,233.4,234.0,229.77,231.0,231.01,231.65,4520518,10471.99,44213.0,1585277.0,35.07
BHEL,EQ,2025-09-30,233.97,234.9,239.65,233.08,238.85,238.45,237.63,7781995,18492.31,64414.0,3229918.0,41.51
BHEL,EQ,2025-10-01,238.45,239.0,242.8,238.5,240.1,240.17,240.67,7001353,16850.11,66402.0,2612394.0,37.31
BHEL,EQ,2025-10-07,245.31,245.6,246.27,242.48,245.5,244.86,244.4,6648973,16250.27,67572.0,3451464.0,51.91
BHEL,EQ,2025-10-08,244.86,244.85,245.56,237.73,239.79,239.04,240.38,4226459,10159.41,36105.0,1526829.0,36.13
BHEL,EQ,2025-10-09,239.04,239.5,240.9,237.79,239.45,239.04,238.95,4334247,10356.77,42979.0,2105615.0,48.58
BHEL,EQ,2025-10-14,234.86,235.05,236.0,230.4,232.4,232.44,232.84,4680465,10897.92,43804.0,1941521.0,41.48
BHEL,EQ,2025-10-15,232.44,232.0,237.9,232.0,236.13,235.8,236.2,5422265,12807.35,71972.0,2575903.0,47.51
BHEL,EQ,2025-10-16,235.8,236.8,237.46,233.9,236.3,236.17,235.51,4104632,9666.97,37832.0,1764122.0,42.98
BHEL,EQ,2025-10-17,236.17,235.6,237.59,231.45,232.37,232.62,234.87,3238488,7606.28,30985.0,971847.0,30.01
BHEL,EQ,2025-10-20,232.62,233.49,235.7,233.05,234.0,233.76,234.25,3655987,8564.04,29864.0,1737883.0,47.54
BHEL,EQ,2025-10-21,233.76,234.0,235.68,233.85,234.36,234.6,234.83,712531,1673.26,11830.0,377149.0,52.97
BHEL,EQ,2025-10-24,234.29,235.27,236.79,229.54,231.26,230.94,233.56,5297389,12372.61,46864.0,1871408.0,35.33
BHEL,EQ,2025-10-28,235.0,235.0,238.5,234.22,237.0,237.34,236.47,9973722,23584.5,50263.0,4471182.0,44.83
BHEL,EQ,2025-10-29,237.34,238.44,246.7,237.0,246.13,245.39,242.68,14046107,34086.4,87452.0,5024632.0,35.77
BHEL,EQ,2025-11-03,265.49,265.0,268.4,262.85,265.15,264.95,265.36,11181498,29671.38,97665.0,4636864.0,41.47
BHEL,EQ,2025-11-04,264.95,263.5,268.4,263.45,267.1,267.25,266.61,9063915,24165.41,109232.0,4018301.0,44.33
BHEL,EQ,2025-11-06,267.25,266.7,266.9,259.5,260.0,260.05,262.39,5823324,15280.0,66879.0,2587620.0,44.44
BHEL,EQ,2025-11-07,260.05,258.0,265.8,255.3,264.3,263.85,262.3,10052522,26368.04,89528.0,4095468.0,40.74
BHEL,EQ,2025-11-10,263.85,264.95,274.8,264.2,272.5,273.35,269.86,18151146,48981.94,117847.0,7745125.0,42.67
BHEL,EQ,2025-11-11,273.35,274.0,287.75,271.7,285.2,285.8,282.26,37222053,105061.62,236017.0,15639858.0,42.02
BHEL,EQ,2025-11-12,285.8,285.5,290.9,282.75,286.7,287.05,287.23,15184051,43613.59,208738.0,6410500.0,42.22
BHEL,EQ,2025-11-14,281.5,281.5,284.5,279.8,282.05,281.6,282.65,11786151,33313.04,69461.0,6591620.0,55.93
BHEL,EQ,2025-11-17,281.6,281.6,286.85,280.6,285.5,285.5,284.79,7910619,22528.48,77394.0,3549365.0,44.87
BHEL,EQ,2025-11-18,285.5,284.95,290.2,282.9,289.2,289.1,287.41,11332882,32572.23,86599.0,4683781.0,41.33
BHEL,EQ,2025-11-19,289.1,290.4,292.4,286.75,289.1,289.2,289.05,14533784,42010.01,73379.0,6493712.0,44.68
BHEL,EQ,2025-11-20,289.2,289.5,290.8,284.45,285.9,285.25,287.3,8839796,25396.61,63835.0,4641282.0,52.5
BHEL,EQ,2025-11-21,285.25,285.0,285.25,281.3,282.5,282.5,283.01,6158231,17428.28,58064.0,2928217.0,47.55
BHEL,EQ,2025-11-24,282.5,282.2,284.6,275.75,277.55,277.9,279.71,9586847,26815.07,67809.0,4981146.0,51.96
BHEL,EQ,2025-11-26,282.9,282.8,290.25,282.15,290.0,289.7,287.8,11134915,32046.41,118003.0,5045041.0,45.31
BHEL,EQ,2025-11-27,289.7,289.7,295.25,288.9,290.5,290.85,292.04,10234788,29890.16,64428.0,3701967.0,36.17
BHEL,EQ,2025-11-28,290.85,290.25,293.15,290.1,290.2,290.85,291.19,7279931,21198.56,75868.0,3351019.0,46.03
BHEL,EQ,2025-12-01,290.85,291.1,295.25,290.25,290.65,291.0,292.35,9651733,28217.26,74226.0,4572682.0,47.38
BHEL,EQ,2025-12-02,291.0,290.9,291.6,284.8,286.5,285.5,288.36,6242631,18001.04,43859.0,2962437.0,47.45
BHEL,EQ,2025-12-03,285.5,286.0,287.7,276.05,278.65,278.55,280.04,6343542,17764.27,52207.0,2640097.0,41.62
BHEL,EQ,2025-12-05,275.75,275.85,279.5,273.1,277.75,277.75,276.38,4629680,12795.31,41807.0,1452289.0,31.37
BHEL,EQ,2025-12-08,277.75,277.7,279.2,267.7,270.0,269.7,271.71,5178235,14069.73,62839.0,1986888.0,38.37
BHEL,EQ,2025-12-09,269.7,269.4,280.55,268.9,276.9,277.0,275.67,9945144,27415.66,73884.0,2585867.0,26.0
BHEL,EQ,2025-12-10,277.0,276.95,280.75,274.2,274.5,275.0,277.1,3543157,9818.15,33943.0,795812.0,22.46
BHEL,EQ,2025-12-15,285.15,285.15,286.45,281.55,282.4,282.6,283.35,4114513,11658.51,47962.0,1310647.0,31.85
BHEL,EQ,2025-12-16,282.6,281.5,281.8,275.8,278.45,279.35,278.83,5220449,14555.92,45811.0,1967239.0,37.68
BHEL,EQ,2025-12-18,277.85,277.2,277.7,271.45,275.0,275.05,273.97,4139636,11341.34,37108.0,864177.0,20.88
BHEL,EQ,2025-12-19,275.05,275.05,277.9,272.5,275.6,275.75,275.28,7050742,19409.51,46481.0,2955735.0,41.92
BHEL,EQ,2025-12-23,281.85,282.2,284.35,280.6,281.6,281.9,282.57,5087115,14374.85,35904.0,2136971.0,42.01
BHEL,EQ,2025-12-24,281.9,281.9,285.5,277.75,278.0,278.2,281.92,5866008,16537.22,43822.0,2614816.0,44.58
BHEL,EQ,2025-12-26,278.2,278.0,285.6,277.05,280.55,281.5,283.42,6390786,18112.97,46342.0,1914705.0,29.96
BHEL,EQ,2025-12-29,281.5,282.5,284.5,278.5,279.0,279.4,281.27,3963435,11147.94,37692.0,1350004.0,34.06
BHEL,EQ,2025-12-30,279.4,279.7,283.75,276.3,283.05,282.8,280.63,5022408,14094.49,56594.0,1349075.0,26.86
BHEL,EQ,2025-12-31,282.8,283.8,291.2,282.25,288.0,287.45,288.0,10765553,31004.52,77905.0,4298787.0,39.93
BHEL,EQ,2026-01-01,287.45,288.5,293.3,288.1,291.8,291.45,291.31,7927074,23092.06,61347.0,2741123.0,34.58
BHEL,EQ,2026-01-02,291.45,292.7,300.85,291.55,299.7,299.5,296.9,13871683,41185.57,97176.0,5472149.0,39.45
BHEL,EQ,2026-01-06,300.05,300.7,302.7,294.7,296.45,296.95,298.65,6926709,20686.28,58800.0,2662673.0,38.44
BHEL,EQ,2026-01-07,296.95,296.95,305.9,296.5,303.4,303.55,303.01,12724071,38555.69,148124.0,4345588.0,34.15
BHEL,EQ,2026-01-08,303.55,303.9,303.9,261.5,276.9,271.75,278.04,48951103,136106.07,186006.0,15126711.0,30.9
BHEL,EQ,2026-01-09,271.75,279.0,285.5,271.65,272.5,274.25,278.24,62968609,175203.67,298652.0,10904262.0,17.32
BHEL,EQ,2026-01-12,274.25,272.5,272.5,258.25,267.2,267.9,263.29,36431979,95921.65,218619.0,6243063.0,17.14
BHEL,EQ,2026-01-13,267.9,269.15,269.75,262.45,265.1,265.55,265.81,10914720,29012.7,66677.0,2364753.0,21.67
BHEL,EQ,2026-01-14,265.55,265.95,272.35,263.5,267.25,267.45,268.86,9508874,25565.14,60161.0,2807517.0,29.53
BHEL,EQ,2026-01-19,265.4,265.4,269.15,256.5,262.8,263.1,262.14,25303568,66331.81,163091.0,3519044.0,13.91
BHEL,EQ,2026-01-20,263.1,262.5,262.5,248.75,250.15,250.15,252.85,24904986,62972.29,172313.0,6663647.0,26.76
BHEL,EQ,2026-01-21,250.15,249.95,257.85,247.9,252.85,252.35,252.65,14481811,36588.11,87382.0,2791753.0,19.28
BHEL,EQ,2026-01-23,251.55,255.55,255.55,241.65,242.5,242.5,246.82,6847147,16900.3,50090.0,1936673.0,28.28
BHEL,EQ,2026-01-23,251.55,255.55,255.55,241.65,242.5,242.5,246.82,6847147,16900.3,50090.0,1936673.0,28.28
BHEL,EQ,2026-01-28,247.7,250.05,260.9,246.85,260.25,259.65,254.13,8340263,21194.86,61871.0,2393329.0,28.7
BHEL,EQ,2026-01-30,260.5,259.8,263.65,256.85,263.0,262.7,261.14,6252061,16326.6,52768.0,2067590.0,33.07
BHEL,EQ,2026-02-02,252.1,253.5,259.1,249.5,259.0,258.25,254.25,5287190,13442.66,60968.0,1463659.0,27.68
BHEL,EQ,2026-02-03,258.25,266.4,271.6,261.35,267.4,267.9,266.32,8088230,21540.98,68258.0,3058548.0,37.81
BHEL,EQ,2026-02-04,267.9,268.95,274.0,264.6,271.6,272.7,271.17,8243278,22353.58,63007.0,2821637.0,34.23
BHEL,EQ,2026-02-06,268.9,268.2,269.15,263.1,266.0,266.6,265.73,3549301,9431.55,29265.0,1105911.0,31.16
BHEL,EQ,2026-02-09,266.6,267.6,275.55,267.6,274.0,274.65,272.9,5685381,15515.47,41259.0,2030530.0,35.71
BHEL,EQ,2026-02-10,274.65,275.4,277.0,271.0,275.9,276.1,274.54,5379904,14770.17,36693.0,1908300.0,35.47
BHEL,EQ,2026-02-11,276.1,261.9,263.25,258.6,260.8,260.65,260.5,85237867,222041.76,199961.0,47757045.0,56.03
BHEL,EQ,2026-02-12,260.65,259.0,265.8,259.0,259.6,260.6,262.27,69540657,182384.63,122406.0,44679678.0,64.25
BHEL,EQ,2026-02-13,260.6,257.0,262.2,254.7,255.3,255.75,257.87,27784730,71647.67,98249.0,15407005.0,55.45
BHEL,EQ,2026-02-16,255.75,256.0,263.35,253.0,262.4,262.5,259.78,29358420,76265.89,91618.0,14199150.0,48.36
BHEL,EQ,2026-02-17,262.5,262.1,265.15,261.0,262.5,262.8,263.26,10432190,27464.0,55052.0,4572080.0,43.83
BHEL,EQ,2026-02-18,262.8,265.9,265.9,258.0,261.0,261.6,263.5,12611325,33231.29,69951.0,4789478.0,37.98
BHEL,EQ,2026-02-23,257.3,258.05,260.8,255.25,257.4,258.25,257.96,11160170,28788.22,43741.0,6188334.0,55.45
BHEL,EQ,2026-02-24,258.25,257.0,262.5,255.0,262.1,261.8,258.6,10678349,27613.91,48808.0,5948329.0,55.7
BHEL,EQ,2026-02-26,261.95,263.0,265.5,259.75,264.4,264.85,262.87,6496828,17078.42,48425.0,3246388.0,49.97
BHEL,EQ,2026-02-27,264.85,264.5,267.9,262.8,264.0,264.95,265.71,8367571,22233.57,47697.0,4110724.0,49.13
BHEL,EQ,2026-03-02,264.95,256.05,266.4,256.05,262.1,262.15,261.51,12870609,33658.05,100105.0,5549866.0,43.12
BHEL,EQ,2026-03-02,264.95,256.05,266.4,256.05,262.1,262.15,261.51,12870609,33658.05,100105.0,5549866.0,43.12
BHEL,EQ,2026-03-04,262.15,258.0,258.95,247.2,248.1,247.9,250.2,16208648,40554.43,115274.0,7464735.0,46.05
BHEL,EQ,2026-03-05,247.9,249.75,258.8,249.3,257.35,257.25,253.86,10224873,25957.09,71888.0,4084139.0,39.94
BHEL,EQ,2026-03-06,257.25,256.55,264.45,255.75,259.0,258.95,261.71,10342609,27067.64,74003.0,4613451.0,44.61
BHEL,EQ,2026-03-09,258.95,253.05,256.35,247.6,255.0,255.4,251.86,7235564,18223.21,79969.0,2372516.0,32.79
BHEL,EQ,2026-03-12,255.75,253.9,270.35,251.85,267.8,267.85,265.53,16227938,43090.04,109076.0,5425787.0,33.43
BHEL,EQ,2026-03-13,267.85,265.85,270.3,256.6,258.25,258.5,262.06,11238122,29450.65,76723.0,4301441.0,38.28
BHEL,EQ,2026-03-16,258.5,257.05,260.8,248.9,253.05,253.5,253.22,7970526,20183.15,63769.0,2003655.0,25.14
BHEL,EQ,2026-03-18,256.35,257.5,261.5,256.35,259.55,260.15,259.66,4198413,10901.42,47791.0,1394131.0,33.21
BHEL,EQ,2026-03-19,260.15,256.0,256.8,250.05,253.0,251.75,253.46,4709558,11936.95,40958.0,1248601.0,26.51
BHEL,EQ,2026-03-23,262.05,260.2,260.25,249.25,252.1,252.85,252.81,11692333,29559.39,124041.0,5455677.0,46.66
BHEL,EQ,2026-03-24,252.85,258.0,260.0,252.3,257.85,258.2,256.74,7393540,18982.53,80326.0,2823379.0,38.19
BHEL,EQ,2026-03-25,258.2,259.95,266.8,259.35,262.2,262.05,264.04,6801129,17957.94,55541.0,2739573.0,40.28
BHEL,EQ,2026-03-27,262.05,260.3,261.45,254.45,255.1,254.85,256.81,6984305,17936.1,56272.0,3096086.0,44.33
BHEL,EQ,2026-03-30,254.85,250.35,254.85,244.0,245.75,245.5,250.17,12308911,30793.41,87954.0,4151060.0,33.72
BHEL,EQ,2026-04-01,245.5,254.5,257.35,250.5,251.4,251.84,253.92,14241715,36162.1,133738.0,5868278.0,41.2
BHEL,EQ,2026-04-02,251.84,248.95,249.3,240.92,248.0,248.11,245.26,7987056,19588.81,66497.0,1914903.0,23.98
BHEL,EQ,2026-04-07,245.64,245.59,254.39,242.26,253.5,253.59,248.77,14913436,37099.54,86187.0,5923531.0,39.72
BHEL,EQ,2026-04-08,253.59,261.2,267.8,261.08,265.96,265.7,265.02,17510017,46405.69,88916.0,8417183.0,48.07
BHEL,EQ,2026-04-09,265.7,266.5,281.0,263.76,277.28,277.2,276.08,31642983,87359.25,217363.0,9766766.0,30.87
BHEL,EQ,2026-04-10,277.2,279.0,286.18,278.99,283.79,284.71,283.2,15013291,42517.67,108049.0,6486381.0,43.2
BHEL,EQ,2026-04-13,284.71,279.0,293.0,276.49,287.0,287.77,288.41,42151898,121568.89,188038.0,24077923.0,57.12
BHEL,EQ,2026-04-13,284.71,279.0,293.0,276.49,287.0,287.77,288.41,42151898,121568.89,188038.0,24077923.0,57.12
BHEL,EQ,2026-04-15,287.77,291.02,297.39,291.02,292.0,292.5,293.83,12730693,37407.18,113007.0,5795105.0,45.52
BHEL,EQ,2026-04-16,292.5,294.37,312.3,293.05,310.5,309.26,303.65,28292886,85909.97,168729.0,12840913.0,45.39
BHEL,EQ,2026-04-17,309.26,311.0,317.8,307.38,316.21,316.79,312.73,25068627,78398.31,185794.0,7737299.0,30.86
BHEL,EQ,2026-04-20,316.79,318.53,333.79,317.6,325.0,325.63,328.16,49865330,163639.47,368665.0,17048941.0,34.19
BHEL,EQ,2026-04-22,332.61,331.99,336.8,329.7,333.97,333.64,333.58,15926893,53128.77,140484.0,6282964.0,39.45
BHEL,EQ,2026-04-23,333.64,333.0,341.25,330.65,338.0,337.6,336.54,16570930,55768.55,126472.0,6962261.0,42.01
BHEL,EQ,2026-04-24,337.6,339.0,340.49,333.02,337.33,337.39,337.1,15907329,53623.28,99103.0,6860737.0,43.13
BHEL,EQ,2026-04-27,337.39,339.43,354.0,339.0,349.9,348.58,348.21,20484360,71327.66,153956.0,7938572.0,38.75
BHEL,EQ,2026-04-28,348.58,349.69,356.0,347.28,354.6,354.71,352.44,14893265,52489.39,78043.0,7052391.0,47.35
BHEL,EQ,2026-04-29,354.71,356.8,358.1,342.51,344.99,344.5,348.74,14716414,51321.45,146633.0,5749881.0,39.07
BHEL,EQ,2026-04-30,344.5,344.4,354.9,342.04,352.4,352.41,348.77,17432476,60798.56,178667.0,7259012.0,41.64
BHEL,EQ,2026-04-30,344.5,344.4,354.9,342.04,352.4,352.41,348.77,17432476,60798.56,178667.0,7259012.0,41.64
BHEL,EQ,2026-05-04,352.41,355.0,399.0,353.7,379.2,377.05,381.85,104983361,400882.2,633577.0,26625881.0,25.36
BHEL,EQ,2026-05-06,374.95,378.0,387.5,368.4,385.0,385.95,380.2,20995123,79822.83,157023.0,6831339.0,32.54
BHEL,EQ,2026-05-07,385.95,385.5,408.35,383.45,406.5,406.45,400.99,37208886,149205.08,276059.0,12519259.0,33.65
BHEL,EQ,2026-05-08,406.45,406.1,408.9,400.1,403.5,404.6,404.87,17888566,72425.15,126475.0,7556279.0,42.24
BHEL,EQ,2026-05-12,401.35,397.1,407.2,390.55,392.3,391.75,397.62,17519753,69662.58,117868.0,7724313.0,44.09
BHEL,EQ,2026-05-13,391.75,392.5,407.75,392.5,405.0,403.85,401.13,21915995,87910.99,181510.0,8470737.0,38.65
BHEL,EQ,2026-05-15,413.15,414.8,415.65,397.0,397.8,398.3,403.46,15856773,63975.23,113719.0,6401126.0,40.37
BHEL,EQ,2026-05-18,398.3,395.6,396.3,386.1,395.25,395.25,391.7,10710854,41954.4,119634.0,3770202.0,35.2
BHEL,EQ,2026-05-19,395.25,397.0,404.4,391.1,399.6,401.1,399.58,11644140,46527.17,88583.0,4338047.0,37.26
BHEL,EQ,2026-05-20,401.1,397.0,410.0,396.0,408.8,408.4,403.45,10932205,44105.67,94503.0,3963420.0,36.25
BHEL,EQ,2026-05-21,408.4,412.0,414.7,406.3,407.0,408.15,409.23,8203336,33570.78,85031.0,2515724.0,30.67
BHEL,EQ,2026-05-22,408.15,408.5,413.55,407.1,408.85,408.55,409.47,7879542,32264.21,64781.0,2983830.0,37.87
BHEL,EQ,2026-05-25,408.55,412.0,420.95,409.95,419.0,419.4,415.01,11083538,45997.27,79545.0,4523676.0,40.81
BHEL,EQ,2026-05-27,417.75,417.2,424.7,416.5,423.0,422.35,420.75,10651428,44815.98,95971.0,4464409.0,41.91
BHEL,EQ,2026-05-29,422.35,424.05,424.9,413.05,415.45,416.75,417.41,18794737,78451.9,195368.0,12025789.0,63.98
BHEL,EQ,2026-06-02,404.8,400.0,413.0,399.3,411.55,410.75,408.44,8510633,34760.85,91530.0,2804219.0,32.95
BHEL,EQ,2026-06-04,406.3,410.4,411.0,384.5,387.4,389.2,397.74,22452304,89301.05,156226.0,7869995.0,35.05
BHEL,EQ,2026-06-05,389.2,390.0,400.35,382.6,386.55,386.95,391.29,17437792,68232.0,150348.0,4041749.0,23.18
BHEL,EQ,2026-06-08,386.95,378.0,389.9,378.0,385.0,386.3,385.82,9622172,37123.9,110942.0,3257727.0,33.86
BHEL,EQ,2026-06-09,386.3,388.25,397.4,385.05,395.8,396.55,391.83,9498965,37220.08,84186.0,4514847.0,47.53
BHEL,EQ,2026-06-10,396.55,397.0,397.2,375.75,377.3,377.3,385.39,11028183,42501.35,96109.0,4645005.0,42.12
BHEL,EQ,2026-06-11,377.3,376.55,379.5,367.6,371.0,370.65,372.32,11173287,41600.15,124254.0,4742506.0,42.45
BHEL,EQ,2026-06-12,370.65,379.6,380.15,369.7,377.75,378.75,375.76,9280094,34871.08,87929.0,3702167.0,39.89
BHEL,EQ,2026-06-15,378.75,384.0,391.25,381.05,382.8,382.85,385.45,7802473,30074.35,64688.0,2823966.0,36.19
BHEL,EQ,2026-06-16,382.85,383.9,387.65,381.75,383.7,384.2,384.19,6165659,23687.81,107104.0,2823376.0,45.79
BHEL,EQ,2026-06-17,384.2,384.2,394.05,381.9,392.2,392.25,388.19,7880789,30592.13,66667.0,3794837.0,48.15
BHEL,EQ,2026-06-18,392.25,392.8,409.45,391.35,405.0,405.9,402.09,15191954,61085.91,109920.0,5139724.0,33.83
BHEL,EQ,2026-06-23,411.5,413.85,414.75,397.7,400.3,399.85,404.33,9746360,39407.25,91495.0,3563972.0,36.57
BHEL,EQ,2026-06-24,399.85,401.1,408.0,398.8,401.8,402.9,404.08,9391640,37949.93,70344.0,4249938.0,45.25
BHEL,EQ,2026-06-25,402.9,404.7,408.3,401.1,402.05,402.7,404.03,8630710,34870.82,53736.0,4589472.0,53.18
BHEL,EQ,2026-06-29,402.7,402.7,416.4,393.85,413.9,413.75,410.84,45313478,186167.89,201909.0,30433402.0,67.16
BHEL,EQ,2026-06-30,413.75,414.55,420.0,411.75,418.0,414.1,415.03,18542296,76956.47,118190.0,9452151.0,50.98
BHEL,EQ,2026-07-01,414.1,416.1,422.4,411.8,414.3,413.95,416.22,10048287,41823.38,78101.0,4229700.0,42.09
BHEL,EQ,2026-07-03,401.95,402.0,403.2,383.0,383.4,383.6,390.35,29608874,115577.38,254259.0,13328916.0,45.02
BHEL,EQ,2026-07-07,387.5,389.7,389.7,375.0,375.4,376.45,377.75,18569613,70146.36,155440.0,10669300.0,57.46
BHEL,EQ,2026-07-08,376.45,374.0,387.5,371.8,378.0,377.8,380.07,13150600,49981.86,144667.0,4924913.0,37.45
BHEL,EQ,2026-07-13,395.25,392.75,412.0,389.6,408.75,409.1,406.69,14286194,58100.63,164266.0,5155688.0,36.09
BHEL,EQ,2026-07-14,409.1,408.15,409.0,401.0,402.4,403.9,404.62,12494044,50553.9,175293.0,6607645.0,52.89
BHEL,EQ,2026-07-16,417.95,424.2,441.0,407.05,440.1,435.4,424.1,55731908,236358.99,400250.0,12262625.0,22.0
BHEL,EQ,2026-07-17,435.4,445.0,446.5,420.3,421.3,422.0,435.32,48217882,209901.0,467135.0,16334516.0,33.88
BHEL,EQ,2026-07-20,422.0,422.4,427.25,414.4,417.15,417.5,418.82,12038780,50420.74,98957.0,4398372.0,36.54
BHEL,EQ,2026-07-21,417.5,417.5,417.95,411.2,415.0,413.3,413.33,8374361,34614.1,77188.0,3665528.0,43.77
BHEL,EQ,2026-07-22,413.3,414.0,421.0,412.35,416.8,416.45,416.87,11711567,48822.13,87250.0,4627430.0,39.51
BHEL,EQ,2026-07-23,416.45,415.45,417.0,405.65,408.0,409.6,410.74,7519426,30885.44,78687.0,3110090.0,41.36
BHEL,EQ,2026-07-24,409.6,405.0,418.0,402.15,417.0,417.3,410.69,8874814,36448.17,98011.0,3435178.0,38.71
BHEL,EQ,2026-07-27,417.3,420.0,422.4,412.9,415.05,415.95,417.08,9042974,37716.54,98830.0,4173421.0,46.15
BHEL,EQ,2026-07-29,405.75,408.0,408.45,395.5,404.45,405.15,402.68,10523689,42376.47,95909.0,3235734.0,30.75
BHEL,EQ,2026-07-31,403.0,406.0,412.35,405.95,406.45,407.0,409.09,6869187,28101.39,54622.0,3108958.0,45.26
BHEL,EQ,2026-08-03,407.0,409.0,414.35,406.45,411.15,411.15,410.56,5593016,22962.87,51573.0,2486874.0,44.46
BHEL,EQ,2026-08-04,411.15,411.15,412.85,406.25,411.95,411.95,409.61,4709584,19291.02,40961.0,2386232.0,50.67
BHEL,EQ,2026-08-05,411.95,411.95,414.8,407.0,412.4,412.4,410.97,5588130,22965.68,66169.0,2713597.0,48.56
BHEL,EQ,2026-08-07,408.15,406.95,418.7,402.2,405.2,405.2,411.25,9754089,40113.64,77877.0,3260486.0,33.43
BHEL,EQ,2026-08-10,405.2,404.75,409.45,400.2,409.0,409.0,405.77,4506602,18286.62,51646.0,1549046.0,34.37
BHEL,EQ,2026-08-11,409.0,409.9,413.4,401.65,403.0,403.0,405.15,5246729,21257.05,49429.0,2198560.0,41.9
BHEL,EQ,2026-08-13,420.0,420.0,420.5,412.0,420.0,420.0,415.23,14823680,61551.96,67384.0,7797264.0,52.6
BHEL,EQ,2026-08-14,420.0,419.95,430.0,416.55,421.7,421.7,424.67,11362612,48253.04,97797.0,3771894.0,33.2
BHEL,EQ,2026-08-17,421.7,424.0,435.95,421.8,435.95,435.95,430.53,15351093,66091.21,113831.0,6046709.0,39.39
BHEL,EQ,2026-08-18,435.95,434.0,434.15,423.5,425.0,425.0,428.17,7418846,31765.48,67764.0,2818962.0,38.0
BHEL,EQ,2026-08-19,425.0,425.0,425.15,414.3,419.8,419.8,417.85,5840962,24406.45,54352.0,1669648.0,28.59
BHEL,EQ,2026-08-21,413.5,416.05,416.65,409.1,413.0,413.0,412.65,3639529,15018.37,39380.0,1366183.0,37.54
BHEL,EQ,2026-08-24,413.0,412.5,413.8,409.2,411.4,411.4,411.01,4441028,18252.92,50435.0,1997441.0,44.98
BHEL,EQ,2026-08-25,411.4,410.8,417.0,408.15,417.0,417.0,411.84,4652600,19161.31,45236.0,2042821.0,43.91
BHEL,EQ,2026-08-27,415.5,416.0,438.2,416.0,433.95,433.95,431.37,19967976,86135.69,153742.0,5458645.0,27.34
BHEL,EQ,2026-08-31,430.85,430.6,442.65,424.05,442.65,442.65,431.96,9251968,39964.57,48331.0,4895937.0,52.92
BHEL,EQ,2026-09-01,442.65,437.25,437.25,423.2,426.55,426.55,428.8,7144021,30633.81,64139.0,3180568.0,44.52
BHEL,EQ,2026-09-02,426.55,423.55,427.5,417.35,427.5,427.5,423.11,5742323,24296.09,58421.0,2719773.0,47.36
BHEL,EQ,2026-09-03,427.5,428.5,432.7,424.05,431.8,431.8,429.27,5980404,25672.25,59745.0,2352268.0,39.33
BHEL,EQ,2026-09-04,431.8,433.0,439.2,429.2,431.1,431.1,433.83,5925391,25705.97,52899.0,2357628.0,39.79
BHEL,EQ,2026-09-07,431.1,432.9,434.95,418.55,421.45,421.45,423.98,4092933,17353.1,51225.0,1706132.0,41.68
BHEL,EQ,2026-09-08,421.45,422.5,426.7,419.85,422.15,422.15,423.38,4160694,17615.67,41493.0,1588184.0,38.17
BHEL,EQ,2026-09-09,422.15,422.15,436.0,421.65,433.7,433.7,430.93,8487227,36573.82,69203.0,3588374.0,42.28
BHEL,EQ,2026-09-10,433.7,434.2,435.45,427.05,429.5,429.5,431.26,3963862,17094.68,38212.0,1762464.0,44.46
BHEL,EQ,2026-09-11,429.5,427.0,433.0,418.2,431.0,431.0,425.38,6548117,27854.28,50133.0,2117488.0,35.09
BHEL,EQ,2026-09-16,412.85,415.45,417.4,406.0,410.6,410.6,411.82,7088021,29189.69,79331.0,3513106.0,49.56
BHEL,EQ,2026-09-18,429.2,428.4,439.9,427.25,439.9,439.9,434.13,7669374,33295.24,56329.0,3865871.0,50.41
BHEL,EQ,2026-09-24,423.1,421.4,422.65,415.35,415.35,415.35,418.83,5474876,22930.55,54114.0,2423131.0,44.26
CEMPRO,EQ,2025-09-25,798.55,797.9,825.0,791.4,820.0,818.2,811.46,350152,2841.34,15843.0,162463.0,46.4
CEMPRO,EQ,2025-09-26,818.2,819.0,825.0,792.0,798.65,801.5,805.98,469358,3782.93,17977.0,280053.0,59.67
CEMPRO,EQ,2025-09-30,780.55,783.0,828.8,783.0,803.0,810.25,813.63,904094,7355.95,47375.0,346268.0,38.3
CEMPRO,EQ,2025-10-01,810.25,806.0,817.95,799.0,815.0,815.25,809.64,214249,1734.65,14953.0,101377.0,47.32
CEMPRO,EQ,2025-10-07,845.75,852.1,852.85,798.85,824.75,826.9,822.99,594623,4893.68,28981.0,225957.0,38.0
CEMPRO,EQ,2025-10-08,826.9,825.45,825.45,805.75,810.45,809.85,812.46,226893,1843.42,13915.0,99888.0,44.02
CEMPRO,EQ,2025-10-09,809.85,810.45,815.0,800.0,810.1,808.0,805.41,208479,1679.11,13625.0,114765.0,55.05
CEMPRO,EQ,2025-10-14,803.65,804.2,808.4,762.0,766.0,765.75,775.44,638713,4952.82,26739.0,355988.0,55.74
CEMPRO,EQ,2025-10-15,765.75,778.0,790.7,758.4,785.0,788.05,777.71,376342,2926.84,18143.0,180556.0,47.98
CEMPRO,EQ,2025-10-16,788.05,792.1,792.9,767.1,772.5,771.75,775.73,291692,2262.75,18293.0,147643.0,50.62
CEMPRO,EQ,2025-10-17,771.75,764.1,784.7,764.1,771.8,772.6,775.35,193449,1499.9,13980.0,85557.0,44.23
CEMPRO,EQ,2025-10-20,772.6,770.0,802.95,763.65,794.0,798.35,786.53,268066,2108.42,15840.0,120208.0,44.84
CEMPRO,EQ,2025-10-21,798.35,804.4,804.4,794.5,797.8,797.85,799.65,55036,440.1,3952.0,31570.0,57.94
CEMPRO,EQ,2025-10-24,802.35,803.0,818.0,794.5,798.9,799.65,808.1,350925,2835.82,19043.0,115199.0,32.83
CEMPRO,EQ,2025-10-28,829.25,834.15,850.0,830.0,837.0,837.35,840.87,525588,4419.5,21107.0,291839.0,55.53
CEMPRO,EQ,2025-10-29,837.35,839.0,852.0,828.4,845.2,846.15,842.81,327175,2757.47,13905.0,148624.0,45.43
CEMPRO,EQ,2025-11-03,810.25,812.95,862.0,812.95,857.0,858.5,848.17,841476,7137.18,35177.0,391100.0,46.48
CEMPRO,EQ,2025-11-06,862.7,865.65,874.45,840.2,846.9,849.25,860.14,340999,2933.08,19013.0,117101.0,34.34
CEMPRO,EQ,2025-11-07,849.25,835.25,862.0,826.3,853.15,856.4,845.39,276925,2341.09,15508.0,107970.0,38.99
CEMPRO,EQ,2025-11-10,856.4,854.9,854.9,817.8,826.0,831.05,831.11,288543,2398.11,17244.0,144131.0,49.95
CEMPRO,EQ,2025-11-11,831.05,832.0,833.7,806.0,806.5,809.55,815.61,212584,1733.85,12212.0,111085.0,52.25
CEMPRO,EQ,2025-11-12,809.55,819.95,832.95,812.0,821.05,820.9,823.11,221668,1824.57,9171.0,92713.0,41.83
CEMPRO,EQ,2025-11-14,822.0,815.0,831.65,815.0,825.8,825.5,826.42,152255,1258.27,8228.0,76653.0,50.35
CEMPRO,EQ,2025-11-17,825.5,822.0,861.75,820.0,836.05,840.95,843.43,541168,4564.39,23820.0,218522.0,40.38
CEMPRO,EQ,2025-11-18,840.95,841.0,841.5,798.9,801.0,801.65,807.95,621109,5018.26,24169.0,358196.0,57.67
CEMPRO,EQ,2025-11-19,801.65,802.0,823.0,800.15,815.7,816.1,814.71,322582,2628.1,17584.0,136662.0,42.37
CEMPRO,EQ,2025-11-20,816.1,818.0,820.9,801.85,810.9,810.35,810.14,183455,1486.25,7796.0,90899.0,49.55
CEMPRO,EQ,2025-11-21,810.35,810.7,812.8,773.45,782.0,778.35,788.1,438457,3455.46,17690.0,248929.0,56.77
CEMPRO,EQ,2025-11-24,778.35,779.05,787.35,769.8,773.0,774.05,775.08,177471,1375.54,11131.0,80848.0,45.56
CEMPRO,EQ,2025-11-26,771.85,780.45,795.0,772.9,790.05,791.95,789.15,190866,1506.21,12744.0,118462.0,62.07
CEMPRO,EQ,2025-11-27,791.95,798.25,811.5,787.3,811.0,809.3,802.46,222808,1787.94,11587.0,140895.0,63.24
CEMPRO,EQ,2025-11-28,809.3,811.0,856.0,807.15,843.0,839.85,841.36,788168,6631.35,31285.0,331440.0,42.05
CEMPRO,EQ,2025-12-01,839.85,840.0,891.0,839.85,859.0,859.95,873.02,931644,8133.42,44714.0,299198.0,32.12
CEMPRO,EQ,2025-12-02,859.95,864.2,864.7,843.0,848.95,848.5,851.38,277882,2365.83,21569.0,150138.0,54.03
CEMPRO,EQ,2025-12-03,848.5,852.75,852.75,825.0,827.9,829.3,832.64,187848,1564.1,10523.0,86123.0,45.85
CEMPRO,EQ,2025-12-05,816.1,818.4,827.0,803.0,820.0,820.85,817.18,222527,1818.46,11508.0,101112.0,45.44
CEMPRO,EQ,2025-12-08,820.85,817.05,823.9,782.55,792.0,789.7,796.95,266119,2120.84,20305.0,139754.0,52.52
CEMPRO,EQ,2025-12-09,789.7,791.1,829.4,783.0,826.4,822.7,810.39,393586,3189.57,20158.0,202241.0,51.38
CEMPRO,EQ,2025-12-10,822.7,825.8,832.4,799.0,802.0,804.7,811.13,228711,1855.13,14811.0,103962.0,45.46
CEMPRO,EQ,2025-12-15,830.45,825.0,837.5,819.05,828.0,823.9,827.48,144429,1195.12,9590.0,68838.0,47.66
CEMPRO,EQ,2025-12-16,823.9,826.7,826.7,811.05,817.9,815.95,815.24,118477,965.87,6467.0,58424.0,49.31
CEMPRO,EQ,2025-12-18,795.5,795.0,797.45,775.0,790.0,792.05,786.41,178393,1402.89,11852.0,84381.0,47.3
CEMPRO,EQ,2025-12-19,792.05,787.0,804.8,786.0,800.0,800.25,798.04,182505,1456.46,10380.0,72460.0,39.7
CEMPRO,EQ,2025-12-23,823.3,824.6,831.65,811.25,822.65,826.65,823.16,234071,1926.78,18724.0,103120.0,44.06
CEMPRO,EQ,2025-12-24,826.65,826.0,828.65,811.0,811.0,812.85,817.92,118403,968.45,5889.0,63110.0,53.3
CEMPRO,EQ,2025-12-26,812.85,812.9,815.95,795.2,801.15,798.35,805.6,130010,1047.37,8724.0,59528.0,45.79
CEMPRO,EQ,2025-12-29,798.35,798.2,802.0,773.95,784.8,778.1,783.93,170379,1335.66,9135.0,98987.0,58.1
CEMPRO,EQ,2025-12-30,778.1,783.3,783.3,765.05,767.0,772.6,771.54,224996,1735.93,9995.0,103730.0,46.1
CEMPRO,EQ,2025-12-31,772.6,771.05,790.0,767.4,785.0,788.35,780.96,213944,1670.81,8593.0,111060.0,51.91
CEMPRO,EQ,2026-01-01,788.35,790.1,792.0,769.1,771.7,770.55,775.4,178522,1384.27,12452.0,94805.0,53.11
CEMPRO,EQ,2026-01-02,770.55,772.5,787.6,760.0,776.0,774.65,772.7,320173,2473.97,17834.0,162637.0,50.8
CEMPRO,EQ,2026-01-06,756.45,759.0,763.8,748.65,753.25,755.0,754.8,197726,1492.44,11241.0,98004.0,49.57
CEMPRO,EQ,2026-01-07,755.0,751.5,759.7,745.55,753.0,752.6,752.61,178023,1339.82,11493.0,88141.0,49.51
CEMPRO,EQ,2026-01-08,752.6,754.25,767.0,722.3,725.0,727.4,742.28,378441,2809.08,28176.0,192752.0,50.93
CEMPRO,EQ,2026-01-09,727.4,718.65,725.3,696.75,709.0,708.15,706.91,519027,3669.04,23680.0,290101.0,55.89
CEMPRO,EQ,2026-01-12,708.15,697.65,710.0,685.0,696.5,695.9,699.05,346868,2424.79,20416.0,141371.0,40.76
CEMPRO,EQ,2026-01-13,695.9,699.75,707.95,675.55,684.7,685.1,686.48,253462,1739.96,13169.0,112082.0,44.22
CEMPRO,EQ,2026-01-14,685.1,680.05,705.5,679.0,699.0,702.5,696.63,196166,1366.56,13730.0,103495.0,52.76
CEMPRO,EQ,2026-01-19,677.1,677.1,677.45,661.55,663.0,662.75,667.06,159940,1066.9,10021.0,89809.0,56.15
CEMPRO,EQ,2026-01-20,662.75,661.5,664.2,621.8,628.0,626.35,641.74,340899,2187.68,17064.0,180562.0,52.97
CEMPRO,EQ,2026-01-21,626.35,625.0,644.0,610.0,642.0,633.6,630.43,289473,1824.92,22660.0,129468.0,44.73
CEMPRO,EQ,2026-01-23,642.35,647.6,649.4,621.65,623.7,625.05,633.66,169150,1071.83,8420.0,86197.0,50.96
CEMPRO,EQ,2026-01-28,621.6,622.55,638.45,622.55,634.4,629.65,630.05,190518,1200.35,11047.0,100693.0,52.85
CEMPRO,EQ,2026-01-30,633.9,628.0,651.7,617.6,637.0,639.45,638.99,224188,1432.54,16545.0,106957.0,47.71
CEMPRO,EQ,2026-02-02,632.0,633.7,655.6,618.8,630.3,632.5,633.44,242098,1533.54,18099.0,100324.0,41.44
CEMPRO,EQ,2026-02-03,632.5,660.95,683.6,660.95,675.05,675.35,672.58,532479,3581.35,23279.0,283233.0,53.19
CEMPRO,EQ,2026-02-04,675.35,678.4,705.0,665.0,699.0,700.15,689.03,325332,2241.64,20496.0,177396.0,54.53
CEMPRO,EQ,2026-02-06,678.85,667.9,667.9,618.1,634.0,634.85,634.32,990576,6283.41,40004.0,424899.0,42.89
CEMPRO,EQ,2026-02-09,634.85,642.2,647.15,623.0,640.35,639.9,636.32,498866,3174.4,24520.0,189675.0,38.02
CEMPRO,EQ,2026-02-10,639.9,640.35,671.05,640.35,654.55,658.0,661.4,418031,2764.87,13741.0,194519.0,46.53
CEMPRO,EQ,2026-02-11,658.0,657.5,658.0,631.3,637.0,635.8,636.0,322312,2049.9,15165.0,175117.0,54.33
CEMPRO,EQ,2026-02-12,635.8,635.5,636.15,611.8,617.7,619.95,620.58,477119,2960.88,25065.0,240156.0,50.33
CEMPRO,EQ,2026-02-13,619.95,613.0,620.25,601.0,601.75,602.8,608.9,274547,1671.72,13585.0,133373.0,48.58
CEMPRO,EQ,2026-02-16,602.8,601.0,601.0,585.5,594.4,593.6,591.47,257368,1522.26,14692.0,114444.0,44.47
CEMPRO,EQ,2026-02-17,593.6,594.0,607.95,589.15,603.7,602.5,601.35,209423,1259.36,10850.0,112941.0,53.93
CEMPRO,EQ,2026-02-18,602.5,605.0,610.35,598.45,605.75,605.55,604.69,189327,1144.84,12618.0,102747.0,54.27
CEMPRO,EQ,2026-02-23,592.35,592.9,614.9,588.05,605.0,604.65,605.57,227294,1376.42,12558.0,122687.0,53.98
CEMPRO,EQ,2026-02-24,604.65,600.25,615.0,588.6,591.0,591.2,595.34,229927,1368.84,11427.0,116806.0,50.8
CEMPRO,EQ,2026-02-26,589.5,589.5,607.2,586.0,590.5,590.6,597.42,262003,1565.25,15577.0,114039.0,43.53
CEMPRO,EQ,2026-02-27,590.6,590.7,591.95,570.6,577.2,576.1,577.69,357743,2066.63,15956.0,188389.0,52.66
CEMPRO,EQ,2026-03-02,576.1,550.95,577.05,536.1,573.0,569.0,564.72,291518,1646.26,16938.0,136480.0,46.82
CEMPRO,EQ,2026-03-04,569.0,558.95,564.35,546.3,551.25,552.5,553.5,360662,1996.25,19571.0,194665.0,53.97
CEMPRO,EQ,2026-03-05,552.5,552.5,570.0,552.1,564.0,565.05,557.73,355767,1984.23,20034.0,165538.0,46.53
CEMPRO,EQ,2026-03-06,565.05,563.85,573.3,558.3,566.45,565.65,566.91,286299,1623.07,13793.0,164943.0,57.61
CEMPRO,EQ,2026-03-09,565.65,560.0,560.0,541.25,549.0,547.05,546.38,228941,1250.88,19239.0,114887.0,50.18
CEMPRO,EQ,2026-03-12,555.3,550.0,559.4,536.2,548.6,546.4,548.2,326273,1788.63,15554.0,197762.0,60.61
CEMPRO,EQ,2026-03-13,546.4,542.0,561.1,535.05,539.8,539.7,547.4,351874,1926.17,19568.0,153725.0,43.69
CEMPRO,EQ,2026-03-16,539.7,539.95,539.95,518.2,529.6,532.35,528.69,333472,1763.04,18670.0,159043.0,47.69
CEMPRO,EQ,2026-03-18,529.5,529.5,556.95,526.15,550.45,549.55,546.2,269164,1470.19,14406.0,139913.0,51.98
CEMPRO,EQ,2026-03-19,549.55,540.0,548.0,538.1,546.5,543.65,543.36,233998,1271.46,10457.0,147733.0,63.13
CEMPRO,EQ,2026-03-23,539.6,534.95,535.8,503.3,510.0,509.7,512.01,435621,2230.41,16911.0,269372.0,61.84
CEMPRO,EQ,2026-03-24,509.7,526.8,540.55,513.05,537.0,538.6,530.43,427559,2267.89,20966.0,219730.0,51.39
CEMPRO,EQ,2026-03-27,563.25,556.95,560.0,510.5,517.5,527.15,531.14,1077738,5724.32,37629.0,633225.0,58.76
CEMPRO,EQ,2026-03-30,527.15,520.0,528.75,505.45,515.0,510.95,517.8,476683,2468.25,26064.0,236259.0,49.56
CEMPRO,EQ,2026-04-01,510.95,523.0,542.0,519.35,538.0,532.8,528.65,657979,3478.42,32427.0,285868.0,43.45
CEMPRO,EQ,2026-04-07,553.35,547.0,572.6,544.0,561.95,562.15,560.93,290596,1630.04,14327.0,94598.0,32.55
CEMPRO,EQ,2026-04-08,562.15,592.2,608.4,572.25,604.0,605.05,594.73,1045285,6216.63,40532.0,510043.0,48.79
CEMPRO,EQ,2026-04-09,605.05,580.0,612.0,580.0,604.0,604.3,602.1,507881,3057.94,21492.0,157843.0,31.08
CEMPRO,EQ,2026-04-10,604.3,608.05,634.4,606.05,628.5,630.35,624.46,410994,2566.47,19235.0,168466.0,40.99
CEMPRO,EQ,2026-04-13,630.35,612.1,632.8,604.15,619.95,618.35,619.35,283058,1753.13,13233.0,114426.0,40.42
CEMPRO,EQ,2026-04-15,618.35,630.0,641.8,625.25,640.0,639.85,636.78,215118,1369.82,9707.0,97582.0,45.36
CEMPRO,EQ,2026-04-16,639.85,645.0,652.9,634.0,647.0,648.3,643.2,286097,1840.18,9784.0,122233.0,42.72
CEMPRO,EQ,2026-04-17,648.3,652.4,658.35,645.0,650.0,648.25,650.9,195901,1275.11,7875.0,98909.0,50.49
CEMPRO,EQ,2026-04-20,648.25,649.9,657.5,635.45,637.7,637.55,644.44,204730,1319.36,8309.0,100020.0,48.85
CEMPRO,EQ,2026-04-22,645.15,643.25,691.95,643.25,672.35,675.3,672.11,716515,4815.8,26443.0,247091.0,34.49
CEMPRO,EQ,2026-04-23,675.3,674.9,679.8,657.5,663.0,663.95,668.64,252527,1688.5,10903.0,141966.0,56.22
CEMPRO,EQ,2026-04-24,663.95,667.6,667.6,640.2,648.7,648.6,650.04,183843,1195.05,8891.0,89550.0,48.71
CEMPRO,EQ,2026-04-27,648.6,647.95,675.75,643.0,661.0,662.5,662.86,264338,1752.18,12728.0,125229.0,47.37
CEMPRO,EQ,2026-04-28,662.5,662.95,686.0,660.0,685.0,680.05,672.76,340663,2291.86,12578.0,184909.0,54.28
CEMPRO,EQ,2026-04-29,680.05,688.6,702.95,676.2,679.45,679.4,688.51,530441,3652.15,17345.0,258125.0,48.66
CEMPRO,EQ,2026-04-30,679.4,738.0,815.25,722.0,815.25,815.25,785.28,19766290,155221.59,293566.0,2351410.0,11.9
CEMPRO,EQ,2026-05-04,815.25,846.25,978.3,816.0,935.15,956.45,907.69,28359080,257412.94,510266.0,2047967.0,7.22
CEMPRO,EQ,2026-05-06,912.75,918.9,968.4,911.3,942.8,944.1,946.7,2856569,27043.16,73547.0,492426.0,17.24
CEMPRO,EQ,2026-05-07,944.1,942.0,982.8,940.55,973.0,970.3,965.52,1278501,12344.15,44878.0,442240.0,34.59
CEMPRO,EQ,2026-05-08,970.3,960.0,975.0,951.6,955.2,956.15,963.33,555095,5347.4,19214.0,201955.0,36.38
CEMPRO,EQ,2026-05-12,905.95,907.25,937.15,884.75,893.0,892.95,906.81,567502,5146.17,25918.0,168394.0,29.67
CEMPRO,EQ,2026-05-13,892.95,890.05,918.4,883.0,890.7,887.35,900.45,390528,3516.49,19863.0,148256.0,37.96
CEMPRO,EQ,2026-05-15,926.75,938.0,938.0,895.0,899.0,899.55,913.26,496410,4533.53,20061.0,161847.0,32.6
CEMPRO,EQ,2026-05-18,899.55,891.0,893.05,825.0,881.9,879.05,874.43,490646,4290.37,25319.0,206854.0,42.16
CEMPRO,EQ,2026-05-19,879.05,889.5,899.1,855.75,868.9,868.25,880.04,339495,2987.68,20249.0,121387.0,35.76
CEMPRO,EQ,2026-05-20,868.25,860.0,872.55,847.0,850.15,851.55,858.13,313705,2691.99,17938.0,136488.0,43.51
CEMPRO,EQ,2026-05-21,851.55,864.95,884.8,858.0,872.45,878.25,873.54,368038,3214.97,17986.0,145532.0,39.54
CEMPRO,EQ,2026-05-22,878.25,886.0,889.9,852.0,860.0,862.8,871.34,280400,2443.23,13866.0,86162.0,30.73
CEMPRO,EQ,2026-05-25,862.8,871.0,897.7,869.65,886.1,879.95,882.29,497210,4386.82,20405.0,198320.0,39.89
CEMPRO,EQ,2026-05-27,943.3,950.0,999.9,932.0,991.5,992.95,976.42,1383634,13510.12,49964.0,464711.0,33.59
CEMPRO,EQ,2026-05-29,992.95,1000.0,1089.9,992.3,1070.6,1071.15,1042.49,2073404,21615.07,77070.0,838677.0,40.45
CEMPRO,EQ,2026-06-02,1073.8,1064.1,1064.1,1026.3,1036.7,1041.7,1042.82,547401,5708.42,26891.0,211128.0,38.57
CEMPRO,EQ,2026-06-04,1024.9,1016.7,1127.3,1016.7,1127.3,1127.3,1091.37,1435282,15664.21,49953.0,443671.0,30.91
CEMPRO,EQ,2026-06-05,1127.3,1132.0,1149.0,1076.3,1102.9,1112.8,1107.62,1192068,13203.58,50078.0,334616.0,28.07
CEMPRO,EQ,2026-06-08,1112.8,1080.0,1138.9,1072.0,1089.2,1094.4,1108.33,615366,6820.27,27805.0,231890.0,37.68
CEMPRO,EQ,2026-06-09,1094.4,1116.3,1203.8,1104.5,1203.8,1203.8,1177.41,1749059,20593.53,51813.0,403903.0,23.09
CEMPRO,EQ,2026-06-10,1203.8,1240.0,1257.4,1211.1,1234.0,1237.1,1236.26,2035514,25164.16,82310.0,635732.0,31.23
CEMPRO,EQ,2026-06-11,1237.1,1218.9,1218.9,1175.3,1175.3,1175.3,1188.48,699687,8315.66,16885.0,356331.0,50.93
CEMPRO,EQ,2026-06-12,1175.3,1175.9,1196.0,1116.5,1132.0,1122.4,1139.51,750195,8548.54,28740.0,322511.0,42.99
CEMPRO,EQ,2026-06-15,1122.4,1144.0,1178.5,1137.8,1178.5,1178.5,1171.55,156648,1835.2,3439.0,100018.0,63.85
CEMPRO,EQ,2026-06-16,1178.5,1204.6,1204.6,1155.0,1157.6,1162.2,1174.34,302591,3553.44,15292.0,121693.0,40.22
CEMPRO,EQ,2026-06-17,1162.2,1171.9,1193.9,1155.0,1188.5,1184.0,1173.92,297334,3490.46,13566.0,129674.0,43.61
CEMPRO,EQ,2026-06-18,1184.0,1175.1,1236.0,1175.1,1189.0,1192.4,1206.45,378741,4569.33,18900.0,143965.0,38.01
CEMPRO,EQ,2026-06-23,1273.2,1273.2,1291.6,1217.0,1232.7,1222.5,1254.8,461739,5793.88,20281.0,237499.0,51.44
CEMPRO,EQ,2026-06-24,1222.5,1228.9,1264.8,1205.0,1218.6,1214.2,1236.51,348176,4305.22,17032.0,172873.0,49.65
CEMPRO,EQ,2026-06-25,1214.2,1220.9,1247.4,1205.0,1218.9,1213.4,1225.47,331348,4060.56,15151.0,200428.0,60.49
CEMPRO,EQ,2026-06-29,1213.4,1231.1,1260.0,1216.5,1259.0,1252.8,1243.02,574199,7137.43,17559.0,377628.0,65.77
CEMPRO,EQ,2026-06-30,1252.8,1256.6,1315.4,1245.9,1299.4,1298.7,1289.65,574763,7412.42,19487.0,344696.0,59.97
CEMPRO,EQ,2026-07-01,1298.7,1305.7,1363.6,1292.0,1363.6,1363.3,1348.21,800985,10798.93,25079.0,402176.0,50.21
CEMPRO,EQ,2026-07-03,1431.4,1460.0,1475.0,1400.3,1443.0,1449.0,1445.54,693708,10027.82,28917.0,330932.0,47.7
CEMPRO,EQ,2026-07-07,1521.4,1558.3,1597.4,1445.4,1478.0,1494.0,1536.27,1340348,20591.4,57447.0,592430.0,44.2
CEMPRO,EQ,2026-07-08,1494.0,1482.0,1559.9,1453.3,1495.0,1490.0,1495.94,978947,14644.45,44330.0,513043.0,52.41
CEMPRO,EQ,2026-07-13,1566.8,1565.0,1592.0,1555.4,1589.0,1583.7,1583.05,496359,7857.6,19164.0,322963.0,65.07
CEMPRO,EQ,2026-07-14,1583.7,1599.0,1647.3,1557.7,1599.0,1596.6,1604.24,694804,11146.31,36337.0,391432.0,56.34
CEMPRO,EQ,2026-07-16,1601.4,1608.1,1618.8,1582.6,1590.0,1603.2,1603.09,291541,4673.68,23284.0,148931.0,51.08
CEMPRO,EQ,2026-07-17,1603.2,1609.9,1622.0,1561.7,1620.0,1615.0,1605.01,687137,11028.58,16007.0,564702.0,82.18
CEMPRO,EQ,2026-07-20,1615.0,1620.0,1640.0,1595.0,1615.0,1627.0,1623.32,986966,16021.64,24741.0,766245.0,77.64
CEMPRO,EQ,2026-07-21,1627.0,1635.0,1649.2,1621.5,1625.0,1639.6,1637.91,458821,7515.07,24289.0,289254.0,63.04
CEMPRO,EQ,2026-07-22,1639.6,1620.1,1639.0,1557.7,1600.0,1596.6,1576.64,732933,11555.69,16208.0,429412.0,58.59
CEMPRO,EQ,2026-07-23,1596.6,1586.9,1590.0,1516.8,1516.8,1516.8,1525.74,596592,9102.44,14780.0,261275.0,43.79
CEMPRO,EQ,2026-07-24,1516.8,1441.0,1467.6,1441.0,1441.0,1441.0,1444.5,222376,3212.22,5002.0,113863.0,51.2
CEMPRO,EQ,2026-07-27,1441.0,1382.0,1440.5,1369.0,1369.0,1369.0,1385.34,558725,7740.25,16313.0,316839.0,56.71
CEMPRO,EQ,2026-07-29,1340.8,1352.0,1356.6,1283.8,1340.0,1341.6,1323.41,737059,9754.29,36209.0,326742.0,44.33
CEMPRO,EQ,2026-07-31,1358.7,1370.0,1380.3,1333.0,1357.0,1367.8,1358.26,464719,6312.07,24600.0,205154.0,44.15
CEMPRO,EQ,2026-08-03,1367.8,1375.0,1375.0,1326.1,1363.0,1363.3,1353.64,439717,5952.18,20005.0,253242.0,57.59
CEMPRO,EQ,2026-08-04,1363.3,1366.0,1366.0,1297.7,1313.4,1329.8,1320.78,640614,8461.08,22510.0,307531.0,48.01
CEMPRO,EQ,2026-08-05,1329.8,1315.0,1338.0,1285.3,1293.0,1298.2,1311.5,308475,4045.65,17166.0,160818.0,52.13
CEMPRO,EQ,2026-08-07,1245.8,1234.1,1255.8,1183.6,1206.0,1208.1,1206.9,838985,10125.72,30612.0,467342.0,55.7
CEMPRO,EQ,2026-08-10,1208.1,1161.1,1268.5,1153.8,1268.5,1266.4,1210.37,1174457,14215.29,53306.0,624904.0,53.21
CEMPRO,EQ,2026-08-11,1266.4,1275.0,1294.0,1235.3,1260.0,1274.6,1266.16,515968,6532.97,30572.0,269636.0,52.26
CEMPRO,EQ,2026-08-13,1261.7,1255.0,1271.5,1229.0,1239.0,1237.0,1249.49,232437,2904.28,14516.0,140272.0,60.35
CEMPRO,EQ,2026-08-14,1237.0,1243.2,1298.8,1243.2,1298.8,1298.8,1288.83,305460,3936.85,23591.0,196694.0,64.39
CEMPRO,EQ,2026-08-17,1298.8,1325.0,1363.7,1311.0,1330.0,1321.8,1352.81,1001076,13542.62,21988.0,583195.0,58.26
CEMPRO,EQ,2026-08-18,1321.8,1340.0,1351.3,1305.9,1319.0,1324.0,1329.27,404401,5375.58,23046.0,185918.0,45.97
CEMPRO,EQ,2026-08-19,1324.0,1324.0,1334.0,1257.8,1263.0,1265.7,1279.03,344424,4405.27,14825.0,183518.0,53.28
CEMPRO,EQ,2026-08-21,1273.9,1284.7,1292.3,1263.4,1275.1,1276.4,1275.66,78896,1006.45,7328.0,46834.0,59.36
CEMPRO,EQ,2026-08-24,1276.4,1276.4,1285.3,1253.4,1260.3,1261.4,1264.57,144159,1822.99,14771.0,91310.0,63.34
CEMPRO,EQ,2026-08-25,1261.4,1265.9,1296.0,1257.1,1281.9,1279.9,1279.6,96056,1229.13,7616.0,53438.0,55.63
CEMPRO,EQ,2026-08-27,1287.1,1280.0,1293.0,1241.1,1251.8,1251.2,1271.63,209870,2668.78,10878.0,158361.0,75.46
CEMPRO,EQ,2026-08-31,1268.1,1275.0,1275.0,1206.2,1227.0,1225.6,1238.23,471498,5838.22,27759.0,324413.0,68.8
CEMPRO,EQ,2026-09-01,1225.6,1244.9,1252.9,1209.0,1242.0,1244.1,1233.57,165149,2037.23,11900.0,80857.0,48.96
CEMPRO,EQ,2026-09-02,1244.1,1244.0,1244.1,1213.4,1230.2,1235.8,1232.5,188580,2324.24,13302.0,122521.0,64.97
CEMPRO,EQ,2026-09-03,1235.8,1242.0,1297.5,1227.5,1297.5,1296.9,1287.62,340226,4380.8,12387.0,174324.0,51.24
CEMPRO,EQ,2026-09-04,1296.9,1299.0,1314.7,1270.1,1299.0,1297.4,1292.78,359470,4647.14,19708.0,237410.0,66.04
CEMPRO,EQ,2026-09-07,1297.4,1297.4,1355.0,1284.6,1311.0,1316.9,1328.24,401585,5334.0,33327.0,224365.0,55.87
CEMPRO,EQ,2026-09-08,1316.9,1319.0,1323.8,1265.5,1285.0,1285.1,1286.3,280343,3606.06,18795.0,142653.0,50.89
CEMPRO,EQ,2026-09-09,1285.1,1290.0,1297.0,1265.0,1272.6,1269.1,1278.2,210880,2695.47,12946.0,127179.0,60.31
CEMPRO,EQ,2026-09-10,1269.1,1265.0,1278.4,1250.0,1250.9,1251.9,1260.49,124816,1573.3,8974.0,77823.0,62.35
CEMPRO,EQ,2026-09-11,1251.9,1248.0,1257.8,1214.9,1249.8,1244.3,1235.86,288343,3563.52,18447.0,161703.0,66.29
CEMPRO,EQ,2026-09-16,1207.1,1218.3,1267.4,1209.1,1231.0,1235.1,1244.54,553547,6889.13,37969.0,220914.0,39.91
CEMPRO,EQ,2026-09-18,1255.1,1265.0,1287.4,1246.6,1270.0,1263.5,1270.07,233345,2963.66,12658.0,143099.0,61.33
CESC,EQ,2025-09-25,167.19,167.19,168.04,165.8,167.24,167.24,167.03,1705116,2848.06,,767302.0,45.0
CESC,EQ,2025-09-26,167.24,166.1,166.95,162.02,163.55,163.55,164.17,1291309,2119.94,,581089.0,45.0
CESC,EQ,2025-09-30,163.55,162.1,167.3,160.3,161.95,161.95,163.18,3928063,6409.81,,1767628.0,45.0
CESC,EQ,2025-10-01,161.95,162.45,163.87,160.29,162.37,162.37,162.18,2121943,3441.37,,954874.0,45.0
CESC,EQ,2025-10-07,166.42,166.65,166.65,162.5,162.69,162.69,163.95,2014748,3303.18,,906637.0,45.0
CESC,EQ,2025-10-08,162.69,164.1,168.85,163.05,166.19,166.19,166.03,3413079,5666.74,,1535886.0,45.0
CESC,EQ,2025-10-09,166.19,167.0,171.45,165.25,170.25,170.25,168.98,3912156,6610.76,,1760470.0,45.0
CESC,EQ,2025-10-14,170.76,170.8,171.68,166.91,167.43,167.43,168.67,1849983,3120.37,,832492.0,45.0
CESC,EQ,2025-10-15,167.43,168.72,176.8,168.71,176.2,176.2,173.9,9766959,16984.74,,4395132.0,45.0
CESC,EQ,2025-10-16,176.2,177.0,177.65,173.5,174.96,174.96,175.37,3775700,6621.45,,1699065.0,45.0
CESC,EQ,2025-10-17,174.96,174.76,174.76,170.0,170.41,170.41,171.72,1819909,3125.15,,818959.0,45.0
CESC,EQ,2025-10-20,170.41,175.0,180.0,170.41,179.13,179.13,176.51,9215860,16266.91,,4147137.0,45.0
CESC,EQ,2025-10-21,179.13,180.54,182.0,179.1,180.52,180.52,180.54,1464007,2643.12,,658803.0,45.0
CESC,EQ,2025-10-24,181.17,182.0,185.2,181.18,184.65,184.65,183.68,7588070,13937.77,,3414632.0,45.0
CESC,EQ,2025-10-28,180.12,180.0,181.69,177.91,178.74,178.74,179.45,2741538,4919.69,,1233692.0,45.0
CESC,EQ,2025-10-29,178.74,179.6,185.26,179.5,181.61,181.61,182.12,5027130,9155.41,,2262208.0,45.0
CESC,EQ,2025-11-03,181.61,180.36,182.37,179.01,179.88,179.88,180.42,1762258,3179.47,,793016.0,45.0
CESC,EQ,2025-11-06,182.05,181.0,181.8,175.0,175.6,175.6,177.47,1794516,3184.73,,807532.0,45.0
CESC,EQ,2025-11-07,175.6,175.0,175.99,174.05,174.75,174.75,174.93,1440027,2519.04,,648012.0,45.0
CESC,EQ,2025-11-10,174.75,175.42,175.95,172.0,172.54,172.54,173.5,930454,1614.34,,418704.0,45.0
CESC,EQ,2025-11-11,172.54,172.54,173.88,169.54,171.1,171.1,171.51,1693066,2903.78,,761880.0,45.0
CESC,EQ,2025-11-12,171.1,171.69,172.89,170.15,171.84,171.84,171.63,1235191,2119.96,,555836.0,45.0
CESC,EQ,2025-11-14,172.22,172.7,174.75,171.01,174.41,174.41,173.39,1093571,1896.14,,492107.0,45.0
CESC,EQ,2025-11-17,174.41,175.08,178.1,172.81,175.7,175.7,175.54,2442534,4287.62,,1099140.0,45.0
CESC,EQ,2025-11-18,175.7,175.61,176.0,172.82,174.89,174.89,174.57,983855,1717.52,,442735.0,45.0
CESC,EQ,2025-11-19,174.89,174.0,174.51,170.91,171.38,171.38,172.27,1281846,2208.24,,576831.0,45.0
CESC,EQ,2025-11-20,171.38,172.48,174.78,168.83,169.83,169.83,171.15,1361502,2330.21,,612676.0,45.0
CESC,EQ,2025-11-21,169.83,169.83,172.95,169.75,172.01,172.01,171.57,1131158,1940.73,,509021.0,45.0
CESC,EQ,2025-11-24,172.01,171.0,171.69,166.2,167.4,167.4,168.43,2200891,3706.96,,990401.0,45.0
CESC,EQ,2025-11-26,167.4,167.39,173.99,167.39,173.44,173.44,171.61,1567833,2690.56,,705525.0,45.0
CESC,EQ,2025-11-27,173.44,174.18,174.4,169.96,170.84,170.84,171.73,853009,1464.87,,383854.0,45.0
CESC,EQ,2025-11-28,170.84,171.01,171.55,169.03,170.48,170.48,170.35,649488,1106.4,,292270.0,45.0
CESC,EQ,2025-12-01,170.48,171.4,173.15,170.3,172.38,172.38,171.94,769548,1323.16,,346297.0,45.0
CESC,EQ,2025-12-02,172.38,172.4,173.99,171.39,172.98,172.98,172.79,1619874,2798.98,,728943.0,45.0
CESC,EQ,2025-12-03,172.98,172.44,178.42,172.05,175.35,175.35,175.27,3119571,5467.67,,1403807.0,45.0
CESC,EQ,2025-12-05,175.87,176.0,176.65,173.33,174.0,174.0,174.66,768522,1342.3,,345835.0,45.0
CESC,EQ,2025-12-08,174.0,174.0,174.27,167.0,168.42,168.42,169.9,778260,1322.26,,350217.0,45.0
CESC,EQ,2025-12-09,168.42,168.3,168.48,165.2,165.98,165.98,166.55,1087403,1811.07,,489331.0,45.0
CESC,EQ,2025-12-10,165.98,166.47,168.84,166.46,167.77,167.77,167.69,1224284,2053.0,,550928.0,45.0
CESC,EQ,2025-12-15,169.27,169.0,171.5,168.64,170.95,170.95,170.36,604975,1030.64,,272239.0,45.0
CESC,EQ,2025-12-16,170.95,170.0,171.8,168.2,169.82,169.82,169.94,2032888,3454.69,,914800.0,45.0
CESC,EQ,2025-12-18,165.82,165.91,168.92,163.2,165.77,165.77,165.96,1814115,3010.71,,816352.0,45.0
CESC,EQ,2025-12-19,165.77,165.89,169.9,165.86,169.04,169.04,168.27,963684,1621.59,,433658.0,45.0
CESC,EQ,2025-12-23,168.09,168.09,168.9,167.53,168.34,168.34,168.26,622271,1047.03,,280022.0,45.0
CESC,EQ,2025-12-24,168.34,168.99,169.25,167.8,168.33,168.33,168.46,718004,1209.55,,323102.0,45.0
CESC,EQ,2025-12-26,168.33,168.33,168.61,166.25,166.59,166.59,167.15,785502,1312.97,,353476.0,45.0
CESC,EQ,2025-12-29,166.59,166.59,166.88,164.3,164.67,164.67,165.28,547017,904.11,,246158.0,45.0
CESC,EQ,2025-12-30,164.67,165.0,166.43,163.99,165.18,165.18,165.2,554723,916.4,,249625.0,45.0
CESC,EQ,2025-12-31,165.18,166.0,168.0,165.52,167.56,167.56,167.03,538817,899.99,,242468.0,45.0
CESC,EQ,2026-01-01,167.56,168.75,168.75,166.32,167.1,167.1,167.39,544829,911.99,,245173.0,45.0
CESC,EQ,2026-01-02,167.1,167.49,176.4,167.01,175.37,175.37,172.93,4485832,7757.35,,2018624.0,45.0
CESC,EQ,2026-01-06,173.46,173.26,174.5,170.0,170.77,170.77,171.76,748701,1285.97,,336915.0,45.0
CESC,EQ,2026-01-07,170.77,170.31,172.25,169.57,171.18,171.18,171.0,575870,984.74,,259142.0,45.0
CESC,EQ,2026-01-08,171.18,170.87,171.8,166.11,167.1,167.1,168.34,1354074,2279.45,,609333.0,45.0
CESC,EQ,2026-01-09,167.1,167.19,167.86,164.95,165.47,165.47,166.09,903893,1501.28,,406752.0,45.0
CESC,EQ,2026-01-12,165.47,165.47,165.62,160.25,163.26,163.26,163.04,1594946,2600.4,,717726.0,45.0
CESC,EQ,2026-01-13,163.26,164.07,164.42,159.0,160.1,160.1,161.17,1655858,2668.75,,745136.0,45.0
CESC,EQ,2026-01-14,160.1,160.0,160.0,155.7,157.07,157.07,157.59,3707907,5843.29,,1668558.0,45.0
CESC,EQ,2026-01-19,157.07,155.71,155.71,151.3,152.21,152.21,153.07,1762675,2698.13,,793204.0,45.0
CESC,EQ,2026-01-20,152.21,152.21,152.21,146.37,147.2,147.2,148.59,1529246,2272.31,,688161.0,45.0
CESC,EQ,2026-01-21,147.2,146.8,146.8,141.6,145.12,145.12,144.51,3932132,5682.32,,1769459.0,45.0
CESC,EQ,2026-01-23,145.12,143.7,145.15,139.9,140.43,140.43,141.83,1619223,2296.54,,728650.0,45.0
CESC,EQ,2026-01-28,140.44,141.33,144.6,141.02,142.95,142.95,142.86,3177795,4539.8,,1430008.0,45.0
CESC,EQ,2026-01-30,145.83,145.44,150.79,143.6,150.16,150.16,148.18,2133312,3161.14,,959990.0,45.0
CESC,EQ,2026-02-02,150.16,144.6,146.94,142.51,143.16,143.16,144.2,2759062,3978.57,,1241578.0,45.0
CESC,EQ,2026-02-03,143.16,148.99,149.65,143.45,147.44,147.44,146.85,2175612,3194.89,,979025.0,45.0
CESC,EQ,2026-02-04,147.44,147.5,153.7,146.96,152.83,152.83,151.16,2697551,4077.62,,1213898.0,45.0
CESC,EQ,2026-02-06,154.38,153.85,155.83,150.78,153.91,153.91,153.51,2710135,4160.33,,1219561.0,45.0
CESC,EQ,2026-02-09,153.91,155.0,156.78,150.52,154.58,154.58,153.96,2066345,3181.34,,929855.0,45.0
CESC,EQ,2026-02-10,154.58,154.55,155.55,154.33,154.65,154.65,154.84,615233,952.63,,276855.0,45.0
CESC,EQ,2026-02-11,154.65,155.0,157.0,152.74,155.94,155.94,155.23,1422956,2208.85,,640330.0,45.0
CESC,EQ,2026-02-12,155.94,155.07,155.7,152.65,154.06,154.06,154.14,927947,1430.34,,417576.0,45.0
CESC,EQ,2026-02-13,154.06,152.8,154.06,149.52,150.33,150.33,151.3,1903977,2880.72,,856790.0,45.0
CESC,EQ,2026-02-16,150.33,150.33,155.0,150.33,154.47,154.47,153.27,1268149,1943.69,,570667.0,45.0
CESC,EQ,2026-02-17,154.47,154.47,156.0,153.5,155.65,155.65,155.05,595578,923.44,,268010.0,45.0
CESC,EQ,2026-02-18,155.65,155.2,155.59,153.61,154.07,154.07,154.42,501247,774.03,,225561.0,45.0
CESC,EQ,2026-02-23,155.43,156.55,157.0,153.79,155.72,155.72,155.5,1133526,1762.63,,510087.0,45.0
CESC,EQ,2026-02-24,155.72,154.7,156.74,154.3,155.72,155.72,155.59,918727,1429.45,,413427.0,45.0
CESC,EQ,2026-02-26,155.72,160.85,161.97,158.0,159.78,159.78,159.92,1988222,3179.56,,894700.0,45.0
CESC,EQ,2026-02-27,159.78,159.19,160.15,156.8,158.15,158.15,158.37,1409632,2232.43,,634334.0,45.0
CESC,EQ,2026-03-02,158.15,146.92,156.44,146.84,153.49,153.49,152.26,2033533,3096.26,,915090.0,45.0
CESC,EQ,2026-03-04,153.49,151.0,154.29,150.5,152.33,152.33,152.37,1556391,2371.47,,700376.0,45.0
CESC,EQ,2026-03-05,152.33,152.61,159.5,152.61,155.54,155.54,155.88,3001084,4678.09,,1350488.0,45.0
CESC,EQ,2026-03-06,155.54,155.95,158.39,152.72,153.57,153.57,154.89,1730942,2681.06,,778924.0,45.0
CESC,EQ,2026-03-09,153.57,151.0,152.08,148.05,150.21,150.21,150.11,1411423,2118.69,,635140.0,45.0
CESC,EQ,2026-03-12,154.29,153.4,164.9,152.98,159.42,159.42,159.1,16610060,26426.61,,7474527.0,45.0
CESC,EQ,2026-03-13,159.42,160.12,165.6,158.74,159.73,159.73,161.36,7292740,11767.57,,3281733.0,45.0
CESC,EQ,2026-03-16,159.73,160.04,161.48,152.6,156.55,156.55,156.88,2560226,4016.48,,1152102.0,45.0
CESC,EQ,2026-03-18,155.93,157.0,158.6,155.6,156.35,156.35,156.85,1732665,2717.69,,779699.0,45.0
CESC,EQ,2026-03-19,156.35,154.7,158.25,153.35,154.02,154.02,155.21,1309602,2032.63,,589321.0,45.0
CESC,EQ,2026-03-23,154.02,151.8,152.44,147.11,148.7,148.7,149.42,1512973,2260.68,,680838.0,45.0
CESC,EQ,2026-03-24,148.7,151.9,151.9,149.0,150.29,150.29,150.4,864234,1299.81,,388905.0,45.0
CESC,EQ,2026-03-27,152.26,152.26,154.17,150.0,151.19,151.19,151.79,1273784,1933.48,,573203.0,45.0
CESC,EQ,2026-03-30,151.19,150.0,151.86,148.65,150.17,150.17,150.23,1452067,2181.44,,653430.0,45.0
CESC,EQ,2026-04-01,150.17,153.49,154.9,150.92,153.12,153.12,152.98,2218241,3393.47,,998208.0,45.0
CESC,EQ,2026-04-07,154.01,153.24,155.27,152.4,153.33,153.33,153.67,1091900,1677.92,,491355.0,45.0
CESC,EQ,2026-04-08,153.33,158.7,158.7,154.6,156.02,156.02,156.44,2246550,3514.5,,1010948.0,45.0
CESC,EQ,2026-04-09,156.02,156.5,158.5,155.61,156.61,156.61,156.91,1248909,1959.66,,562009.0,45.0
CESC,EQ,2026-04-10,156.61,156.99,158.91,156.34,157.52,157.52,157.59,1130764,1781.97,,508844.0,45.0
CESC,EQ,2026-04-13,157.52,155.0,164.65,155.0,160.83,160.83,160.16,3485814,5582.88,,1568616.0,45.0
CESC,EQ,2026-04-15,160.83,163.1,164.85,162.22,163.35,163.35,163.47,2144601,3505.78,,965070.0,45.0
CESC,EQ,2026-04-16,163.35,164.5,171.23,161.5,170.48,170.48,167.74,5919386,9929.18,,2663724.0,45.0
CESC,EQ,2026-04-17,170.48,173.04,175.5,170.53,171.49,171.49,172.51,4018215,6931.82,,1808197.0,45.0
CESC,EQ,2026-04-20,171.49,170.8,181.5,170.3,179.42,179.42,177.07,8545395,15131.33,,3845428.0,45.0
CESC,EQ,2026-04-22,179.42,177.0,181.9,177.0,180.27,180.27,179.72,1867851,3356.9,,840533.0,45.0
CESC,EQ,2026-04-23,180.27,178.9,182.04,178.89,180.18,180.18,180.37,2486787,4485.42,,1119054.0,45.0
CESC,EQ,2026-04-24,180.18,180.5,181.74,178.41,180.58,180.58,180.24,2076878,3743.36,,934595.0,45.0
CESC,EQ,2026-04-27,180.58,181.3,193.3,181.2,188.01,188.01,187.5,10065502,18872.82,,4529476.0,45.0
CESC,EQ,2026-04-28,188.01,188.75,192.0,186.27,191.27,191.27,189.85,3887767,7380.93,,1749495.0,45.0
CESC,EQ,2026-04-29,191.27,192.39,195.0,183.1,186.78,186.78,188.29,2980036,5611.11,,1341016.0,45.0
CESC,EQ,2026-04-30,186.78,183.87,188.5,182.55,187.53,187.53,186.19,2371203,4414.94,,1067041.0,45.0
CESC,EQ,2026-05-04,187.53,192.49,204.5,189.15,198.72,198.72,197.46,30240309,59712.51,,13608139.0,45.0
CESC,EQ,2026-05-06,198.72,188.65,189.1,182.0,185.01,185.01,185.37,5199531,9638.37,,2339789.0,45.0
CESC,EQ,2026-05-07,185.01,184.0,190.2,184.0,186.61,186.61,186.94,4218285,7885.66,,1898228.0,45.0
CESC,EQ,2026-05-08,186.61,186.46,187.45,183.92,184.41,184.41,185.26,2029703,3760.23,,913366.0,45.0
CESC,EQ,2026-05-12,182.01,181.0,183.99,180.01,180.5,180.5,181.5,2813100,5105.78,,1265895.0,45.0
CESC,EQ,2026-05-13,180.5,180.3,182.91,178.8,179.7,179.7,180.47,2241623,4045.46,,1008730.0,45.0
CESC,EQ,2026-05-15,179.7,185.5,185.74,179.83,180.09,180.09,181.89,1285444,2338.09,,578450.0,45.0
CESC,EQ,2026-05-18,180.09,179.5,181.25,175.29,176.4,176.4,177.65,3507494,6231.06,,1578372.0,45.0
CESC,EQ,2026-05-19,176.4,177.8,181.95,177.28,181.06,181.06,180.1,1885950,3396.6,,848678.0,45.0
CESC,EQ,2026-05-20,181.06,180.0,182.9,179.01,180.65,180.65,180.85,1561563,2824.09,,702703.0,45.0
CESC,EQ,2026-05-21,180.65,181.2,182.48,179.16,179.84,179.84,180.49,1821751,3288.08,,819788.0,45.0
CESC,EQ,2026-05-22,179.84,179.95,180.0,175.01,177.22,177.22,177.41,5770683,10237.77,,2596807.0,45.0
CESC,EQ,2026-05-25,177.22,180.0,186.49,180.0,185.59,185.59,184.03,8424081,15502.84,,3790836.0,45.0
CESC,EQ,2026-05-27,185.59,183.49,188.7,183.06,185.87,185.87,185.88,4700932,8738.09,,2115419.0,45.0
CESC,EQ,2026-05-29,185.87,187.0,188.32,180.12,182.09,182.09,183.51,3121806,5728.83,,1404813.0,45.0
CESC,EQ,2026-06-02,182.09,176.98,179.7,172.8,178.9,178.9,177.13,2180420,3862.18,,981189.0,45.0
CESC,EQ,2026-06-04,180.36,178.75,180.42,177.1,177.8,177.8,178.44,853186,1522.43,,383934.0,45.0
CESC,EQ,2026-06-05,177.8,178.79,182.0,177.63,178.61,178.61,179.41,1926604,3456.52,,866972.0,45.0
CESC,EQ,2026-06-08,178.61,177.0,180.4,173.11,174.49,174.49,176.0,1558628,2743.19,,701383.0,45.0
CESC,EQ,2026-06-09,174.49,175.5,175.97,171.1,171.68,171.68,172.92,1150340,1989.17,,517653.0,45.0
CESC,EQ,2026-06-10,171.68,172.0,172.52,167.0,168.2,168.2,169.24,1011220,1711.39,,455049.0,45.0
CESC,EQ,2026-06-11,168.2,167.31,168.5,165.2,167.99,167.99,167.23,1675003,2801.11,,753751.0,45.0
CESC,EQ,2026-06-12,167.99,169.0,169.99,167.75,168.15,168.15,168.63,1031409,1739.26,,464134.0,45.0
CESC,EQ,2026-06-15,168.15,170.74,172.41,168.35,169.01,169.01,169.92,1530084,2599.92,,688538.0,45.0
CESC,EQ,2026-06-16,169.01,169.0,173.98,168.95,172.26,172.26,171.73,1382437,2374.06,,622097.0,45.0
CESC,EQ,2026-06-17,172.26,172.26,172.36,169.5,169.91,169.91,170.59,1239824,2115.02,,557921.0,45.0
CESC,EQ,2026-06-18,169.91,170.0,171.8,168.3,170.69,170.69,170.26,1180738,2010.32,,531332.0,45.0
CESC,EQ,2026-06-23,170.69,174.22,175.08,171.0,171.13,171.13,172.4,904003,1558.5,,406801.0,45.0
CESC,EQ,2026-06-24,171.13,171.25,172.47,167.86,169.4,169.4,169.91,1277250,2170.18,,574762.0,45.0
CESC,EQ,2026-06-25,169.4,170.9,171.68,167.77,168.03,168.03,169.16,1060021,1793.13,,477009.0,45.0
CESC,EQ,2026-06-29,168.03,168.01,168.77,162.8,164.48,164.48,165.35,3124658,5166.62,,1406096.0,45.0
CESC,EQ,2026-06-30,164.48,164.79,169.91,164.79,168.81,168.81,167.84,1816596,3048.97,,817468.0,45.0
CESC,EQ,2026-07-01,168.81,168.25,170.79,168.0,169.73,169.73,169.51,1157797,1962.58,,521009.0,45.0
CESC,EQ,2026-07-03,170.2,171.39,171.55,169.3,169.7,169.7,170.18,690446,1175.0,,310701.0,45.0
CESC,EQ,2026-07-07,169.22,169.22,170.47,166.5,166.7,166.7,167.89,1089689,1829.48,,490360.0,45.0
CESC,EQ,2026-07-08,166.7,165.0,166.51,163.25,163.78,163.78,164.51,956463,1573.48,,430408.0,45.0
CESC,EQ,2026-07-13,163.93,163.0,164.75,161.14,161.92,161.92,162.6,2049903,3333.14,,922456.0,45.0
CESC,EQ,2026-07-14,161.92,161.9,162.8,159.03,159.16,159.16,160.33,1588907,2547.49,,715008.0,45.0
CESC,EQ,2026-07-16,159.16,163.54,166.38,163.0,166.01,166.01,165.13,1597702,2638.29,,718966.0,45.0
CESC,EQ,2026-07-17,166.01,166.5,166.99,163.47,165.1,165.1,165.19,783490,1294.25,,352570.0,45.0
CESC,EQ,2026-07-20,165.1,165.0,167.09,164.29,165.61,165.61,165.66,960309,1590.85,,432139.0,45.0
CESC,EQ,2026-07-21,165.61,165.3,167.45,163.61,165.06,165.06,165.37,1394628,2306.3,,627583.0,45.0
CESC,EQ,2026-07-22,165.06,164.95,166.76,164.0,164.44,164.44,165.07,446044,736.28,,200720.0,45.0
CESC,EQ,2026-07-23,164.44,164.3,164.99,162.0,162.68,162.68,163.22,564273,921.01,,253923.0,45.0
CESC,EQ,2026-07-24,162.68,161.88,163.69,161.52,163.18,163.18,162.8,551918,898.52,,248363.0,45.0
CESC,EQ,2026-07-27,163.18,163.51,165.32,161.65,162.32,162.32,163.1,766356,1249.93,,344860.0,45.0
CESC,EQ,2026-07-29,162.32,163.71,164.95,162.5,164.12,164.12,163.86,549777,900.86,,247400.0,45.0
CESC,EQ,2026-07-31,164.93,165.46,165.95,163.62,165.57,165.57,165.05,694292,1145.93,,312431.0,45.0
CESC,EQ,2026-08-03,165.57,166.0,169.1,164.58,165.98,165.98,166.55,901195,1500.94,,405538.0,45.0
CESC,EQ,2026-08-04,165.98,166.07,167.49,164.1,164.76,164.76,165.45,560175,926.81,,252079.0,45.0
CESC,EQ,2026-08-05,164.76,165.5,166.45,163.05,163.52,163.52,164.34,622390,1022.84,,280076.0,45.0
CESC,EQ,2026-08-07,162.48,162.77,165.38,162.29,163.94,163.94,163.87,1298919,2128.54,,584514.0,45.0
CESC,EQ,2026-08-10,163.94,164.34,165.84,163.5,164.58,164.58,164.64,1090413,1795.26,,490686.0,45.0
CESC,EQ,2026-08-11,164.58,166.31,166.31,160.4,161.01,161.01,162.57,1652565,2686.57,,743654.0,45.0
CESC,EQ,2026-08-13,161.01,162.21,165.5,160.0,164.83,164.83,163.44,3269113,5343.04,,1471101.0,45.0
CESC,EQ,2026-08-14,164.83,166.74,172.0,165.6,167.83,167.83,168.48,5557236,9362.83,,2500756.0,45.0
CESC,EQ,2026-08-17,167.83,168.99,170.6,168.3,170.22,170.22,169.71,2197565,3729.49,,988904.0,45.0
CESC,EQ,2026-08-18,170.22,170.22,171.75,167.9,167.98,167.98,169.21,2555495,4324.15,,1149973.0,45.0
CESC,EQ,2026-08-19,167.98,162.0,162.26,158.5,159.66,159.66,160.14,2882634,4616.25,,1297185.0,45.0
CESC,EQ,2026-08-21,156.61,156.49,156.61,154.7,155.09,155.09,155.47,1607664,2499.44,,723449.0,45.0
CESC,EQ,2026-08-24,155.09,156.0,157.79,155.05,155.27,155.27,156.04,858640,1339.82,,386388.0,45.0
CESC,EQ,2026-08-25,155.27,155.5,155.5,152.86,154.0,154.0,154.12,1286177,1982.26,,578780.0,45.0
CESC,EQ,2026-08-27,153.33,153.35,154.17,151.5,152.13,152.13,152.6,884391,1349.58,,397976.0,45.0
CESC,EQ,2026-08-31,148.11,148.1,148.63,145.42,146.16,146.16,146.74,1882069,2761.75,,846931.0,45.0
CESC,EQ,2026-09-01,146.16,146.16,146.5,144.01,145.15,145.15,145.22,1361771,1977.56,,612797.0,45.0
CESC,EQ,2026-09-02,145.15,144.52,147.94,143.55,146.44,146.44,145.98,1227110,1791.34,,552200.0,45.0
CESC,EQ,2026-09-03,146.44,147.5,151.11,147.0,147.96,147.96,148.69,1323923,1968.54,,595765.0,45.0
CESC,EQ,2026-09-04,147.96,148.29,149.14,145.91,146.5,146.5,147.18,1448303,2131.61,,651736.0,45.0
CESC,EQ,2026-09-07,146.5,146.5,150.0,145.0,145.44,145.44,146.81,1756003,2577.99,,790201.0,45.0
CESC,EQ,2026-09-08,145.44,145.47,146.66,143.9,146.05,146.05,145.54,1580615,2300.43,,711277.0,45.0
CESC,EQ,2026-09-09,146.05,145.79,153.42,145.21,149.67,149.67,149.43,7429488,11101.88,,3343270.0,45.0
CESC,EQ,2026-09-10,149.67,150.0,152.48,147.1,147.58,147.58,149.05,1501069,2237.34,,675481.0,45.0
CESC,EQ,2026-09-11,147.58,145.0,146.7,144.65,145.37,145.37,145.57,1387965,2020.46,,624584.0,45.0
CESC,EQ,2026-09-16,145.37,142.0,143.0,140.7,141.67,141.67,141.79,1662713,2357.56,,748221.0,45.0
CESC,EQ,2026-09-18,141.67,141.99,142.93,140.71,141.53,141.53,141.72,3878798,5497.03,,1745459.0,45.0
CESC,EQ,2026-09-24,142.56,142.44,142.44,139.6,140.01,139.89,140.8,1219300,1716.74,21126.0,799119.0,65.54
CGPOWER,EQ,2025-09-25,770.1,768.6,775.5,756.35,760.1,759.1,766.75,1069774,8202.5,37161.0,500375.0,46.77
CGPOWER,EQ,2025-09-26,759.1,758.0,759.45,737.5,742.0,739.4,745.68,1925106,14355.13,48422.0,1017672.0,52.86
CGPOWER,EQ,2025-09-30,747.3,750.0,751.75,735.6,742.0,740.95,741.45,2526440,18732.23,51188.0,1750922.0,69.3
CGPOWER,EQ,2025-10-01,740.95,740.0,742.55,733.25,740.0,739.8,737.17,1376898,10150.12,61341.0,729507.0,52.98
CGPOWER,EQ,2025-10-07,745.4,745.4,754.3,744.5,748.4,748.0,749.14,1213013,9087.19,29668.0,471384.0,38.86
CGPOWER,EQ,2025-10-08,748.0,745.0,749.6,736.3,741.1,743.95,743.61,1563241,11624.41,36509.0,726972.0,46.5
CGPOWER,EQ,2025-10-09,743.95,743.9,763.45,741.8,761.8,761.15,757.0,2262502,17127.11,50220.0,858577.0,37.95
CGPOWER,EQ,2025-10-14,747.05,747.8,753.5,741.0,744.0,745.95,746.23,1513060,11290.89,34069.0,988319.0,65.32
CGPOWER,EQ,2025-10-15,745.95,744.6,759.5,744.6,756.85,757.3,756.01,1651601,12486.19,31730.0,948152.0,57.41
CGPOWER,EQ,2025-10-16,757.3,760.0,768.5,752.95,760.5,760.6,761.48,1419387,10808.34,31780.0,708079.0,49.89
CGPOWER,EQ,2025-10-17,760.6,760.5,763.05,750.15,756.0,757.7,757.8,1830918,13874.73,39059.0,1054723.0,57.61
CGPOWER,EQ,2025-10-20,757.7,760.0,762.9,724.35,740.15,740.15,741.34,2816106,20876.84,62807.0,966763.0,34.33
CGPOWER,EQ,2025-10-21,740.15,745.0,749.0,735.1,737.95,739.0,740.62,446174,3304.46,13906.0,267257.0,59.91
CGPOWER,EQ,2025-10-24,732.85,734.45,735.9,719.25,723.0,723.85,726.24,3051200,22159.03,54034.0,1835514.0,60.16
CGPOWER,EQ,2025-10-28,728.35,730.0,731.45,717.4,722.0,722.5,721.94,2309934,16676.28,48981.0,1229003.0,53.21
CGPOWER,EQ,2025-10-29,722.5,726.15,759.0,721.15,753.4,748.6,737.79,6067360,44764.59,99885.0,2079146.0,34.27
CGPOWER,EQ,2025-11-03,736.65,733.0,747.15,726.55,745.0,745.35,737.92,3828421,28250.82,84247.0,2150635.0,56.18
CGPOWER,EQ,2025-11-06,747.6,746.0,749.45,730.0,730.3,732.7,736.58,2225547,16392.99,71192.0,1357068.0,60.98
CGPOWER,EQ,2025-11-07,732.7,728.0,736.55,720.05,734.8,733.25,730.79,1200551,8773.54,33920.0,567362.0,47.26
CGPOWER,EQ,2025-11-10,733.25,733.2,740.0,727.5,738.7,738.15,733.62,1538280,11285.13,43298.0,777273.0,50.53
CGPOWER,EQ,2025-11-11,738.15,738.15,738.65,729.1,732.0,732.95,733.31,1544794,11328.06,44696.0,902686.0,58.43
CGPOWER,EQ,2025-11-12,732.95,733.85,742.0,728.0,739.9,739.85,733.71,2116161,15526.46,34923.0,1208156.0,57.09
CGPOWER,EQ,2025-11-14,745.2,740.3,751.65,738.95,744.0,743.5,744.83,1635386,12180.83,42160.0,759983.0,46.47
CGPOWER,EQ,2025-11-17,743.5,743.5,753.6,739.65,749.45,749.75,747.34,2198843,16432.73,38532.0,1289948.0,58.66
CGPOWER,EQ,2025-11-18,749.75,749.45,749.9,732.3,732.95,733.75,740.44,1861651,13784.47,54886.0,1256825.0,67.51
CGPOWER,EQ,2025-11-19,733.75,730.0,734.0,718.4,722.3,724.1,723.3,2048601,14817.48,60578.0,1323740.0,64.62
CGPOWER,EQ,2025-11-20,724.1,723.0,726.5,718.2,722.05,721.25,721.61,2473529,17849.26,43700.0,1529883.0,61.85
CGPOWER,EQ,2025-11-21,721.25,721.0,725.0,707.5,709.55,710.2,715.08,1696270,12129.7,66805.0,852092.0,50.23
CGPOWER,EQ,2025-11-24,710.2,709.55,709.55,680.0,681.2,683.0,689.55,5107691,35219.89,114091.0,3270728.0,64.04
CGPOWER,EQ,2025-11-26,682.55,681.0,695.0,677.6,687.25,688.4,688.69,3691086,25420.12,58563.0,2493604.0,67.56
CGPOWER,EQ,2025-11-27,688.4,690.95,691.15,676.55,679.3,679.25,680.49,2013261,13700.04,69329.0,1157454.0,57.49
CGPOWER,EQ,2025-11-28,679.25,679.25,679.25,669.1,671.25,672.9,673.49,1799878,12121.97,85017.0,1047169.0,58.18
CGPOWER,EQ,2025-12-01,672.9,672.9,677.65,667.85,668.8,669.75,672.78,1353139,9103.62,52785.0,853492.0,63.07
CGPOWER,EQ,2025-12-02,669.75,668.0,671.3,658.2,659.0,659.7,662.62,2550266,16898.57,65462.0,1745598.0,68.45
CGPOWER,EQ,2025-12-03,659.7,659.7,671.0,656.6,665.1,664.2,663.06,3642142,24149.54,60345.0,2282970.0,62.68
CGPOWER,EQ,2025-12-05,662.35,661.3,664.2,653.9,664.0,661.35,658.91,2092532,13787.8,38690.0,1176461.0,56.22
CGPOWER,EQ,2025-12-08,661.35,661.0,662.0,642.35,645.5,647.15,651.03,1950560,12698.71,58404.0,1018755.0,52.23
CGPOWER,EQ,2025-12-09,647.15,641.0,670.35,634.65,670.0,667.8,658.2,3303762,21745.32,72063.0,1571329.0,47.56
CGPOWER,EQ,2025-12-10,667.8,671.0,679.15,661.0,664.05,665.45,672.27,2210570,14860.95,45131.0,1221101.0,55.24
CGPOWER,EQ,2025-12-15,665.9,665.9,671.8,657.5,668.75,670.15,666.06,995882,6633.13,28562.0,532722.0,53.49
CGPOWER,EQ,2025-12-16,670.15,668.0,676.3,662.7,670.5,673.05,669.53,1137760,7617.59,25020.0,644117.0,56.61
CGPOWER,EQ,2025-12-18,670.4,670.4,670.45,657.15,661.6,661.8,663.53,1899785,12605.66,39165.0,897739.0,47.25
CGPOWER,EQ,2025-12-19,661.8,661.75,673.7,659.7,670.95,671.6,667.61,2130862,14225.93,33922.0,1342909.0,63.02
CGPOWER,EQ,2025-12-23,671.05,671.0,672.7,662.5,666.45,666.3,668.6,1294033,8651.9,29613.0,666500.0,51.51
CGPOWER,EQ,2025-12-24,666.3,666.3,669.25,657.15,660.3,660.9,661.26,1910047,12630.46,39561.0,981815.0,51.4
CGPOWER,EQ,2025-12-26,660.9,660.9,666.9,653.2,655.15,656.0,658.91,698129,4600.03,20794.0,346640.0,49.65
CGPOWER,EQ,2025-12-29,656.0,656.0,659.7,645.8,646.9,647.25,650.43,1234659,8030.64,36033.0,703716.0,57.0
CGPOWER,EQ,2025-12-30,647.25,646.9,648.0,637.05,643.1,641.05,641.99,1954985,12550.72,66688.0,1129600.0,57.78
CGPOWER,EQ,2025-12-31,641.05,641.05,651.95,638.5,647.35,647.9,647.01,1685843,10907.63,49414.0,967058.0,57.36
CGPOWER,EQ,2026-01-01,647.9,650.0,650.95,636.95,639.0,637.9,640.76,2758184,17673.39,46844.0,1765044.0,63.99
CGPOWER,EQ,2026-01-02,637.9,639.45,651.75,638.1,651.2,649.1,644.32,2285838,14728.0,60919.0,1422065.0,62.21
CGPOWER,EQ,2026-01-06,645.25,645.25,646.65,634.0,639.45,637.85,637.81,1948899,12430.27,75600.0,1092546.0,56.06
CGPOWER,EQ,2026-01-07,637.85,636.85,642.0,634.5,637.0,636.95,637.74,1169857,7460.62,35773.0,574224.0,49.08
CGPOWER,EQ,2026-01-08,636.95,640.0,661.0,593.3,613.5,614.25,639.12,12895177,82415.44,202080.0,4195753.0,32.54
CGPOWER,EQ,2026-01-09,614.25,613.5,619.4,586.5,596.15,594.75,601.35,13331565,80169.56,258164.0,5337679.0,40.04
CGPOWER,EQ,2026-01-12,594.75,597.0,597.7,579.5,586.0,585.8,585.75,6209951,36374.89,125859.0,3222985.0,51.9
CGPOWER,EQ,2026-01-13,585.8,588.35,594.55,574.45,579.75,581.6,584.74,3362663,19662.94,66826.0,1803187.0,53.62
CGPOWER,EQ,2026-01-14,581.6,580.0,585.0,574.7,577.3,576.9,578.97,1928785,11167.1,79306.0,939887.0,48.73
CGPOWER,EQ,2026-01-19,561.7,580.0,607.0,580.0,587.85,590.0,594.46,17314136,102925.97,220275.0,3632208.0,20.98
CGPOWER,EQ,2026-01-20,590.0,588.0,591.0,569.0,572.0,573.75,576.21,4163249,23988.94,62698.0,1671129.0,40.14
CGPOWER,EQ,2026-01-21,573.75,573.5,576.9,555.95,575.0,575.3,567.46,5174187,29361.34,68470.0,2211231.0,42.74
CGPOWER,EQ,2026-01-23,574.25,574.0,576.2,547.35,551.0,549.1,556.72,3868313,21535.53,72578.0,1986821.0,51.36
CGPOWER,EQ,2026-01-28,530.65,535.2,583.65,535.2,581.95,581.95,566.1,12172783,68910.32,148780.0,3122729.0,25.65
CGPOWER,EQ,2026-01-30,590.3,590.0,590.8,576.15,585.7,584.05,583.14,3742695,21825.05,61649.0,2152874.0,57.52
CGPOWER,EQ,2026-02-02,596.9,600.45,609.95,586.4,607.9,608.35,599.01,3460394,20728.26,66962.0,1306362.0,37.75
CGPOWER,EQ,2026-02-03,608.35,658.35,669.15,650.8,659.9,661.55,661.93,14524072,96139.25,284551.0,6974871.0,48.02
CGPOWER,EQ,2026-02-04,661.55,667.75,676.0,656.0,667.8,669.6,668.92,5225273,34952.85,73761.0,2607617.0,49.9
CGPOWER,EQ,2026-02-06,668.0,669.9,676.0,663.3,673.85,674.85,670.77,2721504,18255.17,47589.0,1262625.0,46.39
CGPOWER,EQ,2026-02-09,674.85,679.7,695.7,678.25,690.8,690.35,689.53,2569205,17715.51,38632.0,1294461.0,50.38
CGPOWER,EQ,2026-02-10,690.35,694.95,694.95,668.65,680.0,681.55,679.6,3481303,23658.95,65180.0,1770300.0,50.85
CGPOWER,EQ,2026-02-11,681.55,685.0,687.0,674.2,683.0,685.6,681.96,2139674,14591.62,31982.0,1225431.0,57.27
CGPOWER,EQ,2026-02-12,685.6,685.85,688.9,678.6,687.0,685.1,684.38,1950086,13345.91,35960.0,1114057.0,57.13
CGPOWER,EQ,2026-02-13,685.1,680.0,684.5,671.4,680.0,680.15,679.06,1143123,7762.5,30570.0,508426.0,44.48
CGPOWER,EQ,2026-02-16,680.15,677.0,691.0,676.55,687.25,688.75,687.39,1176827,8089.42,32643.0,517507.0,43.97
CGPOWER,EQ,2026-02-17,688.75,689.0,695.9,684.85,690.3,690.5,689.89,2312868,15956.14,36566.0,597588.0,25.84
CGPOWER,EQ,2026-02-18,690.5,692.35,714.5,687.4,710.0,710.55,705.72,3814598,26920.32,65843.0,1406295.0,36.87
CGPOWER,EQ,2026-02-23,712.15,720.0,722.7,713.5,720.6,720.5,718.99,1783385,12822.3,37979.0,743606.0,41.7
CGPOWER,EQ,2026-02-24,720.5,713.0,727.0,713.0,722.8,724.5,718.63,1900203,13655.52,45705.0,938744.0,49.4
CGPOWER,EQ,2026-02-26,713.4,715.5,733.7,711.05,726.1,726.75,725.7,4352772,31588.22,66304.0,2602236.0,59.78
CGPOWER,EQ,2026-02-27,726.75,726.75,728.7,719.6,724.6,725.2,724.35,2608297,18893.15,51678.0,1472294.0,56.45
CGPOWER,EQ,2026-03-02,725.2,688.95,719.2,688.9,713.0,711.85,711.02,2579526,18340.93,52504.0,1163012.0,45.09
CGPOWER,EQ,2026-03-04,711.85,700.0,702.0,676.4,685.4,684.9,684.37,3881115,26561.2,94278.0,1963234.0,50.58
CGPOWER,EQ,2026-03-05,684.9,689.0,702.85,683.4,700.7,701.1,692.99,1348514,9345.02,35829.0,543710.0,40.32
CGPOWER,EQ,2026-03-06,701.1,700.0,722.5,696.0,716.8,715.45,715.43,2922020,20904.95,46743.0,1193275.0,40.84
CGPOWER,EQ,2026-03-09,715.45,704.9,704.9,684.2,697.15,697.55,693.03,2675404,18541.31,59654.0,1158588.0,43.31
CGPOWER,EQ,2026-03-12,726.3,723.45,740.25,701.6,738.25,737.3,724.29,3548443,25701.11,100336.0,1421112.0,40.05
CGPOWER,EQ,2026-03-13,737.3,740.55,749.0,706.45,708.2,709.9,723.89,5430860,39313.38,93485.0,1940698.0,35.73
CGPOWER,EQ,2026-03-16,709.9,708.65,711.8,680.1,695.0,698.65,691.62,3890962,26910.72,73515.0,1403243.0,36.06
CGPOWER,EQ,2026-03-18,708.4,709.3,716.95,702.2,706.9,707.15,708.39,1560683,11055.75,44116.0,671990.0,43.06
CGPOWER,EQ,2026-03-19,707.15,697.0,700.5,683.45,689.0,686.7,691.96,1682758,11643.96,38298.0,741555.0,44.07
CGPOWER,EQ,2026-03-23,681.6,675.15,675.5,642.8,663.6,664.1,657.87,3640981,23952.77,84011.0,1528030.0,41.97
CGPOWER,EQ,2026-03-24,664.1,680.0,680.95,658.75,668.6,667.3,669.88,3376154,22616.28,48721.0,1624068.0,48.1
CGPOWER,EQ,2026-03-27,692.25,687.7,688.8,666.0,667.15,667.95,671.66,3464175,23267.57,91246.0,2129405.0,61.47
CGPOWER,EQ,2026-03-30,667.95,656.0,672.95,651.5,654.0,655.05,657.77,4829822,31769.17,50246.0,1260636.0,26.1
CGPOWER,EQ,2026-04-01,655.05,673.0,690.25,672.4,679.5,680.3,682.4,2316056,15804.71,60536.0,1084600.0,46.83
CGPOWER,EQ,2026-04-07,687.3,684.0,694.85,671.25,693.95,693.9,684.33,2287422,15653.57,66643.0,887149.0,38.78
CGPOWER,EQ,2026-04-08,693.9,715.15,730.55,705.9,726.0,726.3,724.28,2887427,20913.08,68852.0,1223985.0,42.39
CGPOWER,EQ,2026-04-09,726.3,725.95,735.0,716.05,719.0,720.6,723.27,2673685,19338.06,51011.0,1140882.0,42.67
CGPOWER,EQ,2026-04-10,720.6,727.15,735.6,720.0,728.6,731.1,727.81,2096526,15258.74,46780.0,1057286.0,50.43
CGPOWER,EQ,2026-04-13,731.1,710.0,727.95,705.2,716.0,716.1,720.45,2060416,14844.22,41455.0,866544.0,42.06
CGPOWER,EQ,2026-04-15,716.1,727.0,750.0,726.5,750.0,748.0,743.15,4100236,30470.98,79521.0,1938215.0,47.27
CGPOWER,EQ,2026-04-16,748.0,759.05,761.7,747.25,755.5,755.9,756.07,3570965,26998.86,55857.0,1378177.0,38.59
CGPOWER,EQ,2026-04-17,755.9,760.0,776.5,748.35,774.1,774.8,768.94,4137167,31812.38,73824.0,2141150.0,51.75
CGPOWER,EQ,2026-04-20,774.8,775.95,804.65,764.2,795.0,795.7,793.28,5497243,43608.56,101108.0,2349877.0,42.75
CGPOWER,EQ,2026-04-22,805.25,805.25,835.0,803.0,825.7,824.35,821.91,4826906,39672.87,77741.0,2044700.0,42.36
CGPOWER,EQ,2026-04-23,824.35,825.7,842.0,821.4,838.6,837.8,834.93,3763003,31418.61,61019.0,1478084.0,39.28
CGPOWER,EQ,2026-04-24,837.8,844.5,846.9,809.0,825.0,823.15,822.53,3994254,32854.0,62024.0,1845217.0,46.2
CGPOWER,EQ,2026-04-27,823.15,823.35,834.95,818.1,820.0,820.3,824.49,2549032,21016.41,65027.0,1322676.0,51.89
CGPOWER,EQ,2026-04-28,820.3,820.7,836.4,820.7,830.05,831.2,829.96,1966693,16322.67,32992.0,811095.0,41.24
CGPOWER,EQ,2026-04-29,831.2,835.35,840.0,820.3,826.0,825.6,830.63,2354905,19560.62,50248.0,1078702.0,45.81
CGPOWER,EQ,2026-04-30,825.6,824.75,824.75,803.9,813.9,813.35,813.86,3248937,26441.77,80586.0,1835943.0,56.51
CGPOWER,EQ,2026-05-04,813.35,819.0,828.0,800.5,801.5,802.3,813.9,2569215,20910.93,73226.0,1373362.0,53.45
CGPOWER,EQ,2026-05-06,826.9,832.8,839.5,804.0,826.45,828.9,826.09,8627698,71272.57,148101.0,2034097.0,23.58
CGPOWER,EQ,2026-05-07,828.9,841.5,872.35,830.05,860.35,859.1,857.6,13476263,115573.0,246234.0,3288366.0,24.4
CGPOWER,EQ,2026-05-08,859.1,860.35,875.8,852.0,875.1,873.55,864.89,3998673,34584.31,93415.0,1504494.0,37.62
CGPOWER,EQ,2026-05-12,858.1,858.15,863.75,831.7,836.0,833.7,844.61,3032058,25609.0,66733.0,1372079.0,45.25
CGPOWER,EQ,2026-05-13,833.7,830.0,850.0,826.0,848.5,847.05,841.52,2586976,21769.93,50220.0,1072204.0,41.45
CGPOWER,EQ,2026-05-15,848.25,845.9,848.0,833.0,836.6,838.2,839.46,1670728,14025.02,39628.0,690153.0,41.31
CGPOWER,EQ,2026-05-18,838.2,825.95,830.0,804.6,808.65,808.75,811.22,4002836,32471.71,102100.0,2224956.0,55.58
CGPOWER,EQ,2026-05-19,808.75,811.0,828.7,807.15,819.5,819.4,819.66,2055370,16846.98,40194.0,955811.0,46.5
CGPOWER,EQ,2026-05-20,819.4,819.4,857.75,812.6,856.0,853.25,840.97,3710693,31205.95,63127.0,1284294.0,34.61
CGPOWER,EQ,2026-05-21,853.25,865.0,870.3,857.05,864.25,864.9,863.58,2811644,24280.72,47838.0,1321658.0,47.01
CGPOWER,EQ,2026-05-22,864.9,866.9,873.5,858.0,866.5,865.7,864.78,2028217,17539.6,34073.0,1030549.0,50.81
CGPOWER,EQ,2026-05-25,865.7,874.9,884.4,864.8,867.9,867.9,874.7,2222363,19438.98,43669.0,834241.0,37.54
CGPOWER,EQ,2026-05-27,879.15,882.55,938.0,882.0,937.0,934.8,920.21,9258467,85197.43,180801.0,3011790.0,32.53
CGPOWER,EQ,2026-05-29,934.8,938.9,944.1,910.95,921.15,917.45,921.08,9449904,87041.29,87404.0,5745021.0,60.79
CGPOWER,EQ,2026-06-02,894.35,895.05,910.55,883.05,909.75,907.7,901.05,4931769,44437.63,113337.0,2676288.0,54.27
CGPOWER,EQ,2026-06-04,906.65,915.0,951.0,906.75,941.0,937.9,937.48,8471887,79422.42,158213.0,2767872.0,32.67
CGPOWER,EQ,2026-06-05,937.9,948.85,952.0,928.6,938.15,937.85,939.03,4645742,43624.87,88544.0,1674259.0,36.04
CGPOWER,EQ,2026-06-08,937.85,920.0,938.8,895.0,897.95,903.4,920.85,4203240,38705.54,106427.0,1825183.0,43.42
CGPOWER,EQ,2026-06-09,903.4,910.2,921.0,905.3,911.0,911.2,912.52,3404934,31070.68,65390.0,1715378.0,50.38
CGPOWER,EQ,2026-06-10,911.2,911.2,924.5,899.15,908.0,908.1,912.46,3175483,28974.98,71204.0,1312378.0,41.33
CGPOWER,EQ,2026-06-11,908.1,900.5,926.5,898.95,903.2,901.35,911.01,2755854,25106.04,69214.0,987494.0,35.83
CGPOWER,EQ,2026-06-12,901.35,919.0,919.0,897.5,914.0,914.45,908.32,2901434,26354.28,68907.0,989881.0,34.12
CGPOWER,EQ,2026-06-15,914.45,928.0,942.9,916.55,938.1,935.5,934.19,2742582,25620.94,62438.0,1266623.0,46.18
CGPOWER,EQ,2026-06-16,935.5,943.55,946.9,931.6,939.45,940.7,940.56,2475717,23285.48,65887.0,1357645.0,54.84
CGPOWER,EQ,2026-06-17,940.7,941.0,965.6,937.0,964.0,963.75,953.11,3996950,38095.36,76138.0,1886932.0,47.21
CGPOWER,EQ,2026-06-18,963.75,969.9,969.9,945.25,953.0,954.45,954.16,3552746,33899.03,98842.0,1528085.0,43.01
CGPOWER,EQ,2026-06-23,962.55,965.0,966.0,946.0,949.7,950.5,955.52,2724967,26037.74,54675.0,1574953.0,57.8
CGPOWER,EQ,2026-06-24,950.5,936.0,944.95,912.0,917.0,919.45,927.68,3996660,37076.4,94271.0,2050460.0,51.3
CGPOWER,EQ,2026-06-25,919.45,919.45,948.95,919.45,941.9,942.1,937.44,3215230,30140.77,68967.0,1565900.0,48.7
CGPOWER,EQ,2026-06-29,942.1,960.1,965.35,936.3,960.0,956.25,952.5,12311661,117268.25,208796.0,8800708.0,71.48
CGPOWER,EQ,2026-06-30,956.25,963.1,969.0,949.3,950.8,952.15,958.09,3299400,31611.25,69821.0,1293534.0,39.21
CGPOWER,EQ,2026-07-01,952.15,958.0,978.9,950.0,976.0,976.5,966.55,3489753,33730.09,84625.0,1375190.0,39.41
CGPOWER,EQ,2026-07-03,959.4,911.4,926.0,887.1,894.4,892.55,903.0,24732145,223331.01,494788.0,10744191.0,43.44
CGPOWER,EQ,2026-07-07,925.05,925.05,927.6,898.65,910.45,910.5,908.66,3243077,29468.49,76067.0,1453874.0,44.83
CGPOWER,EQ,2026-07-08,910.5,908.0,924.0,897.35,909.05,908.1,909.79,5514793,50172.86,91400.0,2828460.0,51.29
CGPOWER,EQ,2026-07-13,916.6,912.0,912.0,895.6,908.0,905.5,904.68,2819640,25508.59,99789.0,1398394.0,49.59
CGPOWER,EQ,2026-07-14,905.5,905.5,915.0,893.7,913.95,913.85,906.23,3241089,29371.6,75066.0,1195265.0,36.88
CGPOWER,EQ,2026-07-16,929.15,935.0,954.9,919.0,921.5,921.95,931.42,3437360,32016.35,68327.0,846006.0,24.61
CGPOWER,EQ,2026-07-17,921.95,926.9,927.75,900.3,905.0,905.0,907.38,2383800,21630.12,41224.0,1227934.0,51.51
CGPOWER,EQ,2026-07-20,905.0,904.0,915.0,895.05,912.0,912.45,910.63,2246166,20454.26,53308.0,1087150.0,48.4
CGPOWER,EQ,2026-07-21,912.45,915.8,919.4,898.0,915.9,914.85,909.56,3544392,32238.48,53843.0,1594146.0,44.98
CGPOWER,EQ,2026-07-22,914.85,918.0,930.8,910.0,912.0,912.85,918.21,2122173,19486.1,43731.0,689363.0,32.48
CGPOWER,EQ,2026-07-23,912.85,909.0,915.65,881.0,883.5,883.8,892.61,3944806,35211.59,64585.0,2168440.0,54.97
CGPOWER,EQ,2026-07-24,883.8,860.0,894.0,838.8,883.0,867.7,868.05,9684764,84068.72,188709.0,2952325.0,30.48
CGPOWER,EQ,2026-07-27,867.7,871.8,885.0,867.7,877.4,877.3,874.98,4921275,43060.1,84729.0,2517852.0,51.16
CGPOWER,EQ,2026-07-29,844.1,844.1,845.2,825.5,830.0,829.5,831.07,5215606,43345.08,180999.0,2941463.0,56.4
CGPOWER,EQ,2026-07-31,832.6,850.0,878.8,850.0,861.9,863.4,870.09,6863390,59717.97,102311.0,2361506.0,34.41
CGPOWER,EQ,2026-08-03,863.4,865.55,867.95,826.1,826.1,826.1,857.4,4042469,34660.29,76778.0,2342349.0,57.94
CGPOWER,EQ,2026-08-04,826.1,846.6,882.8,846.45,880.05,880.05,872.95,8524215,74412.55,121556.0,2189083.0,25.68
CGPOWER,EQ,2026-08-05,880.05,888.0,891.95,877.9,889.5,889.5,883.2,2386264,21075.51,40258.0,995400.0,41.71
CGPOWER,EQ,2026-08-07,876.0,875.0,880.7,870.0,879.0,879.0,875.7,1523373,13340.16,47367.0,758118.0,49.77
CGPOWER,EQ,2026-08-10,879.0,880.05,881.95,868.25,879.0,879.0,877.14,1204997,10569.48,27768.0,671311.0,55.71
CGPOWER,EQ,2026-08-11,879.0,875.0,881.0,865.9,881.0,881.0,872.98,1064285,9290.97,19551.0,455771.0,42.82
CGPOWER,EQ,2026-08-13,888.0,892.0,894.5,878.05,886.55,886.55,884.07,1373912,12146.3,28025.0,615110.0,44.77
CGPOWER,EQ,2026-08-14,886.55,886.55,892.55,878.2,890.15,890.15,887.7,1539330,13664.69,25818.0,807647.0,52.47
CGPOWER,EQ,2026-08-17,890.15,893.2,899.4,887.0,898.8,898.8,895.1,2066513,18497.36,38981.0,905457.0,43.82
CGPOWER,EQ,2026-08-18,898.8,898.8,900.0,889.0,894.2,894.2,893.66,1568655,14018.4,26764.0,798541.0,50.91
CGPOWER,EQ,2026-08-19,894.2,885.85,886.0,860.2,863.05,863.05,867.5,4061889,35237.07,94276.0,1767581.0,43.52
CGPOWER,EQ,2026-08-21,876.3,876.3,880.95,865.0,867.0,867.0,870.95,1311542,11422.91,34814.0,573716.0,43.74
CGPOWER,EQ,2026-08-24,867.0,867.0,877.5,865.35,877.5,877.5,870.73,1296211,11286.44,43198.0,633531.0,48.88
CGPOWER,EQ,2026-08-25,877.5,873.1,882.5,867.0,878.5,878.5,873.53,1629938,14237.92,33746.0,809112.0,49.64
CGPOWER,EQ,2026-08-27,865.05,871.4,898.75,870.2,897.9,897.9,890.63,5431054,48370.34,128567.0,1241450.0,22.86
CGPOWER,EQ,2026-08-31,889.0,884.15,916.0,875.0,916.0,916.0,892.92,3393030,30297.13,39500.0,2338354.0,68.92
CGPOWER,EQ,2026-09-01,916.0,901.95,903.55,881.6,885.5,885.5,888.42,2969058,26377.77,72033.0,1600661.0,53.91
CGPOWER,EQ,2026-09-02,885.5,878.05,881.4,870.0,877.75,877.75,875.76,2061765,18056.04,62541.0,1117804.0,54.22
CGPOWER,EQ,2026-09-03,877.75,879.0,900.65,875.4,895.0,895.0,889.93,2285287,20337.41,51636.0,981836.0,42.96
CGPOWER,EQ,2026-09-04,895.0,895.0,899.8,888.05,891.0,891.0,894.74,2159759,19324.33,39300.0,1095265.0,50.71
CGPOWER,EQ,2026-09-07,891.0,902.0,912.05,894.25,895.0,895.0,903.08,3937949,35563.02,89241.0,1389769.0,35.29
CGPOWER,EQ,2026-09-08,895.0,894.9,915.0,892.0,910.7,910.7,908.31,2618950,23788.14,55190.0,1268585.0,48.44
CGPOWER,EQ,2026-09-09,910.7,910.7,930.55,910.0,926.95,926.95,922.86,3454657,31881.78,71086.0,1623023.0,46.98
CGPOWER,EQ,2026-09-10,926.95,928.0,931.0,905.0,914.55,914.55,914.77,1989359,18197.99,45299.0,1069928.0,53.78
CGPOWER,EQ,2026-09-11,914.55,906.85,912.5,889.0,909.0,909.0,904.77,2163164,19571.71,44484.0,938166.0,52.05
CGPOWER,EQ,2026-09-16,858.0,858.0,864.2,838.55,851.55,851.55,853.41,1882336,16064.0,58097.0,789911.0,41.96
CGPOWER,EQ,2026-09-18,880.0,883.65,911.0,881.3,892.0,892.0,901.61,3114673,28082.28,51681.0,1520654.0,48.82
CGPOWER,EQ,2026-09-24,895.0,877.1,896.4,877.1,886.7,886.7,888.63,1340393,11911.13,33370.0,649925.0,48.49
ELECON,EQ,2025-09-25,595.85,594.8,594.8,580.1,583.55,584.45,586.2,235025,1377.73,16537.0,100435.0,42.73
ELECON,EQ,2025-09-26,584.45,583.05,584.0,563.45,566.0,565.7,570.94,281316,1606.16,19291.0,152859.0,54.34
ELECON,EQ,2025-09-30,557.9,558.8,571.65,558.5,569.0,567.9,565.12,229324,1295.96,17255.0,100224.0,43.7
ELECON,EQ,2025-10-01,567.9,568.0,592.85,567.9,587.2,586.85,584.81,664853,3888.16,34830.0,209943.0,31.58
ELECON,EQ,2025-10-07,602.5,608.4,626.0,596.6,618.5,619.65,615.63,1019426,6275.86,39176.0,386705.0,37.93
ELECON,EQ,2025-10-08,619.65,622.7,623.0,604.0,606.65,606.7,609.73,489437,2984.23,25535.0,275309.0,56.25
ELECON,EQ,2025-10-09,606.7,610.0,616.3,601.55,603.0,603.85,607.52,399395,2426.42,16769.0,175085.0,43.84
ELECON,EQ,2025-10-14,551.75,551.95,558.15,527.9,532.15,531.4,539.32,720145,3883.87,29110.0,335530.0,46.59
ELECON,EQ,2025-10-15,531.4,531.6,544.0,528.3,542.4,542.25,537.22,341798,1836.2,14548.0,133639.0,39.1
ELECON,EQ,2025-10-16,542.25,545.0,551.85,541.5,542.25,543.05,546.0,280189,1529.84,15482.0,115038.0,41.06
ELECON,EQ,2025-10-17,543.05,540.05,543.1,536.0,539.0,541.4,540.16,312054,1685.58,15133.0,170771.0,54.72
ELECON,EQ,2025-10-20,541.4,541.0,547.3,538.85,544.95,543.65,543.75,216357,1176.44,15138.0,100730.0,46.56
ELECON,EQ,2025-10-21,543.65,550.0,555.4,549.0,552.4,553.7,553.17,129491,716.31,5232.0,83942.0,64.85
ELECON,EQ,2025-10-24,564.75,565.0,572.0,558.2,568.0,569.1,566.01,250373,1417.13,14104.0,127026.0,50.73
ELECON,EQ,2025-10-28,557.8,556.0,565.8,552.2,556.0,557.15,558.71,307478,1717.91,17992.0,110486.0,35.93
ELECON,EQ,2025-10-29,557.15,553.0,563.15,551.3,557.0,560.0,557.7,240900,1343.49,15016.0,103306.0,42.88
ELECON,EQ,2025-11-03,561.45,561.45,570.45,555.0,557.5,557.65,560.93,287587,1613.16,17599.0,146333.0,50.88
ELECON,EQ,2025-11-06,565.3,565.2,565.2,544.0,546.5,546.05,549.69,313738,1724.57,13479.0,161685.0,51.54
ELECON,EQ,2025-11-07,546.05,541.05,546.5,535.45,541.25,537.75,540.98,258926,1400.73,14052.0,125654.0,48.53
ELECON,EQ,2025-11-10,537.75,539.0,540.4,522.05,524.0,523.55,526.76,314919,1658.85,18622.0,196708.0,62.46
ELECON,EQ,2025-11-11,523.55,523.55,525.25,510.0,515.3,513.4,515.97,345395,1782.13,15412.0,219190.0,63.46
ELECON,EQ,2025-11-12,513.4,514.0,526.6,511.95,526.5,525.75,521.16,304357,1586.19,14162.0,156535.0,51.43
ELECON,EQ,2025-11-14,540.35,541.95,553.3,532.7,535.65,535.65,542.24,274135,1486.47,20232.0,102596.0,37.43
ELECON,EQ,2025-11-17,535.65,535.65,547.0,532.0,546.0,545.55,540.73,288146,1558.1,24080.0,142876.0,49.58
ELECON,EQ,2025-11-18,545.55,546.0,548.95,535.0,538.5,536.15,539.35,171221,923.47,18112.0,102517.0,59.87
ELECON,EQ,2025-11-19,536.15,535.0,552.85,533.2,537.0,538.7,542.17,390159,2115.32,23995.0,132814.0,34.04
ELECON,EQ,2025-11-20,538.7,538.7,539.1,529.0,532.0,532.45,533.61,183668,980.08,10416.0,91016.0,49.55
ELECON,EQ,2025-11-21,532.45,532.0,540.95,510.0,514.25,514.35,521.73,354567,1849.89,19920.0,181582.0,51.21
ELECON,EQ,2025-11-24,514.35,514.9,517.2,491.0,492.5,494.4,500.45,546364,2734.27,22197.0,339780.0,62.19
ELECON,EQ,2025-11-26,497.75,501.0,507.4,498.6,502.6,503.15,502.69,222045,1116.2,18752.0,105954.0,47.72
ELECON,EQ,2025-11-27,503.15,507.5,507.5,495.9,500.0,499.55,499.69,176494,881.93,10666.0,86154.0,48.81
ELECON,EQ,2025-11-28,499.55,502.05,513.7,496.8,504.7,504.45,505.55,380380,1923.03,22790.0,174157.0,45.79
ELECON,EQ,2025-12-01,504.45,503.0,505.7,489.55,491.3,491.2,495.76,278424,1380.32,16191.0,162929.0,58.52
ELECON,EQ,2025-12-02,491.2,488.1,492.2,485.55,486.0,487.85,488.6,186985,913.61,13499.0,88931.0,47.56
ELECON,EQ,2025-12-03,487.85,485.0,488.85,474.25,483.05,482.2,479.1,433373,2076.31,32687.0,256089.0,59.09
ELECON,EQ,2025-12-05,479.5,479.5,482.7,471.0,474.8,474.45,474.91,226853,1077.35,12537.0,124904.0,55.06
ELECON,EQ,2025-12-08,474.45,474.8,476.55,465.95,473.9,473.1,470.72,308162,1450.57,27921.0,177632.0,57.64
ELECON,EQ,2025-12-09,473.1,470.75,479.3,461.0,477.0,476.95,472.27,232601,1098.5,18485.0,106359.0,45.73
ELECON,EQ,2025-12-10,476.95,478.75,488.55,472.0,472.5,474.45,480.03,178539,857.04,12011.0,78347.0,43.88
ELECON,EQ,2025-12-15,482.85,482.4,488.5,479.25,485.0,484.7,485.0,191491,928.73,13646.0,82295.0,42.98
ELECON,EQ,2025-12-16,484.7,482.55,488.0,478.0,480.15,481.15,482.31,134702,649.69,11087.0,76397.0,56.72
ELECON,EQ,2025-12-18,475.05,475.05,475.1,466.25,472.35,471.3,470.7,113324,533.41,10932.0,54006.0,47.66
ELECON,EQ,2025-12-19,471.3,471.3,484.95,470.0,484.0,482.8,478.67,298741,1429.98,13575.0,150203.0,50.28
ELECON,EQ,2025-12-23,490.45,491.0,498.0,489.3,491.6,492.15,492.89,139397,687.07,8027.0,67548.0,48.46
ELECON,EQ,2025-12-24,492.15,490.3,492.5,480.0,480.2,480.85,486.02,174546,848.33,8347.0,115501.0,66.17
ELECON,EQ,2025-12-26,480.85,484.0,488.85,476.25,481.0,478.5,481.46,152561,734.52,9289.0,76757.0,50.31
ELECON,EQ,2025-12-29,478.5,479.95,486.8,474.75,479.8,475.85,479.87,236112,1133.02,13985.0,129027.0,54.65
ELECON,EQ,2025-12-30,475.85,479.6,480.55,465.15,470.0,470.2,471.48,505191,2381.88,28384.0,280637.0,55.55
ELECON,EQ,2025-12-31,470.2,468.0,483.55,467.3,481.6,481.45,477.6,245207,1171.11,14209.0,143146.0,58.38
ELECON,EQ,2026-01-01,481.45,482.55,489.55,479.0,480.5,480.7,482.32,169972,819.81,13031.0,87152.0,51.27
ELECON,EQ,2026-01-02,480.7,482.0,516.0,481.9,501.0,501.0,503.88,1908336,9615.73,61903.0,445615.0,23.35
ELECON,EQ,2026-01-06,497.55,499.1,501.0,476.9,479.9,479.3,484.25,448471,2171.73,24200.0,243106.0,54.21
ELECON,EQ,2026-01-07,479.3,480.0,524.5,480.0,518.65,517.85,514.87,12148545,62549.67,179536.0,1005218.0,8.27
ELECON,EQ,2026-01-08,517.85,520.95,533.2,497.2,504.0,503.35,513.3,2418769,12415.52,56725.0,375437.0,15.52
ELECON,EQ,2026-01-09,503.35,449.35,457.8,415.05,420.35,423.55,432.47,12333997,53340.59,183737.0,1664977.0,13.5
ELECON,EQ,2026-01-12,423.55,421.6,426.0,395.35,411.0,409.9,406.97,4308251,17533.26,77850.0,623576.0,14.47
ELECON,EQ,2026-01-13,409.9,416.85,422.8,397.5,397.5,400.6,404.89,1760588,7128.38,39198.0,424275.0,24.1
ELECON,EQ,2026-01-14,400.6,401.95,405.35,391.95,396.45,395.95,396.51,1105071,4381.76,31385.0,329143.0,29.78
ELECON,EQ,2026-01-19,391.9,390.0,390.25,382.5,386.75,386.2,385.74,463915,1789.49,14800.0,170915.0,36.84
ELECON,EQ,2026-01-20,386.2,386.05,387.6,372.5,374.0,375.1,379.01,775633,2939.69,24168.0,277431.0,35.77
ELECON,EQ,2026-01-21,375.1,375.1,383.0,361.5,379.0,378.7,372.04,1096767,4080.37,44380.0,282052.0,25.72
ELECON,EQ,2026-01-23,378.65,380.3,381.0,369.3,375.05,375.0,374.51,370363,1387.06,18816.0,190610.0,51.47
ELECON,EQ,2026-01-28,368.45,369.0,391.0,369.0,390.7,389.5,382.37,417521,1596.47,12814.0,178596.0,42.78
ELECON,EQ,2026-01-30,394.5,394.5,415.0,392.2,407.0,408.1,407.12,559920,2279.57,18793.0,201491.0,35.99
ELECON,EQ,2026-02-02,394.65,394.0,404.9,389.8,403.45,401.7,397.66,262809,1045.08,10209.0,102301.0,38.93
ELECON,EQ,2026-02-03,401.7,421.0,454.0,410.45,449.0,447.05,436.14,1643650,7168.55,45140.0,579505.0,35.26
ELECON,EQ,2026-02-04,447.05,446.95,458.9,435.95,455.0,455.7,449.53,541582,2434.57,20102.0,157013.0,28.99
ELECON,EQ,2026-02-06,438.5,437.0,446.85,434.0,441.5,442.35,442.61,246424,1090.7,14618.0,77991.0,31.65
ELECON,EQ,2026-02-09,442.35,444.85,491.0,444.0,478.1,480.05,479.6,2408017,11548.89,71579.0,504434.0,20.95
ELECON,EQ,2026-02-10,480.05,480.05,494.0,466.1,469.0,469.0,479.14,950278,4553.19,28005.0,474849.0,49.97
ELECON,EQ,2026-02-11,469.0,470.5,475.0,453.0,455.9,455.3,460.08,383254,1763.28,13530.0,142557.0,37.2
ELECON,EQ,2026-02-12,455.3,457.5,463.0,442.7,449.0,444.7,450.34,227881,1026.25,10742.0,93455.0,41.01
ELECON,EQ,2026-02-13,444.7,444.7,444.7,431.3,432.0,434.2,435.15,191768,834.48,9240.0,80288.0,41.87
ELECON,EQ,2026-02-16,434.2,434.2,441.3,426.95,436.9,434.45,433.13,221878,961.02,9746.0,77015.0,34.71
ELECON,EQ,2026-02-17,434.45,432.65,448.5,432.65,441.0,440.75,443.13,200495,888.45,11255.0,68553.0,34.19
ELECON,EQ,2026-02-18,440.75,443.0,444.2,436.0,438.15,439.1,439.76,185210,814.47,9385.0,79785.0,43.08
ELECON,EQ,2026-02-23,421.3,423.05,431.8,423.0,426.35,426.35,426.94,166681,711.62,10193.0,79790.0,47.87
ELECON,EQ,2026-02-24,426.35,426.4,431.8,416.5,420.95,419.7,422.33,235468,994.46,11695.0,104243.0,44.27
ELECON,EQ,2026-02-26,423.15,422.9,430.9,419.3,420.85,423.55,423.8,120546,510.87,8616.0,42301.0,35.09
ELECON,EQ,2026-02-27,423.55,423.35,426.7,413.3,417.0,415.85,418.13,178733,747.34,10827.0,97232.0,54.4
ELECON,EQ,2026-03-02,415.85,397.0,416.5,393.0,408.25,406.0,405.69,336982,1367.1,21339.0,162425.0,48.2
ELECON,EQ,2026-03-04,406.0,402.45,403.0,388.95,391.75,392.4,394.61,274014,1081.28,19042.0,123646.0,45.12
ELECON,EQ,2026-03-05,392.4,394.15,403.4,389.25,397.0,399.9,393.93,214729,845.89,12956.0,96378.0,44.88
ELECON,EQ,2026-03-06,399.9,400.0,436.0,397.4,407.0,410.15,420.52,1836415,7722.51,58716.0,276206.0,15.04
ELECON,EQ,2026-03-09,410.15,400.0,408.6,390.5,407.0,405.45,400.25,298962,1196.58,17659.0,103860.0,34.74
ELECON,EQ,2026-03-12,401.3,395.0,398.75,384.5,392.0,391.0,391.0,481045,1880.91,18573.0,219029.0,45.53
ELECON,EQ,2026-03-13,391.0,390.0,392.95,374.85,382.0,380.65,382.68,417893,1599.2,17560.0,198770.0,47.56
ELECON,EQ,2026-03-16,380.65,380.0,380.7,366.3,376.35,375.65,373.02,345882,1290.2,17926.0,144689.0,41.83
ELECON,EQ,2026-03-18,382.8,383.05,416.0,383.05,397.0,397.75,401.01,601580,2412.4,24252.0,216986.0,36.07
ELECON,EQ,2026-03-19,397.75,391.75,393.45,380.75,387.0,383.35,386.15,544917,2104.21,13975.0,381059.0,69.93
ELECON,EQ,2026-03-23,389.85,388.85,388.85,372.5,379.1,379.05,378.54,416909,1578.18,17930.0,197782.0,47.44
ELECON,EQ,2026-03-24,379.05,390.75,393.0,373.15,384.0,384.55,381.54,509541,1944.11,18726.0,203006.0,39.84
ELECON,EQ,2026-03-27,387.25,386.0,386.75,370.1,370.55,372.3,373.43,525878,1963.77,20039.0,299356.0,56.92
ELECON,EQ,2026-03-30,372.3,370.0,370.0,352.0,357.0,354.75,359.59,586379,2108.57,20144.0,270608.0,46.15
ELECON,EQ,2026-04-01,354.75,367.95,387.65,367.15,383.4,381.35,379.89,587693,2232.58,23193.0,187535.0,31.91
ELECON,EQ,2026-04-07,391.6,390.0,395.95,385.05,395.0,394.95,392.07,246511,966.49,10332.0,99712.0,40.45
ELECON,EQ,2026-04-08,394.95,411.4,424.6,403.1,419.9,419.6,416.92,741690,3092.27,36747.0,378461.0,51.03
ELECON,EQ,2026-04-09,419.6,423.5,431.3,420.25,429.0,425.85,426.43,575764,2455.23,24614.0,238006.0,41.34
ELECON,EQ,2026-04-10,425.85,430.0,435.5,414.5,421.5,419.5,423.02,1024193,4332.5,34402.0,416482.0,40.66
ELECON,EQ,2026-04-13,419.5,413.0,421.4,406.5,416.4,414.75,414.43,524333,2173.02,20995.0,180288.0,34.38
ELECON,EQ,2026-04-15,414.75,421.95,432.4,400.5,416.0,412.85,413.58,2614306,10812.25,77029.0,452036.0,17.29
ELECON,EQ,2026-04-16,412.85,410.0,421.75,403.0,406.5,406.25,409.63,963584,3947.14,28494.0,411302.0,42.68
ELECON,EQ,2026-04-17,406.25,409.5,415.2,405.4,413.2,412.75,411.03,720780,2962.6,19252.0,365618.0,50.73
ELECON,EQ,2026-04-20,412.75,414.95,441.9,405.8,432.4,435.55,427.99,1595370,6827.97,41060.0,534402.0,33.5
ELECON,EQ,2026-04-22,471.55,467.8,511.0,464.15,506.9,504.1,489.76,2483381,12162.7,60233.0,777175.0,31.3
ELECON,EQ,2026-04-23,504.1,505.0,524.45,498.8,512.05,512.75,513.55,2285489,11737.04,54596.0,673290.0,29.46
ELECON,EQ,2026-04-24,512.75,512.05,516.35,496.55,514.05,512.75,507.3,990609,5025.37,32351.0,395590.0,39.93
ELECON,EQ,2026-04-27,512.75,515.1,520.8,495.0,496.25,497.45,507.48,465052,2360.05,15133.0,172403.0,37.07
ELECON,EQ,2026-04-28,497.45,497.4,501.55,475.9,480.0,479.2,484.0,617942,2990.82,21687.0,322914.0,52.26
ELECON,EQ,2026-04-29,479.2,481.6,494.9,472.2,487.5,488.25,482.81,1213202,5857.46,24420.0,713823.0,58.84
ELECON,EQ,2026-04-30,488.25,487.0,509.6,481.3,508.0,506.65,498.15,783278,3901.9,23209.0,307298.0,39.23
ELECON,EQ,2026-05-04,506.65,512.0,528.7,501.2,524.5,525.65,517.12,677646,3504.23,24294.0,305016.0,45.01
ELECON,EQ,2026-05-06,529.2,534.0,579.0,534.0,559.0,557.65,561.31,4498290,25249.34,110416.0,975928.0,21.7
ELECON,EQ,2026-05-07,557.65,560.5,574.9,560.0,565.5,562.65,567.46,869625,4934.76,27521.0,387065.0,44.51
ELECON,EQ,2026-05-08,562.65,564.1,566.85,554.05,562.4,557.65,559.95,809818,4534.61,26837.0,474738.0,58.62
ELECON,EQ,2026-05-12,529.25,528.0,531.6,500.0,504.0,502.0,514.06,631023,3243.83,32638.0,286239.0,45.36
ELECON,EQ,2026-05-13,502.0,491.7,512.85,491.7,505.0,505.8,505.3,385205,1946.44,15726.0,139375.0,36.18
ELECON,EQ,2026-05-15,499.0,498.0,498.6,482.3,485.7,484.85,489.0,291589,1425.88,16074.0,134624.0,46.17
ELECON,EQ,2026-05-18,484.85,478.0,487.0,469.65,483.5,484.3,479.38,402116,1927.65,19204.0,157028.0,39.05
ELECON,EQ,2026-05-19,484.3,478.1,487.45,478.1,485.0,485.15,484.46,290864,1409.13,12551.0,149155.0,51.28
ELECON,EQ,2026-05-20,485.15,484.75,488.5,475.5,485.0,486.25,483.63,192164,929.36,8369.0,84237.0,43.84
ELECON,EQ,2026-05-21,486.25,490.0,520.35,488.05,510.0,504.15,507.0,1484242,7525.11,43436.0,411837.0,27.75
ELECON,EQ,2026-05-22,504.15,509.9,539.5,508.0,533.95,533.25,532.42,3521385,18748.39,83236.0,471998.0,13.4
ELECON,EQ,2026-05-25,533.25,538.0,550.0,527.85,544.0,547.4,541.0,876345,4741.05,24678.0,348509.0,39.77
ELECON,EQ,2026-05-27,525.15,525.15,539.7,525.15,531.0,532.7,533.47,354129,1889.18,12627.0,138304.0,39.05
ELECON,EQ,2026-05-29,532.7,531.0,537.15,506.35,513.95,510.0,519.18,792179,4112.8,23003.0,439780.0,55.52
ELECON,EQ,2026-06-02,504.55,501.0,510.85,496.35,510.0,508.9,504.38,265564,1339.45,10961.0,112842.0,42.49
ELECON,EQ,2026-06-04,505.35,509.1,526.0,504.45,506.65,506.2,515.98,472596,2438.49,18172.0,128251.0,27.14
ELECON,EQ,2026-06-05,506.2,510.9,534.0,506.65,530.0,531.35,526.9,870558,4587.0,25956.0,258912.0,29.74
ELECON,EQ,2026-06-08,531.35,525.15,525.15,512.6,523.7,521.1,520.38,326256,1697.76,13667.0,139998.0,42.91
ELECON,EQ,2026-06-09,521.1,524.6,541.0,522.0,532.0,532.85,534.25,726820,3883.06,26508.0,255348.0,35.13
ELECON,EQ,2026-06-10,532.85,536.8,545.65,519.2,529.0,522.95,533.06,584395,3115.19,22524.0,225108.0,38.52
ELECON,EQ,2026-06-11,522.95,521.6,537.9,512.0,528.65,528.1,526.98,777197,4095.67,20285.0,427296.0,54.98
ELECON,EQ,2026-06-12,528.1,534.8,551.5,528.7,533.9,536.85,541.24,1246417,6746.16,32849.0,377160.0,30.26
ELECON,EQ,2026-06-15,536.85,542.5,564.0,532.9,562.5,560.35,554.43,1503475,8335.76,37132.0,578166.0,38.46
ELECON,EQ,2026-06-16,560.35,567.05,576.0,552.35,554.4,556.4,564.59,1322802,7468.47,36031.0,428683.0,32.41
ELECON,EQ,2026-06-17,556.4,559.3,566.45,553.35,557.2,558.65,560.19,415123,2325.47,13797.0,149977.0,36.13
ELECON,EQ,2026-06-18,558.65,565.0,565.0,533.0,534.15,535.0,541.64,807429,4373.39,25540.0,352997.0,43.72
ELECON,EQ,2026-06-23,545.05,545.05,553.7,536.25,540.3,542.85,544.56,352490,1919.51,16055.0,132528.0,37.6
ELECON,EQ,2026-06-24,542.85,542.95,542.95,528.4,530.8,530.85,534.52,281973,1507.21,12370.0,117568.0,41.69
ELECON,EQ,2026-06-25,530.85,532.9,535.95,517.0,525.55,522.2,524.06,445757,2336.05,13884.0,217285.0,48.75
ELECON,EQ,2026-06-29,522.2,522.2,528.0,515.35,527.3,522.8,521.71,236119,1231.86,11793.0,78404.0,33.21
ELECON,EQ,2026-06-30,522.8,525.35,539.9,523.0,534.5,533.8,532.75,303235,1615.49,17690.0,122257.0,40.32
ELECON,EQ,2026-07-01,533.8,540.5,553.85,539.0,547.0,549.95,548.4,578160,3170.66,19153.0,242879.0,42.01
ELECON,EQ,2026-07-03,540.5,542.0,545.35,522.15,522.15,526.7,530.58,280389,1487.69,11402.0,150954.0,53.84
ELECON,EQ,2026-07-07,531.05,531.05,534.5,507.65,509.8,509.25,513.81,560326,2879.0,18000.0,317313.0,56.63
ELECON,EQ,2026-07-08,509.25,509.25,510.45,495.0,499.0,498.05,502.98,277820,1397.38,11297.0,113777.0,40.95
ELECON,EQ,2026-07-13,510.55,502.1,520.95,497.95,502.75,502.0,509.55,580617,2958.53,20089.0,225420.0,38.82
ELECON,EQ,2026-07-14,502.0,501.0,503.3,483.6,486.0,486.55,490.57,402233,1973.23,14164.0,211457.0,52.57
ELECON,EQ,2026-07-16,478.0,479.95,479.95,456.0,462.5,461.0,465.78,588905,2742.98,27777.0,288189.0,48.94
ELECON,EQ,2026-07-17,461.0,462.45,469.95,450.8,467.0,464.35,457.3,334435,1529.37,12437.0,131021.0,39.18
ELECON,EQ,2026-07-20,464.35,464.35,473.85,453.35,455.0,455.0,461.62,401769,1854.66,19636.0,166593.0,41.46
ELECON,EQ,2026-07-21,455.0,455.3,459.1,447.9,449.0,449.7,451.5,262968,1187.29,9989.0,133264.0,50.68
ELECON,EQ,2026-07-22,449.7,448.0,450.15,434.7,437.5,437.1,439.68,321164,1412.08,12989.0,156108.0,48.61
ELECON,EQ,2026-07-23,437.1,437.3,444.0,432.0,432.45,433.0,436.41,295409,1289.18,13303.0,112846.0,38.2
ELECON,EQ,2026-07-24,433.0,427.0,431.7,419.2,423.15,421.65,423.11,859460,3636.46,31260.0,531367.0,61.83
ELECON,EQ,2026-07-27,421.65,424.0,436.85,418.35,423.0,423.7,425.43,1284270,5463.7,33590.0,711765.0,55.42
ELECON,EQ,2026-07-29,414.85,416.4,428.0,416.4,424.0,423.75,421.54,477598,2013.29,15988.0,273730.0,57.31
ELECON,EQ,2026-07-31,417.25,421.0,424.8,415.65,418.0,419.05,420.43,292053,1227.88,12399.0,147021.0,50.34
ELECON,EQ,2026-08-03,419.05,425.2,434.9,422.45,429.0,428.3,429.89,367171,1578.43,18457.0,180396.0,49.13
ELECON,EQ,2026-08-04,428.3,431.6,444.2,427.0,429.25,429.55,436.22,803384,3504.54,25612.0,388361.0,48.34
ELECON,EQ,2026-08-05,429.55,433.2,442.5,431.45,437.7,435.3,437.49,420022,1837.55,18637.0,190702.0,45.4
ELECON,EQ,2026-08-07,450.45,450.65,450.65,432.1,436.0,437.85,440.48,370664,1632.71,11144.0,175943.0,47.47
ELECON,EQ,2026-08-10,437.85,435.45,447.0,431.35,437.5,437.75,439.99,359492,1581.72,19027.0,152199.0,42.34
ELECON,EQ,2026-08-11,437.75,437.75,440.25,433.9,434.7,436.4,436.2,172186,751.07,7789.0,87539.0,50.84
ELECON,EQ,2026-08-13,441.45,441.45,448.15,437.6,442.0,443.3,442.08,252466,1116.11,11691.0,92993.0,36.83
ELECON,EQ,2026-08-14,443.3,440.6,445.2,425.2,429.9,432.35,435.91,406869,1773.59,10916.0,235260.0,57.82
ELECON,EQ,2026-08-17,432.35,428.0,439.15,427.35,438.8,438.25,434.57,238681,1037.24,12464.0,114061.0,47.79
ELECON,EQ,2026-08-18,438.25,440.5,444.75,431.65,435.0,433.95,438.8,309070,1356.2,12116.0,143889.0,46.56
ELECON,EQ,2026-08-19,433.95,435.0,435.3,427.0,427.0,428.85,429.91,188815,811.74,8417.0,95388.0,50.52
ELECON,EQ,2026-08-21,451.7,454.0,455.0,443.2,449.9,451.55,449.93,433951,1952.48,14858.0,202165.0,46.59
ELECON,EQ,2026-08-24,451.55,451.55,459.3,436.0,437.0,438.55,447.01,352599,1576.15,11171.0,162561.0,46.1
ELECON,EQ,2026-08-25,438.55,434.15,437.6,424.8,427.4,426.25,430.04,396621,1705.65,15413.0,194054.0,48.93
ELECON,EQ,2026-08-27,425.3,426.7,429.9,421.25,423.95,423.25,424.58,185307,786.78,8150.0,81451.0,43.95
ELECON,EQ,2026-08-31,425.25,425.25,425.25,410.0,412.4,411.85,414.48,369638,1532.07,14420.0,223641.0,60.5
ELECON,EQ,2026-09-01,411.85,411.75,419.0,409.05,413.25,412.25,413.21,279355,1154.31,12032.0,113434.0,40.61
ELECON,EQ,2026-09-02,412.25,412.6,418.35,406.2,418.35,416.6,413.31,329056,1360.02,22353.0,141600.0,43.03
ELECON,EQ,2026-09-03,416.6,418.75,457.0,418.5,436.5,435.95,446.17,7394075,32990.03,139607.0,680034.0,9.2
ELECON,EQ,2026-09-04,435.95,436.5,442.5,428.75,433.0,433.75,435.34,535067,2329.35,20353.0,159527.0,29.81
ELECON,EQ,2026-09-07,433.75,431.65,434.3,423.15,427.75,426.7,427.61,259797,1110.92,11198.0,110362.0,42.48
ELECON,EQ,2026-09-08,426.7,426.9,428.0,420.0,422.6,421.15,422.67,163985,693.11,7417.0,72127.0,43.98
ELECON,EQ,2026-09-09,421.15,421.95,427.35,416.8,420.0,419.4,421.28,286939,1208.81,10539.0,110990.0,38.68
ELECON,EQ,2026-09-10,419.4,419.55,423.85,418.0,419.75,420.5,420.82,155904,656.07,7961.0,55147.0,35.37
ELECON,EQ,2026-09-11,420.5,418.0,426.0,412.1,423.0,422.1,419.67,298340,1252.05,11387.0,106397.0,40.54
ELECON,EQ,2026-09-16,413.5,413.0,413.05,402.4,407.0,407.35,407.11,162968,663.46,10123.0,77818.0,47.75
ELECON,EQ,2026-09-18,414.6,414.6,424.95,414.0,417.5,421.2,419.61,301790,1266.34,14095.0,93911.0,31.12
ENRIN,EQ,2025-09-25,3510.2,3499.1,3557.0,3472.0,3527.8,3527.8,3518.93,487362,17149.93,,219313.0,45.0
ENRIN,EQ,2025-09-26,3527.8,3516.0,3608.1,3476.0,3516.2,3516.2,3533.43,616010,21766.28,,277204.0,45.0
ENRIN,EQ,2025-09-30,3516.2,3485.1,3514.8,3403.0,3432.8,3432.8,3450.2,432263,14913.94,,194518.0,45.0
ENRIN,EQ,2025-10-01,3432.8,3430.0,3446.9,3384.9,3399.2,3399.2,3410.33,271735,9267.06,,122281.0,45.0
ENRIN,EQ,2025-10-07,3236.4,3251.0,3356.0,3245.7,3282.3,3282.3,3294.67,425040,14003.67,,191268.0,45.0
ENRIN,EQ,2025-10-08,3282.3,3285.0,3353.0,3260.0,3342.2,3342.2,3318.4,517546,17174.25,,232896.0,45.0
ENRIN,EQ,2025-10-09,3342.2,3350.0,3350.0,3232.0,3241.1,3241.1,3274.37,469760,15381.68,,211392.0,45.0
ENRIN,EQ,2025-10-14,3183.4,3183.3,3210.0,3135.0,3197.3,3197.3,3180.77,335064,10657.62,,150779.0,45.0
ENRIN,EQ,2025-10-15,3197.3,3204.0,3204.0,3130.0,3144.2,3144.2,3159.4,347219,10970.04,,156249.0,45.0
ENRIN,EQ,2025-10-16,3144.2,3154.0,3181.7,3110.2,3139.9,3139.9,3143.93,324000,10186.33,,145800.0,45.0
ENRIN,EQ,2025-10-17,3139.9,3145.8,3158.8,3108.3,3116.7,3116.7,3127.93,208531,6522.7,,93839.0,45.0
ENRIN,EQ,2025-10-20,3116.7,3116.9,3148.0,3095.0,3100.8,3100.8,3114.6,196576,6122.56,,88459.0,45.0
ENRIN,EQ,2025-10-21,3100.8,3124.0,3159.0,3105.0,3144.7,3144.7,3136.23,34372,1077.98,,15467.0,45.0
ENRIN,EQ,2025-10-24,3141.9,3150.0,3185.0,3115.0,3138.4,3138.4,3146.13,327942,10317.48,,147574.0,45.0
ENRIN,EQ,2025-10-28,3153.4,3153.1,3155.0,3087.6,3101.3,3101.3,3114.63,334524,10419.18,,150536.0,45.0
ENRIN,EQ,2025-10-29,3101.3,3102.0,3149.9,3044.5,3134.3,3134.3,3109.57,747722,23250.94,,336475.0,45.0
ENRIN,EQ,2025-11-03,3134.3,3198.7,3237.0,3178.0,3206.3,3206.3,3207.1,211143,6771.57,,95014.0,45.0
ENRIN,EQ,2025-11-06,3245.4,3280.0,3304.0,3150.4,3185.6,3185.6,3213.33,697833,22423.68,,314025.0,45.0
ENRIN,EQ,2025-11-07,3185.6,3175.0,3243.2,3095.0,3228.2,3228.2,3188.8,464412,14809.17,,208985.0,45.0
ENRIN,EQ,2025-11-10,3228.2,3248.9,3309.9,3237.9,3282.1,3282.1,3276.63,357564,11716.05,,160904.0,45.0
ENRIN,EQ,2025-11-11,3282.1,3311.6,3328.6,3225.0,3248.2,3248.2,3267.27,297925,9734.01,,134066.0,45.0
ENRIN,EQ,2025-11-12,3248.2,3278.0,3300.0,3250.5,3283.6,3283.6,3278.03,324320,10631.31,,145944.0,45.0
ENRIN,EQ,2025-11-14,3298.5,3280.5,3303.0,3231.0,3257.6,3257.6,3263.87,284739,9293.51,,128133.0,45.0
ENRIN,EQ,2025-11-17,3257.6,3274.0,3312.6,3274.0,3296.1,3296.1,3294.23,217701,7171.57,,97965.0,45.0
ENRIN,EQ,2025-11-18,3296.1,3317.0,3380.0,3312.5,3348.9,3348.9,3347.13,539522,18058.5,,242785.0,45.0
ENRIN,EQ,2025-11-19,3348.9,3333.0,3392.0,3304.4,3314.9,3314.9,3337.1,412298,13758.8,,185534.0,45.0
ENRIN,EQ,2025-11-20,3314.9,3334.0,3388.1,3315.0,3346.0,3346.0,3349.7,493812,16541.22,,222215.0,45.0
ENRIN,EQ,2025-11-21,3346.0,3358.5,3384.0,3270.0,3332.9,3332.9,3328.97,362284,12060.33,,163028.0,45.0
ENRIN,EQ,2025-11-24,3332.9,3348.0,3376.8,3073.6,3162.9,3162.9,3204.43,14975777,479888.29,,6739100.0,45.0
ENRIN,EQ,2025-11-26,3162.9,3130.0,3156.9,3097.8,3113.7,3113.7,3122.8,934038,29168.14,,420317.0,45.0
ENRIN,EQ,2025-11-27,3113.7,3133.0,3152.1,3088.3,3111.6,3111.6,3117.33,724788,22594.03,,326155.0,45.0
ENRIN,EQ,2025-11-28,3111.6,3134.8,3239.0,3118.0,3159.6,3159.6,3172.2,961631,30504.86,,432734.0,45.0
ENRIN,EQ,2025-12-01,3159.6,3170.0,3174.5,3114.0,3140.9,3140.9,3143.13,258130,8113.36,,116158.0,45.0
ENRIN,EQ,2025-12-02,3140.9,3145.0,3197.7,3139.4,3194.3,3194.3,3177.13,443633,14094.8,,199635.0,45.0
ENRIN,EQ,2025-12-03,3194.3,3200.0,3214.0,3123.5,3150.5,3150.5,3162.67,274280,8674.57,,123426.0,45.0
ENRIN,EQ,2025-12-05,3100.7,3118.0,3138.0,3075.0,3098.2,3098.2,3103.73,372926,11574.62,,167817.0,45.0
ENRIN,EQ,2025-12-08,3098.2,3100.0,3119.8,2931.6,2953.8,2953.8,3001.73,518818,15573.52,,233468.0,45.0
ENRIN,EQ,2025-12-09,2953.8,2952.0,3042.7,2933.0,3032.8,3032.8,3002.83,563954,16934.58,,253779.0,45.0
ENRIN,EQ,2025-12-10,3032.8,3042.0,3078.9,2981.7,2996.3,2996.3,3018.97,409895,12374.61,,184453.0,45.0
ENRIN,EQ,2025-12-15,2905.4,2905.0,2999.0,2903.6,2945.6,2945.6,2949.4,456360,13459.88,,205362.0,45.0
ENRIN,EQ,2025-12-16,2945.6,2957.9,3024.2,2942.1,2979.8,2979.8,2982.03,612192,18255.75,,275486.0,45.0
ENRIN,EQ,2025-12-18,2971.7,2962.0,2964.4,2828.0,2839.4,2839.4,2877.27,768526,22112.57,,345837.0,45.0
ENRIN,EQ,2025-12-19,2839.4,2860.0,2875.0,2702.0,2747.0,2747.0,2774.67,4395833,121969.86,,1978125.0,45.0
ENRIN,EQ,2025-12-23,2616.5,2630.0,2654.9,2564.1,2593.4,2593.4,2604.13,1736147,45211.52,,781266.0,45.0
ENRIN,EQ,2025-12-24,2593.4,2596.8,2611.0,2580.8,2595.5,2595.5,2595.77,573553,14888.12,,258099.0,45.0
ENRIN,EQ,2025-12-26,2595.5,2605.0,2644.0,2598.9,2625.1,2625.1,2622.67,488094,12801.09,,219642.0,45.0
ENRIN,EQ,2025-12-29,2625.1,2639.0,2646.5,2572.0,2578.5,2578.5,2599.0,390571,10150.94,,175757.0,45.0
ENRIN,EQ,2025-12-30,2578.5,2578.1,2582.5,2540.1,2574.5,2574.5,2565.7,300101,7699.69,,135045.0,45.0
ENRIN,EQ,2025-12-31,2574.5,2574.0,2594.0,2556.1,2560.1,2560.1,2570.07,215819,5546.7,,97119.0,45.0
ENRIN,EQ,2026-01-01,2560.1,2561.1,2566.7,2526.1,2539.0,2539.0,2543.93,203170,5168.5,,91426.0,45.0
ENRIN,EQ,2026-01-02,2539.0,2541.0,2557.5,2521.9,2546.7,2546.7,2542.03,181253,4607.51,,81564.0,45.0
ENRIN,EQ,2026-01-06,2564.5,2573.8,2628.0,2567.5,2622.0,2622.0,2605.83,424253,11055.31,,190914.0,45.0
ENRIN,EQ,2026-01-07,2622.0,2619.1,2621.0,2574.0,2603.3,2603.3,2599.43,162918,4234.94,,73313.0,45.0
ENRIN,EQ,2026-01-08,2603.3,2598.1,2641.2,2513.8,2527.8,2527.8,2560.93,419780,10750.27,,188901.0,45.0
ENRIN,EQ,2026-01-09,2527.8,2519.8,2532.6,2385.2,2403.8,2403.8,2440.53,860998,21012.91,,387449.0,45.0
ENRIN,EQ,2026-01-12,2403.8,2404.0,2407.8,2321.2,2373.7,2373.7,2367.57,859118,20340.22,,386603.0,45.0
ENRIN,EQ,2026-01-13,2373.7,2383.0,2423.8,2368.2,2404.4,2404.4,2398.8,426428,10229.15,,191893.0,45.0
ENRIN,EQ,2026-01-14,2404.4,2404.0,2424.5,2339.0,2363.5,2363.5,2375.67,729905,17340.13,,328457.0,45.0
ENRIN,EQ,2026-01-19,2363.5,2328.0,2373.4,2297.6,2316.9,2316.9,2329.3,348821,8125.09,,156969.0,45.0
ENRIN,EQ,2026-01-20,2316.9,2319.0,2342.0,2229.8,2269.4,2269.4,2280.4,422879,9643.33,,190296.0,45.0
ENRIN,EQ,2026-01-21,2269.4,2259.0,2281.7,2216.7,2250.9,2250.9,2249.77,474791,10681.71,,213656.0,45.0
ENRIN,EQ,2026-01-23,2250.9,2211.0,2216.4,2115.0,2125.4,2125.4,2152.27,771845,16612.19,,347330.0,45.0
ENRIN,EQ,2026-01-28,2184.0,2205.0,2367.5,2200.0,2356.9,2356.9,2308.13,1001172,23108.35,,450527.0,45.0
ENRIN,EQ,2026-01-30,2481.5,2483.1,2538.6,2430.0,2487.2,2487.2,2485.27,509717,12667.84,,229373.0,45.0
ENRIN,EQ,2026-02-02,2487.2,2474.0,2482.3,2360.0,2438.8,2438.8,2427.03,284642,6908.35,,128089.0,45.0
ENRIN,EQ,2026-02-03,2438.8,2555.0,2585.7,2490.0,2529.8,2529.8,2535.17,576969,14627.14,,259636.0,45.0
ENRIN,EQ,2026-02-04,2529.8,2535.0,2665.0,2533.0,2604.6,2604.6,2600.87,948600,24671.85,,426870.0,45.0
ENRIN,EQ,2026-02-06,2598.9,2601.9,2749.9,2591.6,2740.6,2740.6,2694.03,1091498,29405.28,,491174.0,45.0
ENRIN,EQ,2026-02-09,2740.6,2750.0,2755.2,2645.0,2691.3,2691.3,2697.17,462672,12479.05,,208202.0,45.0
ENRIN,EQ,2026-02-10,2691.3,2700.1,2726.0,2675.0,2683.4,2683.4,2694.8,174431,4700.57,,78494.0,45.0
ENRIN,EQ,2026-02-11,2683.4,2683.4,2689.3,2633.4,2666.0,2666.0,2662.9,242002,6444.27,,108901.0,45.0
ENRIN,EQ,2026-02-12,2666.0,2690.0,2760.0,2681.1,2731.3,2731.3,2724.13,520833,14188.17,,234375.0,45.0
ENRIN,EQ,2026-02-13,2731.3,2725.0,2849.9,2682.6,2740.1,2740.1,2757.53,1006399,27751.75,,452880.0,45.0
ENRIN,EQ,2026-02-16,2740.1,2798.0,2870.0,2773.1,2809.3,2809.3,2817.47,971754,27378.88,,437289.0,45.0
ENRIN,EQ,2026-02-17,2809.3,2828.0,2844.7,2749.8,2797.2,2797.2,2797.23,347636,9724.18,,156436.0,45.0
ENRIN,EQ,2026-02-18,2797.2,2797.2,2838.0,2780.0,2798.5,2798.5,2805.5,216116,6063.13,,97252.0,45.0
ENRIN,EQ,2026-02-23,2774.6,2805.0,2834.6,2771.3,2815.7,2815.7,2807.2,163658,4594.21,,73646.0,45.0
ENRIN,EQ,2026-02-24,2815.7,2829.3,2928.0,2809.6,2906.8,2906.8,2881.47,520502,14998.11,,234226.0,45.0
ENRIN,EQ,2026-02-26,2906.8,2999.9,3020.6,2875.0,2920.3,2920.3,2938.63,530900,15601.19,,238905.0,45.0
ENRIN,EQ,2026-02-27,2920.3,2926.0,2994.9,2897.4,2930.9,2930.9,2941.07,680155,20003.83,,306070.0,45.0
ENRIN,EQ,2026-03-02,2930.9,2840.0,3015.0,2840.0,2972.7,2972.7,2942.57,706747,20796.53,,318036.0,45.0
ENRIN,EQ,2026-03-04,2972.7,2924.7,2998.0,2910.1,2942.0,2942.0,2950.03,500244,14757.35,,225110.0,45.0
ENRIN,EQ,2026-03-05,2942.0,2942.0,2987.9,2830.5,2863.9,2863.9,2894.1,474634,13736.38,,213585.0,45.0
ENRIN,EQ,2026-03-06,2863.9,2864.0,2927.9,2847.7,2920.6,2920.6,2898.73,186334,5401.32,,83850.0,45.0
ENRIN,EQ,2026-03-09,2920.6,2885.0,2940.0,2819.0,2883.2,2883.2,2880.73,297164,8560.49,,133724.0,45.0
ENRIN,EQ,2026-03-12,2942.8,2925.0,2925.0,2861.3,2866.9,2866.9,2884.4,119153,3436.85,,53619.0,45.0
ENRIN,EQ,2026-03-13,2866.9,2866.9,2930.0,2776.0,2796.9,2796.9,2834.3,230108,6521.95,,103549.0,45.0
ENRIN,EQ,2026-03-16,2796.9,2821.0,2843.5,2711.0,2787.7,2787.7,2780.73,321631,8943.69,,144734.0,45.0
ENRIN,EQ,2026-03-18,2768.9,2779.8,2907.7,2766.8,2840.6,2840.6,2838.37,442560,12561.49,,199152.0,45.0
ENRIN,EQ,2026-03-19,2840.6,2770.0,2812.1,2750.0,2755.2,2755.2,2772.43,192926,5348.74,,86817.0,45.0
ENRIN,EQ,2026-03-23,2755.2,2751.2,2758.5,2666.1,2696.1,2696.1,2706.9,221627,5999.22,,99732.0,45.0
ENRIN,EQ,2026-03-24,2696.1,2742.0,2752.3,2671.9,2688.0,2688.0,2704.07,221897,6000.25,,99854.0,45.0
ENRIN,EQ,2026-03-27,2771.4,2749.1,2749.1,2596.0,2629.4,2629.4,2658.17,559312,14867.46,,251690.0,45.0
ENRIN,EQ,2026-03-30,2629.4,2619.2,2661.0,2551.2,2565.5,2565.5,2592.57,357797,9276.14,,161009.0,45.0
ENRIN,EQ,2026-04-01,2565.5,2640.0,2652.8,2585.0,2613.9,2613.9,2617.23,438974,11488.96,,197538.0,45.0
ENRIN,EQ,2026-04-07,2620.2,2614.9,2646.3,2578.1,2629.0,2629.0,2617.8,203769,5334.26,,91696.0,45.0
ENRIN,EQ,2026-04-08,2629.0,2690.0,2719.0,2656.7,2701.7,2701.7,2692.47,438157,11797.25,,197171.0,45.0
ENRIN,EQ,2026-04-09,2701.7,2703.2,2774.4,2656.8,2767.7,2767.7,2732.97,412862,11283.39,,185788.0,45.0
ENRIN,EQ,2026-04-10,2767.7,2789.7,2855.4,2780.0,2813.5,2813.5,2816.3,294848,8303.8,,132682.0,45.0
ENRIN,EQ,2026-04-13,2813.5,2762.5,2885.0,2762.5,2849.2,2849.2,2832.23,316390,8960.89,,142376.0,45.0
ENRIN,EQ,2026-04-15,2849.2,2885.0,2939.0,2871.0,2918.3,2918.3,2909.43,392171,11409.94,,176477.0,45.0
ENRIN,EQ,2026-04-16,2918.3,2935.0,2982.0,2888.1,2901.3,2901.3,2923.8,301522,8815.9,,135685.0,45.0
ENRIN,EQ,2026-04-17,2901.3,2906.0,3056.0,2888.0,3019.6,3019.6,2987.87,505945,15116.98,,227675.0,45.0
ENRIN,EQ,2026-04-20,3019.6,3040.0,3171.0,3019.6,3138.4,3138.4,3109.67,830674,25831.22,,373803.0,45.0
ENRIN,EQ,2026-04-22,3138.4,3190.0,3255.9,3158.1,3188.2,3188.2,3200.73,477291,15276.8,,214781.0,45.0
ENRIN,EQ,2026-04-23,3188.2,3198.9,3294.4,3175.4,3221.6,3221.6,3230.47,606693,19599.04,,273012.0,45.0
ENRIN,EQ,2026-04-24,3221.6,3221.6,3289.0,3140.0,3205.1,3205.1,3211.37,530820,17046.59,,238869.0,45.0
ENRIN,EQ,2026-04-27,3205.1,3245.0,3261.2,3171.6,3192.4,3192.4,3208.4,395529,12690.15,,177988.0,45.0
ENRIN,EQ,2026-04-28,3192.4,3206.0,3284.0,3199.5,3233.7,3233.7,3239.07,601045,19468.27,,270470.0,45.0
ENRIN,EQ,2026-04-29,3233.7,3264.0,3368.0,3250.9,3310.0,3310.0,3309.63,922444,30529.48,,415100.0,45.0
ENRIN,EQ,2026-04-30,3310.0,3319.0,3319.0,3250.1,3278.8,3278.8,3282.63,378229,12415.86,,170203.0,45.0
ENRIN,EQ,2026-05-04,3278.8,3310.0,3340.0,3265.9,3320.7,3320.7,3308.87,271242,8975.05,,122059.0,45.0
ENRIN,EQ,2026-05-06,3320.7,3311.0,3323.7,3146.0,3185.8,3185.8,3218.5,597663,19235.78,,268948.0,45.0
ENRIN,EQ,2026-05-07,3185.8,3190.1,3201.8,3130.0,3139.5,3139.5,3157.1,527947,16667.81,,237576.0,45.0
ENRIN,EQ,2026-05-08,3139.5,3152.2,3260.7,3152.2,3183.2,3183.2,3198.7,513010,16409.65,,230854.0,45.0
ENRIN,EQ,2026-05-12,3157.8,3160.6,3207.0,3024.8,3055.6,3055.6,3095.8,235592,7293.46,,106016.0,45.0
ENRIN,EQ,2026-05-13,3055.6,3050.5,3132.9,3045.0,3112.6,3112.6,3096.83,281115,8705.65,,126502.0,45.0
ENRIN,EQ,2026-05-15,3112.6,3175.0,3180.0,3024.1,3086.1,3086.1,3096.73,662110,20503.76,,297950.0,45.0
ENRIN,EQ,2026-05-18,3086.1,3086.1,3099.9,3013.6,3060.7,3060.7,3058.07,204190,6244.27,,91886.0,45.0
ENRIN,EQ,2026-05-19,3060.7,3100.0,3174.0,3077.8,3163.5,3163.5,3138.43,495921,15564.13,,223164.0,45.0
ENRIN,EQ,2026-05-20,3163.5,3149.7,3494.0,3139.9,3459.6,3459.6,3364.5,3683159,123919.88,,1657422.0,45.0
ENRIN,EQ,2026-05-21,3459.6,3485.0,3684.6,3480.0,3574.5,3574.5,3579.7,2115768,75738.15,,952096.0,45.0
ENRIN,EQ,2026-05-22,3574.5,3570.0,3585.0,3479.3,3508.3,3508.3,3524.2,421025,14837.76,,189461.0,45.0
ENRIN,EQ,2026-05-25,3508.3,3534.0,3640.0,3425.0,3559.6,3559.6,3541.53,519128,18385.07,,233608.0,45.0
ENRIN,EQ,2026-05-27,3559.6,3470.7,3821.0,3470.0,3766.1,3766.1,3685.7,1961116,72280.85,,882502.0,45.0
ENRIN,EQ,2026-05-29,3766.1,3814.9,3968.0,3809.0,3872.1,3872.1,3883.03,2387595,92711.03,,1074418.0,45.0
ENRIN,EQ,2026-06-02,3872.1,3713.1,3713.1,3591.3,3623.3,3623.3,3642.57,496729,18093.7,,223528.0,45.0
ENRIN,EQ,2026-06-04,3686.6,3697.6,3818.9,3690.0,3700.9,3700.9,3736.6,627759,23456.84,,282492.0,45.0
ENRIN,EQ,2026-06-05,3700.9,3730.1,3775.0,3631.0,3647.9,3647.9,3684.63,356760,13145.29,,160542.0,45.0
ENRIN,EQ,2026-06-08,3647.9,3610.1,3614.9,3450.0,3501.0,3501.0,3521.97,271939,9577.61,,122373.0,45.0
ENRIN,EQ,2026-06-09,3501.0,3501.0,3577.7,3501.0,3547.5,3547.5,3542.07,231456,8198.33,,104155.0,45.0
ENRIN,EQ,2026-06-10,3547.5,3559.0,3576.1,3415.2,3424.8,3424.8,3472.03,394299,13690.18,,177435.0,45.0
ENRIN,EQ,2026-06-11,3424.8,3424.8,3498.5,3373.7,3412.5,3412.5,3428.23,353133,12106.21,,158910.0,45.0
ENRIN,EQ,2026-06-12,3412.5,3459.0,3650.0,3431.2,3606.9,3606.9,3562.7,676476,24100.81,,304414.0,45.0
ENRIN,EQ,2026-06-15,3606.9,3660.0,3687.4,3535.0,3550.9,3550.9,3591.1,324101,11638.79,,145845.0,45.0
ENRIN,EQ,2026-06-16,3550.9,3572.0,3649.0,3543.0,3608.9,3608.9,3600.3,420274,15131.12,,189123.0,45.0
ENRIN,EQ,2026-06-17,3608.9,3615.0,3797.9,3610.0,3785.2,3785.2,3731.03,797487,29754.48,,358869.0,45.0
ENRIN,EQ,2026-06-18,3785.2,3800.0,3808.0,3721.0,3783.4,3783.4,3770.8,414965,15647.5,,186734.0,45.0
ENRIN,EQ,2026-06-23,3783.4,3875.1,3909.9,3752.3,3793.6,3793.6,3818.6,372444,14222.15,,167600.0,45.0
ENRIN,EQ,2026-06-24,3793.6,3792.6,3840.4,3636.0,3725.3,3725.3,3733.9,542308,20249.24,,244039.0,45.0
ENRIN,EQ,2026-06-25,3725.3,3744.9,3796.7,3667.2,3685.8,3685.8,3716.57,346275,12869.55,,155824.0,45.0
ENRIN,EQ,2026-06-29,3685.8,3695.0,3711.5,3540.0,3583.9,3583.9,3611.8,501768,18122.86,,225796.0,45.0
ENRIN,EQ,2026-06-30,3583.9,3588.2,3710.0,3588.2,3683.3,3683.3,3660.5,389424,14254.87,,175241.0,45.0
ENRIN,EQ,2026-07-01,3683.3,3687.9,3760.0,3615.8,3639.8,3639.8,3671.87,355357,13048.25,,159911.0,45.0
ENRIN,EQ,2026-07-03,3549.5,3520.0,3520.0,3265.0,3281.5,3281.5,3355.5,1842862,61837.23,,829288.0,45.0
ENRIN,EQ,2026-07-07,3420.3,3420.1,3422.0,3321.0,3368.9,3368.9,3370.63,465183,15679.6,,209332.0,45.0
ENRIN,EQ,2026-07-08,3368.9,3349.1,3411.0,3317.1,3358.7,3358.7,3362.27,260633,8763.19,,117285.0,45.0
ENRIN,EQ,2026-07-13,3526.9,3495.1,3520.0,3389.6,3404.3,3404.3,3437.97,458909,15777.15,,206509.0,45.0
ENRIN,EQ,2026-07-14,3404.3,3379.0,3475.0,3344.3,3389.6,3389.6,3402.97,313888,10681.51,,141250.0,45.0
ENRIN,EQ,2026-07-16,3389.6,3500.0,3551.0,3391.0,3405.3,3405.3,3449.1,524147,18078.35,,235866.0,45.0
ENRIN,EQ,2026-07-17,3405.3,3423.8,3460.0,3368.1,3385.5,3385.5,3404.53,430018,14640.09,,193508.0,45.0
ENRIN,EQ,2026-07-20,3385.5,3379.0,3424.7,3286.8,3394.3,3394.3,3368.6,333391,11230.61,,150026.0,45.0
ENRIN,EQ,2026-07-21,3394.3,3398.0,3420.0,3351.0,3373.4,3373.4,3381.47,305481,10329.75,,137466.0,45.0
ENRIN,EQ,2026-07-22,3373.4,3378.4,3430.7,3362.2,3373.4,3373.4,3388.77,163116,5527.63,,73402.0,45.0
ENRIN,EQ,2026-07-23,3373.4,3348.0,3383.4,3310.0,3326.8,3326.8,3340.07,324392,10834.92,,145976.0,45.0
ENRIN,EQ,2026-07-24,3326.8,3290.1,3301.0,3225.0,3240.2,3240.2,3255.4,338787,11028.87,,152454.0,45.0
ENRIN,EQ,2026-07-27,3240.2,3260.1,3275.0,3192.0,3264.6,3264.6,3243.87,327391,10620.14,,147326.0,45.0
ENRIN,EQ,2026-07-29,3264.6,3165.0,3229.0,3143.5,3170.7,3170.7,3181.07,306479,9749.31,,137916.0,45.0
ENRIN,EQ,2026-07-31,3121.7,3154.6,3247.9,3152.0,3230.8,3230.8,3210.23,536106,17210.24,,241248.0,45.0
ENRIN,EQ,2026-08-03,3230.8,3236.0,3298.3,3181.0,3256.0,3256.0,3245.1,411370,13349.37,,185116.0,45.0
ENRIN,EQ,2026-08-04,3256.0,3265.0,3360.0,3265.0,3310.3,3310.3,3311.77,478730,15854.44,,215428.0,45.0
ENRIN,EQ,2026-08-05,3310.3,3340.0,3365.0,3250.1,3289.8,3289.8,3301.63,378956,12511.72,,170530.0,45.0
ENRIN,EQ,2026-08-07,3252.2,3450.0,3735.0,3426.4,3648.8,3648.8,3603.4,7973925,287332.41,,3588266.0,45.0
ENRIN,EQ,2026-08-10,3648.8,3691.0,3729.0,3553.3,3567.3,3567.3,3616.53,1146677,41469.92,,516005.0,45.0
ENRIN,EQ,2026-08-11,3567.3,3576.0,3614.0,3532.6,3563.8,3563.8,3570.13,260159,9288.01,,117072.0,45.0
ENRIN,EQ,2026-08-13,3563.8,3583.0,3627.0,3498.7,3561.2,3561.2,3562.3,401583,14305.59,,180712.0,45.0
ENRIN,EQ,2026-08-14,3561.2,3561.1,3619.0,3522.8,3536.3,3536.3,3559.37,190991,6798.08,,85946.0,45.0
ENRIN,EQ,2026-08-17,3536.3,3536.2,3614.0,3526.2,3605.7,3605.7,3581.97,288294,10326.6,,129732.0,45.0
ENRIN,EQ,2026-08-18,3605.7,3600.0,3639.0,3580.0,3593.2,3593.2,3604.07,182373,6572.85,,82068.0,45.0
ENRIN,EQ,2026-08-19,3593.2,3595.0,3602.5,3452.4,3483.0,3483.0,3512.63,448914,15768.69,,202011.0,45.0
ENRIN,EQ,2026-08-21,3435.3,3435.3,3462.5,3411.0,3435.6,3435.6,3436.37,272152,9352.15,,122468.0,45.0
ENRIN,EQ,2026-08-24,3435.6,3435.6,3526.0,3431.2,3485.7,3485.7,3480.97,482282,16788.09,,217027.0,45.0
ENRIN,EQ,2026-08-25,3485.7,3490.0,3495.5,3371.0,3389.6,3389.6,3418.7,395921,13535.35,,178164.0,45.0
ENRIN,EQ,2026-08-27,3325.9,3330.0,3341.0,3236.0,3256.4,3256.4,3277.8,1041630,34142.55,,468734.0,45.0
ENRIN,EQ,2026-08-31,3242.6,3250.0,3298.0,3210.0,3229.6,3229.6,3245.87,688153,22336.55,,309669.0,45.0
ENRIN,EQ,2026-09-01,3229.6,3230.0,3243.9,3160.3,3172.5,3172.5,3192.23,217495,6942.94,,97873.0,45.0
ENRIN,EQ,2026-09-02,3172.5,3140.0,3155.9,3104.5,3119.3,3119.3,3126.57,245835,7686.2,,110626.0,45.0
ENRIN,EQ,2026-09-03,3119.3,3148.0,3215.0,3118.0,3155.2,3155.2,3162.73,548283,17340.71,,246727.0,45.0
ENRIN,EQ,2026-09-04,3155.2,3160.0,3186.8,3106.0,3115.7,3115.7,3136.17,262111,8220.25,,117950.0,45.0
ENRIN,EQ,2026-09-07,3115.7,3115.8,3185.0,3111.6,3121.9,3121.9,3139.5,441448,13859.26,,198652.0,45.0
ENRIN,EQ,2026-09-08,3121.9,3109.0,3249.8,3086.0,3200.1,3200.1,3178.63,824146,26196.55,,370866.0,45.0
ENRIN,EQ,2026-09-09,3200.1,3215.0,3238.0,3160.0,3183.7,3183.7,3193.9,276989,8846.75,,124645.0,45.0
ENRIN,EQ,2026-09-10,3183.7,3215.7,3228.2,3167.2,3179.1,3179.1,3191.5,212471,6781.01,,95612.0,45.0
ENRIN,EQ,2026-09-11,3179.1,3167.0,3191.0,3124.0,3181.3,3181.3,3165.43,209741,6639.2,,94383.0,45.0
ENRIN,EQ,2026-09-16,3181.3,3028.0,3072.0,2968.0,3013.4,3013.4,3017.8,332338,10029.3,,149552.0,45.0
ENRIN,EQ,2026-09-18,3013.4,3116.0,3250.0,3110.0,3228.0,3228.0,3196.0,740325,23660.79,,333146.0,45.0
ENRIN,EQ,2026-09-24,3214.4,3191.7,3281.7,3158.5,3216.0,3215.4,3229.64,372166,12019.61,37688.0,174206.0,46.81
GVT&D,EQ,2025-09-25,3022.8,3039.0,3060.0,2940.0,2941.0,2954.9,2984.57,229480,6848.99,30402.0,107251.0,46.74
GVT&D,EQ,2025-09-26,2954.9,2954.9,2970.8,2889.6,2946.6,2906.7,2927.09,378858,11089.51,41878.0,197990.0,52.26
GVT&D,EQ,2025-09-30,2988.9,2988.9,3009.9,2934.4,2954.3,2960.5,2958.93,512380,15160.99,48265.0,350079.0,68.32
GVT&D,EQ,2025-10-01,2960.5,2978.0,3088.0,2954.7,3066.2,3073.0,3030.14,474400,14374.97,44984.0,275154.0,58.0
GVT&D,EQ,2025-10-07,3145.9,3160.0,3169.3,3089.2,3094.7,3097.9,3123.19,318878,9959.15,30547.0,201982.0,63.34
GVT&D,EQ,2025-10-08,3097.9,3097.9,3135.0,3027.0,3059.1,3060.6,3073.86,306465,9420.29,30732.0,178694.0,58.31
GVT&D,EQ,2025-10-09,3060.6,3055.0,3118.4,2990.0,3040.4,3048.0,3036.83,519016,15761.63,44968.0,321370.0,61.92
GVT&D,EQ,2025-10-14,3028.5,3049.8,3049.8,2961.0,2965.0,2980.2,2987.58,361818,10809.6,45074.0,213382.0,58.97
GVT&D,EQ,2025-10-15,2980.2,2980.0,2995.7,2909.0,2924.0,2927.7,2938.13,309574,9095.68,43577.0,198460.0,64.11
GVT&D,EQ,2025-10-16,2927.7,2952.5,2986.4,2908.8,2920.0,2917.9,2948.1,421885,12437.59,47224.0,300052.0,71.12
GVT&D,EQ,2025-10-17,2917.9,2933.0,3009.0,2930.9,2959.5,2959.6,2966.21,320274,9499.98,40656.0,211557.0,66.06
GVT&D,EQ,2025-10-20,2959.6,2995.0,3034.7,2941.5,2949.5,2959.4,2986.84,337512,10080.96,42036.0,231715.0,68.65
GVT&D,EQ,2025-10-21,2959.4,2977.0,2990.0,2953.9,2956.0,2959.6,2965.24,17767,526.83,2558.0,9716.0,54.69
GVT&D,EQ,2025-10-24,2817.6,2817.6,2939.6,2817.6,2906.9,2905.2,2907.4,454720,13220.54,56093.0,249735.0,54.92
GVT&D,EQ,2025-10-28,2844.1,2844.1,2983.0,2834.0,2960.0,2968.2,2944.09,364139,10720.58,34549.0,165144.0,45.35
GVT&D,EQ,2025-10-29,2968.2,2969.0,3080.8,2930.4,3069.0,3066.5,3017.1,495328,14944.53,47520.0,259632.0,52.42
GVT&D,EQ,2025-11-03,3037.4,3040.0,3323.8,3039.1,3165.0,3171.2,3190.92,2043972,65221.53,140587.0,820827.0,40.16
GVT&D,EQ,2025-11-06,3146.6,3091.6,3110.0,2992.6,3000.0,3000.5,3038.71,748518,22745.31,67762.0,448939.0,59.98
GVT&D,EQ,2025-11-07,3000.5,3010.0,3127.7,3000.2,3080.0,3073.2,3076.07,779234,23969.81,59851.0,477637.0,61.3
GVT&D,EQ,2025-11-10,3073.2,3091.4,3180.0,3051.1,3089.0,3097.5,3110.43,627964,19532.4,65624.0,326783.0,52.04
GVT&D,EQ,2025-11-11,3097.5,3106.5,3169.8,3073.1,3115.0,3121.9,3126.08,410360,12828.2,46590.0,238954.0,58.23
GVT&D,EQ,2025-11-12,3121.9,3122.0,3150.0,3101.9,3123.5,3127.6,3128.27,368863,11539.02,31709.0,211894.0,57.45
GVT&D,EQ,2025-11-14,3122.2,3123.0,3134.4,3026.6,3030.0,3035.3,3056.65,358525,10958.86,46810.0,219798.0,61.31
GVT&D,EQ,2025-11-17,3035.3,3046.5,3132.0,2993.1,3045.0,3036.3,3055.24,638199,19498.52,47024.0,318601.0,49.92
GVT&D,EQ,2025-11-18,3036.3,3040.0,3042.4,2972.1,2993.0,2996.0,3003.75,500874,15044.99,40412.0,324406.0,64.77
GVT&D,EQ,2025-11-19,2996.0,2986.0,3060.0,2973.7,3035.0,3044.2,3032.44,616100,18682.87,68037.0,411097.0,66.73
GVT&D,EQ,2025-11-20,3044.2,3052.0,3095.0,3040.1,3061.0,3069.2,3073.25,405344,12457.23,45191.0,261302.0,64.46
GVT&D,EQ,2025-11-21,3069.2,3045.0,3054.1,2866.0,2900.0,2902.0,2924.89,1003306,29345.62,92192.0,529549.0,52.78
GVT&D,EQ,2025-11-24,2902.0,2940.0,3023.3,2795.6,2843.0,2863.9,2872.59,18009141,517329.46,230799.0,10696810.0,59.4
GVT&D,EQ,2025-11-26,2855.5,2863.8,3005.4,2819.9,2975.8,2984.0,2948.3,681518,20093.22,53382.0,359089.0,52.69
GVT&D,EQ,2025-11-27,2984.0,2983.8,2990.4,2877.7,2889.0,2897.1,2897.49,356398,10326.61,40460.0,205255.0,57.59
GVT&D,EQ,2025-11-28,2897.1,2897.1,2933.3,2864.0,2885.1,2881.4,2890.06,302814,8751.49,30175.0,177774.0,58.71
GVT&D,EQ,2025-12-01,2881.4,2908.9,2915.0,2795.0,2800.0,2801.3,2836.92,428475,12155.51,49310.0,269517.0,62.9
GVT&D,EQ,2025-12-02,2801.3,2798.1,2872.7,2779.9,2868.6,2852.1,2845.44,788497,22436.23,61407.0,526313.0,66.75
GVT&D,EQ,2025-12-03,2852.1,2880.0,2967.7,2850.6,2900.0,2900.2,2896.38,1261360,36533.73,69389.0,702765.0,55.71
GVT&D,EQ,2025-12-05,2805.1,2816.9,2827.0,2711.0,2765.4,2768.8,2764.62,1050167,29033.17,79211.0,589110.0,56.1
GVT&D,EQ,2025-12-08,2768.8,2773.0,2815.0,2702.5,2745.0,2757.0,2746.2,765063,21010.16,50089.0,451874.0,59.06
GVT&D,EQ,2025-12-09,2757.0,2730.0,2920.0,2696.1,2896.0,2912.5,2851.06,705987,20128.12,68234.0,384635.0,54.48
GVT&D,EQ,2025-12-10,2912.5,2912.5,2989.8,2849.7,2888.0,2906.8,2928.41,625073,18304.67,58241.0,333904.0,53.42
GVT&D,EQ,2025-12-15,3050.9,3050.0,3050.0,2956.0,3008.6,3019.5,2998.88,250093,7500.0,36735.0,130457.0,52.16
GVT&D,EQ,2025-12-16,3019.5,3000.0,3043.1,2979.8,3000.5,3013.0,3013.22,357485,10771.82,31106.0,205575.0,57.51
GVT&D,EQ,2025-12-18,2970.3,2980.0,2980.0,2802.7,2874.8,2861.5,2867.09,869061,24916.76,75527.0,438116.0,50.41
GVT&D,EQ,2025-12-19,2861.5,2884.0,2950.0,2827.3,2891.0,2927.0,2909.46,853885,24843.42,64752.0,505445.0,59.19
GVT&D,EQ,2025-12-23,3097.8,3097.8,3156.9,3056.6,3125.0,3129.9,3127.39,675543,21126.85,70752.0,390344.0,57.78
GVT&D,EQ,2025-12-24,3129.9,3111.0,3202.9,3111.0,3154.1,3163.3,3170.29,382104,12113.79,41369.0,176396.0,46.16
GVT&D,EQ,2025-12-26,3163.3,3163.0,3169.8,3053.0,3068.3,3073.1,3094.7,235611,7291.44,33645.0,120327.0,51.07
GVT&D,EQ,2025-12-29,3073.1,3075.0,3104.9,3042.2,3075.0,3074.2,3074.43,217099,6674.56,31562.0,117484.0,54.12
GVT&D,EQ,2025-12-30,3074.2,3065.0,3224.2,3033.3,3081.0,3144.8,3118.4,1550027,48336.06,114740.0,982531.0,63.39
GVT&D,EQ,2025-12-31,3144.8,3087.0,3174.3,3067.9,3131.9,3132.5,3137.01,440717,13825.33,63881.0,246917.0,56.03
GVT&D,EQ,2026-01-01,3132.5,3135.9,3184.9,3125.4,3170.0,3164.5,3156.83,214019,6756.22,30633.0,96400.0,45.04
GVT&D,EQ,2026-01-02,3164.5,3160.0,3186.6,3070.0,3090.0,3093.7,3100.21,373849,11590.09,45404.0,239771.0,64.14
GVT&D,EQ,2026-01-06,3077.2,3077.9,3100.0,3040.0,3086.0,3081.0,3077.97,220674,6792.28,35570.0,126331.0,57.25
GVT&D,EQ,2026-01-07,3081.0,3080.0,3185.6,3070.2,3145.0,3150.5,3146.92,365045,11487.66,36817.0,189762.0,51.98
GVT&D,EQ,2026-01-08,3150.5,3165.8,3169.8,2972.5,2982.7,3002.6,3071.28,557358,17118.01,53304.0,314042.0,56.34
GVT&D,EQ,2026-01-09,3002.6,2980.0,2980.0,2810.5,2909.9,2898.1,2885.0,1418852,40933.81,141879.0,795404.0,56.06
GVT&D,EQ,2026-01-12,2898.1,2890.1,2901.0,2704.0,2730.0,2718.2,2755.86,1119713,30857.71,105801.0,650378.0,58.08
GVT&D,EQ,2026-01-13,2718.2,2750.0,2793.9,2693.5,2725.0,2731.5,2739.62,878765,24074.81,63932.0,524346.0,59.67
GVT&D,EQ,2026-01-14,2731.5,2744.9,2829.9,2723.5,2792.0,2796.0,2791.65,775769,21656.77,67137.0,489862.0,63.15
GVT&D,EQ,2026-01-19,2621.3,2614.9,2674.9,2577.8,2636.0,2647.2,2641.85,672519,17766.93,63535.0,419983.0,62.45
GVT&D,EQ,2026-01-20,2647.2,2652.6,2683.0,2570.7,2585.0,2600.8,2606.37,471053,12277.37,64149.0,286407.0,60.8
GVT&D,EQ,2026-01-21,2600.8,2575.0,2600.4,2523.2,2549.0,2557.8,2557.57,740122,18929.13,51153.0,454856.0,61.46
GVT&D,EQ,2026-01-23,2650.4,2660.0,2765.0,2658.6,2710.0,2712.7,2735.09,964232,26372.59,69210.0,625040.0,64.82
GVT&D,EQ,2026-01-28,2730.9,2739.1,2921.7,2725.0,2911.0,2905.0,2872.2,706646,20296.31,63812.0,431234.0,61.03
GVT&D,EQ,2026-01-30,3157.9,3105.0,3273.1,3081.0,3229.7,3230.3,3210.44,1229094,39459.39,115200.0,694314.0,56.49
GVT&D,EQ,2026-02-02,3243.6,3209.8,3320.0,3152.0,3296.4,3290.4,3231.51,440120,14222.53,54140.0,232104.0,52.74
GVT&D,EQ,2026-02-03,3290.4,3400.0,3547.8,3392.6,3460.0,3456.4,3466.73,1440652,49943.57,121565.0,815939.0,56.64
GVT&D,EQ,2026-02-04,3456.4,3459.9,3819.0,3459.9,3500.0,3510.4,3603.48,2363648,85173.63,220387.0,1271714.0,53.8
GVT&D,EQ,2026-02-06,3513.5,3507.3,3634.9,3450.0,3535.0,3552.2,3548.27,844629,29969.74,80744.0,363955.0,43.09
GVT&D,EQ,2026-02-09,3552.2,3615.7,3700.0,3520.0,3695.0,3691.4,3630.09,615138,22330.07,79460.0,334564.0,54.39
GVT&D,EQ,2026-02-10,3691.4,3700.0,3798.0,3600.0,3605.4,3614.8,3673.73,545172,20028.14,51499.0,307618.0,56.43
GVT&D,EQ,2026-02-11,3614.8,3636.5,3704.6,3615.0,3664.0,3671.6,3667.76,488878,17930.85,73946.0,310117.0,63.43
GVT&D,EQ,2026-02-12,3671.6,3679.0,3717.6,3611.3,3620.0,3622.5,3656.62,372762,13630.5,40053.0,230701.0,61.89
GVT&D,EQ,2026-02-13,3622.5,3610.1,3630.3,3531.5,3565.7,3553.0,3581.27,376799,13494.18,55445.0,226037.0,59.99
GVT&D,EQ,2026-02-16,3553.0,3570.0,3700.0,3535.1,3667.8,3670.2,3663.62,708424,25953.98,58275.0,473209.0,66.8
GVT&D,EQ,2026-02-17,3670.2,3670.2,3712.0,3601.5,3655.0,3648.2,3655.63,272039,9944.73,25059.0,120539.0,44.31
GVT&D,EQ,2026-02-18,3648.2,3657.0,3758.0,3620.1,3730.0,3727.0,3711.32,403806,14986.54,57290.0,225690.0,55.89
GVT&D,EQ,2026-02-23,3648.6,3688.5,3787.1,3657.6,3698.7,3713.1,3713.16,500132,18570.7,59380.0,317314.0,63.45
GVT&D,EQ,2026-02-24,3713.1,3698.0,3760.4,3645.9,3730.0,3735.9,3722.53,606582,22580.2,40774.0,400432.0,66.01
GVT&D,EQ,2026-02-26,3815.5,3815.0,3912.0,3792.4,3865.0,3864.4,3863.47,392415,15160.83,45109.0,227473.0,57.97
GVT&D,EQ,2026-02-27,3864.4,3848.0,3909.4,3829.9,3850.0,3850.2,3851.82,544116,20958.4,54345.0,425399.0,78.18
GVT&D,EQ,2026-03-02,3850.2,3655.3,3890.0,3650.0,3775.0,3772.4,3831.18,1046852,40106.81,63176.0,809517.0,77.33
GVT&D,EQ,2026-03-04,3772.4,3650.0,3799.1,3607.0,3683.2,3682.6,3680.58,915717,33703.71,83604.0,533827.0,58.3
GVT&D,EQ,2026-03-05,3682.6,3733.5,3906.0,3720.0,3838.0,3824.4,3829.4,587767,22507.97,67623.0,252516.0,42.96
GVT&D,EQ,2026-03-06,3824.4,3824.4,3999.0,3820.0,3879.0,3869.0,3917.72,572135,22414.66,61446.0,273896.0,47.87
GVT&D,EQ,2026-03-09,3869.0,3753.0,3817.7,3680.0,3779.0,3768.6,3753.56,428803,16095.37,64147.0,199479.0,46.52
GVT&D,EQ,2026-03-12,3784.1,3790.0,3822.9,3730.2,3748.0,3749.8,3755.11,579036,21743.46,66840.0,369647.0,63.84
GVT&D,EQ,2026-03-13,3749.8,3746.6,3781.3,3582.3,3640.0,3604.3,3640.98,313414,11411.35,42426.0,161521.0,51.54
GVT&D,EQ,2026-03-16,3604.3,3575.0,3600.5,3390.0,3520.2,3522.3,3479.68,772778,26890.17,71366.0,445446.0,57.64
GVT&D,EQ,2026-03-18,3671.1,3700.0,3843.9,3647.0,3838.6,3807.7,3772.93,442974,16713.11,40600.0,246937.0,55.75
GVT&D,EQ,2026-03-19,3807.7,3768.6,3838.0,3729.7,3760.0,3761.8,3790.08,328126,12436.23,51791.0,148510.0,45.26
GVT&D,EQ,2026-03-23,3678.9,3649.0,3649.0,3420.1,3478.9,3461.0,3473.25,882995,30668.63,77775.0,525262.0,59.49
GVT&D,EQ,2026-03-24,3461.0,3605.0,3627.7,3463.1,3535.0,3520.9,3521.23,661556,23294.94,76915.0,357440.0,54.03
GVT&D,EQ,2026-03-27,3763.4,3650.0,3826.5,3609.7,3750.1,3746.2,3728.8,1261525,47039.7,84546.0,766002.0,60.72
GVT&D,EQ,2026-03-30,3746.2,3655.0,3784.4,3626.5,3670.0,3640.4,3673.16,789388,28995.51,94471.0,415045.0,52.58
GVT&D,EQ,2026-04-01,3640.4,3760.9,4344.0,3724.3,3799.5,3798.7,3935.79,1710784,67332.88,195703.0,691396.0,40.41
GVT&D,EQ,2026-04-07,3723.1,3722.0,3758.0,3660.6,3670.0,3673.2,3687.79,368310,13582.49,48562.0,198015.0,53.76
GVT&D,EQ,2026-04-08,3673.2,3800.0,3830.0,3650.0,3739.9,3725.1,3749.58,657936,24669.81,68865.0,318264.0,48.37
GVT&D,EQ,2026-04-09,3725.1,3762.0,3977.8,3752.0,3925.0,3911.3,3889.18,1193863,46431.52,111229.0,631666.0,52.91
GVT&D,EQ,2026-04-10,3911.3,3956.0,4125.0,3949.9,4080.0,4067.0,4064.27,1163880,47303.22,102418.0,683048.0,58.69
GVT&D,EQ,2026-04-13,4067.0,3988.0,4180.0,3978.0,4088.0,4093.6,4114.31,822677,33847.51,83088.0,434365.0,52.8
GVT&D,EQ,2026-04-15,4093.6,4192.6,4212.9,4096.0,4138.0,4134.5,4156.67,864568,35937.26,88202.0,621828.0,71.92
GVT&D,EQ,2026-04-16,4134.5,4174.0,4174.0,4034.5,4070.0,4074.2,4079.49,493133,20117.32,51675.0,311829.0,63.23
GVT&D,EQ,2026-04-17,4074.2,4085.0,4154.3,4070.1,4140.0,4138.2,4136.71,642880,26594.11,52940.0,463931.0,72.16
GVT&D,EQ,2026-04-20,4138.2,4158.8,4277.9,4156.0,4239.0,4232.3,4233.82,683717,28947.37,68581.0,481318.0,70.4
GVT&D,EQ,2026-04-22,4252.1,4254.1,4283.0,4220.0,4235.3,4239.4,4238.77,419894,17798.33,55563.0,312049.0,74.32
GVT&D,EQ,2026-04-23,4239.4,4300.0,4650.0,4294.9,4497.9,4496.4,4533.24,2275465,103152.19,205573.0,689734.0,30.31
GVT&D,EQ,2026-04-24,4496.4,4530.0,4694.0,4525.0,4600.0,4598.3,4601.16,1008621,46408.22,80699.0,477486.0,47.34
GVT&D,EQ,2026-04-27,4598.3,4640.0,4672.4,4524.1,4562.9,4556.8,4592.59,524025,24066.31,64560.0,302411.0,57.71
GVT&D,EQ,2026-04-28,4556.8,4549.8,4620.0,4471.2,4544.0,4520.8,4531.63,571666,25905.8,67485.0,347479.0,60.78
GVT&D,EQ,2026-04-29,4520.8,4550.0,4680.0,4460.5,4476.2,4479.4,4536.94,577126,26183.83,83420.0,316203.0,54.79
GVT&D,EQ,2026-04-30,4479.4,4495.0,4581.9,4443.0,4475.0,4466.2,4507.68,653778,29470.2,79022.0,393652.0,60.21
GVT&D,EQ,2026-05-04,4466.2,4500.0,4541.0,4391.0,4525.0,4486.6,4479.64,474054,21235.9,56593.0,280390.0,59.15
GVT&D,EQ,2026-05-06,4578.9,4610.0,4620.0,4521.9,4570.0,4563.1,4584.58,943716,43265.42,61303.0,667835.0,70.77
GVT&D,EQ,2026-05-07,4563.1,4586.0,4822.0,4580.0,4792.1,4768.2,4735.2,888676,42080.57,105167.0,430341.0,48.42
GVT&D,EQ,2026-05-08,4768.2,4780.0,4849.0,4610.4,4630.0,4625.5,4663.87,516589,24093.04,65271.0,296480.0,57.39
GVT&D,EQ,2026-05-12,4432.9,4430.0,4564.3,4231.1,4320.7,4282.4,4388.02,615718,27017.82,69028.0,326171.0,52.97
GVT&D,EQ,2026-05-13,4282.4,4257.8,4423.2,4246.3,4360.0,4351.4,4343.66,438428,19043.81,52036.0,245271.0,55.94
GVT&D,EQ,2026-05-15,4337.8,4362.9,4423.9,4265.5,4349.9,4342.6,4347.57,293994,12781.6,29755.0,138655.0,47.16
GVT&D,EQ,2026-05-18,4342.6,4350.0,4466.0,4251.8,4428.7,4426.8,4356.31,368852,16068.32,49162.0,167148.0,45.32
GVT&D,EQ,2026-05-19,4426.8,4350.0,4530.0,4321.6,4357.0,4385.3,4402.01,979292,43108.55,103127.0,366579.0,37.43
GVT&D,EQ,2026-05-20,4385.3,4450.0,4799.9,4414.3,4695.0,4679.4,4666.29,2742590,127977.23,284330.0,1197128.0,43.65
GVT&D,EQ,2026-05-21,4679.4,4749.0,4962.4,4700.0,4790.0,4794.6,4843.52,1086952,52646.72,117909.0,514206.0,47.31
GVT&D,EQ,2026-05-22,4794.6,4810.0,4912.4,4764.0,4848.0,4849.5,4859.81,796078,38687.91,70249.0,468092.0,58.8
GVT&D,EQ,2026-05-25,4849.5,4921.0,4945.9,4730.6,4775.0,4774.7,4816.75,516843,24895.03,56291.0,278038.0,53.8
GVT&D,EQ,2026-05-27,4848.3,4869.0,5183.5,4849.0,5098.0,5097.7,5059.13,1339313,67757.6,129535.0,665320.0,49.68
GVT&D,EQ,2026-05-29,5097.7,5140.0,5222.1,4940.0,5000.0,5148.6,5113.79,2379024,121658.19,146510.0,1503256.0,63.19
GVT&D,EQ,2026-06-02,4755.0,4757.5,4856.0,4581.0,4830.0,4781.0,4726.86,1308469,61849.52,115081.0,668105.0,51.06
GVT&D,EQ,2026-06-04,4964.5,5134.0,5148.5,5028.0,5090.0,5086.5,5091.07,999168,50868.38,123032.0,512735.0,51.32
GVT&D,EQ,2026-06-05,5086.5,5080.0,5103.0,4986.5,5026.0,5067.0,5049.16,888594,44866.5,72898.0,536469.0,60.37
GVT&D,EQ,2026-06-08,5067.0,4900.0,4949.5,4660.0,4746.0,4744.0,4823.73,1071520,51687.27,122227.0,538259.0,50.23
GVT&D,EQ,2026-06-09,4744.0,4800.0,4966.0,4781.5,4939.0,4931.0,4901.58,747212,36625.19,70714.0,401949.0,53.79
GVT&D,EQ,2026-06-10,4931.0,4950.0,5014.0,4810.0,4870.0,4866.0,4892.69,680233,33281.7,69067.0,402073.0,59.11
GVT&D,EQ,2026-06-11,4866.0,4833.0,4880.0,4710.0,4761.0,4735.0,4780.06,447216,21377.19,59441.0,200157.0,44.76
GVT&D,EQ,2026-06-12,4735.0,4820.5,4969.0,4780.0,4895.0,4942.5,4883.92,460629,22496.73,45153.0,193301.0,41.96
GVT&D,EQ,2026-06-15,4942.5,4999.5,5012.0,4740.0,4822.5,4805.5,4832.93,1010103,48817.6,76446.0,521962.0,51.67
GVT&D,EQ,2026-06-16,4805.5,4840.0,4900.0,4781.5,4870.5,4872.5,4842.31,467011,22614.13,45996.0,224916.0,48.16
GVT&D,EQ,2026-06-17,4872.5,4900.0,5176.0,4898.5,5130.0,5152.5,5080.51,887332,45080.96,81934.0,434245.0,48.94
GVT&D,EQ,2026-06-18,5152.5,5152.5,5264.0,5034.5,5241.0,5250.0,5172.72,660399,34160.61,60950.0,274224.0,41.52
GVT&D,EQ,2026-06-23,5494.5,5537.0,5650.0,5350.0,5445.5,5404.0,5498.84,989283,54399.04,107424.0,432136.0,43.68
GVT&D,EQ,2026-06-24,5404.0,5350.5,5379.0,5000.0,5040.0,5052.5,5123.11,1220619,62533.65,124256.0,534470.0,43.79
GVT&D,EQ,2026-06-25,5052.5,5120.0,5225.0,4965.5,5050.0,5043.0,5061.83,1142017,57806.97,82876.0,519279.0,45.47
GVT&D,EQ,2026-06-29,5043.0,5057.0,5079.0,4721.5,4925.0,4956.5,4929.2,3832922,188932.42,240588.0,2654656.0,69.26
GVT&D,EQ,2026-06-30,4956.5,4979.5,5073.5,4890.5,4973.0,4944.0,4975.01,781411,38875.31,86080.0,421759.0,53.97
GVT&D,EQ,2026-07-01,4944.0,4977.0,5043.0,4822.6,4900.0,4895.7,4923.54,443095,21815.98,51677.0,208043.0,46.95
GVT&D,EQ,2026-07-03,4822.8,4581.6,4581.6,4320.0,4445.0,4401.5,4434.64,3832553,169959.97,284694.0,1805068.0,47.1
GVT&D,EQ,2026-07-07,4554.5,4580.0,4590.0,4386.1,4447.0,4440.8,4433.93,896407,39746.02,98099.0,447864.0,49.96
GVT&D,EQ,2026-07-08,4440.8,4375.0,4534.0,4340.0,4475.0,4466.7,4466.62,754956,33720.98,66485.0,351454.0,46.55
GVT&D,EQ,2026-07-13,4677.1,4644.5,4644.5,4470.0,4530.0,4525.6,4531.43,747648,33879.12,67317.0,363040.0,48.56
GVT&D,EQ,2026-07-14,4525.6,4475.0,4520.0,4391.0,4519.0,4498.6,4464.12,926021,41338.65,81496.0,498892.0,53.87
GVT&D,EQ,2026-07-16,4696.4,4720.0,4730.0,4522.0,4580.0,4584.1,4588.36,795599,36504.92,72692.0,349871.0,43.98
GVT&D,EQ,2026-07-17,4584.1,4584.1,4588.0,4342.0,4388.2,4387.4,4416.35,782766,34569.66,69831.0,380300.0,48.58
GVT&D,EQ,2026-07-20,4387.4,4390.0,4506.8,4352.1,4467.3,4444.9,4452.78,611051,27208.73,60803.0,338345.0,55.37
GVT&D,EQ,2026-07-21,4444.9,4480.0,4522.9,4444.9,4496.3,4487.3,4482.36,538545,24139.5,46679.0,309029.0,57.38
GVT&D,EQ,2026-07-22,4487.3,4541.9,4602.9,4430.1,4479.0,4481.5,4499.79,614306,27642.47,52870.0,230456.0,37.51
GVT&D,EQ,2026-07-23,4481.5,4440.0,4528.5,4306.8,4350.0,4328.5,4379.1,1163262,50940.42,86541.0,689463.0,59.27
GVT&D,EQ,2026-07-24,4328.5,4330.0,4334.0,4115.6,4211.0,4157.4,4189.57,1388191,58159.3,74921.0,815920.0,58.78
GVT&D,EQ,2026-07-27,4157.4,4215.0,4338.4,4135.0,4213.2,4202.3,4249.08,1316155,55924.48,113540.0,651304.0,49.49
GVT&D,EQ,2026-07-29,4124.0,4115.0,4154.0,4041.2,4107.0,4101.6,4090.57,1506472,61623.26,98590.0,909543.0,60.38
GVT&D,EQ,2026-07-31,4202.3,4350.0,4410.0,4302.1,4307.0,4323.3,4351.83,1412647,61475.95,114773.0,748340.0,52.97
GVT&D,EQ,2026-08-03,4323.3,4323.0,4370.0,4267.9,4370.0,4370.0,4325.64,478516,20698.88,42815.0,245797.0,51.37
GVT&D,EQ,2026-08-04,4370.0,4370.0,4420.0,4325.0,4333.2,4333.2,4376.6,758352,33190.06,74727.0,421906.0,55.63
GVT&D,EQ,2026-08-05,4333.2,4380.0,4410.0,4313.9,4410.0,4410.0,4372.83,626067,27376.86,70582.0,331229.0,52.91
GVT&D,EQ,2026-08-07,4366.7,4366.7,4398.0,4270.1,4299.0,4299.0,4322.56,758827,32800.77,72173.0,427444.0,56.33
GVT&D,EQ,2026-08-10,4299.0,4299.0,4360.7,4134.0,4330.0,4330.0,4247.8,1531594,65059.06,114647.0,705480.0,46.06
GVT&D,EQ,2026-08-11,4330.0,4300.0,4435.0,4273.1,4420.0,4420.0,4372.23,798491,34911.83,92034.0,402819.0,50.45
GVT&D,EQ,2026-08-13,4406.5,4408.0,4424.9,4278.0,4304.7,4304.7,4316.62,914769,39487.09,75834.0,520777.0,56.93
GVT&D,EQ,2026-08-14,4304.7,4325.3,4367.7,4272.0,4350.0,4350.0,4329.57,785600,34013.12,56923.0,452900.0,57.65
GVT&D,EQ,2026-08-17,4350.0,4371.6,4375.0,4278.0,4290.0,4290.0,4324.75,421939,18247.83,33902.0,228860.0,54.24
GVT&D,EQ,2026-08-18,4290.0,4290.0,4306.0,4190.0,4195.0,4195.0,4224.22,512550,21651.23,50193.0,275073.0,53.67
GVT&D,EQ,2026-08-19,4195.0,4152.6,4160.7,4041.3,4100.0,4100.0,4096.15,1124808,46073.86,89247.0,530177.0,47.13
GVT&D,EQ,2026-08-21,4050.1,4062.8,4217.3,4025.0,4127.2,4127.2,4143.46,1255908,52038.06,91523.0,665731.0,53.01
GVT&D,EQ,2026-08-24,4127.2,4139.4,4249.0,4112.7,4177.9,4177.9,4193.46,898011,37657.77,71498.0,436025.0,48.55
GVT&D,EQ,2026-08-25,4177.9,4160.0,4185.0,4060.1,4185.0,4185.0,4116.93,868892,35771.65,68624.0,405565.0,46.68
GVT&D,EQ,2026-08-27,4340.0,4420.2,4539.0,4359.6,4407.8,4407.8,4450.08,1777971,79121.21,144095.0,676596.0,38.05
GVT&D,EQ,2026-08-31,4339.2,4313.0,4445.2,4264.8,4445.2,4445.2,4329.22,850283,36810.64,54229.0,520634.0,61.23
GVT&D,EQ,2026-09-01,4445.2,4400.0,4400.0,4268.8,4324.0,4324.0,4314.58,1044144,45050.44,92124.0,484877.0,46.44
GVT&D,EQ,2026-09-02,4324.0,4280.0,4282.5,4183.2,4240.0,4240.0,4220.99,836148,35293.76,73323.0,491954.0,58.84
GVT&D,EQ,2026-09-03,4240.0,4276.0,4367.0,4242.0,4362.0,4362.0,4334.86,598422,25940.79,54576.0,284820.0,47.6
GVT&D,EQ,2026-09-04,4362.0,4352.0,4399.5,4304.3,4306.3,4306.3,4344.51,549760,23884.37,49520.0,292701.0,53.24
GVT&D,EQ,2026-09-07,4306.3,4334.5,4389.1,4321.1,4367.2,4367.2,4356.98,295967,12895.22,48602.0,150022.0,50.69
GVT&D,EQ,2026-09-08,4367.2,4636.1,4793.0,4610.0,4750.0,4750.0,4706.45,4274212,201163.8,274201.0,1038747.0,24.3
GVT&D,EQ,2026-09-09,4750.0,4774.0,4825.0,4638.8,4673.0,4673.0,4725.5,1094528,51721.95,92415.0,371978.0,33.99
GVT&D,EQ,2026-09-10,4673.0,4645.0,4666.9,4525.0,4545.0,4545.0,4565.06,685310,31284.82,71633.0,291578.0,42.55
GVT&D,EQ,2026-09-11,4545.0,4500.0,4548.1,4428.7,4548.1,4548.1,4497.04,588462,26463.38,53181.0,228901.0,42.74
GVT&D,EQ,2026-09-16,4246.9,4238.1,4315.7,4149.7,4267.0,4267.0,4236.34,717611,30400.46,80938.0,374701.0,52.22
GVT&D,EQ,2026-09-18,4341.0,4389.8,4433.9,4357.5,4385.0,4385.0,4387.97,809572,35523.76,54674.0,495497.0,61.2
GVT&D,EQ,2026-09-24,4417.0,4372.1,4405.0,4286.3,4286.3,4286.3,4352.51,337791,14702.39,49389.0,171032.0,50.63
INOXWIND,EQ,2025-09-25,144.31,144.5,147.23,140.82,141.14,141.14,143.06,9003451,12880.34,,4051553.0,45.0
INOXWIND,EQ,2025-09-26,141.14,141.2,142.19,136.8,137.46,137.46,138.82,4411168,6123.58,,1985026.0,45.0
INOXWIND,EQ,2025-09-30,137.46,139.49,141.0,137.73,140.24,140.24,139.66,4658511,6506.08,,2096330.0,45.0
INOXWIND,EQ,2025-10-01,140.24,140.2,142.56,139.26,142.15,142.15,141.32,4519495,6386.95,,2033773.0,45.0
INOXWIND,EQ,2025-10-07,139.38,140.0,142.7,139.06,139.38,139.38,140.38,6583478,9241.89,,2962565.0,45.0
INOXWIND,EQ,2025-10-08,139.38,139.8,142.13,137.77,141.41,141.41,140.44,6927996,9729.68,,3117598.0,45.0
INOXWIND,EQ,2025-10-09,141.41,142.0,147.8,141.17,146.99,146.99,145.32,11741660,17062.98,,5283747.0,45.0
INOXWIND,EQ,2025-10-14,149.87,150.5,151.0,146.62,147.2,147.2,148.27,8204088,12164.2,,3691840.0,45.0
INOXWIND,EQ,2025-10-15,147.2,147.75,149.8,146.69,148.19,148.19,148.23,6739763,9990.35,,3032893.0,45.0
INOXWIND,EQ,2025-10-16,148.19,148.4,149.88,146.54,146.84,146.84,147.75,2690851,3975.73,,1210883.0,45.0
INOXWIND,EQ,2025-10-17,146.84,147.5,148.0,144.54,146.28,146.28,146.27,14427806,21103.55,,6492513.0,45.0
INOXWIND,EQ,2025-10-20,146.28,146.5,147.4,144.43,146.79,146.79,146.21,3286410,4805.06,,1478884.0,45.0
INOXWIND,EQ,2025-10-21,146.79,147.2,150.8,147.2,149.15,149.15,149.05,3012646,4490.35,,1355691.0,45.0
INOXWIND,EQ,2025-10-24,152.21,153.0,156.9,152.8,154.08,154.08,154.59,10715355,16564.87,,4821910.0,45.0
INOXWIND,EQ,2025-10-28,153.1,153.3,154.95,152.5,153.3,153.3,153.58,4599590,7064.05,,2069816.0,45.0
INOXWIND,EQ,2025-10-29,153.3,153.0,159.3,152.17,156.22,156.22,155.9,11690630,18225.69,,5260784.0,45.0
INOXWIND,EQ,2025-11-03,156.22,155.12,158.5,155.05,157.25,157.25,156.93,6289056,9869.42,,2830075.0,45.0
INOXWIND,EQ,2025-11-06,154.78,155.4,155.73,149.3,150.06,150.06,151.7,4242350,6435.64,,1909058.0,45.0
INOXWIND,EQ,2025-11-07,150.06,148.5,151.1,145.7,149.45,149.45,148.75,5016475,7462.01,,2257414.0,45.0
INOXWIND,EQ,2025-11-10,149.45,150.65,153.65,147.57,151.62,151.62,150.95,5220055,7879.67,,2349025.0,45.0
INOXWIND,EQ,2025-11-11,151.62,152.9,152.99,149.6,151.77,151.77,151.45,2717939,4116.32,,1223073.0,45.0
INOXWIND,EQ,2025-11-12,151.77,152.0,152.7,149.26,150.53,150.53,150.83,6346043,9571.74,,2855719.0,45.0
INOXWIND,EQ,2025-11-14,148.56,148.62,150.0,146.11,148.69,148.69,148.27,7289866,10808.68,,3280440.0,45.0
INOXWIND,EQ,2025-11-17,148.69,150.5,153.45,143.61,146.11,146.11,147.72,30434829,44958.33,,13695673.0,45.0
INOXWIND,EQ,2025-11-18,146.11,146.25,146.45,140.63,140.92,140.92,142.67,12142149,17323.2,,5463967.0,45.0
INOXWIND,EQ,2025-11-19,140.92,140.5,142.37,139.1,139.68,139.68,140.38,10906676,15310.79,,4908004.0,45.0
INOXWIND,EQ,2025-11-20,139.68,141.07,141.49,137.7,138.08,138.08,139.09,12182250,16944.29,,5482012.0,45.0
INOXWIND,EQ,2025-11-21,138.08,138.0,138.76,135.25,137.77,137.77,137.26,11245281,15435.27,,5060376.0,45.0
INOXWIND,EQ,2025-11-24,137.77,137.79,139.18,135.13,135.81,135.81,136.71,8653660,11830.42,,3894147.0,45.0
INOXWIND,EQ,2025-11-26,135.81,135.06,138.67,135.06,136.75,136.75,136.83,6782899,9281.04,,3052305.0,45.0
INOXWIND,EQ,2025-11-27,136.75,136.75,137.2,131.9,134.07,134.07,134.39,17336482,23298.5,,7801417.0,45.0
INOXWIND,EQ,2025-11-28,134.07,133.3,135.4,132.43,134.5,134.5,134.11,4551207,6103.62,,2048043.0,45.0
INOXWIND,EQ,2025-12-01,134.5,135.4,135.79,132.52,133.08,133.08,133.8,4882601,6532.92,,2197170.0,45.0
INOXWIND,EQ,2025-12-02,133.08,132.99,133.8,131.8,133.29,133.29,132.96,3434827,4566.95,,1545672.0,45.0
INOXWIND,EQ,2025-12-03,133.29,133.21,133.77,128.82,130.12,130.12,130.9,6499217,8507.48,,2924648.0,45.0
INOXWIND,EQ,2025-12-05,129.84,129.84,130.75,126.31,130.24,130.24,129.1,5924238,7648.19,,2665907.0,45.0
INOXWIND,EQ,2025-12-08,130.24,130.24,130.43,123.35,124.48,124.48,126.09,6167552,7776.67,,2775398.0,45.0
INOXWIND,EQ,2025-12-09,124.48,124.48,124.78,121.21,124.32,124.32,123.44,6653499,8213.08,,2994075.0,45.0
INOXWIND,EQ,2025-12-10,124.32,124.01,126.77,118.28,119.8,119.8,121.62,13016275,15830.39,,5857324.0,45.0
INOXWIND,EQ,2025-12-15,121.55,125.0,126.41,123.25,125.99,125.99,125.22,6534187,8182.11,,2940384.0,45.0
INOXWIND,EQ,2025-12-16,125.99,126.5,127.26,125.01,126.92,126.92,126.4,5971036,7547.39,,2686966.0,45.0
INOXWIND,EQ,2025-12-18,126.04,126.0,126.39,123.5,124.21,124.21,124.7,4967061,6193.93,,2235177.0,45.0
INOXWIND,EQ,2025-12-19,124.21,124.8,127.2,123.0,126.87,126.87,125.69,4405594,5537.39,,1982517.0,45.0
INOXWIND,EQ,2025-12-23,126.57,127.75,128.63,126.15,127.1,127.1,127.29,5458544,6948.18,,2456345.0,45.0
INOXWIND,EQ,2025-12-24,127.1,127.1,130.9,126.4,126.75,126.75,128.02,8410588,10767.23,,3784765.0,45.0
INOXWIND,EQ,2025-12-26,126.75,126.75,128.87,126.0,126.43,126.43,127.1,4077428,5182.41,,1834843.0,45.0
INOXWIND,EQ,2025-12-29,126.43,126.49,129.23,124.01,124.66,124.66,125.97,6766023,8523.16,,3044710.0,45.0
INOXWIND,EQ,2025-12-30,124.66,124.6,124.73,121.6,121.76,121.76,122.7,8691889,10664.95,,3911350.0,45.0
INOXWIND,EQ,2025-12-31,121.76,122.09,124.0,121.89,123.53,123.53,123.14,14827469,18258.55,,6672361.0,45.0
INOXWIND,EQ,2026-01-01,123.53,123.64,124.14,122.2,122.85,122.85,123.06,3154164,3881.51,,1419374.0,45.0
INOXWIND,EQ,2026-01-02,122.85,123.06,128.79,123.06,128.04,128.04,126.63,9949850,12599.5,,4477432.0,45.0
INOXWIND,EQ,2026-01-06,125.82,125.5,126.1,121.25,122.57,122.57,123.31,10079004,12428.42,,4535552.0,45.0
INOXWIND,EQ,2026-01-07,122.57,123.25,124.95,121.6,122.94,122.94,123.16,8136928,10021.44,,3661618.0,45.0
INOXWIND,EQ,2026-01-08,122.94,122.13,124.2,117.2,117.88,117.88,119.76,9123959,10926.85,,4105782.0,45.0
INOXWIND,EQ,2026-01-09,117.88,117.88,118.19,112.5,113.79,113.79,114.83,11559306,13273.55,,5201688.0,45.0
INOXWIND,EQ,2026-01-12,113.79,114.0,114.1,110.19,112.37,112.37,112.22,19584835,21978.1,,8813176.0,45.0
INOXWIND,EQ,2026-01-13,112.37,113.75,115.67,111.5,115.16,115.16,114.11,22393302,25553.0,,10076986.0,45.0
INOXWIND,EQ,2026-01-14,115.16,114.95,118.49,114.1,114.49,114.49,115.69,10797027,12491.08,,4858662.0,45.0
INOXWIND,EQ,2026-01-19,114.49,113.0,113.57,110.1,111.74,111.74,111.8,8475081,9475.14,,3813786.0,45.0
INOXWIND,EQ,2026-01-20,111.74,111.69,111.69,107.01,108.08,108.08,108.93,14028642,15281.4,,6312889.0,45.0
INOXWIND,EQ,2026-01-21,108.08,107.54,108.58,103.73,104.69,104.69,105.67,12210118,12902.43,,5494553.0,45.0
INOXWIND,EQ,2026-01-23,104.69,107.5,107.5,103.12,103.56,103.56,104.73,8154566,8540.28,,3669555.0,45.0
INOXWIND,EQ,2026-01-28,104.72,105.48,109.9,104.99,109.25,109.25,108.05,5913596,6389.64,,2661118.0,45.0
INOXWIND,EQ,2026-01-30,106.92,106.0,108.8,104.45,107.94,107.94,107.06,6520922,6981.3,,2934415.0,45.0
INOXWIND,EQ,2026-02-02,107.94,104.3,105.18,101.26,104.43,104.43,103.62,4914576,5092.48,,2211559.0,45.0
INOXWIND,EQ,2026-02-03,104.43,108.98,110.27,105.49,106.18,106.18,107.31,8793030,9435.8,,3956864.0,45.0
INOXWIND,EQ,2026-02-04,106.18,105.95,110.89,104.65,110.08,110.08,108.54,8208558,8909.57,,3693851.0,45.0
INOXWIND,EQ,2026-02-06,107.05,106.01,106.76,103.22,106.4,106.4,105.46,5842537,6161.54,,2629142.0,45.0
INOXWIND,EQ,2026-02-09,106.4,106.45,112.2,106.45,111.07,111.07,109.91,11982728,13170.22,,5392228.0,45.0
INOXWIND,EQ,2026-02-10,111.07,112.0,113.5,110.84,111.22,111.22,111.85,6616423,7400.47,,2977390.0,45.0
INOXWIND,EQ,2026-02-11,111.22,111.7,111.89,108.45,110.42,110.42,110.25,6093859,6718.48,,2742237.0,45.0
INOXWIND,EQ,2026-02-12,110.42,110.42,110.99,108.3,109.32,109.32,109.54,4769914,5224.96,,2146461.0,45.0
INOXWIND,EQ,2026-02-13,109.32,109.0,109.1,105.4,106.38,106.38,106.96,7857815,8404.72,,3536017.0,45.0
INOXWIND,EQ,2026-02-16,106.38,106.29,106.29,97.53,101.19,101.19,101.67,53582699,54477.53,,24112215.0,45.0
INOXWIND,EQ,2026-02-17,101.19,101.0,101.3,98.8,99.88,99.88,99.99,14901171,14899.68,,6705527.0,45.0
INOXWIND,EQ,2026-02-18,99.88,100.2,102.59,98.28,98.87,98.87,99.91,14029166,14016.54,,6313125.0,45.0
INOXWIND,EQ,2026-02-23,96.67,97.5,97.67,94.13,96.13,96.13,95.98,18928491,18167.57,,8517821.0,45.0
INOXWIND,EQ,2026-02-24,96.13,95.8,97.29,93.45,95.03,95.03,95.26,9395145,8949.82,,4227815.0,45.0
INOXWIND,EQ,2026-02-26,95.03,95.5,97.52,93.97,94.46,94.46,95.32,7387842,7042.09,,3324529.0,45.0
INOXWIND,EQ,2026-02-27,94.46,94.46,94.6,91.65,92.13,92.13,92.79,8958892,8312.96,,4031501.0,45.0
INOXWIND,EQ,2026-03-02,92.13,88.06,91.2,87.25,89.19,89.19,89.21,12082239,10778.57,,5437008.0,45.0
INOXWIND,EQ,2026-03-04,89.19,87.9,87.9,84.61,85.85,85.85,86.12,9732832,8381.91,,4379774.0,45.0
INOXWIND,EQ,2026-03-05,85.85,86.01,87.0,83.8,86.32,86.32,85.71,10827823,9280.53,,4872520.0,45.0
INOXWIND,EQ,2026-03-06,86.32,85.95,88.09,83.58,83.86,83.86,85.18,8535935,7270.91,,3841171.0,45.0
INOXWIND,EQ,2026-03-09,83.86,82.0,82.3,79.04,81.74,81.74,81.03,11088229,8984.79,,4989703.0,45.0
INOXWIND,EQ,2026-03-12,82.26,81.91,86.95,80.55,83.68,83.68,83.73,20354774,17043.05,,9159648.0,45.0
INOXWIND,EQ,2026-03-13,83.68,83.3,83.98,79.33,79.59,79.59,80.97,12560741,10170.43,,5652333.0,45.0
INOXWIND,EQ,2026-03-16,79.59,79.7,81.1,77.18,78.4,78.4,78.89,13302821,10494.6,,5986269.0,45.0
INOXWIND,EQ,2026-03-18,78.21,78.5,82.2,78.39,81.99,81.99,80.86,10440348,8442.07,,4698157.0,45.0
INOXWIND,EQ,2026-03-19,81.99,80.0,80.76,77.6,78.07,78.07,78.81,10029435,7904.2,,4513246.0,45.0
INOXWIND,EQ,2026-03-23,78.07,80.78,80.78,75.63,76.15,76.15,77.52,15237530,11812.13,,6856888.0,45.0
INOXWIND,EQ,2026-03-24,76.15,78.4,79.67,76.53,77.91,77.91,78.04,10215271,7972.0,,4596872.0,45.0
INOXWIND,EQ,2026-03-27,81.92,81.5,82.31,78.55,79.27,79.27,80.04,15889028,12717.58,,7150063.0,45.0
INOXWIND,EQ,2026-03-30,79.27,78.4,78.64,75.05,75.49,75.49,76.39,13665133,10438.8,,6149310.0,45.0
INOXWIND,EQ,2026-04-01,75.49,78.08,81.29,78.08,80.53,80.53,79.97,10778251,8619.37,,4850213.0,45.0
INOXWIND,EQ,2026-04-07,80.95,80.4,81.38,79.48,81.03,81.03,80.63,7848000,6327.84,,3531600.0,45.0
INOXWIND,EQ,2026-04-08,81.03,85.0,87.2,83.57,86.51,86.51,85.76,15427630,13230.74,,6942434.0,45.0
INOXWIND,EQ,2026-04-09,86.51,86.08,87.4,84.21,85.39,85.39,85.67,8852870,7584.25,,3983792.0,45.0
INOXWIND,EQ,2026-04-10,85.39,85.61,87.8,85.6,86.88,86.88,86.76,7632950,6622.35,,3434828.0,45.0
INOXWIND,EQ,2026-04-13,86.88,84.75,90.85,82.75,87.55,87.55,87.05,22039668,19185.53,,9917851.0,45.0
INOXWIND,EQ,2026-04-15,87.55,91.0,94.28,89.03,93.41,93.41,92.24,40317164,37188.55,,18142724.0,45.0
INOXWIND,EQ,2026-04-16,93.41,94.73,96.43,92.38,95.4,95.4,94.74,28416768,26922.05,,12787546.0,45.0
INOXWIND,EQ,2026-04-17,95.4,95.79,100.0,95.51,97.9,97.9,97.8,47576215,46529.54,,21409297.0,45.0
INOXWIND,EQ,2026-04-20,97.9,98.0,99.14,95.73,97.35,97.35,97.41,16048108,15632.46,,7221649.0,45.0
INOXWIND,EQ,2026-04-22,97.35,100.07,105.0,99.51,104.56,104.56,103.02,24547014,25288.33,,11046156.0,45.0
INOXWIND,EQ,2026-04-23,104.56,104.0,104.5,101.2,101.79,101.79,102.5,15077166,15454.1,,6784725.0,45.0
INOXWIND,EQ,2026-04-24,101.79,102.0,102.78,98.41,100.13,100.13,100.44,11846085,11898.21,,5330738.0,45.0
INOXWIND,EQ,2026-04-27,100.13,101.0,105.3,100.91,104.09,104.09,103.43,19824025,20503.99,,8920811.0,45.0
INOXWIND,EQ,2026-04-28,104.09,104.0,105.14,102.17,103.07,103.07,103.46,9031940,9344.45,,4064373.0,45.0
INOXWIND,EQ,2026-04-29,103.07,104.0,105.29,101.9,102.19,102.19,103.13,8048382,8300.3,,3621772.0,45.0
INOXWIND,EQ,2026-04-30,102.19,101.8,102.2,98.19,100.95,100.95,100.45,32561746,32708.27,,14652786.0,45.0
INOXWIND,EQ,2026-05-04,100.95,102.0,103.89,98.37,103.38,103.38,101.88,39249518,39987.41,,17662283.0,45.0
INOXWIND,EQ,2026-05-06,103.38,105.57,107.84,104.41,107.11,107.11,106.45,21519840,22907.87,,9683928.0,45.0
INOXWIND,EQ,2026-05-07,107.11,108.0,108.0,104.63,106.65,106.65,106.43,25094244,26707.8,,11292410.0,45.0
INOXWIND,EQ,2026-05-08,106.65,107.0,108.27,103.22,103.6,103.6,105.03,17961525,18864.99,,8082686.0,45.0
INOXWIND,EQ,2026-05-12,99.83,99.82,100.53,95.01,95.35,95.35,96.96,14155184,13724.87,,6369833.0,45.0
INOXWIND,EQ,2026-05-13,95.35,95.35,98.6,95.1,97.25,97.25,96.98,10305169,9993.95,,4637326.0,45.0
INOXWIND,EQ,2026-05-15,97.25,97.55,98.0,95.2,95.53,95.53,96.24,5783698,5566.23,,2602664.0,45.0
INOXWIND,EQ,2026-05-18,95.53,94.7,95.15,90.42,94.75,94.75,93.44,12904050,12057.54,,5806822.0,45.0
INOXWIND,EQ,2026-05-19,94.75,94.75,97.97,94.65,96.3,96.3,96.31,7596004,7315.71,,3418202.0,45.0
INOXWIND,EQ,2026-05-20,96.3,95.8,95.8,94.03,95.27,95.27,95.03,5713347,5429.39,,2571006.0,45.0
INOXWIND,EQ,2026-05-21,95.27,96.53,97.13,94.72,95.0,95.0,95.62,5172076,4945.54,,2327434.0,45.0
INOXWIND,EQ,2026-05-22,95.0,95.41,95.6,93.88,94.31,94.31,94.6,4929961,4663.74,,2218482.0,45.0
INOXWIND,EQ,2026-05-25,94.31,96.0,98.37,95.63,97.04,97.04,97.01,9757031,9465.3,,4390664.0,45.0
INOXWIND,EQ,2026-05-27,97.04,96.8,97.98,93.8,95.81,95.81,95.86,16694976,16003.8,,7512739.0,45.0
INOXWIND,EQ,2026-05-29,95.81,96.79,96.79,92.44,93.02,93.02,94.08,16314958,15349.11,,7341731.0,45.0
INOXWIND,EQ,2026-06-02,93.02,83.01,85.04,81.62,84.28,84.28,83.65,20328740,17004.99,,9147933.0,45.0
INOXWIND,EQ,2026-06-04,83.01,82.93,88.0,82.52,85.78,85.78,85.43,21202792,18113.55,,9541256.0,45.0
INOXWIND,EQ,2026-06-05,85.78,86.5,87.78,84.81,86.79,86.79,86.46,14069962,12164.89,,6331483.0,45.0
INOXWIND,EQ,2026-06-08,86.79,85.8,87.9,83.91,84.51,84.51,85.44,17064295,14579.73,,7678933.0,45.0
INOXWIND,EQ,2026-06-09,84.51,85.0,86.43,84.5,86.14,86.14,85.69,8040524,6889.93,,3618236.0,45.0
INOXWIND,EQ,2026-06-10,86.14,86.68,86.68,82.38,82.73,82.73,83.93,9903196,8311.75,,4456438.0,45.0
INOXWIND,EQ,2026-06-11,82.73,82.1,83.12,80.75,81.1,81.1,81.66,10900617,8901.44,,4905278.0,45.0
INOXWIND,EQ,2026-06-12,81.1,83.0,88.4,82.33,88.03,88.03,86.25,21229167,18310.16,,9553125.0,45.0
INOXWIND,EQ,2026-06-15,88.03,90.5,92.4,89.51,89.87,89.87,90.59,19526878,17689.4,,8787095.0,45.0
INOXWIND,EQ,2026-06-16,89.87,90.95,93.3,90.01,90.79,90.79,91.37,28597761,26129.77,,12868992.0,45.0
INOXWIND,EQ,2026-06-17,90.79,91.88,92.0,89.83,91.0,91.0,90.94,15932753,14489.25,,7169739.0,45.0
INOXWIND,EQ,2026-06-18,91.0,91.02,91.84,88.81,89.33,89.33,89.99,10712027,9639.75,,4820412.0,45.0
INOXWIND,EQ,2026-06-23,89.33,93.0,93.3,90.3,90.66,90.66,91.42,12489006,11417.45,,5620053.0,45.0
INOXWIND,EQ,2026-06-24,90.66,90.66,91.28,89.8,90.3,90.3,90.46,6686388,6048.51,,3008875.0,45.0
INOXWIND,EQ,2026-06-25,90.3,90.75,91.54,89.3,89.52,89.52,90.12,6007189,5413.68,,2703235.0,45.0
INOXWIND,EQ,2026-06-29,89.52,89.45,89.83,88.0,88.18,88.18,88.67,7737371,6860.73,,3481817.0,45.0
INOXWIND,EQ,2026-06-30,88.18,88.5,90.64,88.5,90.12,90.12,89.75,9137337,8200.76,,4111802.0,45.0
INOXWIND,EQ,2026-07-01,90.12,90.2,91.47,89.38,89.85,89.85,90.23,9561075,8626.96,,4302484.0,45.0
INOXWIND,EQ,2026-07-03,89.96,90.15,90.52,87.54,88.0,88.0,88.69,7728023,6853.98,,3477610.0,45.0
INOXWIND,EQ,2026-07-07,86.95,86.95,87.04,85.36,86.14,86.14,86.18,5405475,4658.44,,2432464.0,45.0
INOXWIND,EQ,2026-07-08,86.14,85.45,85.49,82.03,82.72,82.72,83.41,9170430,7649.06,,4126694.0,45.0
INOXWIND,EQ,2026-07-13,82.61,82.0,82.3,80.7,81.09,81.09,81.36,12833126,10441.03,,5774907.0,45.0
INOXWIND,EQ,2026-07-14,81.09,80.8,80.87,78.8,79.05,79.05,79.57,10276009,8176.62,,4624204.0,45.0
INOXWIND,EQ,2026-07-16,79.05,80.07,80.5,78.56,78.79,78.79,79.28,10337387,8195.48,,4651824.0,45.0
INOXWIND,EQ,2026-07-17,78.79,78.77,78.8,77.28,78.12,78.12,78.07,11427266,8921.27,,5142270.0,45.0
INOXWIND,EQ,2026-07-20,78.12,78.0,79.94,77.4,79.22,79.22,78.85,7787106,6140.13,,3504198.0,45.0
INOXWIND,EQ,2026-07-21,79.22,79.33,79.59,78.61,79.02,79.02,79.07,3197973,2528.64,,1439088.0,45.0
INOXWIND,EQ,2026-07-22,79.02,79.0,79.17,76.41,76.67,76.67,77.42,11390993,8818.91,,5125947.0,45.0
INOXWIND,EQ,2026-07-23,76.67,76.9,78.0,75.92,76.21,76.21,76.71,6226177,4776.1,,2801780.0,45.0
INOXWIND,EQ,2026-07-24,76.21,75.8,77.39,75.2,76.97,76.97,76.52,6163215,4716.09,,2773447.0,45.0
INOXWIND,EQ,2026-07-27,76.97,78.0,78.5,77.21,78.23,78.23,77.98,7107792,5542.66,,3198506.0,45.0
INOXWIND,EQ,2026-07-29,78.23,76.94,78.88,76.1,76.6,76.6,77.19,24060517,18572.31,,10827233.0,45.0
INOXWIND,EQ,2026-07-31,74.98,75.62,78.42,75.25,78.14,78.14,77.27,16412344,12681.82,,7385555.0,45.0
INOXWIND,EQ,2026-08-03,78.14,78.9,81.14,78.54,78.9,78.9,79.53,11919807,9479.82,,5363913.0,45.0
INOXWIND,EQ,2026-08-04,78.9,79.0,80.68,78.75,79.21,79.21,79.55,8427344,6703.95,,3792305.0,45.0
INOXWIND,EQ,2026-08-05,79.21,79.55,80.36,78.11,78.86,78.86,79.11,6755805,5344.52,,3040112.0,45.0
INOXWIND,EQ,2026-08-07,78.2,78.3,78.7,76.85,78.0,78.0,77.85,9963031,7756.22,,4483364.0,45.0
INOXWIND,EQ,2026-08-10,78.0,75.49,77.0,73.21,73.5,73.5,74.57,53109150,39603.49,,23899118.0,45.0
INOXWIND,EQ,2026-08-11,73.5,73.5,74.7,72.7,74.4,74.4,73.93,12189561,9011.74,,5485302.0,45.0
INOXWIND,EQ,2026-08-13,74.4,74.0,74.39,73.4,74.1,74.1,73.96,6706411,4960.06,,3017885.0,45.0
INOXWIND,EQ,2026-08-14,74.1,73.99,75.2,73.2,73.67,73.67,74.02,6072136,4494.6,,2732461.0,45.0
INOXWIND,EQ,2026-08-17,73.67,74.18,78.59,73.32,78.13,78.13,76.68,34043653,26104.67,,15319644.0,45.0
INOXWIND,EQ,2026-08-18,78.13,78.0,78.19,74.69,74.95,74.95,75.94,18198825,13820.19,,8189471.0,45.0
INOXWIND,EQ,2026-08-19,74.95,75.0,75.15,73.5,73.74,73.74,74.13,12507160,9271.56,,5628222.0,45.0
INOXWIND,EQ,2026-08-21,73.9,74.24,74.82,73.45,73.6,73.6,73.96,6096098,4508.67,,2743244.0,45.0
INOXWIND,EQ,2026-08-24,73.6,73.97,74.78,73.26,73.75,73.75,73.93,5346828,3952.91,,2406073.0,45.0
INOXWIND,EQ,2026-08-25,73.75,73.87,74.2,72.79,73.74,73.74,73.58,13891746,10221.55,,6251286.0,45.0
INOXWIND,EQ,2026-08-27,73.2,73.45,73.7,71.41,72.0,72.0,72.37,12554597,9085.76,,5649569.0,45.0
INOXWIND,EQ,2026-08-31,71.79,71.7,71.7,69.6,70.37,70.37,70.56,12489778,8812.79,,5620400.0,45.0
INOXWIND,EQ,2026-09-01,70.37,70.37,70.37,69.1,69.5,69.5,69.66,8168944,5690.49,,3676025.0,45.0
INOXWIND,EQ,2026-09-02,69.5,69.15,71.31,68.0,70.59,70.59,69.97,13562084,9489.39,,6102938.0,45.0
INOXWIND,EQ,2026-09-03,70.59,71.9,74.56,70.54,74.0,74.0,73.03,39746918,29027.17,,17886113.0,45.0
INOXWIND,EQ,2026-09-04,74.0,74.27,76.5,73.5,74.4,74.4,74.8,22688206,16970.78,,10209693.0,45.0
INOXWIND,EQ,2026-09-07,74.4,74.5,75.99,73.66,75.6,75.6,75.08,15134302,11362.83,,6810436.0,45.0
INOXWIND,EQ,2026-09-08,75.6,75.67,76.08,74.5,75.71,75.71,75.43,9911582,7476.31,,4460212.0,45.0
INOXWIND,EQ,2026-09-09,75.71,75.5,77.62,75.5,77.39,77.39,76.84,18491767,14209.07,,8321295.0,45.0
INOXWIND,EQ,2026-09-10,77.39,77.39,77.85,75.81,76.02,76.02,76.56,9773988,7482.97,,4398295.0,45.0
INOXWIND,EQ,2026-09-11,76.02,75.5,76.5,73.78,76.5,76.5,75.59,7415115,5605.09,,3336802.0,45.0
INOXWIND,EQ,2026-09-16,76.5,74.35,74.5,72.67,74.5,74.5,73.89,5543694,4096.24,,2494662.0,45.0
INOXWIND,EQ,2026-09-18,74.5,74.33,76.8,74.29,76.8,76.8,75.96,10976663,8337.87,,4939498.0,45.0
INOXWIND,EQ,2026-09-24,75.02,74.36,75.06,72.81,73.09,73.09,73.87,9666599,7141.03,33560.0,4071906.0,42.12
JKCEMENT,EQ,2025-09-25,6669.5,6700.0,6720.0,6559.0,6575.0,6581.0,6643.11,66383,4409.89,15834.0,43655.0,65.76
JKCEMENT,EQ,2025-09-26,6581.0,6581.0,6585.0,6292.5,6370.0,6347.5,6392.76,113731,7270.55,22335.0,77908.0,68.5
JKCEMENT,EQ,2025-09-30,6314.5,6353.0,6399.0,6275.0,6305.0,6300.0,6316.63,89195,5634.12,20511.0,67195.0,75.33
JKCEMENT,EQ,2025-10-01,6300.0,6300.0,6355.0,6203.0,6306.0,6305.0,6282.7,141791,8908.3,26699.0,103088.0,72.7
JKCEMENT,EQ,2025-10-07,6348.0,6383.0,6530.0,6348.0,6435.5,6470.0,6474.53,76789,4971.73,19764.0,41077.0,53.49
JKCEMENT,EQ,2025-10-08,6470.0,6460.5,6479.0,6393.0,6438.5,6430.5,6439.2,46397,2987.59,12848.0,27700.0,59.7
JKCEMENT,EQ,2025-10-09,6430.5,6430.5,6616.0,6422.0,6578.0,6581.0,6555.07,108718,7126.54,23978.0,69104.0,63.56
JKCEMENT,EQ,2025-10-14,6630.5,6570.0,6764.5,6570.0,6690.0,6725.0,6689.26,95901,6415.07,20792.0,60908.0,63.51
JKCEMENT,EQ,2025-10-15,6725.0,6715.0,6715.0,6462.5,6508.0,6501.0,6569.26,137859,9056.32,29713.0,93972.0,68.17
JKCEMENT,EQ,2025-10-16,6501.0,6529.5,6680.0,6501.0,6550.0,6555.0,6585.31,144253,9499.51,33037.0,86464.0,59.94
JKCEMENT,EQ,2025-10-17,6555.0,6597.5,6597.5,6466.5,6499.5,6490.0,6522.57,33753,2201.56,10246.0,16955.0,50.23
JKCEMENT,EQ,2025-10-20,6490.0,6490.0,6500.0,6390.0,6415.0,6428.5,6428.51,80615,5182.34,19104.0,44655.0,55.39
JKCEMENT,EQ,2025-10-21,6428.5,6400.0,6485.5,6400.0,6460.0,6466.0,6460.85,2891,186.78,1030.0,1242.0,42.96
JKCEMENT,EQ,2025-10-24,6359.0,6392.0,6392.5,6229.5,6256.0,6257.5,6277.72,88581,5560.87,20162.0,62432.0,70.48
JKCEMENT,EQ,2025-10-28,6399.0,6419.5,6471.0,6385.5,6420.0,6420.5,6416.66,62536,4012.72,15038.0,37745.0,60.36
JKCEMENT,EQ,2025-10-29,6420.5,6420.5,6439.5,6320.0,6330.0,6332.5,6356.18,51592,3279.28,11372.0,38800.0,75.21
JKCEMENT,EQ,2025-11-03,6214.0,6279.5,6366.5,5856.0,5899.5,5899.5,5958.32,463299,27604.84,86829.0,270399.0,58.36
JKCEMENT,EQ,2025-11-06,5775.5,5780.0,5795.0,5680.0,5691.0,5702.0,5739.1,131253,7532.74,20776.0,88263.0,67.25
JKCEMENT,EQ,2025-11-07,5702.0,5702.0,5702.0,5601.0,5641.0,5636.0,5644.46,121427,6853.9,19776.0,65999.0,54.35
JKCEMENT,EQ,2025-11-10,5636.0,5580.0,5659.0,5580.0,5606.0,5611.0,5618.29,90245,5070.23,19541.0,50930.0,56.44
JKCEMENT,EQ,2025-11-11,5611.0,5639.0,5641.0,5497.0,5538.0,5526.5,5540.21,225015,12466.29,25826.0,167014.0,74.22
JKCEMENT,EQ,2025-11-12,5526.5,5582.0,5683.0,5477.0,5505.0,5500.5,5533.14,153415,8488.67,23849.0,75094.0,48.95
JKCEMENT,EQ,2025-11-14,5626.5,5650.0,5654.5,5505.0,5558.5,5556.0,5554.69,100122,5561.46,24932.0,57312.0,57.24
JKCEMENT,EQ,2025-11-17,5556.0,5556.0,5628.0,5515.0,5593.5,5606.5,5583.61,82436,4602.9,17865.0,42852.0,51.98
JKCEMENT,EQ,2025-11-18,5606.5,5629.0,5629.0,5478.0,5494.0,5487.0,5497.54,86643,4763.24,17679.0,57728.0,66.63
JKCEMENT,EQ,2025-11-19,5487.0,5520.0,5724.5,5500.0,5662.5,5707.0,5644.01,161698,9126.25,25648.0,98052.0,60.64
JKCEMENT,EQ,2025-11-20,5707.0,5706.5,5706.5,5583.0,5619.5,5633.5,5639.15,120011,6767.6,21504.0,64220.0,53.51
JKCEMENT,EQ,2025-11-21,5633.5,5650.0,5668.0,5567.5,5620.5,5621.0,5611.84,75390,4230.77,14570.0,43192.0,57.29
JKCEMENT,EQ,2025-11-24,5621.0,5621.0,5655.0,5511.0,5574.0,5553.0,5552.79,95287,5291.09,16769.0,68690.0,72.09
JKCEMENT,EQ,2025-11-26,5585.0,5610.0,5959.5,5580.5,5910.0,5925.0,5835.67,194107,11327.44,30806.0,72019.0,37.1
JKCEMENT,EQ,2025-11-27,5925.0,5925.0,6027.5,5790.0,5845.0,5841.0,5885.89,108836,6405.97,24030.0,36038.0,33.11
JKCEMENT,EQ,2025-11-28,5841.0,5805.0,5839.5,5736.0,5741.0,5758.0,5771.14,224781,12972.43,14399.0,198374.0,88.25
JKCEMENT,EQ,2025-12-01,5758.0,5752.0,5817.0,5665.0,5784.0,5783.5,5723.86,116489,6667.66,30340.0,61913.0,53.15
JKCEMENT,EQ,2025-12-02,5783.5,5783.5,5810.0,5676.5,5797.0,5797.0,5754.33,75624,4351.66,16755.0,36850.0,48.73
JKCEMENT,EQ,2025-12-03,5797.0,5792.0,5794.0,5665.0,5707.0,5706.5,5700.7,53234,3034.71,12519.0,23755.0,44.62
JKCEMENT,EQ,2025-12-05,5618.5,5643.0,5718.5,5575.5,5617.0,5625.0,5644.13,117462,6629.71,23563.0,71251.0,60.66
JKCEMENT,EQ,2025-12-08,5625.0,5620.0,5659.0,5488.5,5498.0,5507.5,5559.23,53178,2956.29,14574.0,26667.0,50.15
JKCEMENT,EQ,2025-12-09,5507.5,5507.5,5590.0,5370.0,5542.0,5548.0,5477.75,118140,6471.41,22743.0,66346.0,56.16
JKCEMENT,EQ,2025-12-10,5548.0,5532.0,5570.0,5461.0,5475.0,5481.5,5514.11,42893,2365.17,12547.0,25965.0,60.53
JKCEMENT,EQ,2025-12-15,5724.5,5710.0,5722.5,5631.0,5662.5,5666.0,5664.66,33341,1888.65,8080.0,17262.0,51.77
JKCEMENT,EQ,2025-12-16,5666.0,5640.0,5677.0,5581.0,5621.0,5624.0,5623.23,90621,5095.83,14584.0,60268.0,66.51
JKCEMENT,EQ,2025-12-18,5597.0,5597.0,5597.0,5425.0,5440.0,5448.5,5485.79,52552,2882.89,13962.0,27835.0,52.97
JKCEMENT,EQ,2025-12-19,5448.5,5450.5,5480.5,5392.0,5421.5,5419.5,5429.74,43408,2356.94,11687.0,22522.0,51.88
JKCEMENT,EQ,2025-12-23,5415.0,5443.5,5628.5,5420.0,5620.0,5614.5,5530.49,113679,6287.0,24311.0,50954.0,44.82
JKCEMENT,EQ,2025-12-24,5614.5,5614.5,5722.0,5501.0,5678.5,5692.0,5668.88,70112,3974.56,16344.0,29052.0,41.44
JKCEMENT,EQ,2025-12-26,5692.0,5721.5,5739.0,5613.0,5641.0,5685.5,5678.03,106415,6042.28,24288.0,45701.0,42.95
JKCEMENT,EQ,2025-12-29,5685.5,5655.5,5755.0,5655.0,5730.0,5728.5,5721.74,38590,2208.02,10023.0,19927.0,51.64
JKCEMENT,EQ,2025-12-30,5728.5,5721.5,5727.0,5461.5,5494.0,5491.5,5520.35,248366,13710.68,53598.0,159955.0,64.4
JKCEMENT,EQ,2025-12-31,5491.5,5520.0,5588.5,5441.5,5535.0,5531.0,5542.81,86940,4818.92,20735.0,42505.0,48.89
JKCEMENT,EQ,2026-01-01,5531.0,5531.0,5544.0,5410.0,5508.5,5498.0,5479.06,75199,4120.2,12697.0,38652.0,51.4
JKCEMENT,EQ,2026-01-02,5498.0,5533.5,5599.0,5492.0,5580.0,5560.5,5548.88,68522,3802.2,19056.0,38234.0,55.8
JKCEMENT,EQ,2026-01-06,5761.0,5761.0,5764.5,5645.0,5650.0,5749.5,5715.67,49762,2844.23,11403.0,26990.0,54.24
JKCEMENT,EQ,2026-01-07,5749.5,5712.0,6020.0,5688.5,5961.0,5975.0,5941.96,182164,10824.11,28031.0,97001.0,53.25
JKCEMENT,EQ,2026-01-08,5975.0,5946.0,5999.0,5800.0,5951.0,5954.5,5924.44,160244,9493.56,32635.0,76994.0,48.05
JKCEMENT,EQ,2026-01-09,5954.5,5940.0,5947.5,5671.0,5720.0,5718.0,5814.0,116271,6760.0,25142.0,79130.0,68.06
JKCEMENT,EQ,2026-01-12,5718.0,5718.0,5738.0,5526.5,5600.0,5595.5,5586.82,91369,5104.63,24149.0,52577.0,57.54
JKCEMENT,EQ,2026-01-13,5595.5,5619.5,5805.5,5601.5,5782.0,5783.0,5735.6,98019,5621.98,19592.0,46155.0,47.09
JKCEMENT,EQ,2026-01-14,5783.0,5668.0,5775.0,5651.5,5678.0,5712.0,5722.59,79023,4522.16,16703.0,47932.0,60.66
JKCEMENT,EQ,2026-01-19,5885.0,5874.0,5874.0,5754.0,5790.0,5785.0,5791.71,101640,5886.69,21797.0,62659.0,61.65
JKCEMENT,EQ,2026-01-20,5785.0,5840.0,6105.0,5785.0,5840.5,5891.5,5964.77,546446,32594.24,82225.0,113064.0,20.69
JKCEMENT,EQ,2026-01-21,5891.5,5845.0,5845.5,5605.5,5642.0,5638.5,5677.01,178378,10126.53,38087.0,79746.0,44.71
JKCEMENT,EQ,2026-01-23,5569.5,5611.0,5649.5,5469.0,5551.0,5536.5,5530.8,110946,6136.2,15995.0,68001.0,61.29
JKCEMENT,EQ,2026-01-28,5478.5,5478.5,5699.0,5470.5,5665.5,5670.5,5640.95,158271,8927.98,31719.0,95827.0,60.55
JKCEMENT,EQ,2026-01-30,5542.0,5540.0,5691.0,5470.0,5525.0,5523.5,5576.03,152541,8505.73,23798.0,98250.0,64.41
JKCEMENT,EQ,2026-02-02,5477.5,5489.5,5536.5,5380.0,5465.0,5482.0,5471.33,84732,4635.97,15927.0,52853.0,62.38
JKCEMENT,EQ,2026-02-03,5482.0,5578.0,5639.5,5475.0,5620.0,5618.0,5577.5,150115,8372.66,29987.0,95290.0,63.48
JKCEMENT,EQ,2026-02-04,5618.0,5618.0,5733.0,5566.5,5691.5,5708.0,5666.36,40341,2285.87,8015.0,18019.0,44.67
JKCEMENT,EQ,2026-02-06,5731.0,5707.5,5776.0,5623.5,5740.0,5723.0,5707.52,39769,2269.82,8361.0,12168.0,30.6
JKCEMENT,EQ,2026-02-09,5723.0,5795.0,5973.5,5715.5,5965.5,5960.5,5903.74,78311,4623.28,18006.0,40331.0,51.5
JKCEMENT,EQ,2026-02-10,5960.5,5970.0,5988.5,5810.0,5816.0,5822.0,5883.01,57076,3357.79,13169.0,34176.0,59.88
JKCEMENT,EQ,2026-02-11,5822.0,5851.5,5918.5,5809.5,5823.5,5868.0,5871.82,85932,5045.77,16310.0,51780.0,60.26
JKCEMENT,EQ,2026-02-12,5868.0,5869.0,5869.0,5732.0,5815.0,5812.0,5809.67,42932,2494.21,10802.0,20017.0,46.62
JKCEMENT,EQ,2026-02-13,5812.0,5779.0,5787.5,5580.0,5596.0,5599.0,5645.47,39240,2215.28,12214.0,16192.0,41.26
JKCEMENT,EQ,2026-02-16,5599.0,5555.5,5685.0,5523.5,5675.0,5669.5,5605.4,42229,2367.11,10488.0,21248.0,50.32
JKCEMENT,EQ,2026-02-17,5669.5,5675.0,5878.5,5653.0,5868.0,5865.5,5813.65,75070,4364.31,19056.0,30777.0,41.0
JKCEMENT,EQ,2026-02-18,5865.5,5866.5,5977.5,5803.5,5930.0,5911.5,5898.17,101167,5967.01,20631.0,53899.0,53.28
JKCEMENT,EQ,2026-02-23,5748.0,5764.0,5810.0,5706.0,5810.0,5784.0,5765.55,21373,1232.27,7595.0,10019.0,46.88
JKCEMENT,EQ,2026-02-24,5784.0,5750.0,5778.5,5575.0,5644.5,5626.0,5624.33,119897,6743.4,16172.0,84609.0,70.57
JKCEMENT,EQ,2026-02-26,5660.5,5660.0,5749.5,5623.0,5722.5,5730.5,5717.48,46049,2632.84,10562.0,30774.0,66.83
JKCEMENT,EQ,2026-02-27,5730.5,5731.0,5775.5,5622.0,5650.0,5656.0,5653.52,73418,4150.7,10690.0,51892.0,70.68
JKCEMENT,EQ,2026-03-02,5656.0,5405.0,5638.5,5325.5,5611.0,5608.0,5591.95,48844,2731.33,10635.0,25767.0,52.75
JKCEMENT,EQ,2026-03-04,5608.0,5589.0,5600.0,5476.5,5530.0,5527.0,5523.68,50083,2766.43,16104.0,27936.0,55.78
JKCEMENT,EQ,2026-03-05,5527.0,5585.0,5585.0,5500.0,5510.5,5514.5,5529.28,63871,3531.61,16507.0,43407.0,67.96
JKCEMENT,EQ,2026-03-06,5514.5,5502.0,5557.5,5406.0,5428.5,5426.5,5466.42,38508,2105.01,10269.0,20245.0,52.57
JKCEMENT,EQ,2026-03-09,5426.5,5383.5,5383.5,5033.0,5050.0,5055.5,5135.58,93014,4776.81,25459.0,42099.0,45.26
JKCEMENT,EQ,2026-03-12,5151.0,5051.0,5250.0,5035.5,5200.0,5199.0,5185.61,48090,2493.76,12731.0,23595.0,49.06
JKCEMENT,EQ,2026-03-13,5199.0,5150.0,5188.0,4934.0,5000.0,5002.0,5001.9,77919,3897.43,21046.0,39180.0,50.28
JKCEMENT,EQ,2026-03-16,5002.0,4967.0,5103.0,4869.0,5050.5,5061.0,5002.18,65089,3255.87,19905.0,32559.0,50.02
JKCEMENT,EQ,2026-03-18,5117.0,5085.0,5184.0,5085.0,5110.0,5106.5,5110.12,48277,2467.01,17952.0,29415.0,60.93
JKCEMENT,EQ,2026-03-19,5106.5,5040.0,5105.5,4994.5,4998.0,5001.0,5016.01,58161,2917.36,18536.0,40779.0,70.11
JKCEMENT,EQ,2026-03-23,5000.0,4950.0,5011.0,4822.5,4890.0,4878.5,4893.63,110507,5407.81,32766.0,62795.0,56.82
JKCEMENT,EQ,2026-03-24,4878.5,4950.0,5139.0,4890.5,5120.0,5122.5,5060.71,73054,3697.05,20940.0,46251.0,63.31
JKCEMENT,EQ,2026-03-27,5262.0,5230.0,5230.0,5050.0,5093.0,5086.0,5110.63,62507,3194.5,23166.0,34876.0,55.8
JKCEMENT,EQ,2026-03-30,5086.0,5000.0,5113.5,4970.0,5055.0,5080.0,5061.23,95976,4857.57,32756.0,63797.0,66.47
JKCEMENT,EQ,2026-04-01,5080.0,5220.0,5220.0,5067.5,5141.0,5140.0,5138.65,107094,5503.18,14036.0,85009.0,79.38
JKCEMENT,EQ,2026-04-07,5356.0,5272.5,5318.5,5206.0,5272.0,5266.5,5265.25,63070,3320.8,13231.0,35609.0,56.46
JKCEMENT,EQ,2026-04-08,5266.5,5500.0,5628.0,5375.0,5540.5,5565.5,5563.64,41291,2297.28,11895.0,17211.0,41.68
JKCEMENT,EQ,2026-04-09,5565.5,5565.5,5570.0,5455.0,5550.0,5539.0,5528.94,53904,2980.32,13406.0,26392.0,48.96
JKCEMENT,EQ,2026-04-10,5539.0,5545.0,5755.0,5545.0,5732.0,5719.5,5665.74,76945,4359.5,16553.0,45551.0,59.2
JKCEMENT,EQ,2026-04-13,5719.5,5579.0,5644.5,5426.0,5430.0,5452.0,5505.48,123153,6780.16,32013.0,75490.0,61.3
JKCEMENT,EQ,2026-04-15,5452.0,5550.0,5559.0,5390.0,5425.0,5433.0,5473.83,93106,5096.47,17986.0,46285.0,49.71
JKCEMENT,EQ,2026-04-16,5433.0,5450.0,5519.0,5425.0,5480.0,5507.0,5477.62,68904,3774.3,15192.0,31470.0,45.67
JKCEMENT,EQ,2026-04-17,5507.0,5530.0,5569.5,5470.0,5550.0,5543.0,5527.68,67496,3730.97,13071.0,39427.0,58.41
JKCEMENT,EQ,2026-04-20,5543.0,5526.0,5750.0,5454.0,5691.0,5731.0,5658.52,79995,4526.53,18558.0,37650.0,47.07
JKCEMENT,EQ,2026-04-22,5920.5,5879.5,6020.0,5877.5,5900.0,5977.0,5979.72,82506,4933.63,18011.0,44396.0,53.81
JKCEMENT,EQ,2026-04-23,5977.0,5889.0,5898.0,5780.5,5782.0,5799.0,5813.89,87632,5094.83,18492.0,50329.0,57.43
JKCEMENT,EQ,2026-04-24,5799.0,5820.0,5820.0,5567.5,5599.5,5584.5,5625.6,39519,2223.18,11740.0,17838.0,45.14
JKCEMENT,EQ,2026-04-27,5584.5,5620.5,5645.0,5559.0,5605.0,5606.5,5603.29,35487,1988.44,10979.0,15738.0,44.35
JKCEMENT,EQ,2026-04-28,5606.5,5606.5,5645.0,5401.0,5480.0,5472.5,5456.57,124690,6803.8,21206.0,61712.0,49.49
JKCEMENT,EQ,2026-04-29,5472.5,5485.0,5540.0,5435.0,5449.0,5458.5,5494.81,21616,1187.76,4765.0,9259.0,42.83
JKCEMENT,EQ,2026-04-30,5458.5,5436.0,5436.0,5216.0,5298.5,5287.0,5291.41,320790,16974.31,34065.0,228830.0,71.33
JKCEMENT,EQ,2026-05-04,5287.0,5373.5,5514.0,5289.0,5371.0,5352.5,5399.39,148470,8016.48,27416.0,89731.0,60.44
JKCEMENT,EQ,2026-05-06,5286.5,5340.0,5556.0,5302.5,5500.0,5521.5,5470.63,102971,5633.17,25463.0,44748.0,43.46
JKCEMENT,EQ,2026-05-07,5521.5,5570.0,5740.0,5519.0,5611.0,5626.0,5629.52,64835,3649.9,14756.0,28364.0,43.75
JKCEMENT,EQ,2026-05-08,5626.0,5626.0,5642.0,5536.0,5563.5,5571.5,5570.19,30404,1693.56,8652.0,18312.0,60.23
JKCEMENT,EQ,2026-05-12,5465.0,5465.0,5494.0,5334.0,5362.5,5377.5,5391.49,36424,1963.8,10770.0,20022.0,54.97
JKCEMENT,EQ,2026-05-13,5377.5,5360.0,5449.0,5296.5,5370.0,5422.5,5344.5,85097,4548.01,11836.0,66748.0,78.44
JKCEMENT,EQ,2026-05-15,5521.5,5521.5,5566.0,5382.0,5440.0,5464.0,5488.8,28097,1542.19,10747.0,13140.0,46.77
JKCEMENT,EQ,2026-05-18,5464.0,5439.0,5449.0,5354.0,5382.0,5413.5,5409.57,32336,1749.24,11092.0,15864.0,49.06
JKCEMENT,EQ,2026-05-19,5413.5,5413.5,5475.0,5380.5,5436.0,5434.5,5424.42,35125,1905.33,15453.0,21717.0,61.83
JKCEMENT,EQ,2026-05-20,5434.5,5434.5,5442.0,5327.5,5354.5,5344.5,5370.82,93765,5035.95,22982.0,63068.0,67.26
JKCEMENT,EQ,2026-05-21,5344.5,5370.5,5580.5,5370.5,5530.0,5546.5,5494.15,113357,6228.01,15804.0,52325.0,46.16
JKCEMENT,EQ,2026-05-22,5546.5,5546.0,5621.0,5492.0,5545.5,5557.5,5561.08,35417,1969.57,10393.0,15642.0,44.17
JKCEMENT,EQ,2026-05-25,5557.5,5546.5,5579.5,5406.0,5445.0,5441.5,5474.55,82200,4500.08,10633.0,55130.0,67.07
JKCEMENT,EQ,2026-05-27,5315.0,5315.0,5385.0,5290.0,5295.0,5301.0,5319.87,36942,1965.27,7908.0,20018.0,54.19
JKCEMENT,EQ,2026-05-29,5301.0,5302.0,5316.0,5125.0,5169.0,5171.0,5207.89,103183,5373.66,20129.0,56251.0,54.52
JKCEMENT,EQ,2026-06-02,5190.5,5199.5,5229.0,5032.0,5032.0,5068.5,5111.61,67443,3447.42,12016.0,40219.0,59.63
JKCEMENT,EQ,2026-06-04,4877.0,4899.5,4960.0,4825.0,4911.0,4920.0,4888.13,46613,2278.5,10225.0,20060.0,43.04
JKCEMENT,EQ,2026-06-05,4920.0,4970.0,5020.0,4899.5,4937.0,4947.5,4937.82,65785,3248.34,16243.0,33658.0,51.16
JKCEMENT,EQ,2026-06-08,4947.5,4937.5,4937.5,4731.5,4760.0,4767.0,4825.68,58404,2818.39,14254.0,28730.0,49.19
JKCEMENT,EQ,2026-06-09,4767.0,4784.0,4850.0,4751.0,4815.0,4822.0,4804.16,53669,2578.35,10694.0,24972.0,46.53
JKCEMENT,EQ,2026-06-10,4822.0,4815.0,4868.5,4772.0,4781.0,4815.0,4813.87,108186,5207.93,14088.0,76532.0,70.74
JKCEMENT,EQ,2026-06-11,4815.0,4800.0,4811.5,4680.0,4703.5,4701.0,4748.41,55168,2619.6,10919.0,34189.0,61.97
JKCEMENT,EQ,2026-06-12,4701.0,4740.0,4873.0,4671.5,4855.0,4858.5,4776.46,81069,3872.23,17979.0,39789.0,49.08
JKCEMENT,EQ,2026-06-15,4858.5,4920.0,5218.0,4920.0,5167.0,5176.5,5146.6,162735,8375.32,38040.0,78936.0,48.51
JKCEMENT,EQ,2026-06-16,5176.5,5150.0,5346.0,5133.0,5310.0,5314.0,5272.97,106194,5599.58,23391.0,53041.0,49.95
JKCEMENT,EQ,2026-06-17,5314.0,5301.5,5450.5,5215.5,5444.0,5440.0,5419.6,213841,11589.33,20159.0,162867.0,76.16
JKCEMENT,EQ,2026-06-18,5440.0,5440.0,5560.0,5386.0,5536.0,5540.0,5519.09,60477,3337.78,9974.0,26072.0,43.11
JKCEMENT,EQ,2026-06-23,5474.0,5514.0,5549.0,5321.0,5535.0,5518.5,5404.8,115939,6266.27,14283.0,78659.0,67.85
JKCEMENT,EQ,2026-06-24,5518.5,5518.5,5587.0,5455.5,5540.0,5513.0,5517.48,85776,4732.67,15454.0,34843.0,40.62
JKCEMENT,EQ,2026-06-25,5513.0,5538.5,5628.0,5530.0,5555.0,5577.0,5590.67,44689,2498.42,10486.0,19268.0,43.12
JKCEMENT,EQ,2026-06-29,5577.0,5577.0,5617.5,5265.0,5366.0,5319.5,5344.97,292678,15643.56,66352.0,173329.0,59.22
JKCEMENT,EQ,2026-06-30,5319.5,5335.0,5565.0,5310.0,5425.0,5444.5,5478.18,89276,4890.7,22495.0,45522.0,50.99
JKCEMENT,EQ,2026-07-01,5444.5,5423.0,5496.5,5375.0,5425.0,5413.0,5425.2,35646,1933.87,11464.0,21489.0,60.28
JKCEMENT,EQ,2026-07-03,5531.5,5537.0,5730.0,5469.0,5497.5,5495.5,5599.43,92631,5186.81,21735.0,38821.0,41.91
JKCEMENT,EQ,2026-07-07,5470.5,5477.0,5520.0,5375.0,5396.0,5395.0,5409.99,44037,2382.4,13484.0,22327.0,50.7
JKCEMENT,EQ,2026-07-08,5395.0,5374.5,5430.0,5230.0,5353.5,5332.0,5390.46,241434,13014.41,10657.0,205433.0,85.09
JKCEMENT,EQ,2026-07-13,5398.5,5355.0,5445.5,5320.0,5352.0,5361.5,5397.85,271625,14661.92,5645.0,259878.0,95.68
JKCEMENT,EQ,2026-07-14,5361.5,5380.0,5384.0,5302.0,5354.0,5353.0,5346.12,20115,1075.37,7283.0,8921.0,44.35
JKCEMENT,EQ,2026-07-16,5424.5,5475.0,5497.5,5410.0,5415.0,5428.5,5448.35,25294,1378.11,6493.0,10771.0,42.58
JKCEMENT,EQ,2026-07-17,5428.5,5428.5,5462.0,5350.0,5393.0,5391.0,5393.91,24454,1319.03,6739.0,11475.0,46.92
JKCEMENT,EQ,2026-07-20,5391.0,5261.5,5552.5,5249.0,5495.0,5453.0,5467.07,97191,5313.5,20004.0,30732.0,31.62
JKCEMENT,EQ,2026-07-21,5453.0,5480.0,5750.0,5479.5,5669.0,5658.0,5661.49,297053,16817.64,56342.0,104748.0,35.26
JKCEMENT,EQ,2026-07-22,5658.0,5680.0,5790.0,5580.0,5735.0,5762.0,5744.74,144890,8323.56,30729.0,72119.0,49.78
JKCEMENT,EQ,2026-07-23,5762.0,5725.0,5748.0,5615.5,5650.0,5668.0,5671.41,103825,5888.34,15528.0,75193.0,72.42
JKCEMENT,EQ,2026-07-24,5668.0,5618.0,5671.0,5578.0,5659.0,5649.0,5636.23,29550,1665.51,8808.0,11736.0,39.72
JKCEMENT,EQ,2026-07-27,5649.0,5699.5,5749.0,5631.0,5732.0,5730.0,5718.73,39940,2284.06,13985.0,21203.0,53.09
JKCEMENT,EQ,2026-07-29,5642.5,5645.0,5748.0,5611.0,5632.0,5642.0,5675.69,52330,2970.09,13140.0,29109.0,55.63
JKCEMENT,EQ,2026-07-31,5567.0,5567.0,5606.5,5377.5,5479.0,5444.0,5479.91,79905,4378.73,21936.0,40624.0,50.84
JKCEMENT,EQ,2026-08-03,5444.0,5461.0,5595.0,5461.0,5543.0,5563.5,5552.46,39151,2173.84,11716.0,19282.0,49.25
JKCEMENT,EQ,2026-08-04,5563.5,5598.0,5598.0,5480.0,5500.0,5492.5,5521.85,29085,1606.03,10315.0,14485.0,49.8
JKCEMENT,EQ,2026-08-05,5492.5,5539.5,5556.5,5443.0,5468.0,5484.5,5490.92,49694,2728.66,15013.0,22069.0,44.41
JKCEMENT,EQ,2026-08-07,5421.0,5400.5,5428.5,5361.0,5375.0,5379.5,5382.98,23148,1246.05,4989.0,11867.0,51.27
JKCEMENT,EQ,2026-08-10,5379.5,5381.0,5450.0,5370.0,5381.0,5387.5,5413.29,17379,940.78,4571.0,8282.0,47.66
JKCEMENT,EQ,2026-08-11,5387.5,5390.0,5427.5,5345.0,5365.0,5361.0,5372.31,17960,964.87,4463.0,9496.0,52.87
JKCEMENT,EQ,2026-08-13,5393.5,5400.0,5406.5,5332.0,5343.5,5348.5,5352.15,13287,711.14,3162.0,6721.0,50.58
JKCEMENT,EQ,2026-08-14,5348.5,5349.0,5393.5,5275.5,5286.0,5306.5,5302.87,13544,718.22,3886.0,6761.0,49.92
JKCEMENT,EQ,2026-08-17,5306.5,5287.0,5389.0,5165.0,5343.0,5340.0,5281.67,54293,2867.58,13640.0,23233.0,42.79
JKCEMENT,EQ,2026-08-18,5340.0,5338.0,5399.0,5322.0,5355.0,5375.5,5368.55,21124,1134.05,5884.0,7555.0,35.77
JKCEMENT,EQ,2026-08-19,5375.5,5360.5,5397.5,5255.0,5266.0,5276.0,5299.83,15818,838.33,5885.0,7380.0,46.66
JKCEMENT,EQ,2026-08-21,5266.0,5266.0,5293.0,5230.0,5250.0,5250.0,5254.54,13416,704.95,4243.0,8289.0,61.78
JKCEMENT,EQ,2026-08-24,5250.0,5247.5,5280.0,5201.5,5203.0,5215.5,5230.38,9896,517.6,3812.0,4559.0,46.07
JKCEMENT,EQ,2026-08-25,5215.5,5244.0,5245.0,5171.0,5204.5,5197.5,5193.75,12441,646.15,3481.0,6519.0,52.4
JKCEMENT,EQ,2026-08-27,5277.0,5290.0,5299.0,5213.0,5221.0,5233.5,5233.49,12186,637.75,3449.0,4579.0,37.58
JKCEMENT,EQ,2026-08-31,5168.5,5141.0,5155.0,5070.0,5148.0,5133.0,5100.36,44810,2285.47,11781.0,25584.0,57.09
JKCEMENT,EQ,2026-09-01,5133.0,5157.5,5157.5,4999.0,5040.0,5078.5,5079.18,58279,2960.09,6833.0,7979.0,13.69
JKCEMENT,EQ,2026-09-02,5078.5,5078.5,5080.0,4951.0,4970.0,4979.5,4986.01,63500,3166.11,11497.0,43035.0,67.77
JKCEMENT,EQ,2026-09-03,4979.5,4979.5,5123.5,4951.0,5057.0,5039.5,4989.52,53939,2691.3,6489.0,36105.0,66.94
JKCEMENT,EQ,2026-09-04,5039.5,5044.0,5126.0,5025.5,5120.0,5083.5,5067.73,15032,761.78,3618.0,7376.0,49.07
JKCEMENT,EQ,2026-09-07,5083.5,5083.5,5106.5,5021.0,5049.5,5047.0,5059.84,37329,1888.79,15633.0,23754.0,63.63
JKCEMENT,EQ,2026-09-08,5047.0,5026.0,5170.0,4972.0,4990.0,4990.5,5032.71,94515,4756.67,7100.0,80674.0,85.36
JKCEMENT,EQ,2026-09-09,4990.5,5009.0,5070.0,4960.0,4990.0,4990.5,5002.13,34112,1706.33,8515.0,18552.0,54.39
JKCEMENT,EQ,2026-09-10,4990.5,4991.5,5004.5,4887.0,4925.0,4915.5,4923.91,37586,1850.7,9954.0,19813.0,52.71
JKCEMENT,EQ,2026-09-11,4915.5,4900.0,4909.5,4813.0,4846.0,4843.5,4844.7,54957,2662.5,13270.0,15398.0,49.4
JKCEMENT,EQ,2026-09-16,4712.0,4716.0,4872.0,4676.0,4780.0,4750.0,4746.43,61980,2941.84,16501.0,25149.0,40.58
JKCEMENT,EQ,2026-09-18,5027.0,5010.0,5139.0,4990.0,5084.5,5064.5,5066.68,60794,3080.24,13301.0,32831.0,54.0
JKCEMENT,EQ,2026-09-24,5085.0,5025.0,5229.0,4981.0,5190.0,5184.5,5136.45,42384,2177.03,12383.0,19000.0,44.83
KPIGREEN,EQ,2025-09-25,465.2,474.8,488.7,467.7,470.55,470.55,475.65,1553193,7387.76,,698937.0,45.0
KPIGREEN,EQ,2025-09-26,470.55,472.55,474.4,444.05,447.4,447.4,455.28,773092,3519.73,,347891.0,45.0
KPIGREEN,EQ,2025-09-30,447.4,441.85,448.9,436.7,438.45,438.45,441.35,258933,1142.8,,116520.0,45.0
KPIGREEN,EQ,2025-10-01,438.45,440.4,448.85,436.85,445.75,445.75,443.82,383360,1701.43,,172512.0,45.0
KPIGREEN,EQ,2025-10-07,443.0,443.0,444.2,431.0,432.0,432.0,435.73,456599,1989.54,,205470.0,45.0
KPIGREEN,EQ,2025-10-08,432.0,431.0,431.8,421.05,425.05,425.05,425.97,543619,2315.65,,244629.0,45.0
KPIGREEN,EQ,2025-10-09,425.05,425.0,425.55,419.0,421.8,421.8,422.12,602162,2541.85,,270973.0,45.0
KPIGREEN,EQ,2025-10-14,450.75,450.8,456.0,443.0,450.9,450.9,449.97,604152,2718.5,,271868.0,45.0
KPIGREEN,EQ,2025-10-15,450.9,450.3,454.0,445.05,448.95,448.95,449.33,315591,1418.05,,142016.0,45.0
KPIGREEN,EQ,2025-10-16,448.95,450.0,464.0,447.35,459.75,459.75,457.03,580746,2654.18,,261336.0,45.0
KPIGREEN,EQ,2025-10-17,459.75,461.95,481.05,460.1,478.45,478.45,473.2,1474987,6979.64,,663744.0,45.0
KPIGREEN,EQ,2025-10-20,478.45,482.45,498.0,478.8,496.6,496.6,491.13,1654449,8125.5,,744502.0,45.0
KPIGREEN,EQ,2025-10-21,496.6,500.05,509.5,500.05,505.1,505.1,504.88,609700,3078.25,,274365.0,45.0
KPIGREEN,EQ,2025-10-24,508.6,510.6,520.0,503.7,517.7,517.7,513.8,1054551,5418.28,,474548.0,45.0
KPIGREEN,EQ,2025-10-28,522.2,520.0,524.3,514.0,522.65,522.65,520.32,793319,4127.8,,356994.0,45.0
KPIGREEN,EQ,2025-10-29,522.65,524.45,535.6,518.05,531.7,531.7,528.45,1605843,8486.08,,722629.0,45.0
KPIGREEN,EQ,2025-11-03,531.7,535.0,542.25,532.0,538.8,538.8,537.68,812974,4371.2,,365838.0,45.0
KPIGREEN,EQ,2025-11-06,532.05,528.2,529.2,508.05,510.75,510.75,516.0,834439,4305.71,,375498.0,45.0
KPIGREEN,EQ,2025-11-07,510.75,509.45,527.0,493.0,503.2,503.2,507.73,3044021,15455.41,,1369809.0,45.0
KPIGREEN,EQ,2025-11-10,503.2,513.15,515.65,482.0,484.3,484.3,493.98,857423,4235.5,,385840.0,45.0
KPIGREEN,EQ,2025-11-11,484.3,483.0,495.5,483.0,486.3,486.3,488.27,708242,3458.13,,318709.0,45.0
KPIGREEN,EQ,2025-11-12,486.3,486.85,492.45,484.0,485.9,485.9,487.45,465743,2270.26,,209584.0,45.0
KPIGREEN,EQ,2025-11-14,472.05,470.4,476.0,466.4,469.4,469.4,470.6,807151,3798.45,,363218.0,45.0
KPIGREEN,EQ,2025-11-17,469.4,470.85,479.0,462.55,466.9,466.9,469.48,862408,4048.83,,388084.0,45.0
KPIGREEN,EQ,2025-11-18,466.9,470.0,473.8,462.1,464.2,464.2,466.7,503097,2347.95,,226394.0,45.0
KPIGREEN,EQ,2025-11-19,464.2,463.1,467.95,461.5,462.35,462.35,463.93,458770,2128.37,,206446.0,45.0
KPIGREEN,EQ,2025-11-20,462.35,462.85,472.0,462.85,464.4,464.4,466.42,520265,2426.62,,234119.0,45.0
KPIGREEN,EQ,2025-11-21,464.4,464.35,464.8,445.0,449.4,449.4,453.07,526573,2385.74,,236958.0,45.0
KPIGREEN,EQ,2025-11-24,449.4,446.15,446.15,434.05,436.5,436.5,438.9,774174,3397.85,,348378.0,45.0
KPIGREEN,EQ,2025-11-26,436.5,441.9,445.45,440.15,443.05,443.05,442.88,372001,1647.52,,167400.0,45.0
KPIGREEN,EQ,2025-11-27,443.05,443.05,443.65,436.0,438.85,438.85,439.5,333192,1464.38,,149936.0,45.0
KPIGREEN,EQ,2025-11-28,438.85,438.0,438.85,430.5,431.4,431.4,433.58,397737,1724.51,,178982.0,45.0
KPIGREEN,EQ,2025-12-01,431.4,426.4,434.4,423.0,424.25,424.25,427.22,696635,2976.16,,313486.0,45.0
KPIGREEN,EQ,2025-12-02,424.25,425.0,437.85,411.6,429.9,429.9,426.45,1160890,4950.62,,522400.0,45.0
KPIGREEN,EQ,2025-12-03,429.9,439.0,450.0,420.0,446.5,446.5,438.83,2617761,11487.52,,1177992.0,45.0
KPIGREEN,EQ,2025-12-05,441.75,440.5,440.5,421.35,423.55,423.55,428.47,597844,2561.58,,269030.0,45.0
KPIGREEN,EQ,2025-12-08,423.55,420.2,425.55,386.8,395.1,395.1,402.48,1929237,7764.79,,868157.0,45.0
KPIGREEN,EQ,2025-12-09,395.1,395.0,406.9,386.8,399.15,399.15,397.62,2612982,10389.74,,1175842.0,45.0
KPIGREEN,EQ,2025-12-10,399.15,400.9,403.4,391.85,393.4,393.4,396.22,1778538,7046.92,,800342.0,45.0
KPIGREEN,EQ,2025-12-15,400.1,426.0,435.45,421.0,432.35,432.35,429.6,1201014,5159.56,,540456.0,45.0
KPIGREEN,EQ,2025-12-16,432.35,431.0,431.0,423.8,425.05,425.05,426.62,1336030,5699.77,,601214.0,45.0
KPIGREEN,EQ,2025-12-18,416.95,431.0,437.7,417.8,422.5,422.5,426.0,1534942,6538.85,,690724.0,45.0
KPIGREEN,EQ,2025-12-19,422.5,425.6,425.6,415.55,417.75,417.75,419.63,797447,3346.33,,358851.0,45.0
KPIGREEN,EQ,2025-12-23,420.25,422.0,422.75,415.8,420.8,420.8,419.78,556229,2334.94,,250303.0,45.0
KPIGREEN,EQ,2025-12-24,420.8,420.55,432.3,419.0,426.35,426.35,425.88,1025251,4366.34,,461363.0,45.0
KPIGREEN,EQ,2025-12-26,426.35,429.0,429.0,414.8,416.4,416.4,420.07,475506,1997.46,,213978.0,45.0
KPIGREEN,EQ,2025-12-29,416.4,416.95,418.9,402.0,404.85,404.85,408.58,658536,2690.65,,296341.0,45.0
KPIGREEN,EQ,2025-12-30,404.85,415.0,485.0,407.0,474.2,474.2,455.4,35794668,163008.92,,16107601.0,45.0
KPIGREEN,EQ,2025-12-31,474.2,474.15,514.0,467.5,502.7,502.7,494.73,41916294,207372.48,,18862332.0,45.0
KPIGREEN,EQ,2026-01-01,502.7,501.8,505.45,476.6,485.25,485.25,489.1,6738406,32957.54,,3032283.0,45.0
KPIGREEN,EQ,2026-01-02,485.25,485.6,492.85,475.6,485.15,485.15,484.53,3537933,17142.35,,1592070.0,45.0
KPIGREEN,EQ,2026-01-06,491.05,492.5,492.5,470.0,475.5,475.5,479.33,1224878,5871.21,,551195.0,45.0
KPIGREEN,EQ,2026-01-07,475.5,475.0,491.8,469.05,487.1,487.1,482.65,1610708,7774.08,,724819.0,45.0
KPIGREEN,EQ,2026-01-08,487.1,485.15,486.0,460.0,463.0,463.0,469.67,1330091,6247.04,,598541.0,45.0
KPIGREEN,EQ,2026-01-09,463.0,460.1,468.15,443.0,447.0,447.0,452.72,1371498,6209.05,,617174.0,45.0
KPIGREEN,EQ,2026-01-12,447.0,447.0,451.2,432.6,441.45,441.45,441.75,1512952,6683.47,,680828.0,45.0
KPIGREEN,EQ,2026-01-13,441.45,466.6,469.35,443.2,448.05,448.05,453.53,3029232,13738.48,,1363154.0,45.0
KPIGREEN,EQ,2026-01-14,448.05,445.8,448.65,431.25,432.95,432.95,437.62,994201,4350.82,,447390.0,45.0
KPIGREEN,EQ,2026-01-19,432.95,443.0,445.8,436.0,442.5,442.5,441.43,799897,3530.99,,359954.0,45.0
KPIGREEN,EQ,2026-01-20,442.5,445.35,456.0,437.15,442.85,442.85,445.33,2146269,9557.98,,965821.0,45.0
KPIGREEN,EQ,2026-01-21,442.85,440.0,458.55,419.8,431.45,431.45,436.6,4782182,20879.01,,2151982.0,45.0
KPIGREEN,EQ,2026-01-23,431.45,435.0,435.0,406.1,410.05,410.05,417.05,1150571,4798.46,,517757.0,45.0
KPIGREEN,EQ,2026-01-28,408.95,410.25,416.95,395.6,406.05,406.05,406.2,1625763,6603.85,,731593.0,45.0
KPIGREEN,EQ,2026-01-30,400.35,400.0,401.55,389.0,395.75,395.75,395.43,1315304,5201.11,,591887.0,45.0
KPIGREEN,EQ,2026-02-02,395.75,391.1,398.4,381.15,391.9,391.9,390.48,1029697,4020.76,,463364.0,45.0
KPIGREEN,EQ,2026-02-03,391.9,415.0,417.5,398.1,401.65,401.65,405.75,1340651,5439.69,,603293.0,45.0
KPIGREEN,EQ,2026-02-04,401.65,401.0,417.35,396.3,412.2,412.2,408.62,1755959,7175.2,,790182.0,45.0
KPIGREEN,EQ,2026-02-06,405.25,404.0,405.0,396.45,402.0,402.0,401.15,645677,2590.13,,290555.0,45.0
KPIGREEN,EQ,2026-02-09,402.0,404.85,429.3,402.5,418.9,418.9,416.9,1729752,7211.34,,778388.0,45.0
KPIGREEN,EQ,2026-02-10,418.9,421.35,427.5,418.9,420.75,420.75,422.38,1055083,4456.46,,474787.0,45.0
KPIGREEN,EQ,2026-02-11,420.75,422.0,424.0,416.05,421.9,421.9,420.65,594891,2502.41,,267701.0,45.0
KPIGREEN,EQ,2026-02-12,421.9,421.0,421.05,410.0,412.05,412.05,414.37,576877,2390.41,,259595.0,45.0
KPIGREEN,EQ,2026-02-13,412.05,398.55,407.0,398.55,402.85,402.85,402.8,589253,2373.51,,265164.0,45.0
KPIGREEN,EQ,2026-02-16,402.85,402.85,406.0,399.05,404.6,404.6,403.22,404590,1631.39,,182066.0,45.0
KPIGREEN,EQ,2026-02-17,404.6,404.5,409.85,403.95,407.25,407.25,407.02,391358,1592.91,,176111.0,45.0
KPIGREEN,EQ,2026-02-18,407.25,405.0,413.05,402.55,404.4,404.4,406.67,663499,2698.25,,298575.0,45.0
KPIGREEN,EQ,2026-02-23,397.4,397.95,401.0,392.0,394.2,394.2,395.73,411618,1628.9,,185228.0,45.0
KPIGREEN,EQ,2026-02-24,394.2,392.0,392.0,380.65,385.7,385.7,386.12,739620,2855.82,,332829.0,45.0
KPIGREEN,EQ,2026-02-26,385.7,383.7,388.9,381.7,382.95,382.95,384.52,343040,1319.06,,154368.0,45.0
KPIGREEN,EQ,2026-02-27,382.95,382.0,389.95,377.3,386.15,386.15,384.47,611084,2349.43,,274988.0,45.0
KPIGREEN,EQ,2026-03-02,386.15,363.05,377.7,356.85,361.8,361.8,365.45,1376202,5029.33,,619291.0,45.0
KPIGREEN,EQ,2026-03-04,361.8,356.85,357.7,345.05,347.5,347.5,350.08,952209,3333.49,,428494.0,45.0
KPIGREEN,EQ,2026-03-05,347.5,352.0,356.4,346.65,351.65,351.65,351.57,632318,2223.04,,284543.0,45.0
KPIGREEN,EQ,2026-03-06,351.65,350.0,359.25,349.0,350.05,350.05,352.77,639176,2254.82,,287629.0,45.0
KPIGREEN,EQ,2026-03-09,350.05,340.95,344.9,335.65,339.2,339.2,339.92,834198,2835.61,,375389.0,45.0
KPIGREEN,EQ,2026-03-12,363.7,363.7,431.3,351.2,394.7,394.7,392.4,15664570,61467.77,,7049056.0,45.0
KPIGREEN,EQ,2026-03-13,394.7,404.05,422.55,388.3,401.6,401.6,404.15,12514041,50575.5,,5631318.0,45.0
KPIGREEN,EQ,2026-03-16,401.6,401.65,403.8,369.25,380.3,380.3,384.45,2460060,9457.7,,1107027.0,45.0
KPIGREEN,EQ,2026-03-18,381.9,382.1,390.9,378.25,385.25,385.25,384.8,906686,3488.93,,408009.0,45.0
KPIGREEN,EQ,2026-03-19,385.25,378.5,392.95,373.0,374.15,374.15,380.03,1107458,4208.67,,498356.0,45.0
KPIGREEN,EQ,2026-03-23,374.15,373.25,375.0,356.0,357.95,357.95,362.98,930222,3376.52,,418600.0,45.0
KPIGREEN,EQ,2026-03-24,357.95,371.6,379.5,359.7,375.5,375.5,371.57,1131002,4202.46,,508951.0,45.0
KPIGREEN,EQ,2026-03-27,383.95,383.95,387.0,366.55,368.65,368.65,374.07,1363702,5101.2,,613666.0,45.0
KPIGREEN,EQ,2026-03-30,368.65,366.0,366.2,350.0,351.2,351.2,355.8,1127850,4012.89,,507532.0,45.0
KPIGREEN,EQ,2026-04-01,351.2,367.55,395.9,362.0,387.7,387.7,381.87,1626302,6210.36,,731836.0,45.0
KPIGREEN,EQ,2026-04-07,390.35,386.5,394.8,383.95,388.2,388.2,388.98,690348,2685.32,,310657.0,45.0
KPIGREEN,EQ,2026-04-08,388.2,408.3,411.95,401.1,407.1,407.1,406.72,1259931,5124.39,,566969.0,45.0
KPIGREEN,EQ,2026-04-09,407.1,407.1,411.6,396.0,404.15,404.15,403.92,1072012,4330.07,,482405.0,45.0
KPIGREEN,EQ,2026-04-10,404.15,406.9,415.95,406.4,411.1,411.1,411.15,673794,2770.3,,303207.0,45.0
KPIGREEN,EQ,2026-04-13,411.1,400.0,424.0,394.8,417.2,417.2,412.0,1578061,6501.61,,710127.0,45.0
KPIGREEN,EQ,2026-04-15,417.2,429.0,437.4,424.2,434.5,434.5,432.03,1322185,5712.24,,594983.0,45.0
KPIGREEN,EQ,2026-04-16,434.5,441.0,442.8,431.9,440.9,440.9,438.53,1097454,4812.67,,493854.0,45.0
KPIGREEN,EQ,2026-04-17,440.9,447.3,465.0,446.05,448.25,448.25,453.1,2001268,9067.75,,900571.0,45.0
KPIGREEN,EQ,2026-04-20,448.25,446.0,451.5,437.3,440.55,440.55,443.12,944907,4187.07,,425208.0,45.0
KPIGREEN,EQ,2026-04-22,440.55,442.0,458.1,439.85,454.1,454.1,450.68,1265283,5702.38,,569377.0,45.0
KPIGREEN,EQ,2026-04-23,454.1,452.8,474.8,450.25,459.25,459.25,461.43,1908042,8804.28,,858619.0,45.0
KPIGREEN,EQ,2026-04-24,459.25,460.0,464.1,446.4,448.9,448.9,453.13,744944,3375.56,,335225.0,45.0
KPIGREEN,EQ,2026-04-27,448.9,455.0,467.35,453.0,461.15,461.15,460.5,1061422,4887.85,,477640.0,45.0
KPIGREEN,EQ,2026-04-28,461.15,464.0,468.0,457.5,459.65,459.65,461.72,570990,2636.38,,256946.0,45.0
KPIGREEN,EQ,2026-04-29,459.65,462.8,465.9,450.05,451.2,451.2,455.72,619321,2822.37,,278694.0,45.0
KPIGREEN,EQ,2026-04-30,451.2,451.2,453.0,439.05,447.95,447.95,446.67,577173,2578.06,,259728.0,45.0
KPIGREEN,EQ,2026-05-04,447.95,451.35,463.8,450.05,459.05,459.05,457.63,805603,3686.68,,362521.0,45.0
KPIGREEN,EQ,2026-05-06,459.05,456.15,507.3,452.0,482.35,482.35,480.55,14400749,69202.8,,6480337.0,45.0
KPIGREEN,EQ,2026-05-07,482.35,488.0,499.9,484.0,488.25,488.25,490.72,2995980,14701.87,,1348191.0,45.0
KPIGREEN,EQ,2026-05-08,488.25,489.9,492.55,474.0,476.2,476.2,480.92,1565374,7528.2,,704418.0,45.0
KPIGREEN,EQ,2026-05-12,455.55,452.0,452.0,429.55,432.7,432.7,438.08,1277983,5598.59,,575092.0,45.0
KPIGREEN,EQ,2026-05-13,432.7,432.75,442.15,432.75,435.3,435.3,436.73,895414,3910.54,,402936.0,45.0
KPIGREEN,EQ,2026-05-15,435.3,427.2,432.0,419.0,420.6,420.6,423.87,952616,4037.85,,428677.0,45.0
KPIGREEN,EQ,2026-05-18,420.6,414.0,423.45,406.25,421.25,421.25,416.98,952181,3970.4,,428481.0,45.0
KPIGREEN,EQ,2026-05-19,421.25,422.0,443.0,421.3,438.0,438.0,434.1,1190384,5167.46,,535673.0,45.0
KPIGREEN,EQ,2026-05-20,438.0,433.0,436.7,426.35,433.7,433.7,432.25,690038,2982.69,,310517.0,45.0
KPIGREEN,EQ,2026-05-21,433.7,440.75,446.9,428.05,430.45,430.45,435.13,589291,2564.18,,265181.0,45.0
KPIGREEN,EQ,2026-05-22,430.45,433.95,434.15,425.1,426.8,426.8,428.68,459569,1970.08,,206806.0,45.0
KPIGREEN,EQ,2026-05-25,426.8,429.9,437.75,429.85,436.35,436.35,434.65,413881,1798.93,,186246.0,45.0
KPIGREEN,EQ,2026-05-27,436.35,435.0,447.45,431.0,435.85,435.85,438.1,823534,3607.9,,370590.0,45.0
KPIGREEN,EQ,2026-05-29,435.85,434.0,442.9,410.0,420.95,420.95,424.62,856374,3636.34,,385368.0,45.0
KPIGREEN,EQ,2026-06-02,420.95,415.8,424.95,409.0,420.6,420.6,418.18,681530,2850.02,,306688.0,45.0
KPIGREEN,EQ,2026-06-04,414.9,410.0,415.15,403.1,406.25,406.25,408.17,1018984,4159.19,,458543.0,45.0
KPIGREEN,EQ,2026-06-05,406.25,410.0,411.3,398.7,405.85,405.85,405.28,969198,3927.97,,436139.0,45.0
KPIGREEN,EQ,2026-06-08,405.85,400.0,400.7,386.25,389.75,389.75,392.23,983448,3857.38,,442552.0,45.0
KPIGREEN,EQ,2026-06-09,389.75,389.75,395.8,388.6,394.05,394.05,392.82,541676,2127.81,,243754.0,45.0
KPIGREEN,EQ,2026-06-10,394.05,394.8,398.1,387.0,388.45,388.45,391.18,555224,2171.93,,249851.0,45.0
KPIGREEN,EQ,2026-06-11,388.45,385.0,386.7,378.9,381.7,381.7,382.43,522077,1996.58,,234935.0,45.0
KPIGREEN,EQ,2026-06-12,381.7,386.1,404.0,386.1,401.4,401.4,397.17,590654,2345.9,,265794.0,45.0
KPIGREEN,EQ,2026-06-15,401.4,413.85,416.0,404.0,405.3,405.3,408.43,645631,2636.95,,290534.0,45.0
KPIGREEN,EQ,2026-06-16,405.3,408.0,411.15,404.05,408.0,408.0,407.73,457529,1865.48,,205888.0,45.0
KPIGREEN,EQ,2026-06-17,408.0,408.05,412.3,406.55,410.15,410.15,409.67,442558,1813.03,,199151.0,45.0
KPIGREEN,EQ,2026-06-18,410.15,409.2,415.8,405.05,407.4,407.4,409.42,631457,2585.31,,284156.0,45.0
KPIGREEN,EQ,2026-06-23,407.4,410.05,410.65,400.0,402.25,402.25,404.3,900172,3639.4,,405077.0,45.0
KPIGREEN,EQ,2026-06-24,402.25,400.05,406.1,395.15,402.9,402.9,401.38,429250,1722.92,,193162.0,45.0
KPIGREEN,EQ,2026-06-25,402.9,404.2,406.1,397.5,398.7,398.7,400.77,357072,1431.04,,160682.0,45.0
KPIGREEN,EQ,2026-06-29,398.7,398.0,402.2,394.0,395.55,395.55,397.25,405098,1609.25,,182294.0,45.0
KPIGREEN,EQ,2026-06-30,395.55,395.55,404.7,395.55,398.05,398.05,399.43,493159,1969.82,,221922.0,45.0
KPIGREEN,EQ,2026-07-01,398.05,399.95,405.65,396.0,396.8,396.8,399.48,366493,1464.07,,164922.0,45.0
KPIGREEN,EQ,2026-07-03,402.55,408.3,409.0,401.1,404.3,404.3,404.8,479163,1939.65,,215623.0,45.0
KPIGREEN,EQ,2026-07-07,402.95,405.4,411.5,399.0,401.0,401.0,403.83,482917,1950.16,,217313.0,45.0
KPIGREEN,EQ,2026-07-08,401.0,399.5,406.5,395.05,396.65,396.65,399.4,518523,2070.98,,233335.0,45.0
KPIGREEN,EQ,2026-07-13,404.6,400.0,406.95,398.05,401.35,401.35,402.12,540386,2173.0,,243174.0,45.0
KPIGREEN,EQ,2026-07-14,401.35,401.0,402.45,398.1,399.3,399.3,399.95,250419,1001.55,,112689.0,45.0
KPIGREEN,EQ,2026-07-16,399.3,408.15,419.9,406.2,406.85,406.85,410.98,783390,3219.58,,352526.0,45.0
KPIGREEN,EQ,2026-07-17,406.85,408.1,415.85,406.8,409.6,409.6,410.75,571200,2346.2,,257040.0,45.0
KPIGREEN,EQ,2026-07-20,409.6,405.5,415.15,401.6,412.95,412.95,409.9,718370,2944.6,,323266.0,45.0
KPIGREEN,EQ,2026-07-21,412.95,412.0,413.9,405.5,406.45,406.45,408.62,291878,1192.67,,131345.0,45.0
KPIGREEN,EQ,2026-07-22,406.45,406.45,407.35,393.1,396.7,396.7,399.05,390866,1559.75,,175890.0,45.0
KPIGREEN,EQ,2026-07-23,396.7,395.0,395.9,388.65,390.3,390.3,391.62,337842,1323.06,,152029.0,45.0
KPIGREEN,EQ,2026-07-24,390.3,385.5,395.0,382.65,390.2,390.2,389.28,482779,1879.36,,217251.0,45.0
KPIGREEN,EQ,2026-07-27,390.2,391.75,398.0,391.5,392.45,392.45,393.98,307348,1210.89,,138307.0,45.0
KPIGREEN,EQ,2026-07-29,392.45,388.0,391.95,387.0,390.35,390.35,389.77,248799,969.74,,111960.0,45.0
KPIGREEN,EQ,2026-07-31,383.75,383.05,386.45,366.85,373.75,373.75,375.68,886566,3330.65,,398955.0,45.0
KPIGREEN,EQ,2026-08-03,373.75,375.4,383.0,375.4,380.85,380.85,379.75,369696,1403.92,,166363.0,45.0
KPIGREEN,EQ,2026-08-04,380.85,380.0,388.6,376.4,382.2,382.2,382.4,648810,2481.05,,291964.0,45.0
KPIGREEN,EQ,2026-08-05,382.2,385.4,388.25,375.8,377.0,377.0,380.35,530278,2016.91,,238625.0,45.0
KPIGREEN,EQ,2026-08-07,375.35,374.05,375.6,370.0,370.7,370.7,372.1,648865,2414.43,,291989.0,45.0
KPIGREEN,EQ,2026-08-10,370.7,372.3,375.15,365.35,369.25,369.25,369.92,818936,3029.41,,368521.0,45.0
KPIGREEN,EQ,2026-08-11,369.25,367.2,375.0,332.9,350.9,350.9,352.93,11787049,41600.03,,5304172.0,45.0
KPIGREEN,EQ,2026-08-13,350.9,337.0,340.0,326.3,328.25,328.25,331.52,1462287,4847.77,,658029.0,45.0
KPIGREEN,EQ,2026-08-14,328.25,325.0,330.0,317.0,319.0,319.0,322.0,1330666,4284.74,,598800.0,45.0
KPIGREEN,EQ,2026-08-17,319.0,319.0,319.0,301.2,303.1,303.1,307.77,2908257,8950.74,,1308716.0,45.0
KPIGREEN,EQ,2026-08-18,303.1,302.5,316.3,302.45,308.9,308.9,309.22,2232623,6903.72,,1004680.0,45.0
KPIGREEN,EQ,2026-08-19,308.9,308.0,315.5,302.3,308.35,308.35,308.72,1385558,4277.49,,623501.0,45.0
KPIGREEN,EQ,2026-08-21,307.05,307.1,322.5,307.05,312.6,312.6,314.05,2184169,6859.38,,982876.0,45.0
KPIGREEN,EQ,2026-08-24,312.6,315.0,322.0,314.2,321.15,321.15,319.12,1247358,3980.57,,561311.0,45.0
KPIGREEN,EQ,2026-08-25,321.15,322.05,323.65,316.55,319.25,319.25,319.82,490139,1567.56,,220563.0,45.0
KPIGREEN,EQ,2026-08-27,322.0,322.0,322.05,316.05,316.65,316.65,318.25,294592,937.54,,132566.0,45.0
KPIGREEN,EQ,2026-08-31,314.25,314.05,314.05,303.1,304.6,304.6,307.25,749825,2303.84,,337421.0,45.0
KPIGREEN,EQ,2026-09-01,304.6,304.6,309.45,303.55,307.8,307.8,306.93,1230691,3777.36,,553811.0,45.0
KPIGREEN,EQ,2026-09-02,307.8,307.0,307.0,301.5,304.6,304.6,304.37,907949,2763.52,,408577.0,45.0
KPIGREEN,EQ,2026-09-03,304.6,305.0,309.75,302.15,303.25,303.25,305.05,1051546,3207.74,,473196.0,45.0
KPIGREEN,EQ,2026-09-04,303.25,303.3,307.95,303.3,307.0,307.0,306.08,525172,1607.45,,236327.0,45.0
KPIGREEN,EQ,2026-09-07,307.0,305.5,306.75,302.0,302.6,302.6,303.78,619631,1882.32,,278834.0,45.0
KPIGREEN,EQ,2026-09-08,302.6,303.55,304.45,290.55,292.05,292.05,295.68,1209981,3577.67,,544491.0,45.0
KPIGREEN,EQ,2026-09-09,292.05,294.05,300.35,291.0,291.55,291.55,294.3,808169,2378.44,,363676.0,45.0
KPIGREEN,EQ,2026-09-10,291.55,291.8,294.4,286.5,287.5,287.5,289.47,834609,2415.94,,375574.0,45.0
KPIGREEN,EQ,2026-09-11,287.5,284.05,285.0,281.0,281.7,281.7,282.57,847067,2393.56,,381180.0,45.0
KPIGREEN,EQ,2026-09-16,281.7,279.0,280.4,271.9,276.35,276.35,276.22,657223,1815.38,,295750.0,45.0
KPIGREEN,EQ,2026-09-18,276.35,280.0,287.0,276.65,284.45,284.45,282.7,1041400,2944.04,,468630.0,45.0
KPIGREEN,EQ,2026-09-24,350.05,344.9,344.9,330.1,334.0,333.2,336.06,2039670,6854.44,39848.0,707442.0,34.68
NAVA,EQ,2025-09-25,703.1,703.5,714.8,685.0,693.75,693.75,697.85,415575,2900.09,,187009.0,45.0
NAVA,EQ,2025-09-26,693.75,695.0,706.0,675.0,683.15,683.15,688.05,414651,2853.01,,186593.0,45.0
NAVA,EQ,2025-09-30,683.15,668.0,670.1,645.0,650.95,650.95,655.35,559278,3665.23,,251675.0,45.0
NAVA,EQ,2025-10-01,650.95,651.05,651.5,637.0,646.25,646.25,644.92,431827,2784.94,,194322.0,45.0
NAVA,EQ,2025-10-07,642.0,644.25,648.25,636.0,637.3,637.3,640.52,185463,1187.93,,83458.0,45.0
NAVA,EQ,2025-10-08,637.3,639.9,639.9,623.0,624.4,624.4,629.1,235273,1480.1,,105873.0,45.0
NAVA,EQ,2025-10-09,624.4,629.25,631.2,617.95,626.15,626.15,625.1,207516,1297.18,,93382.0,45.0
NAVA,EQ,2025-10-14,622.3,622.7,628.5,605.5,608.65,608.65,614.22,354893,2179.82,,159702.0,45.0
NAVA,EQ,2025-10-15,608.65,610.0,614.7,605.55,611.25,611.25,610.5,226182,1380.84,,101782.0,45.0
NAVA,EQ,2025-10-16,611.25,617.05,623.7,608.85,612.45,612.45,615.0,201733,1240.66,,90780.0,45.0
NAVA,EQ,2025-10-17,612.45,620.0,620.0,609.35,613.25,613.25,614.2,160591,986.35,,72266.0,45.0
NAVA,EQ,2025-10-20,613.25,614.35,626.8,605.5,608.25,608.25,613.52,280016,1717.95,,126007.0,45.0
NAVA,EQ,2025-10-21,608.25,612.85,616.7,608.95,610.65,610.65,612.1,46210,282.85,,20794.0,45.0
NAVA,EQ,2025-10-24,607.8,608.75,611.9,599.1,605.2,605.2,605.4,176925,1071.1,,79616.0,45.0
NAVA,EQ,2025-10-28,613.05,613.1,622.5,609.2,617.0,617.0,616.23,214947,1324.57,,96726.0,45.0
NAVA,EQ,2025-10-29,617.0,617.6,631.35,609.05,625.05,625.05,621.82,474308,2949.34,,213439.0,45.0
NAVA,EQ,2025-11-03,625.05,618.85,637.7,607.0,608.1,608.1,617.6,395467,2442.4,,177960.0,45.0
NAVA,EQ,2025-11-06,608.15,612.35,612.85,592.0,595.35,595.35,600.07,244570,1467.59,,110056.0,45.0
NAVA,EQ,2025-11-07,595.35,592.0,595.0,567.1,573.1,573.1,578.4,944322,5461.96,,424945.0,45.0
NAVA,EQ,2025-11-10,573.1,570.0,570.25,538.3,542.8,542.8,550.45,1432755,7886.6,,644740.0,45.0
NAVA,EQ,2025-11-11,542.8,542.35,565.0,533.7,558.0,558.0,552.23,755431,4171.72,,339944.0,45.0
NAVA,EQ,2025-11-12,558.0,558.0,560.8,541.0,545.15,545.15,548.98,367796,2019.13,,165508.0,45.0
NAVA,EQ,2025-11-14,542.75,542.75,553.1,538.1,549.25,549.25,546.82,202308,1106.26,,91039.0,45.0
NAVA,EQ,2025-11-17,549.25,549.25,557.8,547.0,551.4,551.4,552.07,189626,1046.87,,85332.0,45.0
NAVA,EQ,2025-11-18,551.4,554.0,556.15,544.1,546.9,546.9,549.05,147541,810.07,,66393.0,45.0
NAVA,EQ,2025-11-19,546.9,549.15,550.05,532.1,535.85,535.85,539.33,314316,1695.2,,141442.0,45.0
NAVA,EQ,2025-11-20,535.85,540.0,549.1,537.0,543.3,543.3,543.13,280864,1525.46,,126389.0,45.0
NAVA,EQ,2025-11-21,543.3,542.05,543.0,527.75,529.65,529.65,533.47,277464,1480.19,,124859.0,45.0
NAVA,EQ,2025-11-24,529.65,527.0,529.85,502.05,506.0,506.0,512.63,428705,2197.67,,192917.0,45.0
NAVA,EQ,2025-11-26,506.0,514.0,529.0,512.35,527.9,527.9,523.08,169413,886.17,,76236.0,45.0
NAVA,EQ,2025-11-27,527.9,530.0,534.05,524.1,525.7,525.7,527.95,188251,993.87,,84713.0,45.0
NAVA,EQ,2025-11-28,525.7,525.7,525.7,517.55,522.0,522.0,521.75,86894,453.37,,39102.0,45.0
NAVA,EQ,2025-12-01,522.0,525.0,538.5,512.0,516.9,516.9,522.47,419089,2189.61,,188590.0,45.0
NAVA,EQ,2025-12-02,516.9,514.8,526.95,514.75,518.9,518.9,520.2,191117,994.19,,86003.0,45.0
NAVA,EQ,2025-12-03,518.9,518.9,531.0,515.1,526.9,526.9,524.33,266220,1395.87,,119799.0,45.0
NAVA,EQ,2025-12-05,529.6,528.0,534.45,525.2,526.4,526.4,528.68,283689,1499.81,,127660.0,45.0
NAVA,EQ,2025-12-08,526.4,523.5,526.35,513.7,515.95,515.95,518.67,202112,1048.29,,90950.0,45.0
NAVA,EQ,2025-12-09,515.95,514.1,566.5,512.05,557.25,557.25,545.27,3225796,17589.3,,1451608.0,45.0
NAVA,EQ,2025-12-10,557.25,555.0,561.9,546.0,554.3,554.3,554.07,449242,2489.12,,202159.0,45.0
NAVA,EQ,2025-12-15,567.65,561.8,572.0,560.1,570.4,570.4,567.5,232311,1318.36,,104540.0,45.0
NAVA,EQ,2025-12-16,570.4,572.9,573.75,558.8,568.85,568.85,567.13,206184,1169.33,,92783.0,45.0
NAVA,EQ,2025-12-18,570.75,571.95,571.95,563.1,568.55,568.55,567.87,165477,939.69,,74465.0,45.0
NAVA,EQ,2025-12-19,568.55,568.0,583.0,565.55,577.65,577.65,575.4,427124,2457.67,,192206.0,45.0
NAVA,EQ,2025-12-23,571.85,573.0,575.2,566.2,572.95,572.95,571.45,138094,789.14,,62142.0,45.0
NAVA,EQ,2025-12-24,572.95,573.0,580.0,560.25,563.0,563.0,567.75,258306,1466.53,,116238.0,45.0
NAVA,EQ,2025-12-26,563.0,564.2,567.85,552.1,555.35,555.35,558.43,144324,805.95,,64946.0,45.0
NAVA,EQ,2025-12-29,555.35,557.65,563.9,550.0,553.4,553.4,555.77,124337,691.03,,55952.0,45.0
NAVA,EQ,2025-12-30,553.4,551.0,580.8,549.45,559.25,559.25,563.17,624289,3515.81,,280930.0,45.0
NAVA,EQ,2025-12-31,559.25,558.0,576.5,557.4,567.4,567.4,567.1,218706,1240.28,,98418.0,45.0
NAVA,EQ,2026-01-01,567.4,567.1,572.4,562.0,565.0,565.0,566.47,116647,660.77,,52491.0,45.0
NAVA,EQ,2026-01-02,565.0,565.0,574.8,563.25,573.45,573.45,570.5,188199,1073.68,,84690.0,45.0
NAVA,EQ,2026-01-06,583.25,586.0,627.0,585.6,611.2,611.2,607.93,3721109,22621.74,,1674499.0,45.0
NAVA,EQ,2026-01-07,611.2,609.8,615.0,597.05,602.8,602.8,604.95,370480,2241.22,,166716.0,45.0
NAVA,EQ,2026-01-08,602.8,600.0,612.0,581.3,585.7,585.7,593.0,424100,2514.91,,190845.0,45.0
NAVA,EQ,2026-01-09,585.7,582.0,595.45,574.4,581.75,581.75,583.87,302992,1769.08,,136346.0,45.0
NAVA,EQ,2026-01-12,581.75,580.0,582.5,562.0,568.5,568.5,571.0,265801,1517.72,,119610.0,45.0
NAVA,EQ,2026-01-13,568.5,570.45,574.9,558.0,561.85,561.85,564.92,163096,921.36,,73393.0,45.0
NAVA,EQ,2026-01-14,561.85,560.6,572.5,560.6,569.2,569.2,567.43,177096,1004.9,,79693.0,45.0
NAVA,EQ,2026-01-19,569.2,562.7,564.05,550.0,555.95,555.95,556.67,198125,1102.9,,89156.0,45.0
NAVA,EQ,2026-01-20,555.95,555.05,556.0,529.15,535.55,535.55,540.23,400161,2161.79,,180072.0,45.0
NAVA,EQ,2026-01-21,535.55,535.55,543.3,526.85,531.65,531.65,533.93,223098,1191.19,,100394.0,45.0
NAVA,EQ,2026-01-23,531.65,553.75,553.8,527.3,530.75,530.75,537.28,352103,1891.78,,158446.0,45.0
NAVA,EQ,2026-01-28,534.55,533.0,560.85,530.5,558.3,558.3,549.88,380300,2091.19,,171135.0,45.0
NAVA,EQ,2026-01-30,552.2,552.2,570.8,550.0,563.9,563.9,561.57,311297,1748.15,,140084.0,45.0
NAVA,EQ,2026-02-02,563.9,529.0,556.65,522.55,552.0,552.0,543.73,306015,1663.9,,137707.0,45.0
NAVA,EQ,2026-02-03,552.0,578.5,579.55,561.9,570.6,570.6,570.68,253779,1448.27,,114201.0,45.0
NAVA,EQ,2026-02-04,570.6,571.95,580.5,567.7,577.75,577.75,575.32,200346,1152.63,,90156.0,45.0
NAVA,EQ,2026-02-06,561.45,559.1,568.0,554.0,562.45,562.45,561.48,186608,1047.77,,83974.0,45.0
NAVA,EQ,2026-02-09,562.45,562.4,589.35,561.0,579.0,579.0,576.45,446796,2575.56,,201058.0,45.0
NAVA,EQ,2026-02-10,579.0,581.85,584.0,569.0,571.85,571.85,574.95,245731,1412.83,,110579.0,45.0
NAVA,EQ,2026-02-11,571.85,570.0,576.9,565.7,570.0,570.0,570.87,247687,1413.97,,111459.0,45.0
NAVA,EQ,2026-02-12,570.0,572.7,574.0,564.3,567.0,567.0,568.43,209870,1192.96,,94442.0,45.0
NAVA,EQ,2026-02-13,567.0,562.95,562.95,550.35,554.45,554.45,555.92,141744,787.98,,63785.0,45.0
NAVA,EQ,2026-02-16,554.45,550.0,558.0,546.0,553.5,553.5,552.5,88741,490.29,,39933.0,45.0
NAVA,EQ,2026-02-17,553.5,550.9,563.75,550.1,558.2,558.2,557.35,234246,1305.57,,105411.0,45.0
NAVA,EQ,2026-02-18,558.2,559.0,570.0,557.0,564.9,564.9,563.97,202605,1142.63,,91172.0,45.0
NAVA,EQ,2026-02-23,567.3,568.95,579.7,564.0,567.15,567.15,570.28,319691,1823.13,,143861.0,45.0
NAVA,EQ,2026-02-24,567.15,563.05,581.0,563.05,577.6,577.6,573.88,283510,1627.01,,127580.0,45.0
NAVA,EQ,2026-02-26,577.6,582.35,605.45,581.35,601.05,601.05,595.95,571916,3408.33,,257362.0,45.0
NAVA,EQ,2026-02-27,601.05,604.9,604.9,591.5,595.6,595.6,597.33,243507,1454.54,,109578.0,45.0
NAVA,EQ,2026-03-02,595.6,563.05,583.95,560.0,576.75,576.75,573.57,345875,1983.84,,155644.0,45.0
NAVA,EQ,2026-03-04,576.75,566.5,585.0,549.7,561.1,561.1,565.27,339817,1920.88,,152918.0,45.0
NAVA,EQ,2026-03-05,561.1,567.85,576.85,561.8,573.55,573.55,570.73,231379,1320.55,,104121.0,45.0
NAVA,EQ,2026-03-06,573.55,570.0,578.6,563.6,566.9,566.9,569.7,190191,1083.52,,85586.0,45.0
NAVA,EQ,2026-03-09,566.9,553.25,553.3,531.9,545.25,545.25,543.48,291498,1584.23,,131174.0,45.0
NAVA,EQ,2026-03-12,567.3,560.0,582.5,553.6,575.5,575.5,570.53,301092,1717.82,,135491.0,45.0
NAVA,EQ,2026-03-13,575.5,568.0,572.9,545.0,551.7,551.7,556.53,327896,1824.84,,147553.0,45.0
NAVA,EQ,2026-03-16,551.7,547.95,554.05,529.65,538.15,538.15,540.62,302117,1633.3,,135953.0,45.0
NAVA,EQ,2026-03-18,551.3,551.25,569.0,551.25,565.5,565.5,561.92,228297,1282.85,,102734.0,45.0
NAVA,EQ,2026-03-19,565.5,557.0,558.95,542.5,544.55,544.55,548.67,376749,2067.11,,169537.0,45.0
NAVA,EQ,2026-03-23,544.55,545.15,552.65,537.0,544.45,544.45,544.7,385863,2101.8,,173638.0,45.0
NAVA,EQ,2026-03-24,544.45,558.3,565.95,546.55,561.9,561.9,558.13,322145,1797.99,,144965.0,45.0
NAVA,EQ,2026-03-27,572.2,567.95,568.7,547.0,550.05,550.05,555.25,234138,1300.05,,105362.0,45.0
NAVA,EQ,2026-03-30,550.05,549.95,549.95,529.0,531.45,531.45,536.8,261626,1404.41,,117732.0,45.0
NAVA,EQ,2026-04-01,531.45,545.0,580.65,543.0,563.5,563.5,562.38,267644,1505.18,,120440.0,45.0
NAVA,EQ,2026-04-07,563.65,563.0,568.95,556.95,563.2,563.2,563.03,134182,755.48,,60382.0,45.0
NAVA,EQ,2026-04-08,563.2,576.0,585.9,573.0,580.1,580.1,579.67,322638,1870.24,,145187.0,45.0
NAVA,EQ,2026-04-09,580.1,576.0,599.4,575.0,594.45,594.45,589.62,690056,4068.71,,310525.0,45.0
NAVA,EQ,2026-04-10,594.45,597.0,609.55,594.3,601.95,601.95,601.93,461378,2777.17,,207620.0,45.0
NAVA,EQ,2026-04-13,601.95,591.0,616.85,580.05,608.5,608.5,601.8,668139,4020.86,,300663.0,45.0
NAVA,EQ,2026-04-15,608.5,624.0,630.0,615.65,623.25,623.25,622.97,541779,3375.12,,243801.0,45.0
NAVA,EQ,2026-04-16,623.25,625.0,629.7,615.7,626.5,626.5,623.97,272129,1698.0,,122458.0,45.0
NAVA,EQ,2026-04-17,626.5,626.05,736.8,623.45,703.1,703.1,687.78,25538705,175650.11,,11492417.0,45.0
NAVA,EQ,2026-04-20,703.1,700.0,716.6,689.45,702.1,702.1,702.72,2714560,19075.76,,1221552.0,45.0
NAVA,EQ,2026-04-22,702.1,694.8,706.7,690.55,697.75,697.75,698.33,386092,2696.2,,173741.0,45.0
NAVA,EQ,2026-04-23,697.75,699.3,725.0,679.05,685.95,685.95,696.67,1600046,11147.04,,720021.0,45.0
NAVA,EQ,2026-04-24,685.95,687.0,692.0,653.05,656.35,656.35,667.13,692738,4621.46,,311732.0,45.0
NAVA,EQ,2026-04-27,656.35,659.4,673.9,658.5,668.0,668.0,666.8,381098,2541.16,,171494.0,45.0
NAVA,EQ,2026-04-28,668.0,668.1,680.1,659.05,669.2,669.2,669.45,586565,3926.76,,263954.0,45.0
NAVA,EQ,2026-04-29,669.2,674.5,679.2,663.3,666.35,666.35,669.62,258405,1730.33,,116282.0,45.0
NAVA,EQ,2026-04-30,666.35,663.95,671.45,651.5,661.85,661.85,661.6,327378,2165.93,,147320.0,45.0
NAVA,EQ,2026-05-04,661.85,668.5,684.8,661.25,675.8,675.8,673.95,419448,2826.87,,188752.0,45.0
NAVA,EQ,2026-05-06,675.8,683.0,700.7,677.25,698.9,698.9,692.28,751514,5202.58,,338181.0,45.0
NAVA,EQ,2026-05-07,698.9,703.5,729.95,703.1,715.8,715.8,716.28,960798,6882.0,,432359.0,45.0
NAVA,EQ,2026-05-08,715.8,721.0,736.35,718.0,727.05,727.05,727.13,1038131,7548.56,,467159.0,45.0
NAVA,EQ,2026-05-12,730.4,731.0,733.8,693.45,697.5,697.5,708.25,552447,3912.71,,248601.0,45.0
NAVA,EQ,2026-05-13,697.5,708.6,708.6,690.0,693.1,693.1,697.23,354916,2474.58,,159712.0,45.0
NAVA,EQ,2026-05-15,693.1,711.0,724.0,615.0,628.5,628.5,655.83,3121477,20471.58,,1404665.0,45.0
NAVA,EQ,2026-05-18,628.5,623.0,624.95,592.5,599.85,599.85,605.77,1100521,6666.63,,495234.0,45.0
NAVA,EQ,2026-05-19,599.85,601.25,612.75,596.4,602.85,602.85,604.0,529820,3200.11,,238419.0,45.0
NAVA,EQ,2026-05-20,602.85,607.0,637.95,596.7,627.35,627.35,620.67,959123,5952.99,,431605.0,45.0
NAVA,EQ,2026-05-21,627.35,631.0,632.75,606.0,608.25,608.25,615.67,424327,2612.45,,190947.0,45.0
NAVA,EQ,2026-05-22,608.25,609.95,614.0,601.8,609.05,609.05,608.28,354282,2155.03,,159427.0,45.0
NAVA,EQ,2026-05-25,609.05,608.0,623.95,602.5,613.9,613.9,613.45,447433,2744.78,,201345.0,45.0
NAVA,EQ,2026-05-27,613.9,615.0,622.45,613.0,615.0,615.0,616.82,258001,1591.4,,116100.0,45.0
NAVA,EQ,2026-05-29,615.0,620.0,620.0,586.0,592.6,592.6,599.53,493691,2959.83,,222161.0,45.0
NAVA,EQ,2026-06-02,592.6,598.0,605.4,592.5,601.6,601.6,599.83,208042,1247.9,,93619.0,45.0
NAVA,EQ,2026-06-04,605.2,605.2,608.8,598.3,603.05,603.05,603.38,228949,1381.43,,103027.0,45.0
NAVA,EQ,2026-06-05,603.05,603.45,608.85,590.45,595.5,595.5,598.27,280779,1679.82,,126351.0,45.0
NAVA,EQ,2026-06-08,595.5,594.85,603.0,582.4,586.15,586.15,590.52,320461,1892.39,,144207.0,45.0
NAVA,EQ,2026-06-09,586.15,587.45,596.3,581.6,594.6,594.6,590.83,308630,1823.48,,138884.0,45.0
NAVA,EQ,2026-06-10,594.6,598.05,598.95,567.65,570.35,570.35,578.98,412967,2391.0,,185835.0,45.0
NAVA,EQ,2026-06-11,570.35,571.0,577.55,563.95,565.95,565.95,569.15,241592,1375.02,,108716.0,45.0
NAVA,EQ,2026-06-12,565.95,575.0,587.0,569.55,584.25,584.25,580.27,315657,1831.66,,142046.0,45.0
NAVA,EQ,2026-06-15,584.25,596.0,608.6,590.15,603.65,603.65,600.8,307675,1848.51,,138454.0,45.0
NAVA,EQ,2026-06-16,603.65,610.0,639.8,605.15,615.1,615.1,620.02,1667001,10335.74,,750150.0,45.0
NAVA,EQ,2026-06-17,615.1,619.95,622.3,608.0,610.55,610.55,613.62,291195,1786.83,,131038.0,45.0
NAVA,EQ,2026-06-18,610.55,612.2,614.45,605.0,607.3,607.3,608.92,251145,1529.27,,113015.0,45.0
NAVA,EQ,2026-06-23,607.3,621.0,624.1,608.0,610.65,610.65,614.25,282502,1735.27,,127126.0,45.0
NAVA,EQ,2026-06-24,610.65,611.75,624.0,605.0,610.05,610.05,613.02,254722,1561.5,,114625.0,45.0
NAVA,EQ,2026-06-25,610.05,615.0,615.0,603.3,607.15,607.15,608.48,145380,884.61,,65421.0,45.0
NAVA,EQ,2026-06-29,607.15,607.2,609.3,596.9,599.15,599.15,601.78,193958,1167.2,,87281.0,45.0
NAVA,EQ,2026-06-30,599.15,600.2,619.0,600.2,606.45,606.45,608.55,194474,1183.47,,87513.0,45.0
NAVA,EQ,2026-07-01,606.45,613.0,620.0,603.85,612.85,612.85,612.23,300001,1836.7,,135000.0,45.0
NAVA,EQ,2026-07-03,620.1,620.0,624.9,612.5,622.35,622.35,619.92,140346,870.03,,63156.0,45.0
NAVA,EQ,2026-07-07,618.35,620.0,621.2,601.0,603.7,603.7,608.63,256258,1559.66,,115316.0,45.0
NAVA,EQ,2026-07-08,603.7,602.0,609.8,586.0,591.9,591.9,595.9,213033,1269.46,,95865.0,45.0
NAVA,EQ,2026-07-13,599.75,596.2,603.9,591.1,602.65,602.65,599.22,174779,1047.31,,78651.0,45.0
NAVA,EQ,2026-07-14,602.65,603.9,604.1,590.0,594.9,594.9,596.33,207715,1238.67,,93472.0,45.0
NAVA,EQ,2026-07-16,594.9,594.85,600.0,588.45,590.7,590.7,593.05,180171,1068.5,,81077.0,45.0
NAVA,EQ,2026-07-17,590.7,588.1,592.75,578.55,586.8,586.8,586.03,325691,1908.65,,146561.0,45.0
NAVA,EQ,2026-07-20,586.8,583.85,590.0,574.5,576.75,576.75,580.42,183919,1067.5,,82764.0,45.0
NAVA,EQ,2026-07-21,576.75,576.1,587.95,576.1,585.45,585.45,583.17,185647,1082.64,,83541.0,45.0
NAVA,EQ,2026-07-22,585.45,587.55,588.25,568.0,571.15,571.15,575.8,225764,1299.95,,101594.0,45.0
NAVA,EQ,2026-07-23,571.15,571.15,571.15,552.65,555.55,555.55,559.78,341192,1909.92,,153536.0,45.0
NAVA,EQ,2026-07-24,555.55,550.0,562.4,547.0,554.8,554.8,554.73,266730,1479.63,,120028.0,45.0
NAVA,EQ,2026-07-27,554.8,559.05,578.55,558.0,564.65,564.65,567.07,385815,2187.84,,173617.0,45.0
NAVA,EQ,2026-07-29,564.65,555.0,563.85,551.5,561.6,561.6,558.98,143194,800.43,,64437.0,45.0
NAVA,EQ,2026-07-31,553.15,552.8,560.7,550.6,553.45,553.45,554.92,269028,1492.89,,121063.0,45.0
NAVA,EQ,2026-08-03,553.45,561.8,589.4,556.2,579.9,579.9,575.17,527726,3035.32,,237477.0,45.0
NAVA,EQ,2026-08-04,579.9,579.85,581.75,568.1,571.7,571.7,573.85,191096,1096.6,,85993.0,45.0
NAVA,EQ,2026-08-05,571.7,580.0,584.0,572.75,582.0,582.0,579.58,143509,831.75,,64579.0,45.0
NAVA,EQ,2026-08-07,594.2,592.0,592.0,573.35,581.85,581.85,582.4,209948,1222.74,,94477.0,45.0
NAVA,EQ,2026-08-10,581.85,579.8,584.8,573.85,577.15,577.15,578.6,169726,982.03,,76377.0,45.0
NAVA,EQ,2026-08-11,577.15,577.15,579.15,568.1,569.15,569.15,572.13,114431,654.69,,51494.0,45.0
NAVA,EQ,2026-08-13,569.15,586.8,594.9,572.5,581.15,581.15,582.85,277556,1617.74,,124900.0,45.0
NAVA,EQ,2026-08-14,581.15,578.55,588.4,560.5,572.65,572.65,573.85,1150751,6603.58,,517838.0,45.0
NAVA,EQ,2026-08-17,572.65,579.8,579.8,555.5,559.65,559.65,564.98,530275,2995.95,,238624.0,45.0
NAVA,EQ,2026-08-18,559.65,559.65,571.0,557.0,558.9,558.9,562.3,276543,1555.0,,124444.0,45.0
NAVA,EQ,2026-08-19,558.9,559.2,566.95,545.15,549.2,549.2,553.77,399882,2214.43,,179947.0,45.0
NAVA,EQ,2026-08-21,556.75,556.8,566.0,553.0,558.95,558.95,559.32,180660,1010.47,,81297.0,45.0
NAVA,EQ,2026-08-24,558.95,559.2,583.25,558.45,567.0,567.0,569.57,564033,3212.56,,253815.0,45.0
NAVA,EQ,2026-08-25,567.0,567.0,570.95,556.3,566.95,566.95,564.73,227948,1287.29,,102577.0,45.0
NAVA,EQ,2026-08-27,567.95,568.1,570.05,554.4,556.5,556.5,560.32,186733,1046.3,,84030.0,45.0
NAVA,EQ,2026-08-31,564.85,567.7,569.95,555.7,568.1,568.1,564.58,293604,1657.63,,132122.0,45.0
NAVA,EQ,2026-09-01,568.1,569.9,572.5,558.5,563.6,563.6,564.87,165978,937.56,,74690.0,45.0
NAVA,EQ,2026-09-02,563.6,563.0,563.0,556.2,560.75,560.75,559.98,108634,608.33,,48885.0,45.0
NAVA,EQ,2026-09-03,560.75,564.2,569.2,554.3,557.2,557.2,560.23,224924,1260.09,,101216.0,45.0
NAVA,EQ,2026-09-04,557.2,558.5,562.95,556.5,560.2,560.2,559.88,192328,1076.81,,86548.0,45.0
NAVA,EQ,2026-09-07,560.2,563.0,563.0,554.1,556.25,556.25,557.78,118784,662.55,,53453.0,45.0
NAVA,EQ,2026-09-08,556.25,559.95,559.95,551.0,554.55,554.55,555.17,133022,738.5,,59860.0,45.0
NAVA,EQ,2026-09-09,554.55,555.35,580.0,555.05,561.15,561.15,565.4,309952,1752.47,,139478.0,45.0
NAVA,EQ,2026-09-10,561.15,561.15,565.15,556.05,558.35,558.35,559.85,96940,542.72,,43623.0,45.0
NAVA,EQ,2026-09-11,558.35,555.0,555.0,546.5,551.85,551.85,551.12,169081,931.84,,76086.0,45.0
NAVA,EQ,2026-09-16,551.85,538.8,554.7,535.05,548.3,548.3,546.02,290194,1584.52,,130587.0,45.0
NAVA,EQ,2026-09-18,548.3,548.05,571.75,548.05,562.3,562.3,560.7,664236,3724.37,,298906.0,45.0
NAVA,EQ,2026-09-24,553.65,547.05,561.0,546.55,557.8,557.0,554.67,276326,1532.7,15629.0,126880.0,45.92
NLCINDIA,EQ,2025-09-25,280.35,281.2,284.55,273.75,279.55,279.55,279.28,5172384,14445.43,,2327573.0,45.0
NLCINDIA,EQ,2025-09-26,279.55,279.8,290.46,274.8,279.53,279.53,281.6,9028792,25425.08,,4062956.0,45.0
NLCINDIA,EQ,2025-09-30,279.53,285.95,291.96,282.03,285.32,285.32,286.44,3892892,11150.8,,1751801.0,45.0
NLCINDIA,EQ,2025-10-01,285.32,283.8,284.85,276.25,277.05,277.05,279.38,2733203,7636.02,,1229941.0,45.0
NLCINDIA,EQ,2025-10-07,284.4,284.2,292.2,281.1,283.4,283.4,285.57,3737989,10674.58,,1682095.0,45.0
NLCINDIA,EQ,2025-10-08,283.4,285.0,285.5,268.0,269.75,269.75,274.42,4015291,11018.76,,1806881.0,45.0
NLCINDIA,EQ,2025-10-09,269.75,270.4,276.5,269.05,271.5,271.5,272.35,3124168,8508.67,,1405876.0,45.0
NLCINDIA,EQ,2025-10-14,269.95,271.0,274.7,264.3,266.5,266.5,268.5,1299472,3489.08,,584762.0,45.0
NLCINDIA,EQ,2025-10-15,266.5,267.0,270.0,264.5,268.9,268.9,267.8,1336486,3579.11,,601419.0,45.0
NLCINDIA,EQ,2025-10-16,268.9,268.25,269.35,262.65,263.8,263.8,265.27,1005736,2667.92,,452581.0,45.0
NLCINDIA,EQ,2025-10-17,263.8,263.8,266.55,262.2,264.4,264.4,264.38,862929,2281.41,,388318.0,45.0
NLCINDIA,EQ,2025-10-20,264.4,265.6,268.4,262.8,267.15,267.15,266.12,1658667,4414.04,,746400.0,45.0
NLCINDIA,EQ,2025-10-21,267.15,268.0,269.2,266.2,267.5,267.5,267.63,227838,609.76,,102527.0,45.0
NLCINDIA,EQ,2025-10-24,262.45,263.05,266.8,262.6,264.15,264.15,264.52,888016,2348.98,,399607.0,45.0
NLCINDIA,EQ,2025-10-28,260.5,261.45,263.8,259.0,260.1,260.1,260.97,797447,2081.1,,358851.0,45.0
NLCINDIA,EQ,2025-10-29,260.1,261.0,268.35,251.0,252.1,252.1,257.15,6126172,15753.45,,2756777.0,45.0
NLCINDIA,EQ,2025-11-03,252.1,262.4,264.3,259.05,259.55,259.55,260.97,1046468,2730.97,,470911.0,45.0
NLCINDIA,EQ,2025-11-06,262.1,262.95,264.0,257.4,259.95,259.95,260.45,955530,2488.68,,429988.0,45.0
NLCINDIA,EQ,2025-11-07,259.95,257.75,259.2,253.0,258.25,258.25,256.82,1555890,3995.84,,700150.0,45.0
NLCINDIA,EQ,2025-11-10,258.25,259.15,263.75,257.25,262.65,262.65,261.22,781857,2042.37,,351836.0,45.0
NLCINDIA,EQ,2025-11-11,262.65,264.45,266.85,261.05,262.8,262.8,263.57,2183555,5755.2,,982600.0,45.0
NLCINDIA,EQ,2025-11-12,262.8,263.1,265.5,259.55,260.3,260.3,261.78,1000501,2619.11,,450225.0,45.0
NLCINDIA,EQ,2025-11-14,259.65,259.5,260.95,254.2,254.95,254.95,256.7,503204,1291.72,,226442.0,45.0
NLCINDIA,EQ,2025-11-17,254.95,255.5,257.2,253.45,255.85,255.85,255.5,669736,1711.18,,301381.0,45.0
NLCINDIA,EQ,2025-11-18,255.85,255.4,256.0,253.15,255.15,255.15,254.77,636149,1620.72,,286267.0,45.0
NLCINDIA,EQ,2025-11-19,255.15,255.15,255.7,251.25,251.95,251.95,252.97,419421,1061.01,,188739.0,45.0
NLCINDIA,EQ,2025-11-20,251.95,252.05,253.55,246.75,249.5,249.5,249.93,682401,1705.52,,307080.0,45.0
NLCINDIA,EQ,2025-11-21,249.5,249.2,252.9,244.25,245.5,245.5,247.55,833105,2062.35,,374897.0,45.0
NLCINDIA,EQ,2025-11-24,245.5,244.25,247.0,240.25,243.8,243.8,243.68,850315,2072.05,,382642.0,45.0
NLCINDIA,EQ,2025-11-26,243.8,240.25,247.85,240.15,246.9,246.9,244.97,1445656,3541.42,,650545.0,45.0
NLCINDIA,EQ,2025-11-27,246.9,249.4,251.4,244.0,247.95,247.95,247.78,1318628,3267.3,,593383.0,45.0
NLCINDIA,EQ,2025-11-28,247.95,248.95,248.95,242.45,243.2,243.2,244.87,439628,1076.52,,197833.0,45.0
NLCINDIA,EQ,2025-12-01,243.2,244.6,245.3,237.3,239.85,239.85,240.82,930778,2241.5,,418850.0,45.0
NLCINDIA,EQ,2025-12-02,239.85,239.0,243.3,238.95,241.46,241.46,241.24,560245,1351.54,,252110.0,45.0
NLCINDIA,EQ,2025-12-03,241.46,242.92,243.0,235.61,239.88,239.88,239.5,673269,1612.48,,302971.0,45.0
NLCINDIA,EQ,2025-12-05,237.69,238.71,243.0,231.2,239.4,239.4,237.87,1593478,3790.41,,717065.0,45.0
NLCINDIA,EQ,2025-12-08,239.4,241.0,241.26,230.0,236.85,236.85,236.04,984083,2322.83,,442837.0,45.0
NLCINDIA,EQ,2025-12-09,236.85,234.0,242.0,230.2,239.23,239.23,237.14,844517,2002.69,,380033.0,45.0
NLCINDIA,EQ,2025-12-10,239.23,239.23,241.0,234.1,236.24,236.24,237.11,881064,2089.09,,396479.0,45.0
NLCINDIA,EQ,2025-12-15,236.31,245.11,249.4,241.36,242.87,242.87,244.54,2099467,5134.04,,944760.0,45.0
NLCINDIA,EQ,2025-12-16,242.87,243.0,243.01,238.7,240.45,240.45,240.72,995725,2396.91,,448076.0,45.0
NLCINDIA,EQ,2025-12-18,241.79,242.0,242.0,234.9,237.59,237.59,238.16,703240,1674.84,,316458.0,45.0
NLCINDIA,EQ,2025-12-19,237.59,239.57,239.76,235.81,239.01,239.01,238.19,543079,1293.56,,244386.0,45.0
NLCINDIA,EQ,2025-12-23,241.08,241.0,253.2,240.0,251.89,251.89,248.36,2572970,6390.23,,1157836.0,45.0
NLCINDIA,EQ,2025-12-24,251.89,253.95,255.64,247.5,249.77,249.77,250.97,1250722,3138.94,,562825.0,45.0
NLCINDIA,EQ,2025-12-26,249.77,250.0,257.2,247.23,249.93,249.93,251.45,1753210,4408.45,,788944.0,45.0
NLCINDIA,EQ,2025-12-29,249.93,251.16,258.8,248.48,256.4,256.4,254.56,3001389,7640.34,,1350625.0,45.0
NLCINDIA,EQ,2025-12-30,256.4,257.0,257.0,252.5,253.46,253.46,254.32,616058,1566.76,,277226.0,45.0
NLCINDIA,EQ,2025-12-31,253.46,254.0,255.27,246.2,250.22,250.22,250.56,1776956,4452.34,,799630.0,45.0
NLCINDIA,EQ,2026-01-01,250.22,251.2,262.0,249.8,256.15,256.15,255.98,1735069,4441.43,,780781.0,45.0
NLCINDIA,EQ,2026-01-02,256.15,256.8,273.75,255.35,272.0,272.0,267.03,6070028,16208.8,,2731513.0,45.0
NLCINDIA,EQ,2026-01-06,270.0,270.0,276.8,268.6,274.1,274.1,273.17,2238770,6115.65,,1007446.0,45.0
NLCINDIA,EQ,2026-01-07,274.1,274.0,276.9,268.25,269.65,269.65,271.6,1432627,3891.01,,644682.0,45.0
NLCINDIA,EQ,2026-01-08,269.65,269.6,272.2,257.5,258.8,258.8,262.83,1358072,3569.42,,611132.0,45.0
NLCINDIA,EQ,2026-01-09,258.8,258.1,264.9,251.2,252.4,252.4,256.17,1472831,3772.95,,662774.0,45.0
NLCINDIA,EQ,2026-01-12,252.4,252.15,258.65,243.6,255.9,255.9,252.72,1783597,4507.51,,802619.0,45.0
NLCINDIA,EQ,2026-01-13,255.9,259.7,263.95,253.05,255.35,255.35,257.45,1868823,4811.28,,840970.0,45.0
NLCINDIA,EQ,2026-01-14,255.35,259.35,265.9,258.0,260.15,260.15,261.35,3761506,9830.7,,1692678.0,45.0
NLCINDIA,EQ,2026-01-19,260.15,257.5,261.6,254.25,256.35,256.35,257.4,1859208,4785.6,,836644.0,45.0
NLCINDIA,EQ,2026-01-20,256.35,253.0,257.9,250.65,253.5,253.5,254.02,2769128,7034.14,,1246108.0,45.0
NLCINDIA,EQ,2026-01-21,253.5,252.45,253.1,243.95,248.5,248.5,248.52,1353374,3363.41,,609018.0,45.0
NLCINDIA,EQ,2026-01-23,248.5,248.9,250.35,246.0,247.1,247.1,247.82,876967,2173.3,,394635.0,45.0
NLCINDIA,EQ,2026-01-28,241.25,242.0,253.8,241.5,251.1,251.1,248.8,1448417,3603.66,,651788.0,45.0
NLCINDIA,EQ,2026-01-30,264.4,265.0,265.0,256.35,259.1,259.1,260.15,2927529,7615.97,,1317388.0,45.0
NLCINDIA,EQ,2026-02-02,259.1,247.6,250.55,241.55,248.05,248.05,246.72,1296445,3198.59,,583400.0,45.0
NLCINDIA,EQ,2026-02-03,248.05,261.5,261.5,249.25,251.5,251.5,254.08,1176582,2989.46,,529462.0,45.0
NLCINDIA,EQ,2026-02-04,251.5,254.0,268.4,252.0,264.35,264.35,261.58,4520672,11825.17,,2034302.0,45.0
NLCINDIA,EQ,2026-02-06,259.75,258.55,261.6,253.2,256.25,256.25,257.02,1103806,2837.0,,496713.0,45.0
NLCINDIA,EQ,2026-02-09,256.25,259.1,263.0,257.4,262.35,262.35,260.92,956520,2495.75,,430434.0,45.0
NLCINDIA,EQ,2026-02-10,262.35,263.3,263.95,257.15,258.35,258.35,259.82,1151998,2993.12,,518399.0,45.0
NLCINDIA,EQ,2026-02-11,258.35,257.2,257.55,252.7,256.8,256.8,255.68,1026566,2624.72,,461955.0,45.0
NLCINDIA,EQ,2026-02-12,256.8,256.8,260.8,251.2,259.65,259.65,257.22,1616282,4157.4,,727327.0,45.0
NLCINDIA,EQ,2026-02-13,259.65,256.0,262.0,249.15,259.3,259.3,256.82,1711761,4396.14,,770292.0,45.0
NLCINDIA,EQ,2026-02-16,259.3,257.0,258.35,253.5,256.85,256.85,256.23,1522312,3900.62,,685040.0,45.0
NLCINDIA,EQ,2026-02-17,256.85,256.5,264.0,253.65,261.75,261.75,259.8,1759531,4571.26,,791789.0,45.0
NLCINDIA,EQ,2026-02-18,261.75,261.0,267.4,257.5,264.75,264.75,263.22,2105899,5543.15,,947655.0,45.0
NLCINDIA,EQ,2026-02-23,264.95,267.45,267.9,262.25,265.45,265.45,265.2,994559,2637.57,,447552.0,45.0
NLCINDIA,EQ,2026-02-24,265.45,263.25,265.5,261.15,263.9,263.9,263.52,1221109,3217.87,,549499.0,45.0
NLCINDIA,EQ,2026-02-26,263.9,263.5,265.3,261.0,262.4,262.4,262.9,690762,1816.01,,310843.0,45.0
NLCINDIA,EQ,2026-02-27,262.4,261.35,261.5,258.5,260.05,260.05,260.02,877868,2282.63,,395041.0,45.0
NLCINDIA,EQ,2026-03-02,260.05,246.5,258.55,246.5,252.45,252.45,252.5,1239022,3128.53,,557560.0,45.0
NLCINDIA,EQ,2026-03-04,252.45,250.0,251.0,243.1,249.25,249.25,247.78,1535781,3805.36,,691101.0,45.0
NLCINDIA,EQ,2026-03-05,249.25,249.25,263.3,249.25,253.85,253.85,255.47,2756964,7043.22,,1240634.0,45.0
NLCINDIA,EQ,2026-03-06,253.85,254.0,261.85,251.8,255.25,255.25,256.3,2145655,5499.31,,965545.0,45.0
NLCINDIA,EQ,2026-03-09,255.25,251.25,251.25,236.0,239.75,239.75,242.33,1513070,3666.62,,680882.0,45.0
NLCINDIA,EQ,2026-03-12,248.45,247.55,271.4,242.8,265.25,265.25,259.82,12868605,33435.21,,5790872.0,45.0
NLCINDIA,EQ,2026-03-13,265.25,267.0,274.85,257.2,259.5,259.5,263.85,4703746,12410.83,,2116686.0,45.0
NLCINDIA,EQ,2026-03-16,259.5,260.0,262.9,255.0,257.0,257.0,258.3,2231589,5764.19,,1004215.0,45.0
NLCINDIA,EQ,2026-03-18,262.25,263.95,266.8,261.2,261.85,261.85,263.28,1338489,3523.97,,602320.0,45.0
NLCINDIA,EQ,2026-03-19,261.85,258.0,270.9,257.0,258.65,258.65,262.18,3645042,9556.57,,1640269.0,45.0
NLCINDIA,EQ,2026-03-23,258.65,266.35,267.0,250.4,253.8,253.8,257.07,2060768,5297.62,,927346.0,45.0
NLCINDIA,EQ,2026-03-24,253.8,258.0,261.7,251.65,259.35,259.35,257.57,1545852,3981.65,,695633.0,45.0
NLCINDIA,EQ,2026-03-27,267.45,268.0,273.3,265.8,270.4,270.4,269.83,2506526,6763.36,,1127937.0,45.0
NLCINDIA,EQ,2026-03-30,270.4,270.4,276.0,265.0,268.6,268.6,269.87,3477969,9385.99,,1565086.0,45.0
NLCINDIA,EQ,2026-04-01,268.6,274.8,285.85,270.8,283.2,283.2,279.95,4676372,13091.5,,2104367.0,45.0
NLCINDIA,EQ,2026-04-07,275.0,274.0,276.8,270.5,271.45,271.45,272.92,1047358,2858.45,,471311.0,45.0
NLCINDIA,EQ,2026-04-08,271.45,276.2,278.4,268.8,269.55,269.55,272.25,2016608,5490.22,,907474.0,45.0
NLCINDIA,EQ,2026-04-09,269.55,269.9,273.6,267.3,268.8,268.8,269.9,1179336,3183.03,,530701.0,45.0
NLCINDIA,EQ,2026-04-10,268.8,270.0,273.35,266.15,267.2,267.2,268.9,1283539,3451.44,,577593.0,45.0
NLCINDIA,EQ,2026-04-13,267.2,264.65,275.5,261.1,271.8,271.8,269.47,3026013,8154.2,,1361706.0,45.0
NLCINDIA,EQ,2026-04-15,271.8,274.0,279.3,274.0,275.2,275.2,276.17,1541783,4257.94,,693802.0,45.0
NLCINDIA,EQ,2026-04-16,275.2,277.35,307.45,276.05,297.75,297.75,293.75,41546367,122042.45,,18695865.0,45.0
NLCINDIA,EQ,2026-04-17,297.75,300.0,308.35,298.8,300.65,300.65,302.6,7285335,22045.42,,3278401.0,45.0
NLCINDIA,EQ,2026-04-20,300.65,303.6,318.55,301.0,304.35,304.35,307.97,11959394,36831.35,,5381727.0,45.0
NLCINDIA,EQ,2026-04-22,304.35,300.5,307.65,298.95,301.15,301.15,302.58,4026853,12184.45,,1812084.0,45.0
NLCINDIA,EQ,2026-04-23,301.15,301.0,305.0,295.2,296.9,296.9,299.03,2905966,8689.71,,1307685.0,45.0
NLCINDIA,EQ,2026-04-24,296.9,298.3,306.95,293.15,299.1,299.1,299.73,5919913,17743.76,,2663961.0,45.0
NLCINDIA,EQ,2026-04-27,299.1,303.25,322.0,302.25,313.85,313.85,312.7,15950635,49877.64,,7177786.0,45.0
NLCINDIA,EQ,2026-04-28,313.85,316.2,325.1,314.35,318.15,318.15,319.2,7443872,23760.84,,3349742.0,45.0
NLCINDIA,EQ,2026-04-29,318.15,321.0,328.7,311.45,318.2,318.2,319.45,6513443,20807.19,,2931049.0,45.0
NLCINDIA,EQ,2026-04-30,318.2,316.75,326.0,312.4,316.6,316.6,318.33,5262674,16752.67,,2368203.0,45.0
NLCINDIA,EQ,2026-05-04,316.6,319.4,330.0,318.0,320.4,320.4,322.8,5307777,17133.5,,2388500.0,45.0
NLCINDIA,EQ,2026-05-06,320.4,319.0,324.05,316.05,322.3,322.3,320.8,4190483,13443.07,,1885717.0,45.0
NLCINDIA,EQ,2026-05-07,322.3,323.8,331.7,320.05,328.7,328.7,326.82,8435064,27567.48,,3795779.0,45.0
NLCINDIA,EQ,2026-05-08,328.7,328.7,329.9,322.4,328.2,328.2,326.83,3872028,12654.95,,1742413.0,45.0
NLCINDIA,EQ,2026-05-12,329.7,330.0,334.5,306.4,308.1,308.1,316.33,4822479,15254.95,,2170116.0,45.0
NLCINDIA,EQ,2026-05-13,308.1,308.0,327.0,306.3,325.7,325.7,319.67,5353741,17114.3,,2409183.0,45.0
NLCINDIA,EQ,2026-05-15,325.7,375.2,375.2,350.6,352.8,352.8,359.53,11521132,41421.93,,5184509.0,45.0
NLCINDIA,EQ,2026-05-18,352.8,351.55,354.35,337.5,348.15,348.15,346.67,7356479,25502.71,,3310416.0,45.0
NLCINDIA,EQ,2026-05-19,348.15,354.1,366.7,349.2,358.35,358.35,358.08,8723182,31235.97,,3925432.0,45.0
NLCINDIA,EQ,2026-05-20,358.35,356.1,359.1,352.65,354.65,354.65,355.47,3003189,10675.44,,1351435.0,45.0
NLCINDIA,EQ,2026-05-21,354.65,357.3,363.85,348.65,350.5,350.5,354.33,3873134,13723.68,,1742910.0,45.0
NLCINDIA,EQ,2026-05-22,350.5,351.6,353.8,340.9,344.65,344.65,346.45,3145770,10898.52,,1415596.0,45.0
NLCINDIA,EQ,2026-05-25,344.65,348.1,352.8,339.55,341.85,341.85,344.73,2805412,9671.1,,1262435.0,45.0
NLCINDIA,EQ,2026-05-27,341.85,346.0,355.5,345.1,349.9,349.9,350.17,5932444,20773.64,,2669600.0,45.0
NLCINDIA,EQ,2026-05-29,349.9,353.0,362.0,342.2,347.55,347.55,350.58,10148326,35578.0,,4566747.0,45.0
NLCINDIA,EQ,2026-06-02,347.55,334.75,351.0,332.65,349.1,349.1,344.25,6987173,24053.34,,3144228.0,45.0
NLCINDIA,EQ,2026-06-04,346.0,343.7,345.75,337.6,338.6,338.6,340.65,2832700,9649.59,,1274715.0,45.0
NLCINDIA,EQ,2026-06-05,338.6,340.5,347.9,333.35,336.6,336.6,339.28,3367303,11424.59,,1515286.0,45.0
NLCINDIA,EQ,2026-06-08,336.6,333.7,342.9,331.55,335.75,335.75,336.73,3579879,12054.53,,1610946.0,45.0
NLCINDIA,EQ,2026-06-09,335.75,327.2,333.2,320.0,327.75,327.75,326.98,25378370,82982.19,,11420266.0,45.0
NLCINDIA,EQ,2026-06-10,327.75,325.0,326.35,307.6,309.6,309.6,314.52,36594772,115097.88,,16467647.0,45.0
NLCINDIA,EQ,2026-06-11,309.6,308.0,314.1,305.1,310.35,310.35,309.85,12107535,37515.2,,5448391.0,45.0
NLCINDIA,EQ,2026-06-12,310.35,316.05,319.85,311.6,316.3,316.3,315.92,10815654,34168.81,,4867044.0,45.0
NLCINDIA,EQ,2026-06-15,316.3,321.6,322.4,315.3,317.9,317.9,318.53,8189570,26086.24,,3685306.0,45.0
NLCINDIA,EQ,2026-06-16,317.9,317.9,318.9,309.95,313.45,313.45,314.1,5423172,17034.18,,2440427.0,45.0
NLCINDIA,EQ,2026-06-17,313.45,314.4,317.35,307.85,311.0,311.0,312.07,2857167,8916.36,,1285725.0,45.0
NLCINDIA,EQ,2026-06-18,311.0,312.0,326.2,311.3,323.75,323.75,320.42,9063965,29042.76,,4078784.0,45.0
NLCINDIA,EQ,2026-06-23,323.75,328.7,328.8,319.8,327.15,327.15,325.25,4295944,13972.56,,1933175.0,45.0
NLCINDIA,EQ,2026-06-24,327.15,328.5,328.7,323.9,325.25,325.25,325.95,2549708,8310.77,,1147369.0,45.0
NLCINDIA,EQ,2026-06-25,325.25,327.0,327.0,319.05,320.1,320.1,322.05,2446865,7880.13,,1101089.0,45.0
NLCINDIA,EQ,2026-06-29,320.1,320.9,328.9,317.45,327.75,327.75,324.7,6784029,22027.74,,3052813.0,45.0
NLCINDIA,EQ,2026-06-30,327.75,327.7,327.7,319.2,322.0,322.0,322.97,2563969,8280.85,,1153786.0,45.0
NLCINDIA,EQ,2026-07-01,322.0,321.55,323.25,316.0,317.1,317.1,318.78,1617120,5155.06,,727704.0,45.0
NLCINDIA,EQ,2026-07-03,315.0,315.5,316.5,311.75,313.5,313.5,313.92,1794819,5634.3,,807669.0,45.0
NLCINDIA,EQ,2026-07-07,307.95,307.95,310.2,300.0,302.25,302.25,304.15,2237930,6806.66,,1007068.0,45.0
NLCINDIA,EQ,2026-07-08,302.25,299.0,306.3,292.7,294.25,294.25,297.75,2753305,8197.97,,1238987.0,45.0
NLCINDIA,EQ,2026-07-13,314.9,310.0,311.7,303.5,304.65,304.65,306.62,2995484,9184.75,,1347968.0,45.0
NLCINDIA,EQ,2026-07-14,304.65,303.3,306.35,299.95,303.6,303.6,303.3,2015101,6111.8,,906795.0,45.0
NLCINDIA,EQ,2026-07-16,303.6,303.0,304.35,297.8,300.7,300.7,300.95,1222486,3679.07,,550119.0,45.0
NLCINDIA,EQ,2026-07-17,300.7,298.8,299.2,294.2,295.6,295.6,296.33,1534785,4548.03,,690653.0,45.0
NLCINDIA,EQ,2026-07-20,295.6,296.0,300.3,294.0,296.4,296.4,296.9,2344862,6961.9,,1055188.0,45.0
NLCINDIA,EQ,2026-07-21,296.4,296.95,299.9,292.8,295.15,295.15,295.95,996603,2949.45,,448471.0,45.0
NLCINDIA,EQ,2026-07-22,295.15,294.05,294.7,287.0,287.6,287.6,289.77,1776696,5148.33,,799513.0,45.0
NLCINDIA,EQ,2026-07-23,287.6,287.65,292.95,284.05,290.7,290.7,289.23,2975499,8606.04,,1338975.0,45.0
NLCINDIA,EQ,2026-07-24,290.7,287.4,294.05,279.9,292.8,292.8,288.92,2551137,7370.75,,1148012.0,45.0
NLCINDIA,EQ,2026-07-27,292.8,295.0,299.75,292.8,298.45,298.45,297.0,2030451,6030.44,,913703.0,45.0
NLCINDIA,EQ,2026-07-29,298.45,302.0,304.2,296.2,296.9,296.9,299.1,2608479,7801.96,,1173816.0,45.0
NLCINDIA,EQ,2026-07-31,291.9,293.9,298.5,292.0,297.9,297.9,296.13,1397677,4138.94,,628955.0,45.0
NLCINDIA,EQ,2026-08-03,297.9,299.8,301.3,296.6,298.05,298.05,298.65,1390048,4151.38,,625522.0,45.0
NLCINDIA,EQ,2026-08-04,298.05,298.05,303.0,295.95,300.7,300.7,299.88,1454291,4361.13,,654431.0,45.0
NLCINDIA,EQ,2026-08-05,300.7,303.9,307.25,300.7,303.3,303.3,303.75,2060118,6257.61,,927053.0,45.0
NLCINDIA,EQ,2026-08-07,304.0,305.2,307.7,301.0,304.4,304.4,304.37,1530784,4659.25,,688853.0,45.0
NLCINDIA,EQ,2026-08-10,304.4,289.1,291.3,282.25,285.35,285.35,286.3,8428275,24130.15,,3792724.0,45.0
NLCINDIA,EQ,2026-08-11,285.35,286.05,287.85,280.2,286.05,286.05,284.7,2444934,6960.73,,1100220.0,45.0
NLCINDIA,EQ,2026-08-13,286.05,275.05,277.9,272.95,274.35,274.35,275.07,1993671,5483.99,,897152.0,45.0
NLCINDIA,EQ,2026-08-14,274.35,274.8,277.3,271.65,275.4,275.4,274.78,1346829,3700.82,,606073.0,45.0
NLCINDIA,EQ,2026-08-17,275.4,276.0,278.9,270.65,277.65,277.65,275.73,1400388,3861.29,,630175.0,45.0
NLCINDIA,EQ,2026-08-18,277.65,277.2,278.7,274.3,276.65,276.65,276.55,866666,2396.76,,390000.0,45.0
NLCINDIA,EQ,2026-08-19,276.65,276.0,276.55,263.3,268.05,268.05,269.3,2163796,5827.1,,973708.0,45.0
NLCINDIA,EQ,2026-08-21,272.05,272.8,274.8,269.0,269.8,269.8,271.2,1016719,2757.34,,457524.0,45.0
NLCINDIA,EQ,2026-08-24,269.8,270.3,276.8,270.3,273.1,273.1,273.4,1871904,5117.79,,842357.0,45.0
NLCINDIA,EQ,2026-08-25,273.1,274.75,275.0,270.35,271.3,271.3,272.22,610844,1662.84,,274880.0,45.0
NLCINDIA,EQ,2026-08-27,271.4,272.7,272.7,268.0,268.8,268.8,269.83,666043,1797.18,,299719.0,45.0
NLCINDIA,EQ,2026-08-31,270.6,270.6,272.25,266.05,267.4,267.4,268.57,2058793,5529.3,,926457.0,45.0
NLCINDIA,EQ,2026-09-01,267.4,271.75,276.0,267.9,274.3,274.3,272.73,2083618,5682.65,,937628.0,45.0
NLCINDIA,EQ,2026-09-02,274.3,274.0,278.9,271.1,275.5,275.5,275.17,1874329,5157.59,,843448.0,45.0
NLCINDIA,EQ,2026-09-03,275.5,276.9,281.35,273.6,274.9,274.9,276.62,1025588,2836.98,,461515.0,45.0
NLCINDIA,EQ,2026-09-04,274.9,277.0,277.1,272.05,273.05,273.05,274.07,714404,1957.97,,321482.0,45.0
NLCINDIA,EQ,2026-09-07,273.05,275.8,278.0,268.3,269.3,269.3,271.87,1349980,3670.19,,607491.0,45.0
NLCINDIA,EQ,2026-09-08,269.3,269.3,272.7,268.35,272.25,272.25,271.1,725528,1966.91,,326488.0,45.0
NLCINDIA,EQ,2026-09-09,272.25,275.0,282.3,270.75,271.55,271.55,274.87,4901961,13474.02,,2205882.0,45.0
NLCINDIA,EQ,2026-09-10,271.55,272.0,274.95,270.0,270.4,270.4,271.78,1073393,2917.27,,483027.0,45.0
NLCINDIA,EQ,2026-09-11,270.4,268.0,268.55,263.55,264.4,264.4,265.5,1177609,3126.55,,529924.0,45.0
NLCINDIA,EQ,2026-09-16,264.4,261.25,262.0,254.3,255.35,255.35,257.22,3109419,7998.05,,1399239.0,45.0
NLCINDIA,EQ,2026-09-18,255.35,264.2,269.7,262.55,268.8,268.8,267.02,2578554,6885.25,,1160349.0,45.0
NLCINDIA,EQ,2026-09-24,267.1,267.0,267.05,261.75,264.0,263.25,263.63,1007201,2655.25,20100.0,561823.0,55.78
NTPC,EQ,2025-09-25,347.6,349.3,350.8,340.0,340.2,340.5,344.62,13228081,45586.38,195462.0,8643213.0,65.34
NTPC,EQ,2025-09-26,340.5,340.5,340.75,336.45,338.2,337.9,338.09,6337702,21427.01,88866.0,3785190.0,59.72
NTPC,EQ,2025-09-30,340.95,341.1,343.05,339.15,340.7,340.45,340.57,8308029,28294.97,116862.0,5914402.0,71.19
NTPC,EQ,2025-10-01,340.45,340.3,343.05,338.05,340.25,340.25,340.3,6022078,20493.16,97135.0,4001872.0,66.45
NTPC,EQ,2025-10-07,339.1,339.1,341.4,336.85,338.25,338.0,338.08,16130172,54532.91,168823.0,12091085.0,74.96
NTPC,EQ,2025-10-08,338.0,339.25,339.25,332.3,334.0,333.8,334.35,13223442,44212.34,252271.0,9737984.0,73.64
NTPC,EQ,2025-10-09,333.8,333.8,336.4,331.2,335.8,335.85,334.57,6824759,22833.54,129731.0,3915580.0,57.37
NTPC,EQ,2025-10-14,341.7,342.0,343.0,335.2,336.85,336.65,338.26,7545848,25524.77,89187.0,4987827.0,66.1
NTPC,EQ,2025-10-15,336.65,336.95,341.75,336.75,339.2,339.25,340.11,8121744,27623.14,78977.0,5764646.0,70.98
NTPC,EQ,2025-10-16,339.25,340.2,342.6,339.65,341.4,341.5,341.6,6788416,23189.31,87724.0,4283332.0,63.1
NTPC,EQ,2025-10-17,341.5,341.5,344.2,340.15,341.0,341.0,341.99,7032129,24049.52,142197.0,4653507.0,66.17
NTPC,EQ,2025-10-20,341.0,341.4,344.45,340.3,341.8,341.95,342.21,6896835,23601.78,160940.0,4287077.0,62.16
NTPC,EQ,2025-10-21,341.95,342.95,343.5,341.05,341.65,342.0,342.35,346988,1187.9,10413.0,204610.0,59.0
NTPC,EQ,2025-10-24,342.65,342.45,343.25,338.15,339.85,339.6,340.33,7584711,25812.68,98598.0,5307749.0,69.98
NTPC,EQ,2025-10-28,341.75,342.4,342.9,337.3,338.95,339.15,339.39,13186584,44753.7,126982.0,8237469.0,62.47
NTPC,EQ,2025-10-29,339.15,339.25,350.0,339.15,349.0,347.5,347.09,15423201,53532.15,139679.0,8626749.0,55.93
NTPC,EQ,2025-11-03,336.95,336.85,337.5,333.4,335.4,335.2,335.36,10242245,34348.13,114014.0,6494311.0,63.41
NTPC,EQ,2025-11-04,335.2,335.4,336.0,329.7,330.3,330.6,330.89,11887651,39334.85,110498.0,7898395.0,66.44
NTPC,EQ,2025-11-06,330.6,332.05,332.95,324.6,327.0,326.65,326.94,11587302,37884.02,141436.0,7482803.0,64.58
NTPC,EQ,2025-11-07,326.65,324.4,327.1,320.85,326.0,326.1,324.82,8578167,27863.42,112832.0,5777378.0,67.35
NTPC,EQ,2025-11-10,326.1,326.1,328.25,324.0,325.3,325.45,325.58,5246998,17083.3,90496.0,2986861.0,56.93
NTPC,EQ,2025-11-11,325.45,325.95,327.45,322.85,327.0,326.65,325.62,6103758,19874.86,82355.0,3236786.0,53.03
NTPC,EQ,2025-11-12,326.65,327.5,328.25,325.55,326.9,327.15,327.09,6850550,22407.39,79520.0,4273919.0,62.39
NTPC,EQ,2025-11-14,326.95,327.0,329.9,326.2,328.85,328.45,328.03,9169855,30079.67,76040.0,6846707.0,74.67
NTPC,EQ,2025-11-17,328.45,329.0,331.45,328.55,330.1,330.2,330.05,6283156,20737.45,80876.0,4234500.0,67.39
NTPC,EQ,2025-11-18,330.2,329.05,329.75,327.15,328.4,328.45,328.33,6776200,22248.36,65963.0,4415774.0,65.17
NTPC,EQ,2025-11-19,328.45,328.95,328.95,325.05,326.1,326.6,326.26,6935056,22626.56,87505.0,4127903.0,59.52
NTPC,EQ,2025-11-20,326.6,328.0,330.0,326.2,326.85,326.6,327.92,5155775,16906.83,68423.0,3130077.0,60.71
NTPC,EQ,2025-11-21,326.6,326.85,328.4,325.0,326.4,326.65,326.71,6142545,20068.05,69603.0,3563096.0,58.01
NTPC,EQ,2025-11-24,326.65,326.7,327.1,322.05,324.75,323.45,324.3,13719726,44493.31,120108.0,10791382.0,78.66
NTPC,EQ,2025-11-26,323.7,324.3,327.8,324.0,326.4,326.1,326.18,7101095,23162.56,89326.0,4506543.0,63.46
NTPC,EQ,2025-11-27,326.1,327.15,328.75,325.0,327.2,327.35,327.31,6755179,22110.57,82771.0,4196993.0,62.13
NTPC,EQ,2025-11-28,327.35,328.0,328.15,324.25,326.7,326.45,326.34,8930988,29145.6,106653.0,6215710.0,69.6
NTPC,EQ,2025-12-01,326.45,327.1,328.25,325.45,327.95,327.1,326.75,6936186,22664.32,92193.0,4585981.0,66.12
NTPC,EQ,2025-12-02,327.1,327.45,329.95,326.75,328.25,328.6,328.7,5806943,19087.51,65559.0,3645214.0,62.77
NTPC,EQ,2025-12-03,328.6,329.0,329.0,321.3,323.3,322.95,323.22,8546132,27622.85,98608.0,5094687.0,59.61
NTPC,EQ,2025-12-05,322.95,322.25,324.15,320.95,323.5,323.3,322.99,6574010,21233.31,90066.0,4574532.0,69.59
NTPC,EQ,2025-12-08,323.3,323.2,323.2,317.85,318.85,319.5,320.23,7906928,25320.68,88014.0,4951642.0,62.62
NTPC,EQ,2025-12-09,319.5,317.45,321.4,315.55,319.7,319.85,319.35,7152584,22841.79,100590.0,4371252.0,61.11
NTPC,EQ,2025-12-10,319.85,319.85,323.7,319.5,321.65,321.6,321.88,5484712,17653.96,104215.0,3038926.0,55.41
NTPC,EQ,2025-12-15,325.05,323.05,325.3,321.55,323.5,323.95,323.8,10219819,33091.46,135503.0,6950562.0,68.01
NTPC,EQ,2025-12-16,323.95,322.05,323.8,319.05,320.25,321.0,321.1,5241263,16829.94,94764.0,3488118.0,66.55
NTPC,EQ,2025-12-18,321.25,322.0,322.15,317.0,318.55,318.5,318.3,5554193,17678.87,118016.0,3410070.0,61.4
NTPC,EQ,2025-12-19,318.5,318.95,320.6,317.5,320.05,319.9,318.97,10833662,34556.28,96336.0,8210123.0,75.78
NTPC,EQ,2025-12-23,320.7,321.05,324.75,320.25,323.45,323.25,323.63,6024641,19497.73,89348.0,3966181.0,65.83
NTPC,EQ,2025-12-24,323.25,323.9,326.65,322.25,322.4,322.55,323.98,5678004,18395.45,98330.0,3321579.0,58.5
NTPC,EQ,2025-12-26,322.55,322.55,325.75,322.3,324.25,324.1,324.22,4174183,13533.42,43074.0,2336059.0,55.96
NTPC,EQ,2025-12-29,324.1,324.1,325.8,323.05,325.65,325.5,325.01,14043845,45644.13,80508.0,11247890.0,80.09
NTPC,EQ,2025-12-30,325.5,325.0,325.55,323.35,325.25,324.9,324.82,8035909,26102.02,80890.0,5306309.0,66.03
NTPC,EQ,2025-12-31,324.9,324.75,330.65,324.7,329.9,329.55,329.34,8497983,27987.19,98277.0,5517048.0,64.92
NTPC,EQ,2026-01-01,329.55,329.8,336.9,329.6,336.1,336.3,334.63,10357315,34658.64,76770.0,5789145.0,55.89
NTPC,EQ,2026-01-02,336.3,336.8,353.0,335.95,351.65,352.1,347.18,23128940,80299.15,217079.0,14917934.0,64.5
NTPC,EQ,2026-01-06,350.6,349.9,354.1,346.15,350.5,350.8,349.9,8641743,30237.18,102297.0,5919269.0,68.5
NTPC,EQ,2026-01-07,350.8,349.55,351.35,346.3,349.0,348.85,347.99,7165806,24936.33,66191.0,4625383.0,64.55
NTPC,EQ,2026-01-08,348.85,346.75,349.8,342.2,342.5,344.4,345.05,8805975,30384.98,113854.0,5224296.0,59.33
NTPC,EQ,2026-01-09,344.4,344.4,344.4,334.4,336.5,336.0,337.79,10161744,34325.23,113153.0,5490414.0,54.03
NTPC,EQ,2026-01-12,336.0,336.75,340.65,333.7,337.9,337.45,337.65,9406174,31760.02,100035.0,5749984.0,61.13
NTPC,EQ,2026-01-13,337.45,337.45,339.25,335.05,337.95,337.9,337.28,5583379,18831.69,60455.0,3256176.0,58.32
NTPC,EQ,2026-01-14,337.9,338.9,350.5,337.45,349.0,349.1,347.49,20389924,70853.02,233158.0,14137913.0,69.34
NTPC,EQ,2026-01-19,346.35,343.5,347.95,342.05,343.35,343.35,344.62,9974363,34373.92,155127.0,7203837.0,72.22
NTPC,EQ,2026-01-20,343.35,343.0,348.3,337.7,339.0,338.75,343.54,7718407,26515.61,98641.0,3168969.0,41.06
NTPC,EQ,2026-01-21,338.75,338.8,341.6,336.8,338.5,338.7,339.02,6948955,23558.27,171223.0,4108644.0,59.13
NTPC,EQ,2026-01-23,342.45,343.95,345.45,336.1,337.0,336.7,340.19,10084314,34305.65,97566.0,6382935.0,63.3
NTPC,EQ,2026-01-23,342.45,343.95,345.45,336.1,337.0,336.7,340.19,10084314,34305.65,97566.0,6382935.0,63.3
NTPC,EQ,2026-01-28,344.7,344.7,353.25,344.7,348.9,348.05,348.8,13566973,47321.63,134238.0,8849054.0,65.22
NTPC,EQ,2026-01-30,358.15,359.0,359.35,351.1,354.1,356.0,354.86,22641103,80343.19,172601.0,15901767.0,70.23
NTPC,EQ,2026-02-02,344.75,344.95,352.75,337.75,352.4,350.35,346.1,12622760,43687.2,189339.0,8359271.0,66.22
NTPC,EQ,2026-02-03,350.35,365.95,365.95,353.8,358.1,358.55,357.72,11559806,41351.17,232493.0,6941542.0,60.05
NTPC,EQ,2026-02-04,358.55,359.45,368.55,357.6,366.8,367.25,365.59,15515053,56722.24,252797.0,9705353.0,62.55
NTPC,EQ,2026-02-06,367.0,361.8,365.95,361.0,363.7,365.05,363.21,7328789,26619.06,87860.0,4251137.0,58.01
NTPC,EQ,2026-02-09,365.05,366.55,368.6,361.0,361.2,361.9,364.33,7983235,29085.55,110283.0,5679383.0,71.14
NTPC,EQ,2026-02-10,361.9,361.9,368.15,361.25,366.55,366.9,366.61,8319282,30499.53,192217.0,5238310.0,62.97
NTPC,EQ,2026-02-11,366.9,369.0,369.0,366.0,368.0,368.45,367.52,5782448,21251.77,106746.0,4056109.0,70.15
NTPC,EQ,2026-02-12,368.45,370.0,372.0,366.85,368.0,368.25,368.9,6763353,24950.15,128798.0,3681852.0,54.44
NTPC,EQ,2026-02-13,368.25,367.55,368.0,362.4,364.0,363.0,364.19,7111972,25901.34,105259.0,5120121.0,71.99
NTPC,EQ,2026-02-16,363.0,362.6,369.65,362.5,368.9,369.1,368.52,6292850,23190.48,180346.0,3610325.0,57.37
NTPC,EQ,2026-02-17,369.1,368.75,369.5,366.05,368.25,368.4,367.57,4442793,16330.35,76034.0,2724970.0,61.33
NTPC,EQ,2026-02-18,368.4,368.45,370.7,367.4,368.0,368.4,368.48,4871319,17949.77,99061.0,3474160.0,71.32
NTPC,EQ,2026-02-23,372.95,374.0,376.5,372.15,375.45,375.45,374.85,16135451,60484.53,256534.0,11495414.0,71.24
NTPC,EQ,2026-02-24,375.45,374.95,385.0,373.55,384.5,382.75,378.73,20774629,78679.07,239139.0,12483195.0,60.09
NTPC,EQ,2026-02-26,384.9,385.0,385.85,378.4,382.6,381.9,381.67,10721570,40921.18,196701.0,6325367.0,59.0
NTPC,EQ,2026-02-27,381.9,381.0,385.2,380.15,382.0,381.9,382.55,11548959,44180.56,286694.0,8017670.0,69.42
NTPC,EQ,2026-03-02,381.9,365.0,378.95,365.0,377.0,377.55,375.27,14732253,55286.27,184879.0,8139819.0,55.25
NTPC,EQ,2026-03-02,381.9,365.0,378.95,365.0,377.0,377.55,375.27,14732253,55286.27,184879.0,8139819.0,55.25
NTPC,EQ,2026-03-04,377.55,370.75,373.85,364.1,364.95,365.8,366.88,11433169,41945.51,286645.0,6861488.0,60.01
NTPC,EQ,2026-03-05,365.8,366.95,379.9,366.6,377.45,378.05,375.87,16158714,60735.83,224562.0,10211167.0,63.19
NTPC,EQ,2026-03-06,378.05,377.0,385.55,374.65,381.15,380.6,383.21,14940896,57254.43,239774.0,8833355.0,59.12
NTPC,EQ,2026-03-09,380.6,373.0,379.0,371.4,375.85,376.25,374.81,11286578,42303.34,185996.0,6592989.0,58.41
NTPC,EQ,2026-03-12,379.9,379.0,392.4,375.65,390.95,390.55,387.93,23847146,92509.82,313539.0,14052172.0,58.93
NTPC,EQ,2026-03-13,390.55,391.85,394.5,383.2,384.05,384.45,388.65,27107369,105352.65,259842.0,16128586.0,59.5
NTPC,EQ,2026-03-16,384.45,384.5,388.25,375.45,381.2,382.4,380.73,16793109,63936.13,174385.0,9638953.0,57.4
NTPC,EQ,2026-03-18,383.35,385.0,386.35,377.6,379.75,378.5,379.9,10681498,40578.66,135719.0,6426970.0,60.17
NTPC,EQ,2026-03-19,378.5,373.5,380.75,373.1,374.9,374.05,375.93,10568326,39729.36,140467.0,6053195.0,57.28
NTPC,EQ,2026-03-23,380.95,377.1,379.5,369.3,371.15,372.4,372.9,13148432,49030.97,202229.0,7884624.0,59.97
NTPC,EQ,2026-03-24,372.4,378.0,378.15,371.0,375.0,375.55,375.07,9339144,35028.72,108153.0,5178101.0,55.45
NTPC,EQ,2026-03-25,375.55,376.0,380.95,375.6,377.85,378.4,378.25,9266292,35050.03,137590.0,5779969.0,62.38
NTPC,EQ,2026-03-27,378.4,379.9,379.9,374.65,376.5,375.65,376.22,20263654,76235.0,147938.0,15228988.0,75.15
NTPC,EQ,2026-03-30,375.65,374.0,377.95,369.65,370.45,370.65,373.24,17974103,67086.24,187073.0,9777335.0,54.4
NTPC,EQ,2026-04-01,370.65,381.3,381.9,361.45,365.95,364.65,367.6,15449629,56792.73,140196.0,9076972.0,58.75
NTPC,EQ,2026-04-02,364.65,359.95,361.3,352.0,358.9,359.65,355.6,16551512,58857.88,136949.0,9330143.0,56.37
NTPC,EQ,2026-04-07,366.1,364.85,369.8,362.25,368.2,368.85,367.85,12603971,46363.77,120137.0,8063912.0,63.98
NTPC,EQ,2026-04-08,368.85,373.5,375.55,368.25,373.0,374.15,371.56,19491331,72421.3,146186.0,12163327.0,62.4
NTPC,EQ,2026-04-09,374.15,376.95,384.2,376.5,379.7,378.65,380.47,18503665,70401.2,146138.0,9385557.0,50.72
NTPC,EQ,2026-04-10,378.65,381.2,384.45,372.05,380.15,380.15,378.6,14953758,56614.2,126086.0,8083105.0,54.05
NTPC,EQ,2026-04-13,380.15,374.35,388.0,374.35,386.15,386.25,383.96,15240045,58515.51,165962.0,6672683.0,43.78
NTPC,EQ,2026-04-13,380.15,374.35,388.0,374.35,386.15,386.25,383.96,15240045,58515.51,165962.0,6672683.0,43.78
NTPC,EQ,2026-04-15,386.25,390.25,393.95,387.1,392.0,392.6,391.72,7722460,30250.06,101066.0,4175592.0,54.07
NTPC,EQ,2026-04-16,392.6,397.0,397.25,387.8,391.15,390.8,391.99,9896906,38794.83,155661.0,4860295.0,49.11
NTPC,EQ,2026-04-17,390.8,393.0,396.25,388.45,393.7,393.6,391.86,15320653,60035.73,133811.0,9813255.0,64.05
NTPC,EQ,2026-04-20,393.6,393.0,400.85,390.65,398.35,398.0,397.92,9895187,39375.24,128393.0,5348489.0,54.05
NTPC,EQ,2026-04-22,396.2,398.0,407.25,393.2,405.15,405.4,404.13,16411131,66322.76,131645.0,10117932.0,61.65
NTPC,EQ,2026-04-23,405.4,404.0,405.9,400.4,402.8,402.25,402.94,9144699,36847.31,113919.0,5585530.0,61.08
NTPC,EQ,2026-04-24,402.25,404.75,405.25,399.2,400.55,401.85,401.12,6266676,25136.78,140523.0,4226319.0,67.44
NTPC,EQ,2026-04-27,401.85,403.9,414.4,402.6,412.2,410.2,410.02,13001752,53310.29,161911.0,7804099.0,60.02
NTPC,EQ,2026-04-28,410.2,414.0,414.2,405.95,407.0,406.85,409.34,7726655,31628.56,108775.0,3694338.0,47.81
NTPC,EQ,2026-04-29,406.85,409.5,410.0,399.65,400.1,401.3,404.65,11920835,48237.32,114016.0,6985074.0,58.6
NTPC,EQ,2026-04-30,401.3,400.0,400.3,393.15,399.9,399.15,397.67,7706357,30646.15,99297.0,4677496.0,60.7
NTPC,EQ,2026-04-30,401.3,400.0,400.3,393.15,399.9,399.15,397.67,7706357,30646.15,99297.0,4677496.0,60.7
NTPC,EQ,2026-05-04,399.15,400.0,404.8,397.25,400.15,400.05,400.58,6333200,25369.77,123313.0,3861066.0,60.97
NTPC,EQ,2026-05-06,398.65,400.0,403.0,391.65,394.1,394.85,396.24,11120409,44063.19,110570.0,7498616.0,67.43
NTPC,EQ,2026-05-07,394.85,396.75,403.5,393.15,399.9,400.35,399.36,9700378,38739.17,173886.0,4675899.0,48.2
NTPC,EQ,2026-05-08,400.35,398.0,405.1,397.15,402.25,402.15,401.03,4740939,19012.56,73357.0,2632332.0,55.52
NTPC,EQ,2026-05-12,392.95,392.2,399.85,391.25,392.9,392.7,395.41,10247516,40519.24,127594.0,4999078.0,48.78
NTPC,EQ,2026-05-13,392.7,392.0,394.05,385.8,390.85,390.45,389.6,12322076,48006.88,134357.0,7552390.0,61.29
NTPC,EQ,2026-05-15,396.3,396.0,398.0,392.5,395.75,395.25,395.23,7107857,28092.6,73559.0,4352412.0,61.23
NTPC,EQ,2026-05-18,395.25,393.0,393.85,384.9,384.9,388.3,389.11,7632596,29698.86,85542.0,4856286.0,63.63
NTPC,EQ,2026-05-19,388.3,386.7,392.75,386.05,388.0,389.4,390.12,6693518,26112.84,91522.0,3865920.0,57.76
NTPC,EQ,2026-05-20,389.4,386.1,393.35,384.0,392.5,392.45,389.54,5386249,20981.57,94571.0,2955132.0,54.86
NTPC,EQ,2026-05-21,392.45,393.5,395.55,387.85,388.55,388.8,390.24,10596954,41353.67,93293.0,6914513.0,65.25
NTPC,EQ,2026-05-22,388.8,389.95,391.5,387.45,389.0,388.65,388.96,11755213,45722.82,86679.0,7383132.0,62.81
NTPC,EQ,2026-05-25,388.65,391.95,392.8,386.45,391.3,390.05,389.56,10489850,40864.11,134191.0,5966006.0,56.87
NTPC,EQ,2026-05-27,389.7,390.35,403.1,390.35,397.85,398.15,396.82,14418621,57215.98,188850.0,7205315.0,49.97
NTPC,EQ,2026-05-29,398.15,400.0,401.65,385.1,389.5,386.9,388.95,17003143,66134.16,133574.0,11771515.0,69.23
NTPC,EQ,2026-06-02,378.7,375.95,377.5,363.05,367.4,367.4,367.67,17496468,64329.88,200265.0,10701125.0,61.16
NTPC,EQ,2026-06-04,366.8,366.8,368.8,364.35,365.0,366.4,366.86,14363519,52693.89,175793.0,9687301.0,67.44
NTPC,EQ,2026-06-05,366.4,365.95,368.5,358.65,360.75,361.65,362.91,10277061,37296.05,153548.0,6388654.0,62.16
NTPC,EQ,2026-06-08,361.65,358.95,365.35,355.15,361.5,362.4,362.77,14933986,54176.56,144254.0,10026799.0,67.14
NTPC,EQ,2026-06-09,362.4,362.8,363.7,355.0,355.95,355.65,356.86,14246656,50841.31,196744.0,9571753.0,67.19
NTPC,EQ,2026-06-10,355.65,359.0,359.0,351.1,351.55,351.65,354.66,14939921,52986.62,145163.0,10133093.0,67.83
NTPC,EQ,2026-06-11,351.65,352.0,353.35,348.8,352.0,351.85,351.63,15079402,53023.66,103531.0,10441772.0,69.25
NTPC,EQ,2026-06-12,351.85,357.0,357.0,349.7,354.4,353.9,352.62,8740239,30819.52,103454.0,4671689.0,53.45
NTPC,EQ,2026-06-15,353.9,357.4,358.0,346.95,348.3,348.1,350.22,17190759,60205.94,241284.0,11206339.0,65.19
NTPC,EQ,2026-06-16,348.1,349.75,356.2,348.5,355.9,355.55,353.38,14555184,51435.72,117674.0,9653562.0,66.32
NTPC,EQ,2026-06-17,355.55,355.55,356.05,352.05,355.5,355.55,353.88,9299676,32909.97,135292.0,5565396.0,59.85
NTPC,EQ,2026-06-18,355.55,357.0,363.55,354.05,362.0,361.95,359.66,12260776,44096.64,166737.0,6018843.0,49.09
NTPC,EQ,2026-06-23,367.05,367.85,369.25,361.9,363.9,364.6,364.75,11696171,42661.46,114556.0,7926454.0,67.77
NTPC,EQ,2026-06-24,364.6,362.85,364.05,355.5,356.65,357.05,358.92,12770898,45836.71,159156.0,7901236.0,61.87
NTPC,EQ,2026-06-25,357.05,356.45,359.0,351.45,352.5,352.05,355.0,19767157,70173.83,160027.0,13466205.0,68.12
NTPC,EQ,2026-06-29,352.05,352.0,357.9,351.55,355.0,356.1,355.88,49895302,177567.18,167975.0,38451958.0,77.07
NTPC,EQ,2026-06-30,356.1,354.75,358.35,352.9,357.75,356.65,355.64,10291360,36599.76,110719.0,5480442.0,53.25
NTPC,EQ,2026-07-01,356.65,358.0,360.85,354.25,357.4,357.9,358.1,6915166,24763.21,86739.0,3584969.0,51.84
NTPC,EQ,2026-07-03,358.25,358.25,360.15,355.45,356.2,356.45,357.98,6588714,23586.29,74547.0,3615886.0,54.88
NTPC,EQ,2026-07-07,356.25,355.8,357.15,352.55,352.9,354.2,354.62,8149003,28898.3,96688.0,5494246.0,67.42
NTPC,EQ,2026-07-08,354.2,351.95,353.0,347.55,348.75,348.7,349.97,9572223,33499.93,135721.0,6103490.0,63.76
NTPC,EQ,2026-07-13,344.55,345.05,355.0,343.7,352.4,351.75,348.96,8226337,28706.61,202554.0,4748494.0,57.72
NTPC,EQ,2026-07-14,351.75,348.5,353.95,347.5,348.75,348.15,350.15,8579646,30041.26,121616.0,4915777.0,57.3
NTPC,EQ,2026-07-16,344.35,344.2,346.05,342.1,342.5,342.45,344.2,10347549,35616.71,79377.0,6622832.0,64.0
NTPC,EQ,2026-07-17,342.45,342.5,343.9,340.25,341.9,341.85,342.08,7612446,26040.94,105939.0,4826851.0,63.41
NTPC,EQ,2026-07-20,341.85,343.0,349.3,341.1,347.5,347.25,346.59,14463484,50129.17,86934.0,9161386.0,63.34
NTPC,EQ,2026-07-21,347.25,347.2,349.15,344.15,348.5,348.55,346.85,8575793,29744.73,109309.0,4613141.0,53.79
NTPC,EQ,2026-07-22,348.55,347.4,350.85,345.65,350.45,350.5,349.34,7035952,24579.35,66929.0,4704037.0,66.86
NTPC,EQ,2026-07-23,350.5,348.55,350.7,347.1,348.05,348.6,348.74,6863144,23934.71,98369.0,3982863.0,58.03
NTPC,EQ,2026-07-24,348.6,347.95,350.0,345.1,347.7,347.2,347.89,6300466,21918.42,82900.0,3817873.0,60.6
NTPC,EQ,2026-07-27,347.2,353.0,353.0,347.8,349.95,350.8,350.52,12350753,43291.6,86134.0,7673049.0,62.13
NTPC,EQ,2026-07-29,343.75,343.7,345.35,341.15,343.5,343.5,342.97,8471125,29053.32,83384.0,5584275.0,65.92
NTPC,EQ,2026-07-31,344.85,344.1,348.25,343.55,346.6,347.25,346.27,8519119,29498.87,91288.0,5551277.0,65.16
NTPC,EQ,2026-08-03,347.25,347.25,350.9,345.3,350.9,350.9,347.21,5460220,18958.35,66213.0,3291125.0,60.27
NTPC,EQ,2026-08-04,350.9,348.0,348.95,341.6,343.65,343.65,345.19,7201524,24858.9,64920.0,4276777.0,59.39
NTPC,EQ,2026-08-05,343.65,343.45,349.9,342.75,349.9,349.9,347.31,18554536,64442.51,81927.0,8582032.0,46.25
NTPC,EQ,2026-08-07,345.0,345.0,347.0,342.5,342.5,342.5,344.46,7012048,24153.83,71979.0,4383183.0,62.51
NTPC,EQ,2026-08-10,342.5,342.5,343.7,337.15,340.45,340.45,339.83,8818488,29967.83,90393.0,5655052.0,64.13
NTPC,EQ,2026-08-11,340.45,339.6,340.4,336.05,338.45,338.45,337.52,10043994,33900.31,86664.0,6692141.0,66.63
NTPC,EQ,2026-08-13,339.45,338.05,344.25,338.0,344.25,344.25,341.28,9672695,33011.05,62711.0,4196200.0,43.38
NTPC,EQ,2026-08-14,344.25,343.65,343.65,337.5,340.0,340.0,339.46,7507624,25485.16,66641.0,4752447.0,63.3
NTPC,EQ,2026-08-17,340.0,340.0,340.3,335.7,337.0,337.0,337.4,7839848,26451.97,63681.0,4922740.0,62.79
NTPC,EQ,2026-08-18,337.0,337.0,339.3,333.9,337.1,337.1,338.13,9943991,33623.75,115642.0,6295642.0,63.31
NTPC,EQ,2026-08-19,337.1,336.3,338.85,333.6,336.55,336.55,335.55,7502595,25174.96,71081.0,4203395.0,56.03
NTPC,EQ,2026-08-21,337.5,337.0,342.85,337.0,340.0,340.0,340.32,6534716,22239.06,79204.0,3936696.0,60.24
NTPC,EQ,2026-08-24,340.0,340.7,342.05,337.45,339.5,339.5,339.46,5401943,18337.24,91552.0,3173600.0,58.75
NTPC,EQ,2026-08-25,339.5,339.0,340.8,335.65,339.85,339.85,337.86,5260835,17774.01,66009.0,2695133.0,51.23
NTPC,EQ,2026-08-27,334.6,335.0,335.95,328.4,330.9,330.9,330.08,12911842,42619.41,142938.0,8494065.0,65.79
NTPC,EQ,2026-08-31,330.05,330.1,330.45,323.5,327.4,327.4,326.41,18400774,60061.85,95662.0,9374715.0,50.95
NTPC,EQ,2026-09-01,327.4,327.4,328.25,325.05,327.5,327.5,326.84,7377499,24112.27,108982.0,4407260.0,59.74
NTPC,EQ,2026-09-02,327.5,324.0,331.1,321.0,330.0,330.0,327.5,11993091,39277.01,110755.0,7006636.0,58.42
NTPC,EQ,2026-09-03,330.0,330.45,332.7,329.1,330.9,330.9,330.78,8100926,26796.23,123522.0,5017573.0,61.94
NTPC,EQ,2026-09-04,330.9,332.75,334.05,329.8,332.5,332.5,332.24,7032282,23363.77,64357.0,4532526.0,64.45
NTPC,EQ,2026-09-07,332.5,332.5,333.8,330.35,332.0,332.0,331.67,5245813,17398.6,50202.0,3281525.0,62.56
NTPC,EQ,2026-09-08,332.0,330.0,333.2,328.65,330.8,330.8,331.2,7351373,24347.79,80637.0,4688291.0,63.77
NTPC,EQ,2026-09-09,330.8,331.1,337.5,330.9,334.5,334.5,334.92,11795145,39504.51,119713.0,7146097.0,60.59
NTPC,EQ,2026-09-10,334.5,335.65,335.7,333.1,335.0,335.0,334.57,6905905,23105.34,49997.0,4844608.0,70.15
NTPC,EQ,2026-09-11,335.0,333.0,336.25,331.6,333.4,333.4,334.47,4968535,16618.32,43966.0,2789575.0,69.03
NTPC,EQ,2026-09-16,329.5,329.5,329.95,326.55,327.0,327.0,328.31,6556304,21524.74,57157.0,4102135.0,62.57
NTPC,EQ,2026-09-18,329.6,329.8,330.85,323.65,323.65,323.65,326.62,9448827,30861.93,71362.0,6494646.0,68.73
NTPC,EQ,2026-09-24,326.0,326.95,327.7,324.4,326.6,326.6,326.31,7662580,25003.7,86371.0,4818261.0,62.88
POWERGRID,EQ,2025-09-25,293.3,294.0,294.85,283.6,284.2,284.4,287.99,16242837,46777.82,112693.0,11510084.0,70.86
POWERGRID,EQ,2025-09-26,284.4,283.5,284.15,280.1,282.35,282.25,282.08,8959035,25271.62,89630.0,5911086.0,65.98
POWERGRID,EQ,2025-09-30,280.6,282.0,286.0,279.0,280.4,280.25,280.92,18772881,52737.41,93568.0,13845467.0,73.75
POWERGRID,EQ,2025-10-01,280.25,281.0,282.85,279.9,281.3,280.65,281.18,11812449,33214.19,94429.0,8366371.0,70.83
POWERGRID,EQ,2025-10-07,286.9,288.95,292.35,287.1,289.65,289.0,289.72,11371062,32944.76,87922.0,6674941.0,58.7
POWERGRID,EQ,2025-10-08,289.0,290.35,290.35,284.65,285.0,285.3,285.74,9989251,28542.84,70022.0,6740916.0,67.48
POWERGRID,EQ,2025-10-09,285.3,285.0,286.95,282.25,285.75,286.15,285.13,10714949,30551.32,72636.0,7039826.0,65.7
POWERGRID,EQ,2025-10-14,286.15,286.5,287.9,285.4,287.0,287.5,286.79,7667654,21989.83,74215.0,5441218.0,70.96
POWERGRID,EQ,2025-10-15,287.5,287.15,293.25,287.05,291.9,290.95,291.09,8125514,23652.72,79351.0,5549146.0,68.29
POWERGRID,EQ,2025-10-16,290.95,292.4,293.25,290.6,291.8,291.85,291.98,7824732,22846.75,58038.0,5624423.0,71.88
POWERGRID,EQ,2025-10-17,291.85,291.0,291.5,288.0,289.3,289.75,289.66,14275188,41349.8,58540.0,10633991.0,74.49
POWERGRID,EQ,2025-10-20,289.75,290.15,292.1,287.1,287.95,288.2,288.77,13536721,39090.22,83074.0,9806987.0,72.45
POWERGRID,EQ,2025-10-21,288.2,288.3,289.6,288.2,288.7,288.6,288.75,398291,1150.08,9129.0,206966.0,51.98
POWERGRID,EQ,2025-10-24,289.65,289.65,290.75,286.55,288.7,288.5,289.44,16350189,47323.57,55611.0,12558445.0,76.81
POWERGRID,EQ,2025-10-28,291.05,290.55,292.6,286.8,288.5,288.25,289.1,13543174,39153.49,88133.0,9030738.0,66.68
POWERGRID,EQ,2025-10-29,288.25,289.0,296.65,288.75,295.25,295.35,294.37,14608714,43004.03,99438.0,10499349.0,71.87
POWERGRID,EQ,2025-11-03,288.15,289.0,290.15,287.15,288.0,288.0,288.7,8578207,24765.69,67955.0,5582900.0,65.08
POWERGRID,EQ,2025-11-04,288.0,284.5,284.95,278.1,278.8,279.05,279.88,26098629,73044.3,132753.0,17869185.0,68.47
POWERGRID,EQ,2025-11-06,279.05,278.0,278.5,269.85,270.25,270.2,271.71,21919591,59558.62,150603.0,13561375.0,61.87
POWERGRID,EQ,2025-11-07,270.2,270.2,272.8,268.75,271.75,272.0,271.43,11379131,30886.19,79210.0,8327537.0,73.18
POWERGRID,EQ,2025-11-10,272.0,268.6,270.55,266.55,268.35,268.2,268.98,10717941,28828.74,95966.0,7010409.0,65.41
POWERGRID,EQ,2025-11-11,268.2,268.25,269.15,264.65,268.15,267.65,266.82,11154806,29762.86,99964.0,7362933.0,66.01
POWERGRID,EQ,2025-11-12,267.65,269.0,270.25,266.5,266.85,267.1,268.51,16444701,44156.09,126273.0,12749246.0,77.53
POWERGRID,EQ,2025-11-14,269.85,270.35,272.3,269.5,270.9,271.3,270.89,10308317,27924.08,127366.0,6063228.0,58.82
POWERGRID,EQ,2025-11-17,271.3,272.1,273.95,270.0,273.7,273.55,272.71,9884392,26955.99,89984.0,7219582.0,73.04
POWERGRID,EQ,2025-11-18,273.55,274.0,276.8,272.3,274.15,274.2,274.68,16434280,45141.13,80036.0,11718569.0,71.31
POWERGRID,EQ,2025-11-19,274.2,275.95,276.0,272.5,275.2,275.15,274.52,15765235,43278.52,77562.0,11984142.0,76.02
POWERGRID,EQ,2025-11-20,275.15,275.25,279.05,274.5,277.2,277.2,277.63,15337345,42581.44,99778.0,11323664.0,73.83
POWERGRID,EQ,2025-11-21,277.2,277.2,279.0,275.4,277.6,277.6,277.44,12941485,35905.06,66807.0,10060956.0,77.74
POWERGRID,EQ,2025-11-24,277.6,278.0,279.05,272.5,275.5,275.8,275.68,49791096,137263.55,90160.0,43123324.0,86.61
POWERGRID,EQ,2025-11-26,273.45,274.0,276.95,273.5,274.4,275.05,275.02,8352869,22972.08,68826.0,5550881.0,66.45
POWERGRID,EQ,2025-11-27,275.05,277.0,277.0,273.3,273.95,273.7,274.3,9865039,27059.71,98121.0,7165504.0,72.64
POWERGRID,EQ,2025-11-28,273.7,273.8,274.35,269.45,270.0,269.95,270.75,12580231,34060.79,92273.0,9415290.0,74.84
POWERGRID,EQ,2025-12-01,269.95,272.45,272.45,268.75,269.9,269.65,270.04,10428760,28162.31,130049.0,6997639.0,67.1
POWERGRID,EQ,2025-12-02,269.65,269.0,270.65,266.9,267.5,267.45,268.02,11029817,29562.6,101674.0,7637430.0,69.24
POWERGRID,EQ,2025-12-03,267.45,267.45,269.0,264.5,268.35,268.45,266.88,9063557,24188.49,93238.0,6118713.0,67.51
POWERGRID,EQ,2025-12-05,269.1,268.2,271.5,267.8,269.9,269.8,269.78,5535798,14934.35,67426.0,3424874.0,61.87
POWERGRID,EQ,2025-12-08,269.8,268.8,269.4,264.75,265.1,265.2,266.1,10203843,27152.6,92756.0,7392326.0,72.45
POWERGRID,EQ,2025-12-09,265.2,264.1,265.75,262.9,264.4,264.55,264.44,10686557,28259.86,87852.0,7333582.0,68.62
POWERGRID,EQ,2025-12-10,264.55,264.9,267.25,264.3,265.35,265.5,265.73,7157092,19018.25,80151.0,4623495.0,64.6
POWERGRID,EQ,2025-12-15,263.6,263.6,263.85,260.5,262.15,262.2,261.92,6400400,16763.7,77595.0,4087272.0,63.86
POWERGRID,EQ,2025-12-16,262.2,262.15,263.35,259.7,260.0,260.35,261.33,9241981,24152.43,100354.0,5976549.0,64.67
POWERGRID,EQ,2025-12-18,261.1,260.75,261.7,255.8,257.9,257.95,257.56,10930748,28153.17,104251.0,7299786.0,66.78
POWERGRID,EQ,2025-12-19,257.95,258.05,263.95,257.95,263.25,263.45,261.89,16657897,43625.24,89092.0,12791101.0,76.79
POWERGRID,EQ,2025-12-23,265.0,265.0,269.3,264.4,266.65,267.0,267.62,10526826,28171.51,81979.0,7249564.0,68.87
POWERGRID,EQ,2025-12-24,267.0,267.8,270.05,266.3,268.3,268.05,268.6,6131188,16468.13,67720.0,3930098.0,64.1
POWERGRID,EQ,2025-12-26,268.05,268.0,269.3,264.85,265.45,265.45,266.27,6029003,16053.29,47852.0,4323204.0,71.71
POWERGRID,EQ,2025-12-29,265.45,265.95,266.45,260.0,260.8,260.6,261.45,7270521,19008.43,67235.0,4562725.0,62.76
POWERGRID,EQ,2025-12-30,260.6,260.0,261.45,258.95,259.45,260.35,260.32,10929200,28451.29,95502.0,7554891.0,69.13
POWERGRID,EQ,2025-12-31,260.35,261.4,265.2,260.55,264.2,264.6,263.97,5145868,13583.56,49233.0,2899231.0,56.34
POWERGRID,EQ,2026-01-01,264.6,264.1,267.55,264.1,267.55,266.8,266.03,4298196,11434.34,46089.0,2172803.0,50.55
POWERGRID,EQ,2026-01-02,266.8,267.5,272.1,266.25,271.15,270.95,270.19,13348375,36066.19,75336.0,8817277.0,66.06
POWERGRID,EQ,2026-01-06,271.65,266.0,273.3,266.0,268.15,268.55,268.96,11777253,31675.53,79269.0,8218712.0,69.78
POWERGRID,EQ,2026-01-07,268.55,268.5,268.95,263.45,264.25,264.1,264.71,14877056,39380.78,104230.0,11403983.0,76.65
POWERGRID,EQ,2026-01-08,264.1,264.0,265.3,257.95,259.25,259.3,260.17,11762204,30601.91,95689.0,7950619.0,67.59
POWERGRID,EQ,2026-01-09,259.3,260.3,263.8,256.25,259.1,258.0,259.93,14100782,36652.6,87164.0,9695748.0,68.76
POWERGRID,EQ,2026-01-12,258.0,258.0,259.5,254.3,258.95,258.55,256.71,9698555,24896.81,67199.0,6189671.0,63.82
POWERGRID,EQ,2026-01-13,258.55,259.05,259.95,256.1,259.2,258.8,258.22,9734559,25136.69,91997.0,6410777.0,65.86
POWERGRID,EQ,2026-01-14,258.8,257.1,259.7,256.75,258.2,258.35,258.35,15435341,39877.91,135961.0,10105039.0,65.47
POWERGRID,EQ,2026-01-19,257.3,256.9,258.8,256.65,257.15,257.65,257.81,10588722,27298.64,96232.0,6616802.0,62.49
POWERGRID,EQ,2026-01-20,257.65,257.65,257.85,253.4,254.5,254.05,255.35,12452441,31797.3,111573.0,8629589.0,69.3
POWERGRID,EQ,2026-01-21,254.05,252.05,258.85,252.05,255.75,255.8,256.1,14263346,36528.26,108743.0,8978089.0,62.95
POWERGRID,EQ,2026-01-23,259.25,259.25,259.95,252.6,253.95,254.15,254.56,18022018,45876.55,108467.0,11953276.0,66.33
POWERGRID,EQ,2026-01-23,259.25,259.25,259.95,252.6,253.95,254.15,254.56,18022018,45876.55,108467.0,11953276.0,66.33
POWERGRID,EQ,2026-01-28,254.35,254.0,260.75,254.0,259.6,259.8,258.44,16046343,41470.95,83736.0,11138845.0,69.42
POWERGRID,EQ,2026-01-30,260.5,261.3,262.4,254.05,255.95,256.5,256.84,23292764,59824.86,105414.0,16729741.0,71.82
POWERGRID,EQ,2026-02-02,251.35,251.25,271.2,250.0,270.0,270.4,264.93,37109237,98312.36,263264.0,19123500.0,51.53
POWERGRID,EQ,2026-02-03,270.4,276.05,284.5,273.25,283.05,283.2,280.67,52651170,147775.15,229644.0,34779926.0,66.06
POWERGRID,EQ,2026-02-04,283.2,288.8,292.0,282.9,289.5,289.4,288.98,27775044,80265.0,141637.0,17854899.0,64.28
POWERGRID,EQ,2026-02-06,289.35,292.2,293.5,289.4,292.8,292.75,292.01,19951107,58259.22,125376.0,13439917.0,67.36
POWERGRID,EQ,2026-02-09,292.75,292.5,292.55,288.0,289.35,289.75,289.63,13114576,37983.63,75558.0,9177391.0,69.98
POWERGRID,EQ,2026-02-10,289.75,290.0,295.3,286.5,293.65,294.35,292.3,21823214,63788.67,120356.0,16022503.0,73.42
POWERGRID,EQ,2026-02-11,294.35,297.65,297.65,292.2,294.3,294.45,294.29,10508852,30926.51,100872.0,7002005.0,66.63
POWERGRID,EQ,2026-02-12,294.45,294.45,296.0,291.75,293.6,293.9,293.59,10482579,30775.81,96610.0,6809558.0,64.96
POWERGRID,EQ,2026-02-13,293.9,292.0,294.3,286.85,287.4,287.2,289.31,10914157,31576.19,88001.0,7656624.0,70.15
POWERGRID,EQ,2026-02-16,287.2,288.0,300.95,287.25,300.8,300.5,297.73,22196951,66086.89,158849.0,11190746.0,50.42
POWERGRID,EQ,2026-02-17,300.5,299.3,301.6,297.0,300.3,300.75,299.39,11190989,33505.26,172511.0,7013221.0,62.67
POWERGRID,EQ,2026-02-18,300.75,299.45,302.25,298.45,299.5,300.55,300.47,9147320,27484.66,83781.0,5781853.0,63.21
POWERGRID,EQ,2026-02-23,298.95,302.0,304.3,299.0,302.7,303.35,302.48,11774742,35616.72,167710.0,7835467.0,66.54
POWERGRID,EQ,2026-02-24,303.35,304.0,306.2,300.8,304.5,304.8,304.18,15863867,48254.81,142944.0,8591909.0,54.16
POWERGRID,EQ,2026-02-26,307.25,307.1,307.7,301.4,304.0,303.25,303.73,14249515,43279.93,123673.0,9341322.0,65.56
POWERGRID,EQ,2026-02-27,303.25,305.8,305.8,297.9,299.5,298.65,299.92,21400679,64185.28,96725.0,16968614.0,79.29
POWERGRID,EQ,2026-03-02,298.65,290.0,298.6,289.5,295.3,296.8,295.97,15690227,46437.71,221915.0,8409330.0,53.6
POWERGRID,EQ,2026-03-02,298.65,290.0,298.6,289.5,295.3,296.8,295.97,15690227,46437.71,221915.0,8409330.0,53.6
POWERGRID,EQ,2026-03-04,296.8,296.0,296.0,288.9,290.6,291.95,291.84,28191826,82276.05,474502.0,19727198.0,69.97
POWERGRID,EQ,2026-03-05,291.95,292.0,300.1,291.9,299.0,299.45,297.34,19467441,57884.31,270434.0,13199552.0,67.8
POWERGRID,EQ,2026-03-06,299.45,299.95,302.75,297.0,300.0,299.15,300.51,15887540,47744.17,116065.0,11020424.0,69.37
POWERGRID,EQ,2026-03-09,299.15,285.5,296.25,285.5,294.0,295.2,292.12,21591866,63074.04,160203.0,12814171.0,59.35
POWERGRID,EQ,2026-03-12,298.8,295.8,304.9,295.1,304.0,303.6,302.54,15284297,46241.18,161294.0,8726189.0,57.09
POWERGRID,EQ,2026-03-13,303.6,308.65,309.5,298.7,301.0,300.95,302.66,23615092,71472.92,215962.0,13468118.0,57.03
POWERGRID,EQ,2026-03-16,300.95,300.95,303.0,291.4,297.6,297.75,296.88,25911819,76927.08,187248.0,15723881.0,60.68
POWERGRID,EQ,2026-03-18,298.5,299.55,304.2,297.55,298.0,299.4,300.7,8691698,26136.14,94042.0,5392785.0,62.05
POWERGRID,EQ,2026-03-19,299.4,297.65,300.5,295.95,297.5,296.7,298.19,8594078,25626.6,109048.0,4526617.0,52.67
POWERGRID,EQ,2026-03-23,297.6,298.0,304.35,293.1,300.0,302.1,299.53,23771660,71203.27,168908.0,13059214.0,54.94
POWERGRID,EQ,2026-03-24,302.1,309.0,309.0,292.4,298.0,299.0,297.91,24123621,71865.69,181265.0,12452677.0,51.62
POWERGRID,EQ,2026-03-25,299.0,299.9,302.25,294.2,294.8,295.0,297.97,16423641,48937.34,177775.0,9646689.0,58.74
POWERGRID,EQ,2026-03-27,295.0,294.45,297.3,290.3,295.7,295.5,294.87,27444747,80925.26,249630.0,19454230.0,70.89
POWERGRID,EQ,2026-03-30,295.5,292.05,297.9,292.0,295.8,296.1,296.06,23105779,68405.96,145605.0,13364514.0,57.84
POWERGRID,EQ,2026-04-01,296.1,305.0,305.9,290.2,293.3,292.8,295.62,18635698,55091.33,120624.0,10646125.0,57.13
POWERGRID,EQ,2026-04-02,292.8,290.2,292.0,283.5,290.95,289.95,287.25,17222200,49471.06,96632.0,10187165.0,59.15
POWERGRID,EQ,2026-04-07,295.15,292.5,296.25,291.0,295.95,295.4,294.51,9318575,27444.07,108469.0,5014041.0,53.81
POWERGRID,EQ,2026-04-08,295.4,301.0,301.75,293.6,295.0,294.85,296.15,10887876,32244.45,101984.0,5987040.0,54.99
POWERGRID,EQ,2026-04-09,294.85,295.45,300.7,293.85,297.8,298.1,298.07,17644642,52592.59,159024.0,10611117.0,60.14
POWERGRID,EQ,2026-04-10,298.1,301.1,303.5,299.75,301.6,302.75,301.73,13245074,39964.53,156909.0,8934811.0,67.46
POWERGRID,EQ,2026-04-13,302.75,299.95,302.35,297.65,300.2,300.35,300.24,15681799,47083.19,81311.0,9786847.0,62.41
POWERGRID,EQ,2026-04-13,302.75,299.95,302.35,297.65,300.2,300.35,300.24,15681799,47083.19,81311.0,9786847.0,62.41
POWERGRID,EQ,2026-04-15,300.35,303.4,313.4,301.25,313.0,312.45,309.65,21897202,67805.69,186889.0,14102867.0,64.4
POWERGRID,EQ,2026-04-16,312.45,315.0,317.0,310.5,313.4,312.25,313.02,21510277,67331.64,143831.0,12946495.0,60.19
POWERGRID,EQ,2026-04-17,312.25,313.3,318.95,311.4,318.15,318.1,316.45,13609827,43067.75,131976.0,8529397.0,62.67
POWERGRID,EQ,2026-04-20,318.1,319.0,323.05,315.55,320.0,319.7,320.1,10955277,35067.87,115322.0,6074130.0,55.44
POWERGRID,EQ,2026-04-22,319.35,319.75,322.0,316.0,319.85,319.75,319.36,7112538,22714.62,86619.0,4021288.0,56.54
POWERGRID,EQ,2026-04-23,319.75,320.0,321.85,318.05,318.3,319.15,320.02,7294961,23345.08,70173.0,4648468.0,63.72
POWERGRID,EQ,2026-04-24,319.15,316.0,317.9,314.5,316.45,316.4,316.05,9980241,31542.47,87644.0,6549493.0,65.62
POWERGRID,EQ,2026-04-27,316.4,318.0,324.95,316.95,321.0,320.9,321.08,9334181,29970.59,85587.0,5163624.0,55.32
POWERGRID,EQ,2026-04-28,320.9,322.8,322.8,317.65,319.65,319.0,319.59,9083528,29030.32,85797.0,5431093.0,59.79
POWERGRID,EQ,2026-04-29,319.0,320.1,323.8,318.25,320.0,320.35,321.35,10372929,33333.47,119390.0,6818611.0,65.73
POWERGRID,EQ,2026-04-30,320.35,319.6,321.25,315.95,319.0,318.35,317.94,9521058,30271.23,78712.0,5632005.0,59.15
POWERGRID,EQ,2026-04-30,320.35,319.6,321.25,315.95,319.0,318.35,317.94,9521058,30271.23,78712.0,5632005.0,59.15
POWERGRID,EQ,2026-05-04,318.35,314.0,323.9,314.0,319.65,319.05,320.01,7370269,23585.51,58524.0,4027867.0,54.65
POWERGRID,EQ,2026-05-06,319.45,320.05,321.5,314.6,314.8,315.95,316.74,4884118,15469.84,78539.0,2732871.0,55.95
POWERGRID,EQ,2026-05-07,315.95,315.75,316.75,312.5,314.0,313.8,314.11,9126203,28666.75,135667.0,5013161.0,54.93
POWERGRID,EQ,2026-05-08,313.8,315.2,315.2,310.6,313.85,313.95,313.2,7929393,24834.82,73553.0,4951172.0,62.44
POWERGRID,EQ,2026-05-12,310.9,309.45,310.75,305.5,306.5,306.3,308.14,7952584,24505.3,78947.0,4338634.0,54.56
POWERGRID,EQ,2026-05-13,306.3,304.25,305.4,295.65,302.8,301.5,300.09,23775882,71348.69,181918.0,14629925.0,61.53
POWERGRID,EQ,2026-05-15,301.75,307.8,308.15,302.9,305.5,305.85,306.04,10092811,30888.03,117522.0,5953888.0,58.99
POWERGRID,EQ,2026-05-18,305.85,296.3,298.45,290.2,296.9,296.55,294.15,16036198,47170.71,139773.0,7016255.0,43.75
POWERGRID,EQ,2026-05-19,296.55,296.6,300.0,294.55,298.25,298.6,297.96,12580156,37483.7,104207.0,7934830.0,63.07
POWERGRID,EQ,2026-05-20,298.6,297.5,300.8,294.55,300.7,299.9,298.09,5672695,16909.74,78226.0,3364366.0,59.31
POWERGRID,EQ,2026-05-21,299.9,302.4,304.5,298.7,299.1,299.55,301.83,10353164,31249.45,76572.0,6588119.0,63.63
POWERGRID,EQ,2026-05-22,299.55,298.7,300.55,293.55,294.15,294.3,295.42,15105294,44624.63,91721.0,10553638.0,69.87
POWERGRID,EQ,2026-05-25,294.3,298.5,298.5,294.15,295.45,295.35,295.35,5896815,17416.3,51040.0,4006458.0,67.94
POWERGRID,EQ,2026-05-27,292.55,292.0,301.25,292.0,300.55,300.15,298.51,9883025,29501.4,110131.0,5433219.0,54.98
POWERGRID,EQ,2026-05-29,300.15,303.0,303.0,285.45,287.8,290.55,291.34,77407363,225522.26,175431.0,59567179.0,76.95
POWERGRID,EQ,2026-06-02,286.15,281.75,285.25,278.4,282.0,282.15,281.41,15198142,42769.49,159175.0,8851154.0,58.24
POWERGRID,EQ,2026-06-04,285.05,280.0,286.05,280.0,285.0,284.6,283.11,16292818,46126.26,126372.0,11106875.0,68.17
POWERGRID,EQ,2026-06-05,284.6,284.0,286.55,283.0,285.4,285.65,285.0,6955072,19821.7,60499.0,4430698.0,63.7
POWERGRID,EQ,2026-06-08,285.65,283.0,292.1,282.6,290.0,290.3,289.53,8748933,25330.81,84232.0,3943260.0,45.07
POWERGRID,EQ,2026-06-09,290.3,292.9,293.05,284.75,285.5,285.7,287.06,7973130,22887.4,74410.0,4542328.0,56.97
POWERGRID,EQ,2026-06-10,285.7,285.0,289.5,284.05,287.05,287.2,287.47,8330040,23946.27,88588.0,5543062.0,66.54
POWERGRID,EQ,2026-06-11,287.2,289.25,290.45,286.0,287.0,286.65,288.1,12064071,34756.77,82930.0,7364612.0,61.05
POWERGRID,EQ,2026-06-12,286.65,288.9,288.9,282.7,284.95,284.8,284.61,5478294,15591.87,52136.0,2632949.0,48.06
POWERGRID,EQ,2026-06-15,284.8,290.0,290.0,284.05,285.6,285.7,286.04,9319070,26656.18,68467.0,5348199.0,57.39
POWERGRID,EQ,2026-06-16,285.7,286.1,286.4,282.85,285.2,285.15,284.7,8146761,23193.8,84115.0,4900569.0,60.15
POWERGRID,EQ,2026-06-17,285.15,286.2,286.65,283.25,286.1,286.35,284.77,6008101,17109.56,56761.0,3727200.0,62.04
POWERGRID,EQ,2026-06-18,286.35,286.35,289.45,283.3,289.2,288.7,286.14,8381654,23983.56,57470.0,4583572.0,54.69
POWERGRID,EQ,2026-06-23,289.75,290.45,293.05,289.6,292.5,291.95,291.43,12328516,35929.43,60660.0,8208713.0,66.58
POWERGRID,EQ,2026-06-24,291.95,293.0,295.25,288.75,290.8,290.9,291.76,10221176,29821.76,66665.0,5930626.0,58.02
POWERGRID,EQ,2026-06-25,290.9,290.7,291.5,283.05,284.5,283.9,285.98,16305770,46632.05,105094.0,10570105.0,64.82
POWERGRID,EQ,2026-06-29,283.9,287.0,287.65,283.5,287.0,286.25,286.31,16957025,48550.34,100602.0,11736859.0,69.22
POWERGRID,EQ,2026-06-30,286.25,287.2,288.9,284.45,286.4,286.3,286.53,11985195,34340.76,96697.0,7243642.0,60.44
POWERGRID,EQ,2026-07-01,286.3,287.8,288.35,285.65,287.1,287.55,287.26,8147424,23404.14,99696.0,5179866.0,63.58
POWERGRID,EQ,2026-07-03,288.2,288.5,292.0,287.1,288.0,287.85,289.53,10260404,29707.26,70558.0,6723207.0,65.53
POWERGRID,EQ,2026-07-07,285.4,285.35,287.35,283.35,283.65,284.35,285.38,7251465,20694.09,104392.0,4903718.0,67.62
POWERGRID,EQ,2026-07-08,284.35,282.9,285.4,279.2,279.7,279.7,281.94,7306244,20598.89,82120.0,4388233.0,60.06
POWERGRID,EQ,2026-07-13,283.1,282.8,286.45,281.65,285.25,286.0,285.2,8083023,23053.17,87542.0,5404947.0,66.87
POWERGRID,EQ,2026-07-14,286.0,282.35,286.95,282.3,285.6,286.15,284.5,7596298,21611.38,87960.0,4355081.0,57.33
POWERGRID,EQ,2026-07-16,280.7,280.4,284.4,280.0,281.05,280.75,281.73,7143529,20125.7,62720.0,4726923.0,66.17
POWERGRID,EQ,2026-07-17,280.75,280.75,284.35,279.65,283.2,283.55,282.77,10985155,31062.75,81355.0,6844826.0,62.31
POWERGRID,EQ,2026-07-20,283.55,284.7,289.55,283.35,289.25,288.7,287.37,11380170,32702.74,74653.0,7753302.0,68.13
POWERGRID,EQ,2026-07-21,288.7,289.0,290.4,284.45,286.35,286.7,287.07,7517060,21579.59,99260.0,4765095.0,63.39
POWERGRID,EQ,2026-07-22,286.7,285.65,289.75,284.4,289.0,289.3,287.77,4595987,13225.89,54010.0,2880275.0,62.67
POWERGRID,EQ,2026-07-23,289.3,287.3,290.95,287.0,289.5,289.8,289.48,7407258,21442.17,85099.0,4394918.0,59.33
POWERGRID,EQ,2026-07-24,289.8,286.5,290.05,286.4,288.55,288.2,288.62,8474555,24459.23,63263.0,5253793.0,61.99
POWERGRID,EQ,2026-07-27,288.2,288.3,290.55,286.55,287.95,288.85,288.81,12143388,35070.89,52783.0,9007264.0,74.17
POWERGRID,EQ,2026-07-29,285.3,284.0,284.75,281.05,283.4,282.85,282.65,12375693,34979.55,62707.0,8152778.0,65.88
POWERGRID,EQ,2026-07-31,285.7,286.3,287.4,283.0,284.2,284.25,284.14,7804310,22175.35,71338.0,5353701.0,68.6
POWERGRID,EQ,2026-08-03,284.25,285.0,287.0,283.9,287.0,287.0,285.03,8749092,24937.6,48862.0,6342985.0,72.5
POWERGRID,EQ,2026-08-04,287.0,294.1,294.1,281.7,283.4,283.4,284.87,7656558,21811.55,70140.0,3270424.0,42.71
POWERGRID,EQ,2026-08-05,283.4,284.0,285.2,281.25,281.75,281.75,282.7,7544704,21329.15,70327.0,5035378.0,66.74
POWERGRID,EQ,2026-08-07,270.75,268.65,272.85,268.35,271.6,271.6,270.95,7795199,21121.43,63625.0,4960256.0,63.63
POWERGRID,EQ,2026-08-10,271.6,271.5,271.6,268.8,270.1,270.1,270.34,8329347,22517.37,68265.0,5306581.0,63.71
POWERGRID,EQ,2026-08-11,270.1,270.0,270.8,266.65,267.95,267.95,267.88,7553241,20233.85,59015.0,4658025.0,61.67
POWERGRID,EQ,2026-08-13,269.45,269.0,269.0,266.05,266.6,266.6,267.19,9715149,25957.58,113947.0,6079117.0,62.57
POWERGRID,EQ,2026-08-14,266.6,267.0,268.2,265.75,266.05,266.05,266.89,6758273,18037.39,60775.0,4049135.0,59.91
POWERGRID,EQ,2026-08-17,266.05,266.05,268.0,265.25,266.15,266.15,266.75,6631423,17689.46,47348.0,4255273.0,64.17
POWERGRID,EQ,2026-08-18,266.15,266.2,268.95,266.05,268.0,268.0,267.51,6792173,18169.91,55386.0,4657816.0,68.58
POWERGRID,EQ,2026-08-19,268.0,267.05,267.5,262.05,263.5,263.5,263.73,9674185,25514.13,72491.0,6016553.0,62.19
POWERGRID,EQ,2026-08-21,264.8,264.6,275.95,264.2,272.4,272.4,271.83,18031357,49014.14,127364.0,6749906.0,37.43
POWERGRID,EQ,2026-08-24,272.4,274.0,274.35,268.3,271.4,271.4,270.4,7643689,20668.37,58155.0,3719572.0,48.66
POWERGRID,EQ,2026-08-25,271.4,271.4,271.7,268.35,271.0,271.0,269.72,5435918,14661.76,45608.0,3015114.0,55.47
POWERGRID,EQ,2026-08-27,265.2,264.8,266.3,262.3,264.9,264.9,264.15,7118715,18804.34,77487.0,3841063.0,53.96
POWERGRID,EQ,2026-08-31,266.05,266.05,266.05,263.15,263.55,263.55,264.25,11553385,30529.36,44595.0,7405830.0,64.1
POWERGRID,EQ,2026-09-01,263.55,263.3,264.55,261.7,264.55,264.55,263.04,8499123,22356.48,45472.0,4590980.0,54.02
POWERGRID,EQ,2026-09-02,264.55,264.0,268.35,262.4,266.8,266.8,266.29,9068868,24149.78,69928.0,5337927.0,58.86
POWERGRID,EQ,2026-09-03,266.8,269.9,270.75,265.6,265.6,265.6,268.05,9826724,26340.31,89161.0,5371497.0,54.66
POWERGRID,EQ,2026-09-04,265.6,266.9,267.5,265.05,266.0,266.0,266.17,7967122,21205.72,60237.0,4368863.0,54.84
POWERGRID,EQ,2026-09-07,266.0,266.0,268.8,264.25,266.45,266.45,267.5,7015606,18766.63,70801.0,3965709.0,56.53
POWERGRID,EQ,2026-09-08,266.45,265.65,267.25,263.0,265.75,265.75,265.34,7385483,19596.96,75340.0,4395117.0,59.51
POWERGRID,EQ,2026-09-09,265.75,265.0,269.25,264.5,265.85,265.85,266.71,11738891,31308.51,82361.0,8095007.0,68.96
POWERGRID,EQ,2026-09-10,265.85,265.85,271.75,265.3,271.75,271.75,270.27,12187656,32939.28,79674.0,7693067.0,63.12
POWERGRID,EQ,2026-09-11,271.75,269.95,274.05,268.35,269.1,269.1,269.92,11423068,30833.39,78175.0,5563533.0,54.86
POWERGRID,EQ,2026-09-16,262.8,264.1,266.35,262.8,262.8,262.8,264.46,7132902,18863.52,91741.0,4230608.0,59.31
POWERGRID,EQ,2026-09-18,263.75,264.6,270.3,263.4,270.3,270.3,266.8,17896733,47748.38,83513.0,12946336.0,72.34
POWERGRID,EQ,2026-09-24,270.2,270.4,270.9,265.75,266.4,266.4,267.59,8968993,23999.84,59103.0,5709613.0,63.66
POWERINDIA,EQ,2025-09-25,18997.0,19089.0,19295.0,18910.0,19235.0,19203.0,19137.82,49593,9491.02,16242.0,23484.0,47.35
POWERINDIA,EQ,2025-09-26,19203.0,19260.0,19777.0,18955.0,19210.0,19109.0,19411.87,104379,20261.91,25786.0,37595.0,36.02
POWERINDIA,EQ,2025-09-30,19247.0,19330.0,19330.0,17860.0,18000.0,18001.0,18296.25,184110,33685.23,52110.0,82221.0,44.66
POWERINDIA,EQ,2025-10-01,18001.0,18050.0,18250.0,17638.0,18225.0,18134.0,18008.67,93564,16849.64,26519.0,31327.0,33.48
POWERINDIA,EQ,2025-10-07,18203.0,18248.0,18510.0,17438.0,17601.0,17547.0,17851.5,143978,25702.24,34788.0,58096.0,40.35
POWERINDIA,EQ,2025-10-08,17547.0,17650.0,18193.0,17549.0,17819.0,17794.0,17844.44,101548,18120.67,30887.0,23853.0,23.49
POWERINDIA,EQ,2025-10-09,17794.0,17916.0,18031.0,17557.0,17776.0,17731.0,17715.71,46209,8186.25,15248.0,13952.0,30.19
POWERINDIA,EQ,2025-10-14,17786.0,17850.0,17974.0,17266.0,17440.0,17451.0,17521.79,76630,13426.95,24726.0,34100.0,44.5
POWERINDIA,EQ,2025-10-15,17451.0,17500.0,17525.0,17081.0,17471.0,17488.0,17337.48,78055,13532.77,23633.0,24476.0,31.36
POWERINDIA,EQ,2025-10-16,17488.0,17487.0,17795.0,17320.0,17656.0,17700.0,17598.27,80544,14174.35,23234.0,34434.0,42.75
POWERINDIA,EQ,2025-10-17,17700.0,17750.0,17785.0,17372.0,17410.0,17439.0,17546.29,60909,10687.27,15967.0,25224.0,41.41
POWERINDIA,EQ,2025-10-20,17439.0,17499.0,17699.0,17358.0,17457.0,17452.0,17494.1,42535,7441.11,14208.0,16881.0,39.69
POWERINDIA,EQ,2025-10-21,17452.0,17600.0,17600.0,17417.0,17472.0,17467.0,17490.06,4432,775.16,1578.0,1216.0,27.44
POWERINDIA,EQ,2025-10-24,17075.0,17160.0,17248.0,16731.0,16760.0,16767.0,16966.52,72071,12227.94,19841.0,32195.0,44.67
POWERINDIA,EQ,2025-10-28,16655.0,16735.0,17185.0,16614.0,16967.0,16956.0,16937.86,103404,17514.42,29375.0,37905.0,36.66
POWERINDIA,EQ,2025-10-29,16956.0,17020.0,17595.0,16860.0,17506.0,17482.0,17261.11,100160,17288.73,24058.0,47467.0,47.39
POWERINDIA,EQ,2025-11-03,17778.0,17805.0,18100.0,17280.0,17850.0,17919.0,17749.62,146346,25975.86,48346.0,52385.0,35.8
POWERINDIA,EQ,2025-11-06,20457.0,20305.0,20556.0,20076.0,20200.0,20207.0,20280.27,176282,35750.47,47913.0,36198.0,20.53
POWERINDIA,EQ,2025-11-07,20207.0,20020.0,20939.0,19914.0,20890.0,20863.0,20683.13,289064,59787.49,68447.0,71595.0,24.77
POWERINDIA,EQ,2025-11-10,20863.0,20970.0,21550.0,20952.0,21269.0,21297.0,21305.58,216386,46102.3,52362.0,53812.0,24.87
POWERINDIA,EQ,2025-11-11,21297.0,21300.0,22069.0,21255.0,21831.0,21854.0,21708.98,229187,49754.16,53360.0,62062.0,27.08
POWERINDIA,EQ,2025-11-12,21854.0,21968.0,22090.0,21625.0,21950.0,22018.0,21922.44,142206,31175.02,39410.0,50890.0,35.79
POWERINDIA,EQ,2025-11-14,21415.0,21380.0,21619.0,21315.0,21379.0,21466.0,21468.29,62139,13340.18,20114.0,22334.0,35.94
POWERINDIA,EQ,2025-11-17,21466.0,21575.0,21763.0,21416.0,21466.0,21474.0,21566.16,63502,13694.95,17918.0,20071.0,31.61
POWERINDIA,EQ,2025-11-18,21474.0,21474.0,21636.0,21126.0,21378.0,21415.0,21391.69,80940,17314.43,23355.0,33455.0,41.33
POWERINDIA,EQ,2025-11-19,21415.0,21400.0,21700.0,21226.0,21615.0,21624.0,21529.0,76408,16449.88,25569.0,24235.0,31.72
POWERINDIA,EQ,2025-11-20,21624.0,21700.0,22450.0,21690.0,22425.0,22397.0,22272.14,186683,41578.29,48116.0,54088.0,28.97
POWERINDIA,EQ,2025-11-21,22397.0,22239.0,22325.0,21470.0,21631.0,21563.0,21819.01,101928,22239.68,31472.0,30339.0,29.77
POWERINDIA,EQ,2025-11-24,21563.0,21563.0,21724.0,21227.0,21500.0,21542.0,21523.74,185041,39827.74,33603.0,94490.0,51.06
POWERINDIA,EQ,2025-11-26,21742.0,21740.0,22280.0,21551.0,22245.0,22204.0,22065.96,81145,17905.43,24725.0,25142.0,30.98
POWERINDIA,EQ,2025-11-27,22204.0,22204.0,22273.0,21752.0,21819.0,21798.0,21939.77,58001,12725.29,18065.0,22866.0,39.42
POWERINDIA,EQ,2025-11-28,21798.0,21861.0,22170.0,21809.0,22149.0,22056.0,22003.97,61973,13636.52,20695.0,17758.0,28.65
POWERINDIA,EQ,2025-12-01,22056.0,22160.0,22450.0,22125.0,22150.0,22185.0,22269.11,77308,17215.8,25183.0,30257.0,39.14
POWERINDIA,EQ,2025-12-02,22185.0,22090.0,22810.0,22050.0,22730.0,22755.0,22566.34,196298,44297.27,49418.0,90329.0,46.02
POWERINDIA,EQ,2025-12-03,22755.0,22700.0,22840.0,21630.0,21780.0,21850.0,22101.24,152935,33800.53,38530.0,52520.0,34.34
POWERINDIA,EQ,2025-12-05,20085.0,20105.0,20395.0,19220.0,19365.0,19305.0,19614.24,265846,52143.66,69782.0,91005.0,34.23
POWERINDIA,EQ,2025-12-08,19305.0,19395.0,19665.0,18525.0,19110.0,19040.0,18960.25,237102,44955.12,58310.0,79235.0,33.42
POWERINDIA,EQ,2025-12-09,19040.0,19045.0,19700.0,18670.0,19490.0,19500.0,19284.89,218199,42079.44,46823.0,65195.0,29.88
POWERINDIA,EQ,2025-12-10,19500.0,19500.0,19655.0,18845.0,18920.0,18980.0,19171.01,91658,17571.76,28084.0,24786.0,27.04
POWERINDIA,EQ,2025-12-15,19535.0,19520.0,19600.0,19150.0,19500.0,19535.0,19384.05,47306,9169.82,12804.0,11434.0,24.17
POWERINDIA,EQ,2025-12-16,19535.0,19535.0,19535.0,19170.0,19230.0,19320.0,19352.48,54069,10463.69,16510.0,24773.0,45.82
POWERINDIA,EQ,2025-12-18,19150.0,19200.0,19245.0,18105.0,18145.0,18160.0,18426.31,157768,29070.82,44224.0,46792.0,29.66
POWERINDIA,EQ,2025-12-19,18160.0,18265.0,18640.0,17955.0,18590.0,18555.0,18302.93,154124,28209.22,37098.0,52108.0,33.81
POWERINDIA,EQ,2025-12-23,18710.0,18750.0,18765.0,18360.0,18475.0,18465.0,18538.78,62774,11637.53,17124.0,17535.0,27.93
POWERINDIA,EQ,2025-12-24,18465.0,18590.0,18795.0,18325.0,18390.0,18420.0,18578.49,61290,11386.76,17671.0,14735.0,24.04
POWERINDIA,EQ,2025-12-26,18420.0,18475.0,18595.0,18085.0,18410.0,18350.0,18380.22,61013,11214.33,14731.0,12728.0,20.86
POWERINDIA,EQ,2025-12-29,18350.0,18480.0,18515.0,18135.0,18295.0,18390.0,18348.86,83198,15265.89,20690.0,23376.0,28.1
POWERINDIA,EQ,2025-12-30,18390.0,18385.0,18385.0,17780.0,18230.0,18110.0,18094.7,175774,31805.78,45914.0,77266.0,43.96
POWERINDIA,EQ,2025-12-31,18110.0,18050.0,18460.0,18050.0,18265.0,18310.0,18288.7,66333,12131.45,20431.0,23560.0,35.52
POWERINDIA,EQ,2026-01-01,18310.0,18285.0,18521.0,18205.0,18500.0,18482.0,18368.31,36058,6623.24,12002.0,10293.0,28.55
POWERINDIA,EQ,2026-01-02,18482.0,18600.0,18978.0,18541.0,18805.0,18803.0,18781.5,81093,15230.48,19973.0,26140.0,32.23
POWERINDIA,EQ,2026-01-06,19004.0,19100.0,19100.0,18556.0,18824.0,18847.0,18832.94,64284,12106.57,19459.0,24750.0,38.5
POWERINDIA,EQ,2026-01-07,18847.0,18824.0,19898.0,18720.0,19640.0,19582.0,19535.44,171492,33501.71,45789.0,43315.0,25.26
POWERINDIA,EQ,2026-01-08,19582.0,19582.0,19768.0,18255.0,18388.0,18444.0,19064.75,182015,34700.7,39534.0,53906.0,29.62
POWERINDIA,EQ,2026-01-09,18444.0,18500.0,18539.0,17185.0,17700.0,17881.0,17622.28,795132,140120.4,152614.0,231552.0,29.12
POWERINDIA,EQ,2026-01-12,17881.0,17781.0,17781.0,16731.0,17372.0,17429.0,17160.94,482018,82718.82,107788.0,114881.0,23.83
POWERINDIA,EQ,2026-01-13,17429.0,17550.0,17550.0,17020.0,17072.0,17106.0,17210.31,203903,35092.33,42705.0,53978.0,26.47
POWERINDIA,EQ,2026-01-14,17106.0,17096.0,17100.0,16806.0,16870.0,16937.0,16954.39,207378,35159.67,39023.0,103601.0,49.96
POWERINDIA,EQ,2026-01-19,16214.0,16269.0,17140.0,16200.0,16800.0,16964.0,16893.62,262806,44397.44,52969.0,60942.0,23.19
POWERINDIA,EQ,2026-01-20,16964.0,17000.0,17140.0,16467.0,16640.0,16630.0,16741.65,221154,37024.83,47296.0,71099.0,32.15
POWERINDIA,EQ,2026-01-21,16630.0,16650.0,16920.0,16427.0,16651.0,16689.0,16694.26,149064,24885.13,32561.0,38220.0,25.64
POWERINDIA,EQ,2026-01-23,16847.0,16951.0,16964.0,16380.0,16470.0,16501.0,16552.3,110388,18271.75,24562.0,46052.0,41.72
POWERINDIA,EQ,2026-01-28,16709.0,16740.0,17750.0,16740.0,17685.0,17683.0,17401.58,131450,22874.37,29775.0,41629.0,31.67
POWERINDIA,EQ,2026-01-30,18322.0,18200.0,18925.0,18100.0,18852.0,18862.0,18617.83,150302,27982.97,34013.0,62725.0,41.73
POWERINDIA,EQ,2026-02-02,18107.0,18363.0,19050.0,18273.0,19040.0,18978.0,18609.14,174818,32532.12,44701.0,65067.0,37.22
POWERINDIA,EQ,2026-02-03,18978.0,19900.0,20500.0,19512.0,19715.0,19701.0,19784.19,215011,42538.19,51047.0,92685.0,43.11
POWERINDIA,EQ,2026-02-04,19701.0,19695.0,19863.0,18806.0,19000.0,19043.0,19226.57,186618,35880.24,51231.0,64685.0,34.66
POWERINDIA,EQ,2026-02-06,19199.0,20900.0,22077.0,20556.0,21850.0,21871.0,21594.18,993958,214637.05,185992.0,258569.0,26.01
POWERINDIA,EQ,2026-02-09,21871.0,21900.0,22550.0,21827.0,22547.0,22511.0,22240.75,269552,59950.38,59389.0,70140.0,26.02
POWERINDIA,EQ,2026-02-10,22511.0,22551.0,22725.0,22253.0,22391.0,22457.0,22486.83,123059,27672.07,32289.0,38074.0,30.94
POWERINDIA,EQ,2026-02-11,22457.0,22375.0,22888.0,22296.0,22685.0,22731.0,22675.69,124466,28223.52,30502.0,40437.0,32.49
POWERINDIA,EQ,2026-02-12,22731.0,22638.0,23140.0,22600.0,22740.0,22702.0,22849.07,164420,37568.44,39705.0,48798.0,29.68
POWERINDIA,EQ,2026-02-13,22702.0,22500.0,22679.0,22225.0,22450.0,22418.0,22448.43,72497,16274.44,20070.0,13499.0,18.62
POWERINDIA,EQ,2026-02-16,22418.0,22450.0,22870.0,22350.0,22810.0,22824.0,22730.68,61541,13988.69,18139.0,12302.0,19.99
POWERINDIA,EQ,2026-02-17,22824.0,22770.0,23040.0,22655.0,22956.0,22977.0,22853.64,46797,10694.82,13448.0,9150.0,19.55
POWERINDIA,EQ,2026-02-18,22977.0,23050.0,23717.0,22865.0,23471.0,23569.0,23367.39,132383,30934.46,34829.0,29620.0,22.37
POWERINDIA,EQ,2026-02-23,23871.0,23871.0,24370.0,23827.0,24100.0,24243.0,24157.62,123306,29787.79,32707.0,32657.0,26.48
POWERINDIA,EQ,2026-02-24,24243.0,24101.0,25000.0,24000.0,24930.0,24903.0,24618.6,139000,34219.85,35071.0,29603.0,21.3
POWERINDIA,EQ,2026-02-26,24986.0,24973.0,25470.0,24932.0,25379.0,25401.0,25323.03,93336,23635.51,24850.0,20954.0,22.45
POWERINDIA,EQ,2026-02-27,25401.0,25340.0,25799.0,25300.0,25508.0,25562.0,25584.94,126705,32417.4,37839.0,54273.0,42.83
POWERINDIA,EQ,2026-03-02,25562.0,24500.0,25850.0,24400.0,25555.0,25500.0,25457.77,118951,30282.28,28250.0,29689.0,24.96
POWERINDIA,EQ,2026-03-04,25500.0,25160.0,25195.0,24195.0,24405.0,24500.0,24539.06,159680,39183.97,39502.0,62751.0,39.3
POWERINDIA,EQ,2026-03-05,24500.0,24700.0,25465.0,24645.0,25400.0,25305.0,25199.89,111078,27991.53,32827.0,35136.0,31.63
POWERINDIA,EQ,2026-03-06,25305.0,25500.0,26160.0,25320.0,25920.0,25860.0,25819.5,111188,28708.19,29074.0,34148.0,30.71
POWERINDIA,EQ,2026-03-09,25860.0,25400.0,25455.0,24425.0,25145.0,25160.0,24882.7,144230,35888.32,38988.0,41722.0,28.93
POWERINDIA,EQ,2026-03-12,24955.0,24995.0,25325.0,24385.0,24835.0,24880.0,24796.57,142729,35391.89,40229.0,39757.0,27.85
POWERINDIA,EQ,2026-03-13,24880.0,24990.0,25175.0,24100.0,24190.0,24165.0,24505.45,102198,25044.08,30326.0,27800.0,27.2
POWERINDIA,EQ,2026-03-16,24165.0,24195.0,24405.0,23400.0,24160.0,24205.0,23928.75,138189,33066.9,36875.0,35530.0,25.71
POWERINDIA,EQ,2026-03-18,24710.0,24700.0,25250.0,24485.0,24980.0,24975.0,25018.28,94865,23733.59,23663.0,34334.0,36.19
POWERINDIA,EQ,2026-03-19,24975.0,24675.0,24880.0,24335.0,24750.0,24650.0,24668.5,80351,19821.38,23580.0,22928.0,28.53
POWERINDIA,EQ,2026-03-23,25025.0,24845.0,24970.0,23970.0,24350.0,24255.0,24344.87,131323,31970.41,28846.0,49192.0,37.46
POWERINDIA,EQ,2026-03-24,24255.0,25085.0,25400.0,24530.0,25095.0,25025.0,25017.07,146462,36640.5,34921.0,53761.0,36.71
POWERINDIA,EQ,2026-03-27,25670.0,25500.0,25545.0,24500.0,24750.0,24685.0,24945.3,187461,46762.71,45524.0,87153.0,46.49
POWERINDIA,EQ,2026-03-30,24685.0,24265.0,24735.0,24000.0,24370.0,24235.0,24297.39,126517,30740.33,33784.0,40313.0,31.86
POWERINDIA,EQ,2026-04-01,24235.0,25240.0,25595.0,24910.0,25130.0,25065.0,25220.71,123682,31193.48,33433.0,42907.0,34.69
POWERINDIA,EQ,2026-04-07,25015.0,24930.0,25215.0,24665.0,24930.0,25030.0,24971.56,89225,22280.87,26487.0,33776.0,37.85
POWERINDIA,EQ,2026-04-08,25030.0,25600.0,26155.0,25145.0,25955.0,25915.0,25766.28,151238,38968.4,37550.0,54521.0,36.05
POWERINDIA,EQ,2026-04-09,25915.0,26080.0,27500.0,25865.0,27425.0,27315.0,26825.15,255940,68656.29,58732.0,58435.0,22.83
POWERINDIA,EQ,2026-04-10,27315.0,27680.0,28510.0,27525.0,28370.0,28425.0,28050.79,301315,84521.25,69730.0,117505.0,39.0
POWERINDIA,EQ,2026-04-13,28425.0,27800.0,28860.0,27715.0,28340.0,28325.0,28462.02,214351,61008.62,58189.0,70871.0,33.06
POWERINDIA,EQ,2026-04-15,28325.0,28850.0,29095.0,28350.0,28400.0,28435.0,28657.59,163350,46812.18,45389.0,73136.0,44.77
POWERINDIA,EQ,2026-04-16,28435.0,28435.0,28575.0,27670.0,28300.0,28255.0,28086.36,171282,48106.87,38044.0,68665.0,40.09
POWERINDIA,EQ,2026-04-17,28255.0,28500.0,28970.0,28180.0,28960.0,28925.0,28692.9,105178,30178.62,25703.0,36287.0,34.5
POWERINDIA,EQ,2026-04-20,28925.0,29250.0,29900.0,28960.0,29650.0,29645.0,29611.91,181052,53612.95,46389.0,55995.0,30.93
POWERINDIA,EQ,2026-04-22,29890.0,29905.0,30470.0,29825.0,30370.0,30335.0,30239.09,112170,33919.19,30654.0,32817.0,29.26
POWERINDIA,EQ,2026-04-23,30335.0,30365.0,31875.0,30365.0,31750.0,31720.0,31311.28,193846,60695.67,47187.0,44502.0,22.96
POWERINDIA,EQ,2026-04-24,31720.0,31780.0,32295.0,31000.0,32270.0,32200.0,31694.03,164360,52092.3,44251.0,33674.0,20.49
POWERINDIA,EQ,2026-04-27,32200.0,32340.0,32550.0,31835.0,32195.0,32065.0,32142.35,124497,40016.26,34977.0,38969.0,31.3
POWERINDIA,EQ,2026-04-28,32065.0,32200.0,32940.0,31865.0,32805.0,32805.0,32454.79,127919,41515.84,37319.0,41582.0,32.51
POWERINDIA,EQ,2026-04-29,32805.0,32900.0,33285.0,32535.0,32975.0,32885.0,32952.58,95678,31528.37,26951.0,24192.0,25.28
POWERINDIA,EQ,2026-04-30,32885.0,32975.0,33795.0,32530.0,33570.0,33550.0,33246.97,128619,42761.92,34719.0,37508.0,29.16
POWERINDIA,EQ,2026-05-04,33550.0,33880.0,34365.0,33065.0,33800.0,33730.0,33671.96,159471,53697.01,50693.0,45388.0,28.46
POWERINDIA,EQ,2026-05-06,34255.0,34385.0,34385.0,32925.0,33450.0,33380.0,33451.0,173551,58054.55,52920.0,66209.0,38.15
POWERINDIA,EQ,2026-05-07,33380.0,33800.0,34950.0,33500.0,34850.0,34875.0,34549.24,146328,50555.22,40085.0,50842.0,34.75
POWERINDIA,EQ,2026-05-08,34875.0,34950.0,35095.0,33445.0,33990.0,34005.0,33987.83,169469,57598.83,49725.0,66328.0,39.14
POWERINDIA,EQ,2026-05-12,33020.0,33020.0,33660.0,32125.0,32570.0,32265.0,32753.77,115794,37926.9,35202.0,41449.0,35.8
POWERINDIA,EQ,2026-05-13,32265.0,32265.0,32660.0,31645.0,31720.0,31745.0,32032.5,115951,37142.01,34124.0,48801.0,42.09
POWERINDIA,EQ,2026-05-15,32290.0,32350.0,32695.0,31195.0,32520.0,32535.0,32124.4,107740,34610.83,34846.0,36452.0,33.83
POWERINDIA,EQ,2026-05-18,32535.0,32400.0,32950.0,32005.0,32930.0,32800.0,32529.65,81635,26555.58,25448.0,22487.0,27.55
POWERINDIA,EQ,2026-05-19,32800.0,32965.0,33730.0,32785.0,33045.0,33360.0,33342.77,108292,36107.55,40348.0,43511.0,40.18
POWERINDIA,EQ,2026-05-20,33360.0,33000.0,35790.0,32710.0,35700.0,35525.0,34795.78,252759,87949.47,68853.0,63458.0,25.11
POWERINDIA,EQ,2026-05-21,35525.0,35980.0,36750.0,35850.0,36500.0,36450.0,36375.73,164536,59851.17,52510.0,41925.0,25.48
POWERINDIA,EQ,2026-05-22,36450.0,36585.0,36700.0,35415.0,35640.0,35555.0,35851.59,118548,42501.34,40523.0,45115.0,38.06
POWERINDIA,EQ,2026-05-25,35555.0,36000.0,36040.0,35030.0,35745.0,35635.0,35455.94,139682,49525.56,53195.0,48612.0,34.8
POWERINDIA,EQ,2026-05-27,35995.0,36220.0,37695.0,35985.0,37430.0,37550.0,37036.36,284794,105477.34,82322.0,65396.0,22.96
POWERINDIA,EQ,2026-05-29,37550.0,37750.0,38645.0,36810.0,38340.0,38445.0,38093.4,376115,143274.98,81480.0,171352.0,45.56
POWERINDIA,EQ,2026-06-02,36380.0,36300.0,36315.0,34820.0,35200.0,35105.0,35256.55,244798,86307.33,70868.0,106433.0,43.48
POWERINDIA,EQ,2026-06-04,35190.0,35705.0,37360.0,35510.0,36695.0,36525.0,36604.39,254549,93176.12,82345.0,67443.0,26.5
POWERINDIA,EQ,2026-06-05,36525.0,36940.0,37440.0,36600.0,36765.0,36870.0,36902.36,109445,40387.78,34161.0,24621.0,22.5
POWERINDIA,EQ,2026-06-08,36870.0,36200.0,36385.0,34600.0,34705.0,35010.0,35411.22,203806,72170.19,62918.0,89645.0,43.99
POWERINDIA,EQ,2026-06-09,35010.0,35200.0,35210.0,34050.0,34650.0,34610.0,34550.24,205184,70891.56,56529.0,81736.0,39.84
POWERINDIA,EQ,2026-06-10,34610.0,34845.0,34980.0,33080.0,33375.0,33265.0,33700.03,217325,73238.6,60594.0,86573.0,39.84
POWERINDIA,EQ,2026-06-11,33265.0,33300.0,34100.0,33010.0,33315.0,33250.0,33427.06,197087,65880.38,53417.0,68841.0,34.93
POWERINDIA,EQ,2026-06-12,33250.0,33900.0,34435.0,33740.0,34350.0,34325.0,34132.91,117224,40011.97,37755.0,34417.0,29.36
POWERINDIA,EQ,2026-06-15,34325.0,35000.0,35000.0,34125.0,34725.0,34695.0,34593.75,109904,38019.92,26925.0,41920.0,38.14
POWERINDIA,EQ,2026-06-16,34695.0,34800.0,34920.0,34525.0,34750.0,34740.0,34736.02,57891,20109.03,17028.0,26555.0,45.87
POWERINDIA,EQ,2026-06-17,34740.0,34745.0,36070.0,34740.0,35920.0,35950.0,35488.22,126662,44950.09,39274.0,51730.0,40.84
POWERINDIA,EQ,2026-06-18,35950.0,35850.0,36430.0,35145.0,36215.0,36300.0,35889.57,127709,45834.21,38115.0,43825.0,34.32
POWERINDIA,EQ,2026-06-23,36760.0,36850.0,37335.0,36015.0,36160.0,36090.0,36604.33,127853,46799.73,37663.0,47042.0,36.79
POWERINDIA,EQ,2026-06-24,36090.0,35935.0,35940.0,33680.0,33800.0,33950.0,34510.37,226838,78282.63,63508.0,87396.0,38.53
POWERINDIA,EQ,2026-06-25,33950.0,34300.0,34835.0,33865.0,33990.0,33965.0,34274.65,134075,45953.73,44040.0,34308.0,25.59
POWERINDIA,EQ,2026-06-29,33965.0,34005.0,35360.0,33120.0,34685.0,34975.0,34577.91,413158,142861.42,112490.0,228001.0,55.18
POWERINDIA,EQ,2026-06-30,34975.0,34750.0,35195.0,34380.0,35030.0,34920.0,34820.79,140852,49045.78,43896.0,57451.0,40.79
POWERINDIA,EQ,2026-07-01,34920.0,34955.0,35515.0,33340.0,34290.0,34250.0,34236.36,122621,41980.97,38510.0,38128.0,31.09
POWERINDIA,EQ,2026-07-03,33775.0,32085.0,32085.0,30400.0,31045.0,31040.0,31207.08,684714,213679.25,182288.0,229872.0,33.57
POWERINDIA,EQ,2026-07-07,32360.0,32550.0,32715.0,31650.0,31840.0,31915.0,32011.42,141775,45384.2,48769.0,46311.0,32.67
POWERINDIA,EQ,2026-07-08,31915.0,31795.0,32430.0,31535.0,31730.0,31755.0,32007.61,141973,45442.16,48683.0,46453.0,32.72
POWERINDIA,EQ,2026-07-13,32605.0,32240.0,32380.0,31770.0,31950.0,31915.0,31984.77,101702,32529.15,31487.0,49921.0,49.09
POWERINDIA,EQ,2026-07-14,31915.0,31550.0,32585.0,31300.0,32460.0,32490.0,32092.76,87083,27947.34,30801.0,29931.0,34.37
POWERINDIA,EQ,2026-07-16,33980.0,34190.0,34215.0,32890.0,33500.0,33545.0,33393.5,162994,54429.4,48362.0,46202.0,28.35
POWERINDIA,EQ,2026-07-17,33545.0,33540.0,33540.0,31900.0,32005.0,32075.0,32440.79,137304,44542.51,46824.0,49123.0,35.78
POWERINDIA,EQ,2026-07-20,32075.0,32190.0,32705.0,31745.0,32435.0,32440.0,32389.52,81022,26242.64,26911.0,26496.0,32.7
POWERINDIA,EQ,2026-07-21,32440.0,32440.0,32725.0,31950.0,32245.0,32185.0,32253.14,105563,34047.39,30504.0,39990.0,37.88
POWERINDIA,EQ,2026-07-22,32185.0,32420.0,32995.0,31910.0,32130.0,32055.0,32343.64,90595,29301.72,28819.0,27197.0,30.02
POWERINDIA,EQ,2026-07-23,32055.0,32150.0,32735.0,31815.0,32080.0,32065.0,32210.77,71011,22873.19,26774.0,22053.0,31.06
POWERINDIA,EQ,2026-07-24,32065.0,32100.0,32395.0,30980.0,31150.0,31070.0,31554.78,118166,37287.02,38958.0,48095.0,40.7
POWERINDIA,EQ,2026-07-27,31070.0,31400.0,31755.0,30900.0,31610.0,31550.0,31405.16,125914,39543.5,37277.0,57634.0,45.77
POWERINDIA,EQ,2026-07-29,31130.0,31350.0,31960.0,30625.0,31600.0,31675.0,31319.53,156699,49077.39,44864.0,49790.0,31.77
POWERINDIA,EQ,2026-07-31,31250.0,31900.0,32750.0,31900.0,32105.0,32175.0,32359.01,166141,53761.59,44999.0,72671.0,43.74
POWERINDIA,EQ,2026-08-03,32175.0,32180.0,32380.0,31865.0,32000.0,32000.0,32128.08,57777,18562.64,19799.0,22011.0,38.1
POWERINDIA,EQ,2026-08-04,32000.0,32005.0,32695.0,32000.0,32005.0,32005.0,32376.81,77400,25059.65,28147.0,32740.0,42.3
POWERINDIA,EQ,2026-08-05,32005.0,32380.0,32555.0,32150.0,32400.0,32400.0,32356.63,56303,18217.75,18548.0,21866.0,38.84
POWERINDIA,EQ,2026-08-07,31900.0,31945.0,32680.0,31945.0,32600.0,32600.0,32463.92,91167,29596.38,25156.0,35798.0,39.27
POWERINDIA,EQ,2026-08-10,32600.0,35000.0,36390.0,34225.0,36050.0,36050.0,35598.24,675953,240627.37,145819.0,127125.0,18.81
POWERINDIA,EQ,2026-08-11,36050.0,36230.0,36590.0,34730.0,35000.0,35000.0,35279.19,215956,76187.52,60587.0,72207.0,33.44
POWERINDIA,EQ,2026-08-13,35800.0,35900.0,35920.0,35130.0,35360.0,35360.0,35475.58,59842,21229.3,18829.0,27089.0,45.27
POWERINDIA,EQ,2026-08-14,35360.0,35385.0,36230.0,35280.0,35700.0,35700.0,35753.58,113737,40665.04,36466.0,40365.0,35.49
POWERINDIA,EQ,2026-08-17,35700.0,35735.0,35850.0,35390.0,35450.0,35450.0,35618.23,53456,19040.08,19553.0,15439.0,28.88
POWERINDIA,EQ,2026-08-18,35450.0,35580.0,35580.0,35200.0,35275.0,35275.0,35347.23,47426,16763.78,15785.0,18808.0,39.66
POWERINDIA,EQ,2026-08-19,35275.0,35100.0,35100.0,33360.0,33800.0,33800.0,33842.63,186593,63147.98,47871.0,58769.0,31.5
POWERINDIA,EQ,2026-08-21,33510.0,33515.0,34750.0,33250.0,34190.0,34190.0,34262.51,104122,35674.81,30896.0,28092.0,26.98
POWERINDIA,EQ,2026-08-24,34190.0,34360.0,34975.0,33570.0,33840.0,33840.0,34159.9,80079,27354.9,25397.0,26425.0,33.0
POWERINDIA,EQ,2026-08-25,33840.0,33680.0,33695.0,33005.0,33300.0,33300.0,33229.46,88353,29359.22,27253.0,25316.0,28.65
POWERINDIA,EQ,2026-08-27,33125.0,33395.0,34250.0,33290.0,33880.0,33880.0,33788.99,87939,29713.7,29177.0,26388.0,30.01
POWERINDIA,EQ,2026-08-31,33330.0,33330.0,33760.0,32630.0,33760.0,33760.0,32992.68,74866,24700.3,20823.0,33160.0,44.29
POWERINDIA,EQ,2026-09-01,33760.0,33450.0,33450.0,32400.0,32640.0,32640.0,32675.21,100880,32962.75,25287.0,32802.0,32.52
POWERINDIA,EQ,2026-09-02,32640.0,32595.0,32595.0,31750.0,32200.0,32200.0,32029.81,84787,27157.11,35056.0,35381.0,41.73
POWERINDIA,EQ,2026-09-03,32200.0,32390.0,32635.0,31910.0,32000.0,32000.0,32171.71,63981,20583.78,22254.0,25057.0,39.16
POWERINDIA,EQ,2026-09-04,32000.0,32000.0,32195.0,31545.0,31650.0,31650.0,31736.24,83443,26481.67,30096.0,39042.0,46.79
POWERINDIA,EQ,2026-09-07,31650.0,31635.0,32175.0,31635.0,31775.0,31775.0,31924.76,50681,16179.79,17887.0,23514.0,46.4
POWERINDIA,EQ,2026-09-08,31775.0,31500.0,31570.0,30550.0,31135.0,31135.0,31044.56,278064,86323.74,67480.0,96910.0,34.85
POWERINDIA,EQ,2026-09-09,31135.0,31195.0,31590.0,31025.0,31580.0,31580.0,31368.68,94112,29521.69,27834.0,39834.0,42.33
POWERINDIA,EQ,2026-09-10,31580.0,31450.0,31595.0,31050.0,31195.0,31195.0,31305.99,49644,15541.55,17422.0,22942.0,46.21
POWERINDIA,EQ,2026-09-11,31195.0,31060.0,31515.0,30700.0,31435.0,31435.0,31120.31,53538,16661.19,18603.0,16179.0,33.03
POWERINDIA,EQ,2026-09-16,30790.0,30300.0,30400.0,29645.0,30200.0,30200.0,30066.2,93574,28134.15,35500.0,38886.0,41.56
POWERINDIA,EQ,2026-09-18,31230.0,31490.0,32700.0,31450.0,32700.0,32700.0,32080.47,125521,40267.72,30037.0,62490.0,49.78
POWERINDIA,EQ,2026-09-24,31150.0,31110.0,31245.0,30625.0,30715.0,30715.0,30904.3,65076,20111.28,21004.0,32804.0,50.41
PTC,EQ,2025-09-25,171.83,171.5,172.88,169.3,169.52,169.52,170.57,1074489,1832.76,,483520.0,45.0
PTC,EQ,2025-09-26,169.52,169.7,170.58,166.78,167.13,167.13,168.16,841080,1414.36,,378486.0,45.0
PTC,EQ,2025-09-30,167.13,165.15,169.15,164.55,166.52,166.52,166.74,1576316,2628.35,,709342.0,45.0
PTC,EQ,2025-10-01,166.52,167.34,169.19,165.8,168.15,168.15,167.71,760345,1275.17,,342155.0,45.0
PTC,EQ,2025-10-07,167.32,167.0,167.8,166.15,167.18,167.18,167.04,779866,1302.69,,350940.0,45.0
PTC,EQ,2025-10-08,167.18,167.49,167.95,164.75,165.23,165.23,165.98,855901,1420.62,,385155.0,45.0
PTC,EQ,2025-10-09,165.23,165.0,165.85,164.51,164.8,164.8,165.05,727590,1200.89,,327416.0,45.0
PTC,EQ,2025-10-14,164.53,165.0,165.71,163.18,164.38,164.38,164.42,1083839,1782.05,,487728.0,45.0
PTC,EQ,2025-10-15,164.38,164.41,165.1,163.8,164.53,164.53,164.48,1147533,1887.46,,516390.0,45.0
PTC,EQ,2025-10-16,164.53,165.0,166.44,164.41,165.42,165.42,165.42,970871,1606.01,,436892.0,45.0
PTC,EQ,2025-10-17,165.42,165.6,166.48,163.1,164.03,164.03,164.54,2575969,4238.5,,1159186.0,45.0
PTC,EQ,2025-10-20,164.03,164.5,164.94,161.01,163.21,163.21,163.05,1392240,2270.05,,626508.0,45.0
PTC,EQ,2025-10-21,163.21,163.21,165.89,163.21,165.65,165.65,164.92,158032,260.63,,71114.0,45.0
PTC,EQ,2025-10-24,165.52,166.5,167.5,165.55,166.25,166.25,166.43,1698214,2826.34,,764196.0,45.0
PTC,EQ,2025-10-28,170.61,171.98,171.98,169.34,171.03,171.03,170.78,1335187,2280.23,,600834.0,45.0
PTC,EQ,2025-10-29,171.03,170.99,173.74,169.7,172.84,172.84,172.09,1427082,2455.87,,642187.0,45.0
PTC,EQ,2025-11-03,172.84,168.6,169.44,166.01,166.82,166.82,167.42,1043328,1746.74,,469498.0,45.0
PTC,EQ,2025-11-06,166.68,166.7,166.87,163.75,164.27,164.27,164.96,806563,1330.51,,362953.0,45.0
PTC,EQ,2025-11-07,164.27,163.21,166.32,162.8,165.52,165.52,164.88,738471,1217.59,,332312.0,45.0
PTC,EQ,2025-11-10,165.52,166.2,166.58,165.0,165.59,165.59,165.72,381062,631.5,,171478.0,45.0
PTC,EQ,2025-11-11,165.59,165.6,166.25,164.1,164.92,164.92,165.09,874267,1443.33,,393420.0,45.0
PTC,EQ,2025-11-12,164.92,166.8,169.62,165.0,168.22,168.22,167.61,1866989,3129.26,,840145.0,45.0
PTC,EQ,2025-11-14,167.25,167.35,167.7,163.8,164.53,164.53,165.34,745251,1232.2,,335363.0,45.0
PTC,EQ,2025-11-17,164.53,166.6,166.75,164.7,165.58,165.58,165.68,634045,1050.49,,285320.0,45.0
PTC,EQ,2025-11-18,165.58,165.5,165.8,163.91,164.95,164.95,164.89,604878,997.38,,272195.0,45.0
PTC,EQ,2025-11-19,164.95,164.1,165.27,163.7,164.0,164.0,164.32,527787,867.26,,237504.0,45.0
PTC,EQ,2025-11-20,164.0,164.11,164.95,162.75,163.29,163.29,163.66,632149,1034.58,,284467.0,45.0
PTC,EQ,2025-11-21,163.29,163.29,164.56,162.12,162.76,162.76,163.15,933931,1523.71,,420269.0,45.0
PTC,EQ,2025-11-24,162.76,162.79,163.2,159.42,159.81,159.81,160.81,828901,1332.96,,373005.0,45.0
PTC,EQ,2025-11-26,159.81,160.0,161.59,159.6,161.06,161.06,160.75,543619,873.87,,244629.0,45.0
PTC,EQ,2025-11-27,161.06,161.44,161.56,159.71,160.07,160.07,160.45,526417,844.64,,236888.0,45.0
PTC,EQ,2025-11-28,160.07,160.2,160.49,157.52,157.8,157.8,158.6,643488,1020.57,,289570.0,45.0
PTC,EQ,2025-12-01,157.8,158.11,158.79,155.45,155.82,155.82,156.69,655169,1026.58,,294826.0,45.0
PTC,EQ,2025-12-02,155.82,157.12,159.92,155.76,157.42,157.42,157.7,846340,1334.68,,380853.0,45.0
PTC,EQ,2025-12-03,157.42,158.75,158.75,154.5,156.57,156.57,156.61,851480,1333.5,,383166.0,45.0
PTC,EQ,2025-12-05,157.13,157.05,157.49,155.28,156.48,156.48,156.42,433979,678.83,,195291.0,45.0
PTC,EQ,2025-12-08,156.48,156.48,156.92,152.05,152.57,152.57,153.85,790510,1216.2,,355730.0,45.0
PTC,EQ,2025-12-09,152.57,151.26,154.4,150.87,153.55,153.55,152.94,969981,1483.49,,436491.0,45.0
PTC,EQ,2025-12-10,153.55,153.55,156.75,153.55,155.03,155.03,155.11,707000,1096.63,,318150.0,45.0
PTC,EQ,2025-12-15,155.05,156.6,158.1,155.22,157.87,157.87,157.06,391942,615.58,,176374.0,45.0
PTC,EQ,2025-12-16,157.87,157.9,160.03,157.47,159.56,159.56,159.02,590672,939.29,,265802.0,45.0
PTC,EQ,2025-12-18,161.6,161.6,161.91,157.5,157.74,157.74,159.05,734349,1167.98,,330457.0,45.0
PTC,EQ,2025-12-19,157.74,158.01,158.35,152.65,154.4,154.4,155.13,1988598,3084.91,,894869.0,45.0
PTC,EQ,2025-12-23,157.81,158.4,159.55,157.45,159.16,159.16,158.72,585838,929.84,,263627.0,45.0
PTC,EQ,2025-12-24,159.16,159.27,160.44,157.5,157.91,157.91,158.62,522491,828.78,,235121.0,45.0
PTC,EQ,2025-12-26,157.91,158.33,162.15,157.13,160.74,160.74,160.01,975455,1560.83,,438955.0,45.0
PTC,EQ,2025-12-29,160.74,161.4,162.8,160.0,161.72,161.72,161.51,693962,1120.82,,312283.0,45.0
PTC,EQ,2025-12-30,161.72,162.1,162.1,157.96,158.65,158.65,159.57,702216,1120.53,,315997.0,45.0
PTC,EQ,2025-12-31,158.65,159.15,163.46,158.53,161.37,161.37,161.12,1051121,1693.57,,473004.0,45.0
PTC,EQ,2026-01-01,161.37,161.5,163.59,160.93,162.83,162.83,162.45,851756,1383.68,,383290.0,45.0
PTC,EQ,2026-01-02,162.83,162.9,167.99,162.26,167.39,167.39,165.88,1437370,2384.31,,646816.0,45.0
PTC,EQ,2026-01-06,166.86,167.5,167.5,164.8,166.07,166.07,166.12,733399,1218.32,,330030.0,45.0
PTC,EQ,2026-01-07,166.07,166.07,167.09,164.4,165.23,165.23,165.57,703756,1165.21,,316690.0,45.0
PTC,EQ,2026-01-08,165.23,165.28,165.95,160.1,161.01,161.01,162.35,821923,1334.39,,369865.0,45.0
PTC,EQ,2026-01-09,161.01,160.0,162.5,158.31,159.38,159.38,160.06,919256,1471.36,,413665.0,45.0
PTC,EQ,2026-01-12,159.38,159.5,160.0,156.22,158.1,158.1,158.11,837989,1324.94,,377095.0,45.0
PTC,EQ,2026-01-13,158.1,158.25,160.52,157.53,158.54,158.54,158.86,632383,1004.6,,284572.0,45.0
PTC,EQ,2026-01-14,158.54,158.0,161.36,158.0,160.77,160.77,160.04,652133,1043.67,,293460.0,45.0
PTC,EQ,2026-01-19,160.77,156.11,158.1,155.4,155.95,155.95,156.48,869938,1361.28,,391472.0,45.0
PTC,EQ,2026-01-20,155.95,156.0,156.16,152.3,152.94,152.94,153.8,1116152,1716.64,,502268.0,45.0
PTC,EQ,2026-01-21,152.94,149.59,154.56,149.59,152.8,152.8,152.32,1304231,1986.6,,586904.0,45.0
PTC,EQ,2026-01-23,152.8,157.16,158.25,156.39,157.52,157.52,157.39,845586,1330.87,,380514.0,45.0
PTC,EQ,2026-01-28,168.0,170.0,175.5,166.51,174.64,174.64,172.22,2961100,5099.61,,1332495.0,45.0
PTC,EQ,2026-01-30,174.94,174.7,174.7,170.15,172.41,172.41,172.42,1367365,2357.61,,615314.0,45.0
PTC,EQ,2026-02-02,172.41,168.0,171.8,165.15,169.77,169.77,168.91,944523,1595.39,,425035.0,45.0
PTC,EQ,2026-02-03,169.77,174.7,177.2,169.53,175.7,175.7,174.14,2329619,4056.8,,1048329.0,45.0
PTC,EQ,2026-02-04,175.7,174.0,183.9,173.3,181.72,181.72,179.64,2351052,4223.43,,1057973.0,45.0
PTC,EQ,2026-02-06,180.7,180.0,181.7,177.48,180.57,180.57,179.92,796331,1432.76,,358349.0,45.0
PTC,EQ,2026-02-09,180.57,180.62,188.48,180.62,187.38,187.38,185.49,2058401,3818.13,,926280.0,45.0
PTC,EQ,2026-02-10,187.38,190.0,191.5,187.77,189.46,189.46,189.58,1863088,3532.04,,838390.0,45.0
PTC,EQ,2026-02-11,189.46,190.64,192.29,188.93,190.29,190.29,190.5,955478,1820.19,,429965.0,45.0
PTC,EQ,2026-02-12,190.29,188.76,190.17,184.73,185.38,185.38,186.76,1445736,2700.06,,650581.0,45.0
PTC,EQ,2026-02-13,185.38,182.7,185.97,181.74,185.05,185.05,184.25,1060806,1954.54,,477363.0,45.0
PTC,EQ,2026-02-16,185.05,180.0,180.8,170.1,172.95,172.95,174.62,3196669,5582.02,,1438501.0,45.0
PTC,EQ,2026-02-17,172.95,173.95,176.12,172.85,174.53,174.53,174.5,1016552,1773.88,,457448.0,45.0
PTC,EQ,2026-02-18,174.53,175.4,175.4,172.07,174.67,174.67,174.05,918447,1598.56,,413301.0,45.0
PTC,EQ,2026-02-23,168.69,168.99,169.66,166.51,168.31,168.31,168.16,769554,1294.08,,346299.0,45.0
PTC,EQ,2026-02-24,168.31,168.25,168.3,163.01,165.5,165.5,165.6,1279811,2119.37,,575915.0,45.0
PTC,EQ,2026-02-26,165.5,165.48,166.24,163.51,163.96,163.96,164.57,939096,1545.47,,422593.0,45.0
PTC,EQ,2026-02-27,163.96,163.0,168.5,163.0,166.52,166.52,166.01,1107967,1839.34,,498585.0,45.0
PTC,EQ,2026-03-02,166.52,161.0,167.46,160.81,162.76,162.76,163.68,1757312,2876.37,,790790.0,45.0
PTC,EQ,2026-03-04,162.76,162.0,162.39,156.35,157.3,157.3,158.68,1262292,2003.0,,568031.0,45.0
PTC,EQ,2026-03-05,157.3,158.18,160.27,156.87,158.6,158.6,158.58,1202449,1906.84,,541102.0,45.0
PTC,EQ,2026-03-06,158.6,159.9,161.5,157.78,158.13,158.13,159.14,846809,1347.61,,381064.0,45.0
PTC,EQ,2026-03-09,158.13,155.0,156.7,152.62,153.72,153.72,154.35,1194491,1843.7,,537521.0,45.0
PTC,EQ,2026-03-12,157.51,155.48,164.3,154.26,160.87,160.87,159.81,1399360,2236.32,,629712.0,45.0
PTC,EQ,2026-03-13,160.87,161.0,163.29,157.5,158.48,158.48,159.76,1235175,1973.32,,555829.0,45.0
PTC,EQ,2026-03-16,158.48,157.79,159.53,155.22,157.32,157.32,157.36,980981,1543.67,,441441.0,45.0
PTC,EQ,2026-03-18,159.1,160.5,164.65,159.1,163.75,163.75,162.5,1142577,1856.69,,514160.0,45.0
PTC,EQ,2026-03-19,163.75,162.5,163.58,159.7,160.23,160.23,161.17,715427,1153.05,,321942.0,45.0
PTC,EQ,2026-03-23,160.23,164.0,164.7,157.85,159.09,159.09,160.55,1004111,1612.1,,451850.0,45.0
PTC,EQ,2026-03-24,159.09,164.8,164.8,159.57,161.43,161.43,161.93,1121023,1815.27,,504460.0,45.0
PTC,EQ,2026-03-27,162.34,162.02,164.45,160.62,163.14,163.14,162.74,1559213,2537.46,,701646.0,45.0
PTC,EQ,2026-03-30,163.14,162.35,163.07,156.8,157.55,157.55,159.14,1351346,2150.53,,608106.0,45.0
PTC,EQ,2026-04-01,157.55,162.27,167.7,160.84,167.32,167.32,165.29,1586686,2622.63,,714009.0,45.0
PTC,EQ,2026-04-07,164.9,164.71,165.45,161.55,162.75,162.75,163.25,923776,1508.06,,415699.0,45.0
PTC,EQ,2026-04-08,162.75,166.2,169.44,165.0,168.64,168.64,167.69,1805915,3028.34,,812662.0,45.0
PTC,EQ,2026-04-09,168.64,168.0,168.9,165.53,166.61,166.61,167.01,1181252,1972.81,,531563.0,45.0
PTC,EQ,2026-04-10,166.61,166.7,167.9,166.1,166.44,166.44,166.81,709021,1182.72,,319059.0,45.0
PTC,EQ,2026-04-13,166.44,163.25,170.5,162.0,169.69,169.69,167.4,2029118,3396.74,,913103.0,45.0
PTC,EQ,2026-04-15,169.69,172.55,176.0,172.0,175.37,175.37,174.46,1612662,2813.45,,725698.0,45.0
PTC,EQ,2026-04-16,175.37,175.37,186.0,175.25,183.05,183.05,181.43,4347622,7887.89,,1956430.0,45.0
PTC,EQ,2026-04-17,183.05,185.0,187.79,181.94,184.75,184.75,184.83,6904081,12760.81,,3106836.0,45.0
PTC,EQ,2026-04-20,184.75,185.25,197.75,185.1,192.16,192.16,191.67,5890151,11289.65,,2650568.0,45.0
PTC,EQ,2026-04-22,192.16,186.88,188.5,184.6,186.52,186.52,186.54,1390185,2593.25,,625583.0,45.0
PTC,EQ,2026-04-23,186.52,184.78,189.29,184.78,185.91,185.91,186.66,1381414,2578.55,,621636.0,45.0
PTC,EQ,2026-04-24,185.91,186.25,187.44,182.69,183.65,183.65,184.59,1106224,2041.98,,497801.0,45.0
PTC,EQ,2026-04-27,183.65,185.39,195.6,184.19,195.2,195.2,191.66,3618942,6936.06,,1628524.0,45.0
PTC,EQ,2026-04-28,195.2,197.0,206.79,195.69,205.71,205.71,202.73,6119448,12405.96,,2753752.0,45.0
PTC,EQ,2026-04-29,205.71,208.25,210.8,203.15,203.96,203.96,205.97,2541858,5235.46,,1143836.0,45.0
PTC,EQ,2026-04-30,203.96,202.0,210.5,198.04,207.7,207.7,205.41,4410027,9058.64,,1984512.0,45.0
PTC,EQ,2026-05-04,207.7,209.7,217.59,208.66,217.09,217.09,214.45,3607069,7735.36,,1623181.0,45.0
PTC,EQ,2026-05-06,217.09,216.8,219.67,212.66,218.46,218.46,216.93,1917913,4160.53,,863061.0,45.0
PTC,EQ,2026-05-07,218.46,219.0,229.51,218.47,227.38,227.38,225.12,4050893,9119.37,,1822902.0,45.0
PTC,EQ,2026-05-08,227.38,227.0,229.38,222.0,222.81,222.81,224.73,1727878,3883.06,,777545.0,45.0
PTC,EQ,2026-05-12,213.58,213.58,214.27,200.9,201.93,201.93,205.7,2124772,4370.66,,956147.0,45.0
PTC,EQ,2026-05-13,201.93,200.5,209.25,200.5,206.46,206.46,205.4,1252834,2573.32,,563775.0,45.0
PTC,EQ,2026-05-15,206.46,212.0,215.45,208.5,211.13,211.13,211.69,1322198,2798.96,,594989.0,45.0
PTC,EQ,2026-05-18,211.13,211.13,211.13,202.87,205.3,205.3,206.43,1473049,3040.82,,662872.0,45.0
PTC,EQ,2026-05-19,205.3,205.7,212.93,205.7,207.14,207.14,208.59,672407,1402.57,,302583.0,45.0
PTC,EQ,2026-05-20,207.14,199.43,201.87,187.74,196.32,196.32,195.31,6097777,11909.57,,2744000.0,45.0
PTC,EQ,2026-05-21,196.32,197.01,202.9,195.2,196.01,196.01,198.04,1361894,2697.09,,612852.0,45.0
PTC,EQ,2026-05-22,196.01,196.1,198.05,193.02,193.77,193.77,194.95,600980,1171.61,,270441.0,45.0
PTC,EQ,2026-05-25,193.77,195.0,197.95,189.93,191.93,191.93,193.27,1201066,2321.3,,540480.0,45.0
PTC,EQ,2026-05-27,191.93,192.35,195.65,188.3,189.69,189.69,191.21,1288767,2464.25,,579945.0,45.0
PTC,EQ,2026-05-29,189.69,188.22,190.85,181.2,183.15,183.15,185.07,2033853,3764.05,,915234.0,45.0
PTC,EQ,2026-06-02,183.15,185.1,189.75,183.1,188.46,188.46,187.1,921541,1724.2,,414693.0,45.0
PTC,EQ,2026-06-04,185.2,185.16,185.8,182.79,182.99,182.99,183.86,602053,1106.93,,270924.0,45.0
PTC,EQ,2026-06-05,182.99,183.9,186.3,183.75,184.39,184.39,184.81,629420,1163.23,,283239.0,45.0
PTC,EQ,2026-06-08,184.39,184.0,194.98,182.2,193.06,193.06,190.08,2931550,5572.29,,1319198.0,45.0
PTC,EQ,2026-06-09,193.06,194.0,194.5,186.4,187.0,187.0,189.3,1444045,2733.58,,649820.0,45.0
PTC,EQ,2026-06-10,187.0,187.0,188.36,181.0,181.49,181.49,183.62,1152615,2116.43,,518677.0,45.0
PTC,EQ,2026-06-11,181.49,182.0,184.85,181.02,183.16,183.16,183.01,1345904,2463.14,,605657.0,45.0
PTC,EQ,2026-06-12,183.16,185.0,190.6,184.53,189.2,189.2,188.11,1237733,2328.3,,556980.0,45.0
PTC,EQ,2026-06-15,189.2,192.0,194.24,190.08,190.61,190.61,191.64,1157165,2217.59,,520724.0,45.0
PTC,EQ,2026-06-16,190.61,191.99,197.3,190.18,195.24,195.24,194.24,1595577,3099.25,,718010.0,45.0
PTC,EQ,2026-06-17,195.24,195.24,195.79,190.1,190.68,190.68,192.19,945727,1817.59,,425577.0,45.0
PTC,EQ,2026-06-18,190.68,191.6,192.88,187.11,188.95,188.95,189.65,791938,1501.91,,356372.0,45.0
PTC,EQ,2026-06-23,188.95,190.6,191.1,185.08,186.46,186.46,187.55,659546,1236.98,,296796.0,45.0
PTC,EQ,2026-06-24,186.46,186.46,186.67,183.24,184.76,184.76,184.89,477271,882.43,,214772.0,45.0
PTC,EQ,2026-06-25,184.76,184.9,185.6,181.02,181.8,181.8,182.81,979758,1791.1,,440891.0,45.0
PTC,EQ,2026-06-29,181.8,181.71,183.74,180.1,181.89,181.89,181.91,703261,1279.3,,316467.0,45.0
PTC,EQ,2026-06-30,181.89,182.5,182.77,180.21,180.98,180.98,181.32,481889,873.76,,216850.0,45.0
PTC,EQ,2026-07-01,180.98,180.99,182.5,177.94,178.66,178.66,179.7,631215,1134.29,,284047.0,45.0
PTC,EQ,2026-07-03,177.28,178.32,178.94,177.17,177.66,177.66,177.92,473876,843.12,,213244.0,45.0
PTC,EQ,2026-07-07,174.77,175.6,175.6,171.49,172.97,172.97,173.35,663989,1151.02,,298795.0,45.0
PTC,EQ,2026-07-08,172.97,173.5,173.83,166.57,168.42,168.42,169.61,1161278,1969.64,,522575.0,45.0
PTC,EQ,2026-07-13,172.46,172.0,172.2,169.5,170.76,170.76,170.82,511850,874.34,,230332.0,45.0
PTC,EQ,2026-07-14,170.76,170.76,174.5,169.5,173.75,173.75,172.58,659531,1138.22,,296789.0,45.0
PTC,EQ,2026-07-16,173.75,173.32,173.82,169.7,170.51,170.51,171.34,383014,656.26,,172356.0,45.0
PTC,EQ,2026-07-17,170.51,170.48,170.98,168.22,169.08,169.08,169.43,544525,922.59,,245036.0,45.0
PTC,EQ,2026-07-20,169.08,169.08,173.95,168.74,172.99,172.99,171.89,515991,886.94,,232196.0,45.0
PTC,EQ,2026-07-21,172.99,173.0,173.05,169.83,170.01,170.01,170.96,461492,788.97,,207671.0,45.0
PTC,EQ,2026-07-22,170.01,171.0,171.0,167.44,167.71,167.71,168.72,626978,1057.84,,282140.0,45.0
PTC,EQ,2026-07-23,167.71,167.5,172.0,166.3,168.38,168.38,168.89,625576,1056.54,,281509.0,45.0
PTC,EQ,2026-07-24,168.38,168.0,168.18,163.8,164.4,164.4,165.46,1325001,2192.35,,596250.0,45.0
PTC,EQ,2026-07-27,164.4,165.48,167.8,165.05,166.33,166.33,166.39,430444,716.22,,193700.0,45.0
PTC,EQ,2026-07-29,166.33,166.39,169.0,165.41,167.81,167.81,167.41,835603,1398.88,,376021.0,45.0
PTC,EQ,2026-07-31,169.13,170.0,175.9,166.81,175.52,175.52,172.74,2195575,3792.64,,988009.0,45.0
PTC,EQ,2026-08-03,175.52,176.21,182.2,175.9,180.11,180.11,179.4,4283556,7684.7,,1927600.0,45.0
PTC,EQ,2026-08-04,180.11,181.6,184.39,179.9,183.44,183.44,182.58,2170561,3963.01,,976752.0,45.0
PTC,EQ,2026-08-05,183.44,190.0,199.8,188.35,198.36,198.36,195.5,17703096,34609.55,,7966393.0,45.0
PTC,EQ,2026-08-07,200.17,201.0,204.2,195.4,203.3,203.3,200.97,12883295,25891.56,,5797483.0,45.0
PTC,EQ,2026-08-10,203.3,180.0,180.0,175.87,177.99,177.99,177.95,4133683,7355.89,,1860157.0,45.0
PTC,EQ,2026-08-11,177.99,176.95,176.95,171.2,171.95,171.95,173.37,2078585,3603.64,,935363.0,45.0
PTC,EQ,2026-08-13,171.95,166.0,166.69,164.35,164.8,164.8,165.28,1472019,2432.95,,662409.0,45.0
PTC,EQ,2026-08-14,164.8,164.11,164.67,160.6,161.47,161.47,162.25,1981660,3215.24,,891747.0,45.0
PTC,EQ,2026-08-17,161.47,162.16,163.44,160.0,160.62,160.62,161.35,1418832,2289.29,,638474.0,45.0
PTC,EQ,2026-08-18,160.62,160.99,162.5,158.57,158.89,158.89,159.99,1401008,2241.47,,630454.0,45.0
PTC,EQ,2026-08-19,158.89,158.89,159.0,155.15,155.5,155.5,156.55,1876714,2938.0,,844521.0,45.0
PTC,EQ,2026-08-21,157.05,157.05,157.79,156.15,156.56,156.56,156.83,1253565,1965.97,,564104.0,45.0
PTC,EQ,2026-08-24,156.56,156.56,157.65,155.6,156.84,156.84,156.7,1288256,2018.7,,579715.0,45.0
PTC,EQ,2026-08-25,156.84,157.0,158.57,156.29,158.05,158.05,157.64,986291,1554.79,,443831.0,45.0
PTC,EQ,2026-08-27,157.28,157.22,159.0,156.75,157.96,157.96,157.9,711786,1123.91,,320304.0,45.0
PTC,EQ,2026-08-31,157.69,157.69,157.69,150.25,150.89,150.89,152.94,9086084,13896.26,,4088738.0,45.0
PTC,EQ,2026-09-01,150.89,151.95,158.92,151.94,155.2,155.2,155.35,3061118,4755.45,,1377503.0,45.0
PTC,EQ,2026-09-02,155.2,155.0,155.9,153.41,155.44,155.44,154.92,761035,1179.0,,342466.0,45.0
PTC,EQ,2026-09-03,155.44,156.0,157.0,154.6,155.25,155.25,155.62,794952,1237.1,,357728.0,45.0
PTC,EQ,2026-09-04,155.25,155.34,156.8,155.25,156.29,156.29,156.11,849440,1326.06,,382248.0,45.0
PTC,EQ,2026-09-07,156.29,157.0,157.0,154.4,154.78,154.78,155.39,953200,1481.18,,428940.0,45.0
PTC,EQ,2026-09-08,154.78,155.36,155.45,153.33,154.2,154.2,154.33,1017313,1570.02,,457791.0,45.0
PTC,EQ,2026-09-09,154.2,153.91,154.59,152.78,153.12,153.12,153.5,1062150,1630.4,,477968.0,45.0
PTC,EQ,2026-09-10,153.12,153.12,156.4,153.01,153.69,153.69,154.37,1569043,2422.13,,706069.0,45.0
PTC,EQ,2026-09-11,153.69,153.5,153.65,152.3,152.78,152.78,152.91,878717,1343.65,,395423.0,45.0
PTC,EQ,2026-09-16,152.78,153.0,153.79,150.51,151.96,151.96,152.09,1795094,2730.16,,807792.0,45.0
PTC,EQ,2026-09-18,151.96,156.45,157.0,153.8,156.23,156.23,155.68,1628957,2535.96,,733031.0,45.0
PTC,EQ,2026-09-24,157.08,156.9,157.79,155.26,156.35,155.89,156.83,1398404,2193.12,16767.0,848748.0,60.69
SCHNEIDER,EQ,2025-09-25,855.05,857.0,873.4,855.05,862.2,859.65,864.03,66734,576.6,4245.0,37278.0,55.86
SCHNEIDER,EQ,2025-09-26,859.65,858.7,861.35,833.05,834.0,835.5,841.84,63935,538.23,5791.0,41506.0,64.92
SCHNEIDER,EQ,2025-09-30,845.25,839.8,841.5,812.6,817.85,820.6,824.25,101353,835.4,6919.0,67892.0,66.99
SCHNEIDER,EQ,2025-10-01,820.6,821.0,836.0,808.5,830.5,827.95,823.98,67290,554.46,4713.0,39685.0,58.98
SCHNEIDER,EQ,2025-10-07,841.75,849.0,860.4,837.6,842.0,842.65,846.47,47121,398.87,3458.0,26675.0,56.61
SCHNEIDER,EQ,2025-10-08,842.65,844.95,846.2,826.45,833.4,833.8,837.03,57327,479.84,5556.0,33412.0,58.28
SCHNEIDER,EQ,2025-10-09,833.8,833.8,841.7,819.05,825.0,826.9,827.07,69297,573.13,6022.0,38734.0,55.9
SCHNEIDER,EQ,2025-10-14,836.85,844.9,844.9,809.0,815.5,816.5,821.04,135446,1112.06,11517.0,74475.0,54.99
SCHNEIDER,EQ,2025-10-15,816.5,821.9,842.4,803.3,830.0,829.75,828.41,181855,1506.51,13893.0,77939.0,42.86
SCHNEIDER,EQ,2025-10-16,829.75,839.0,839.0,821.95,826.0,827.4,828.54,47591,394.31,4347.0,28388.0,59.65
SCHNEIDER,EQ,2025-10-17,827.4,826.0,840.0,818.0,825.3,822.85,830.37,87678,728.05,10588.0,49321.0,56.25
SCHNEIDER,EQ,2025-10-20,822.85,820.0,830.0,810.2,818.0,814.4,816.61,72050,588.37,6188.0,40367.0,56.03
SCHNEIDER,EQ,2025-10-21,814.4,827.45,829.9,817.0,820.0,820.4,822.41,20459,168.26,1726.0,12910.0,63.1
SCHNEIDER,EQ,2025-10-24,811.4,818.3,845.0,812.85,840.05,840.45,836.48,207120,1732.52,14576.0,97598.0,47.12
SCHNEIDER,EQ,2025-10-28,862.4,871.0,873.2,860.15,864.0,865.3,866.03,112983,978.47,12470.0,52756.0,46.69
SCHNEIDER,EQ,2025-10-29,865.3,865.5,870.85,849.0,854.45,853.15,856.25,80504,689.31,5902.0,40852.0,50.75
SCHNEIDER,EQ,2025-11-03,836.5,842.4,866.4,836.9,863.0,862.65,856.12,115034,984.83,7347.0,68030.0,59.14
SCHNEIDER,EQ,2025-11-06,889.95,890.0,890.45,862.0,871.15,876.0,876.84,158881,1393.14,17066.0,80446.0,50.63
SCHNEIDER,EQ,2025-11-07,876.0,872.0,875.95,843.2,857.9,861.95,856.8,128945,1104.8,13074.0,62571.0,48.53
SCHNEIDER,EQ,2025-11-10,861.95,821.0,828.0,797.7,805.95,808.0,811.21,432810,3511.02,20773.0,212842.0,49.18
SCHNEIDER,EQ,2025-11-11,808.0,799.0,826.0,785.1,820.0,821.3,804.04,184576,1484.07,11786.0,83123.0,45.03
SCHNEIDER,EQ,2025-11-12,821.3,821.95,825.0,809.1,821.0,821.35,819.41,111456,913.28,7431.0,55799.0,50.06
SCHNEIDER,EQ,2025-11-14,803.15,805.35,808.2,790.75,797.5,797.2,797.16,120617,961.51,10833.0,73987.0,61.34
SCHNEIDER,EQ,2025-11-17,797.2,797.2,801.35,787.9,789.0,790.65,792.4,87357,692.21,5130.0,54777.0,62.7
SCHNEIDER,EQ,2025-11-18,790.65,793.6,795.0,762.2,765.9,764.3,771.08,192567,1484.84,13635.0,116039.0,60.26
SCHNEIDER,EQ,2025-11-19,764.3,758.1,786.0,756.35,784.7,782.2,773.63,100670,778.81,8472.0,44693.0,44.4
SCHNEIDER,EQ,2025-11-20,782.2,783.0,787.65,750.0,755.5,755.0,759.06,194184,1473.97,13235.0,103522.0,53.31
SCHNEIDER,EQ,2025-11-21,755.0,756.9,762.95,738.05,739.6,741.35,749.07,149978,1123.44,10902.0,73785.0,49.2
SCHNEIDER,EQ,2025-11-24,741.35,742.05,742.45,726.05,736.0,734.3,732.12,128625,941.69,11894.0,77679.0,60.39
SCHNEIDER,EQ,2025-11-26,714.05,714.0,739.05,714.0,738.15,733.2,727.47,173812,1264.43,11926.0,87836.0,50.54
SCHNEIDER,EQ,2025-11-27,733.2,736.15,739.95,708.0,719.0,719.4,717.88,240646,1727.54,11974.0,131247.0,54.54
SCHNEIDER,EQ,2025-11-28,719.4,719.3,727.0,715.0,719.0,716.35,718.39,59407,426.77,4810.0,27506.0,46.3
SCHNEIDER,EQ,2025-12-01,716.35,718.9,726.0,715.0,720.9,716.65,719.82,81229,584.7,6245.0,46370.0,57.09
SCHNEIDER,EQ,2025-12-02,716.65,716.65,756.8,715.75,750.0,751.7,742.8,451019,3350.18,20732.0,164311.0,36.43
SCHNEIDER,EQ,2025-12-03,751.7,752.05,782.8,746.35,773.9,773.8,767.07,1165732,8941.96,34899.0,517118.0,44.36
SCHNEIDER,EQ,2025-12-05,762.45,760.3,774.95,742.0,762.0,753.45,759.42,485616,3687.88,19755.0,302613.0,62.32
SCHNEIDER,EQ,2025-12-08,753.45,755.95,761.9,738.45,739.6,741.2,748.0,404743,3027.47,17542.0,262613.0,64.88
SCHNEIDER,EQ,2025-12-09,741.2,736.05,753.3,719.1,745.0,747.55,736.85,234505,1727.94,14246.0,135531.0,57.79
SCHNEIDER,EQ,2025-12-10,747.55,744.75,749.0,715.55,718.95,719.1,727.89,154088,1121.6,10772.0,68780.0,44.64
SCHNEIDER,EQ,2025-12-15,717.4,722.9,728.3,712.05,713.85,714.8,718.12,149780,1075.6,8935.0,71503.0,47.74
SCHNEIDER,EQ,2025-12-16,714.8,712.1,715.55,706.15,708.9,708.6,710.02,106639,757.16,6193.0,68728.0,64.45
SCHNEIDER,EQ,2025-12-18,691.4,697.0,711.0,688.05,699.95,699.75,698.48,181003,1264.26,13911.0,65403.0,36.13
SCHNEIDER,EQ,2025-12-19,699.75,701.9,735.75,701.55,735.0,726.6,718.55,255872,1838.57,13153.0,150156.0,58.68
SCHNEIDER,EQ,2025-12-23,742.4,745.7,748.0,730.55,745.0,744.95,739.83,132626,981.21,9170.0,64231.0,48.43
SCHNEIDER,EQ,2025-12-24,744.95,743.05,760.0,736.1,737.45,739.0,748.86,120767,904.38,6609.0,58414.0,48.37
SCHNEIDER,EQ,2025-12-26,739.0,738.9,739.7,724.6,730.0,726.8,732.07,89201,653.02,6181.0,47456.0,53.2
SCHNEIDER,EQ,2025-12-29,726.8,734.15,735.7,711.2,717.6,716.9,723.49,92677,670.51,7719.0,44229.0,47.72
SCHNEIDER,EQ,2025-12-30,716.9,719.75,719.75,698.0,704.0,701.5,703.45,306386,2155.27,19232.0,205306.0,67.01
SCHNEIDER,EQ,2025-12-31,701.5,708.5,726.9,705.5,722.0,722.9,719.67,117174,843.26,8651.0,45330.0,38.69
SCHNEIDER,EQ,2026-01-01,722.9,723.0,724.9,711.55,715.15,715.7,716.4,73688,527.9,4637.0,38098.0,51.7
SCHNEIDER,EQ,2026-01-02,715.7,725.0,725.0,709.65,714.5,717.3,716.68,135193,968.9,8127.0,71549.0,52.92
SCHNEIDER,EQ,2026-01-06,702.45,705.0,711.9,694.05,696.0,695.85,699.08,108154,756.08,6952.0,58788.0,54.36
SCHNEIDER,EQ,2026-01-07,695.85,699.0,713.0,692.05,710.5,710.15,702.05,118546,832.26,7633.0,61743.0,52.08
SCHNEIDER,EQ,2026-01-08,710.15,710.95,712.85,617.9,670.0,657.5,666.9,700929,4674.52,34127.0,279974.0,39.94
SCHNEIDER,EQ,2026-01-09,657.5,664.7,667.2,639.0,643.0,644.25,649.98,312892,2033.75,23866.0,139404.0,44.55
SCHNEIDER,EQ,2026-01-12,644.25,645.1,648.3,626.0,640.0,640.75,636.93,327730,2087.4,24742.0,191112.0,58.31
SCHNEIDER,EQ,2026-01-13,640.75,640.0,649.95,620.65,625.75,629.0,634.41,214487,1360.74,13105.0,130492.0,60.84
SCHNEIDER,EQ,2026-01-14,629.0,626.9,627.2,619.15,624.0,622.15,623.45,117202,730.69,11593.0,61857.0,52.78
SCHNEIDER,EQ,2026-01-19,620.0,615.0,628.4,612.0,615.0,616.8,621.38,145785,905.88,8184.0,62448.0,42.84
SCHNEIDER,EQ,2026-01-20,616.8,619.95,620.1,578.25,585.0,585.45,596.79,322810,1926.51,17910.0,187700.0,58.15
SCHNEIDER,EQ,2026-01-21,585.45,585.45,590.4,571.85,579.0,579.2,580.48,214960,1247.8,14828.0,91617.0,42.62
SCHNEIDER,EQ,2026-01-23,622.8,625.0,634.65,601.05,605.8,606.7,619.14,360527,2232.17,15247.0,100267.0,27.81
SCHNEIDER,EQ,2026-01-28,633.1,633.1,706.95,632.5,699.9,697.7,678.2,1009962,6849.53,35007.0,246510.0,24.41
SCHNEIDER,EQ,2026-01-30,685.95,679.0,701.95,674.85,692.25,692.8,693.28,181452,1257.97,12441.0,65287.0,35.98
SCHNEIDER,EQ,2026-02-02,701.2,701.2,704.25,677.2,698.5,697.7,690.89,134778,931.17,12662.0,55732.0,41.35
SCHNEIDER,EQ,2026-02-03,697.7,738.65,740.8,705.4,736.0,737.1,724.77,450967,3268.48,23813.0,199374.0,44.21
SCHNEIDER,EQ,2026-02-04,737.1,736.0,755.0,728.5,752.0,753.15,746.87,351159,2622.7,18405.0,182480.0,51.97
SCHNEIDER,EQ,2026-02-06,732.35,732.35,775.8,722.05,757.1,768.9,762.81,835378,6372.36,40356.0,287819.0,34.45
SCHNEIDER,EQ,2026-02-09,768.9,771.95,782.75,761.15,769.0,768.8,771.1,234393,1807.41,12148.0,96199.0,41.04
SCHNEIDER,EQ,2026-02-10,768.8,768.8,793.7,768.8,783.0,784.85,785.0,335533,2633.94,14380.0,148223.0,44.18
SCHNEIDER,EQ,2026-02-11,784.85,788.5,800.0,776.95,797.0,794.85,787.87,237062,1867.75,10794.0,100270.0,42.3
SCHNEIDER,EQ,2026-02-12,794.85,796.95,831.5,783.45,788.9,788.95,813.1,839376,6824.94,34438.0,248386.0,29.59
SCHNEIDER,EQ,2026-02-13,788.95,798.0,832.0,782.0,811.5,811.7,810.78,1741823,14122.28,73618.0,428946.0,24.63
SCHNEIDER,EQ,2026-02-16,811.7,814.5,833.0,795.9,824.95,824.45,820.45,675668,5543.54,22381.0,299665.0,44.35
SCHNEIDER,EQ,2026-02-17,824.45,825.9,854.8,820.3,849.8,849.5,840.73,674681,5672.22,18081.0,393515.0,58.33
SCHNEIDER,EQ,2026-02-18,849.5,855.0,942.45,848.1,915.0,920.4,917.8,4934596,45289.95,132585.0,789067.0,15.99
SCHNEIDER,EQ,2026-02-23,922.65,936.3,948.8,879.0,912.2,914.45,914.47,940176,8597.63,37656.0,347742.0,36.99
SCHNEIDER,BE,2026-02-24,914.45,901.45,914.0,868.75,900.0,896.8,881.39,230249,2029.39,5781.0,,
SCHNEIDER,BE,2026-02-26,871.1,871.1,904.0,840.0,900.5,898.15,888.74,136565,1213.71,4142.0,,
SCHNEIDER,BE,2026-02-27,898.15,897.8,914.7,878.05,911.0,906.45,901.19,127774,1151.49,4214.0,,
SCHNEIDER,BE,2026-03-02,906.45,865.0,897.35,861.15,873.0,873.2,878.78,135178,1187.92,4531.0,,
SCHNEIDER,BE,2026-03-04,873.2,843.65,862.0,829.55,832.0,832.75,839.5,172676,1449.62,13925.0,,
SCHNEIDER,BE,2026-03-05,832.75,832.75,874.35,832.75,874.35,874.35,868.98,73175,635.88,3010.0,,
SCHNEIDER,BE,2026-03-06,874.35,879.0,915.0,875.0,907.0,905.85,907.29,156697,1421.7,7279.0,,
SCHNEIDER,BE,2026-03-09,905.85,885.2,912.8,860.6,899.95,900.1,887.45,158352,1405.3,10546.0,,
SCHNEIDER,BE,2026-03-12,908.5,877.0,912.4,877.0,910.0,907.45,898.67,55875,502.13,2439.0,,
SCHNEIDER,BE,2026-03-13,907.45,907.8,907.8,862.1,875.9,885.7,881.88,148249,1307.37,5926.0,,
SCHNEIDER,BE,2026-03-16,885.7,862.1,897.9,842.1,874.9,871.85,860.63,91865,790.62,3412.0,,
SCHNEIDER,BE,2026-03-18,889.1,890.0,908.0,880.0,898.0,898.6,899.4,73611,662.05,3783.0,,
SCHNEIDER,BE,2026-03-19,898.6,880.0,907.0,871.1,903.0,895.2,893.33,85598,764.68,4135.0,,
SCHNEIDER,BE,2026-03-23,890.0,875.1,891.0,845.6,862.35,866.7,858.39,138558,1189.37,6689.0,,
SCHNEIDER,BE,2026-03-24,866.7,874.95,900.0,861.0,894.0,895.35,881.6,77834,686.19,3687.0,,
SCHNEIDER,BE,2026-03-27,893.5,893.5,900.0,865.0,883.1,876.75,877.37,72901,639.61,5445.0,,
SCHNEIDER,BE,2026-03-30,876.75,871.0,872.4,832.95,845.0,845.8,846.11,107286,907.76,4966.0,,
SCHNEIDER,BE,2026-04-01,845.8,858.25,888.05,858.25,882.8,876.05,881.13,93610,824.82,4181.0,,
SCHNEIDER,BE,2026-04-07,926.25,926.25,940.25,902.0,929.65,927.45,932.71,122674,1144.2,4539.0,,
SCHNEIDER,BE,2026-04-08,927.45,951.35,973.8,930.05,973.8,973.8,961.81,203617,1958.42,4974.0,,
SCHNEIDER,BE,2026-04-09,973.8,978.0,994.4,960.0,969.0,966.8,973.26,120425,1172.05,5709.0,,
SCHNEIDER,BE,2026-04-10,966.8,980.0,1014.3,966.0,1010.0,1010.1,996.62,255127,2542.64,7427.0,,
SCHNEIDER,BE,2026-04-13,1010.1,990.0,1032.1,976.1,1010.0,1018.15,1017.72,228635,2326.87,7785.0,,
SCHNEIDER,BE,2026-04-15,1018.15,1034.9,1045.0,980.1,999.7,996.55,1013.15,176834,1791.59,6514.0,,
SCHNEIDER,BE,2026-04-16,996.55,1002.0,1002.0,979.9,999.0,998.25,990.9,113550,1125.17,5389.0,,
SCHNEIDER,BE,2026-04-17,998.25,999.0,1047.8,998.0,1039.95,1036.05,1028.66,236073,2428.39,7635.0,,
SCHNEIDER,BE,2026-04-20,1036.05,1055.0,1087.85,1037.0,1087.85,1087.85,1072.54,434238,4657.36,8475.0,,
SCHNEIDER,BE,2026-04-22,1058.8,1059.5,1111.7,1024.0,1111.7,1111.7,1091.84,232783,2541.61,5702.0,,
SCHNEIDER,BE,2026-04-23,1111.7,1106.0,1158.0,1100.0,1138.0,1127.0,1138.3,172554,1964.18,11325.0,,
SCHNEIDER,BE,2026-04-24,1127.0,1126.1,1183.35,1080.0,1183.35,1180.1,1141.44,232827,2657.58,8397.0,,
SCHNEIDER,BE,2026-04-27,1180.1,1190.0,1210.0,1150.0,1189.0,1182.0,1185.12,228136,2703.68,7222.0,,
SCHNEIDER,BE,2026-04-28,1182.0,1187.95,1194.9,1130.0,1158.0,1144.15,1156.5,129611,1498.95,4776.0,,
SCHNEIDER,BE,2026-04-29,1144.15,1145.0,1199.95,1134.0,1188.95,1191.25,1177.61,193783,2282.01,6751.0,,
SCHNEIDER,BE,2026-04-30,1191.25,1179.9,1249.8,1155.5,1244.8,1243.7,1225.28,251527,3081.92,7393.0,,
SCHNEIDER,BE,2026-05-04,1243.7,1248.0,1305.8,1244.4,1305.8,1305.8,1301.11,338314,4401.82,8031.0,,
SCHNEIDER,BE,2026-05-06,1349.9,1360.0,1370.0,1282.5,1282.5,1282.5,1292.37,261210,3375.8,9921.0,,
SCHNEIDER,BE,2026-05-07,1282.5,1250.0,1344.8,1220.0,1330.1,1343.4,1290.43,336787,4346.01,15365.0,,
SCHNEIDER,BE,2026-05-08,1343.4,1336.0,1359.8,1310.0,1348.0,1344.6,1343.38,168452,2262.94,13877.0,,
SCHNEIDER,BE,2026-05-12,1316.9,1313.0,1339.0,1251.1,1267.0,1265.2,1267.87,184378,2337.68,7770.0,,
SCHNEIDER,BE,2026-05-13,1265.2,1217.0,1320.0,1217.0,1288.0,1281.3,1286.15,124475,1600.94,6151.0,,
SCHNEIDER,BE,2026-05-15,1315.0,1313.0,1318.0,1249.3,1264.9,1264.3,1277.74,70485,900.61,3830.0,,
SCHNEIDER,BE,2026-05-18,1264.3,1255.0,1259.9,1201.1,1201.1,1201.1,1209.68,120688,1459.94,4115.0,,
SCHNEIDER,EQ,2026-05-19,1201.1,1177.9,1261.0,1175.0,1242.5,1244.7,1241.58,150899,1873.53,6169.0,68019.0,45.08
SCHNEIDER,EQ,2026-05-20,1244.7,1230.0,1305.0,1229.9,1300.1,1300.0,1277.42,191605,2447.61,11577.0,98004.0,51.15
SCHNEIDER,EQ,2026-05-21,1300.0,1343.0,1350.1,1295.0,1330.0,1325.3,1328.15,219635,2917.08,9537.0,107713.0,49.04
SCHNEIDER,EQ,2026-05-22,1325.3,1340.0,1367.0,1299.0,1316.0,1307.6,1326.26,210276,2788.8,13031.0,108378.0,51.54
SCHNEIDER,EQ,2026-05-25,1307.6,1328.0,1372.9,1317.7,1371.9,1364.7,1363.37,339190,4624.41,13105.0,192495.0,56.75
SCHNEIDER,EQ,2026-05-27,1376.8,1396.9,1417.8,1361.0,1370.1,1377.6,1393.08,314166,4376.59,16405.0,144780.0,46.08
SCHNEIDER,EQ,2026-05-29,1377.6,1308.8,1308.8,1308.8,1308.8,1308.8,1308.8,341833,4473.91,3340.0,340614.0,99.64
SCHNEIDER,EQ,2026-06-02,1243.4,1181.3,1181.3,1181.3,1181.3,1181.3,1181.3,255152,3014.11,2061.0,215067.0,84.29
SCHNEIDER,EQ,2026-06-04,1122.3,1066.2,1139.0,1066.2,1110.0,1109.8,1095.94,2497722,27373.61,58626.0,1278604.0,51.19
SCHNEIDER,EQ,2026-06-05,1109.8,1144.0,1194.1,1116.0,1167.0,1172.2,1164.05,1581719,18411.96,68177.0,593971.0,37.55
SCHNEIDER,EQ,2026-06-08,1172.2,1149.0,1175.8,1101.1,1134.0,1142.9,1149.61,568036,6530.21,38120.0,252744.0,44.49
SCHNEIDER,EQ,2026-06-09,1142.9,1160.4,1160.4,1087.7,1100.0,1097.8,1114.52,418302,4662.05,31245.0,207340.0,49.57
SCHNEIDER,EQ,2026-06-10,1097.8,1099.9,1120.2,1076.2,1085.0,1082.9,1092.97,508589,5558.74,40325.0,265224.0,52.15
SCHNEIDER,EQ,2026-06-11,1082.9,1071.5,1105.3,1071.0,1089.0,1089.3,1090.32,846094,9225.14,28795.0,619641.0,73.24
SCHNEIDER,EQ,2026-06-12,1089.3,1111.2,1116.3,1073.5,1107.0,1105.7,1093.1,297061,3247.17,16502.0,155529.0,52.36
SCHNEIDER,EQ,2026-06-15,1105.7,1123.7,1216.2,1100.0,1216.2,1216.2,1178.12,990270,11666.53,40732.0,356264.0,35.98
SCHNEIDER,EQ,2026-06-16,1216.2,1246.2,1257.9,1150.0,1189.0,1181.4,1205.49,928140,11188.66,49997.0,303830.0,32.74
SCHNEIDER,EQ,2026-06-17,1181.4,1175.2,1274.8,1175.2,1265.0,1266.6,1244.03,1156564,14388.04,50982.0,362735.0,31.36
SCHNEIDER,EQ,2026-06-18,1266.6,1266.6,1315.0,1236.8,1298.0,1301.0,1283.78,623107,7999.32,36526.0,258120.0,41.42
SCHNEIDER,EQ,2026-06-23,1395.5,1405.0,1448.5,1405.0,1448.5,1442.2,1437.44,807652,11609.49,40420.0,448152.0,55.49
SCHNEIDER,EQ,2026-06-24,1442.2,1448.5,1468.7,1365.4,1372.0,1373.9,1409.44,716026,10091.97,46215.0,387443.0,54.11
SCHNEIDER,EQ,2026-06-25,1373.9,1387.9,1399.0,1331.1,1348.9,1335.3,1360.91,334576,4553.28,23684.0,148340.0,44.34
SCHNEIDER,EQ,2026-06-29,1335.3,1336.0,1468.8,1320.0,1432.0,1453.6,1426.92,1534958,21902.68,74634.0,738086.0,48.09
SCHNEIDER,EQ,2026-06-30,1453.6,1450.0,1450.0,1355.0,1362.5,1360.2,1378.71,634511,8748.07,36624.0,320917.0,50.58
SCHNEIDER,EQ,2026-07-01,1360.2,1385.7,1414.8,1370.0,1389.8,1387.0,1393.88,405697,5654.92,26711.0,141823.0,34.96
SCHNEIDER,EQ,2026-07-03,1453.9,1457.5,1492.1,1423.0,1475.0,1481.6,1466.14,962692,14114.42,55304.0,453355.0,47.09
SCHNEIDER,EQ,2026-07-07,1501.0,1509.9,1510.0,1474.1,1500.0,1492.6,1489.31,411112,6122.72,27812.0,256281.0,62.34
SCHNEIDER,EQ,2026-07-08,1492.6,1484.8,1548.0,1467.0,1506.0,1496.6,1509.74,634177,9574.45,53944.0,258744.0,40.8
SCHNEIDER,EQ,2026-07-13,1414.2,1410.0,1443.6,1369.2,1381.8,1378.3,1402.85,255101,3578.7,22299.0,106368.0,41.7
SCHNEIDER,EQ,2026-07-14,1378.3,1380.0,1384.9,1333.0,1336.0,1335.9,1350.66,273978,3700.52,24672.0,148551.0,54.22
SCHNEIDER,EQ,2026-07-16,1360.3,1369.9,1369.9,1318.9,1334.0,1326.8,1339.07,193975,2597.45,20325.0,83775.0,43.19
SCHNEIDER,EQ,2026-07-17,1326.8,1326.8,1335.3,1271.0,1280.0,1278.5,1287.23,223591,2878.12,21361.0,130077.0,58.18
SCHNEIDER,EQ,2026-07-20,1278.5,1271.5,1348.7,1263.1,1336.9,1341.0,1329.54,321000,4267.81,28725.0,107832.0,33.59
SCHNEIDER,EQ,2026-07-21,1341.0,1339.7,1374.0,1322.9,1358.0,1358.3,1356.54,259223,3516.48,24206.0,98911.0,38.16
SCHNEIDER,EQ,2026-07-22,1358.3,1365.0,1376.5,1331.3,1341.8,1342.3,1345.64,130001,1749.35,12649.0,60568.0,46.59
SCHNEIDER,EQ,2026-07-23,1342.3,1349.0,1352.8,1330.0,1346.0,1341.4,1339.77,109066,1461.23,10384.0,63824.0,58.52
SCHNEIDER,EQ,2026-07-24,1341.4,1339.9,1372.7,1322.4,1347.4,1352.6,1350.39,130128,1757.24,16883.0,59966.0,46.08
SCHNEIDER,EQ,2026-07-27,1352.6,1360.0,1368.8,1320.0,1346.8,1352.0,1345.26,190172,2558.3,22589.0,87968.0,46.26
SCHNEIDER,EQ,2026-07-29,1332.7,1350.0,1350.0,1276.0,1277.0,1280.9,1299.77,264639,3439.69,20577.0,141477.0,53.46
SCHNEIDER,EQ,2026-07-31,1298.4,1315.0,1391.0,1307.0,1356.0,1355.3,1368.22,895818,12256.72,49389.0,393192.0,43.89
SCHNEIDER,EQ,2026-08-03,1355.3,1370.0,1378.5,1339.5,1341.0,1346.1,1356.64,198032,2686.58,17894.0,97623.0,49.3
SCHNEIDER,EQ,2026-08-04,1346.1,1341.1,1375.0,1328.6,1328.6,1333.9,1353.05,148573,2010.26,15184.0,69236.0,46.6
SCHNEIDER,EQ,2026-08-05,1333.9,1346.0,1369.5,1335.0,1356.0,1352.5,1357.64,120483,1635.72,12650.0,60461.0,50.18
SCHNEIDER,EQ,2026-08-07,1335.2,1343.1,1374.0,1338.3,1350.0,1354.8,1360.58,179521,2442.52,15764.0,85528.0,47.64
SCHNEIDER,EQ,2026-08-10,1354.8,1358.3,1432.0,1341.0,1427.0,1424.9,1393.65,921329,12840.09,64068.0,336635.0,36.54
SCHNEIDER,EQ,2026-08-11,1424.9,1432.0,1444.5,1380.2,1402.5,1403.3,1401.92,289741,4061.93,21791.0,118460.0,40.88
SCHNEIDER,EQ,2026-08-13,1431.9,1425.0,1449.0,1372.5,1384.1,1379.1,1399.0,275292,3851.34,25608.0,140722.0,51.12
SCHNEIDER,EQ,2026-08-14,1379.1,1370.3,1419.9,1358.0,1370.2,1369.2,1379.73,347152,4789.75,32933.0,187228.0,53.93
SCHNEIDER,EQ,2026-08-17,1369.2,1219.0,1255.0,1185.0,1232.2,1212.2,1215.14,2282209,27732.13,103205.0,736436.0,32.27
SCHNEIDER,EQ,2026-08-18,1212.2,1212.2,1279.9,1212.2,1279.0,1274.4,1262.31,1205149,15212.72,47025.0,440048.0,36.51
SCHNEIDER,EQ,2026-08-19,1274.4,1288.9,1289.0,1226.0,1253.0,1253.8,1244.8,675084,8403.45,32755.0,314966.0,46.66
SCHNEIDER,EQ,2026-08-21,1242.6,1246.0,1262.9,1212.0,1224.0,1217.3,1234.65,242521,2994.28,15893.0,110472.0,45.55
SCHNEIDER,EQ,2026-08-24,1217.3,1220.0,1225.0,1152.6,1158.0,1158.4,1176.86,591556,6961.81,50447.0,345691.0,58.44
SCHNEIDER,EQ,2026-08-25,1158.4,1158.4,1168.8,1134.9,1145.0,1146.4,1148.1,322370,3701.12,24959.0,155770.0,48.32
SCHNEIDER,EQ,2026-08-27,1174.4,1175.8,1214.9,1172.1,1212.0,1207.0,1192.36,302871,3611.32,23112.0,159555.0,52.68
SCHNEIDER,EQ,2026-08-31,1201.9,1203.0,1246.0,1173.9,1226.7,1219.2,1201.86,355115,4268.0,21486.0,219444.0,61.8
SCHNEIDER,EQ,2026-09-01,1219.2,1230.0,1231.4,1163.4,1183.0,1188.3,1189.08,379659,4514.44,38702.0,203160.0,53.51
SCHNEIDER,EQ,2026-09-02,1188.3,1185.0,1185.0,1150.0,1163.6,1169.5,1162.73,190208,2211.6,16037.0,89153.0,46.87
SCHNEIDER,EQ,2026-09-03,1169.5,1169.5,1202.2,1158.0,1193.1,1191.0,1182.59,351366,4155.23,21026.0,166968.0,47.52
SCHNEIDER,EQ,2026-09-04,1191.0,1198.0,1235.7,1192.2,1224.2,1232.4,1219.2,255402,3113.86,20576.0,129593.0,50.74
SCHNEIDER,EQ,2026-09-07,1232.4,1224.2,1228.8,1190.0,1198.0,1193.6,1205.38,134222,1617.88,12881.0,57655.0,42.95
SCHNEIDER,EQ,2026-09-08,1193.6,1193.6,1235.3,1186.4,1224.6,1229.7,1215.5,180626,2195.51,14404.0,73970.0,40.95
SCHNEIDER,EQ,2026-09-09,1229.7,1229.7,1235.0,1186.0,1190.0,1193.8,1201.58,184315,2214.69,13305.0,99178.0,53.81
SCHNEIDER,EQ,2026-09-10,1193.8,1199.7,1202.3,1170.4,1193.0,1194.9,1180.0,223993,2643.12,14785.0,94393.0,42.14
SCHNEIDER,EQ,2026-09-11,1194.9,1180.0,1237.0,1168.0,1225.0,1227.0,1216.13,261523,3180.45,19296.0,87697.0,36.46
SCHNEIDER,EQ,2026-09-16,1193.1,1193.1,1215.0,1169.1,1199.0,1198.6,1195.76,304100,3636.32,40883.0,171107.0,56.27
SCHNEIDER,EQ,2026-09-18,1201.9,1206.6,1244.5,1206.6,1217.2,1213.5,1223.53,316226,3869.11,31593.0,191128.0,60.44
SIEMENS,EQ,2025-09-25,3201.0,3199.9,3222.0,3145.4,3161.1,3156.3,3180.56,180638,5745.3,30303.0,86863.0,48.09
SIEMENS,EQ,2025-09-26,3156.3,3156.0,3156.0,3075.0,3104.0,3096.3,3110.33,246575,7669.3,27474.0,98124.0,39.79
SIEMENS,EQ,2025-09-30,3105.2,3105.2,3137.7,3098.0,3121.0,3129.2,3121.12,315843,9857.83,23353.0,212310.0,67.22
SIEMENS,EQ,2025-10-01,3129.2,3135.0,3158.4,3094.1,3127.9,3121.5,3118.71,195465,6095.98,19726.0,98175.0,50.23
SIEMENS,EQ,2025-10-07,3251.7,3250.0,3262.2,3208.0,3246.0,3250.8,3243.06,221931,7197.35,24411.0,108035.0,48.68
SIEMENS,EQ,2025-10-08,3250.8,3250.0,3270.0,3202.9,3205.1,3216.8,3221.89,204414,6585.99,33215.0,111670.0,54.63
SIEMENS,EQ,2025-10-09,3216.8,3205.2,3225.0,3170.0,3183.0,3178.4,3184.55,129907,4136.95,18212.0,54183.0,41.71
SIEMENS,EQ,2025-10-14,3077.5,3080.0,3119.9,3063.5,3100.0,3107.3,3100.75,364449,11300.66,20508.0,219839.0,60.32
SIEMENS,EQ,2025-10-15,3107.3,3111.0,3145.0,3097.0,3118.0,3118.6,3125.77,208170,6506.91,24709.0,91999.0,44.19
SIEMENS,EQ,2025-10-16,3118.6,3118.0,3150.0,3103.8,3120.2,3119.0,3125.14,415106,12972.66,28147.0,245623.0,59.17
SIEMENS,EQ,2025-10-17,3119.0,3115.0,3142.4,3101.5,3123.0,3121.2,3121.16,221425,6911.04,18500.0,117680.0,53.15
SIEMENS,EQ,2025-10-20,3121.2,3124.9,3144.1,3093.0,3098.0,3096.8,3115.75,91651,2855.62,13916.0,41176.0,44.93
SIEMENS,EQ,2025-10-21,3096.8,3124.0,3124.0,3099.0,3105.1,3102.9,3105.41,37003,1149.1,4501.0,21811.0,58.94
SIEMENS,EQ,2025-10-24,3149.9,3150.0,3175.0,3121.0,3160.0,3152.2,3155.68,202470,6389.31,15436.0,115868.0,57.23
SIEMENS,EQ,2025-10-28,3159.9,3169.0,3169.0,3078.2,3115.0,3109.7,3114.17,266222,8290.6,26147.0,103985.0,39.06
SIEMENS,EQ,2025-10-29,3109.7,3122.0,3165.4,3111.0,3162.0,3148.7,3145.55,197714,6219.2,13931.0,113503.0,57.41
SIEMENS,EQ,2025-11-03,3096.3,3099.9,3143.8,3095.0,3125.1,3127.5,3123.42,132017,4123.44,15063.0,54609.0,41.37
SIEMENS,EQ,2025-11-06,3119.6,3109.9,3127.4,3071.5,3084.0,3083.5,3094.17,297842,9215.73,22025.0,179987.0,60.43
SIEMENS,EQ,2025-11-07,3083.5,3085.0,3085.1,3005.0,3030.0,3033.4,3036.9,304289,9240.95,26807.0,176734.0,58.08
SIEMENS,EQ,2025-11-10,3033.4,3033.4,3088.0,3003.1,3053.0,3054.4,3040.68,465289,14147.95,35232.0,262658.0,56.45
SIEMENS,EQ,2025-11-11,3054.4,3064.0,3069.9,3007.1,3025.3,3022.0,3022.71,214908,6496.05,22206.0,98840.0,45.99
SIEMENS,EQ,2025-11-12,3022.0,3050.0,3068.4,3017.7,3068.0,3056.6,3039.56,284010,8632.66,20521.0,146648.0,51.63
SIEMENS,EQ,2025-11-14,3066.1,3070.0,3105.0,3037.7,3093.4,3084.2,3079.34,284674,8766.08,22742.0,128858.0,45.27
SIEMENS,EQ,2025-11-17,3084.2,3093.4,3242.0,3093.4,3238.0,3232.6,3196.26,1556685,49755.71,82532.0,618299.0,39.72
SIEMENS,EQ,2025-11-18,3232.6,3244.8,3269.9,3201.3,3249.0,3249.5,3239.9,596935,19340.12,39863.0,249204.0,41.75
SIEMENS,EQ,2025-11-19,3249.5,3222.0,3246.0,3186.1,3210.0,3211.5,3218.69,336775,10839.74,27048.0,163903.0,48.67
SIEMENS,EQ,2025-11-20,3211.5,3220.0,3243.8,3205.7,3212.0,3216.3,3221.9,344112,11086.96,34931.0,161329.0,46.88
SIEMENS,EQ,2025-11-21,3216.3,3205.0,3214.9,3146.0,3168.0,3173.5,3175.38,424858,13490.84,32818.0,228199.0,53.71
SIEMENS,EQ,2025-11-24,3173.5,3174.9,3184.5,3147.0,3165.6,3163.9,3165.89,597847,18927.17,37799.0,375780.0,62.86
SIEMENS,EQ,2025-11-26,3181.1,3195.0,3332.6,3184.8,3310.0,3318.8,3301.65,1149408,37949.47,75904.0,505571.0,43.99
SIEMENS,EQ,2025-11-27,3318.8,3310.0,3316.6,3266.2,3302.0,3312.1,3296.62,269573,8886.79,22254.0,121115.0,44.93
SIEMENS,EQ,2025-11-28,3312.1,3309.0,3311.9,3285.0,3300.0,3297.0,3297.16,186409,6146.2,13708.0,99207.0,53.22
SIEMENS,EQ,2025-12-01,3297.0,3324.9,3324.9,3274.4,3316.0,3310.2,3301.05,194610,6424.17,21076.0,102312.0,52.57
SIEMENS,EQ,2025-12-02,3310.2,3310.2,3384.0,3301.1,3359.3,3361.0,3353.92,744346,24964.8,53750.0,395071.0,53.08
SIEMENS,EQ,2025-12-03,3361.0,3372.1,3374.6,3308.8,3330.0,3329.9,3338.06,368000,12284.07,29669.0,212405.0,57.72
SIEMENS,EQ,2025-12-05,3362.5,3362.5,3374.0,3280.6,3320.0,3325.9,3327.14,287226,9556.4,23464.0,127808.0,44.5
SIEMENS,EQ,2025-12-08,3325.9,3325.9,3325.9,3192.5,3196.1,3204.2,3231.6,308854,9980.92,26066.0,141734.0,45.89
SIEMENS,EQ,2025-12-09,3204.2,3200.0,3210.0,3125.0,3136.0,3142.8,3148.98,387788,12211.39,34666.0,161746.0,41.71
SIEMENS,EQ,2025-12-10,3142.8,3150.0,3183.3,3105.2,3181.0,3179.9,3151.51,358536,11299.31,27138.0,127571.0,35.58
SIEMENS,EQ,2025-12-15,3144.6,3142.1,3188.5,3100.1,3155.0,3157.8,3148.65,810524,25520.57,57223.0,498214.0,61.47
SIEMENS,EQ,2025-12-16,3157.8,3157.8,3175.0,3130.7,3165.7,3161.4,3155.21,255211,8052.43,24330.0,131222.0,51.42
SIEMENS,EQ,2025-12-18,3140.1,3132.0,3132.0,3051.9,3080.0,3074.0,3081.69,489930,15098.11,28799.0,278737.0,56.89
SIEMENS,EQ,2025-12-19,3074.0,3067.0,3122.0,3065.0,3119.8,3111.6,3104.28,488781,15173.11,30763.0,312774.0,63.99
SIEMENS,EQ,2025-12-23,3140.0,3141.4,3141.4,3107.5,3134.0,3134.2,3128.89,219121,6856.06,11882.0,111004.0,50.66
SIEMENS,EQ,2025-12-24,3134.2,3134.2,3147.0,3090.0,3090.0,3098.0,3121.6,255036,7961.2,20678.0,105320.0,41.3
SIEMENS,EQ,2025-12-26,3098.0,3098.0,3123.0,3088.4,3105.0,3100.9,3107.7,229163,7121.71,16960.0,127092.0,55.46
SIEMENS,EQ,2025-12-29,3100.9,3100.9,3108.3,3050.0,3059.0,3054.3,3074.43,157194,4832.82,18866.0,56524.0,35.96
SIEMENS,EQ,2025-12-30,3054.3,3056.1,3063.5,2993.4,3030.2,3029.5,3018.96,406282,12265.49,30428.0,219431.0,54.01
SIEMENS,EQ,2025-12-31,3029.5,3045.0,3080.0,3031.6,3074.8,3063.3,3062.82,114705,3513.21,9898.0,60598.0,52.83
SIEMENS,EQ,2026-01-01,3063.3,3072.0,3095.7,3050.2,3094.8,3091.3,3074.59,68164,2095.76,7377.0,17436.0,25.58
SIEMENS,EQ,2026-01-02,3091.3,3094.8,3117.2,3058.4,3100.0,3097.7,3088.19,283939,8768.57,29744.0,147213.0,51.85
SIEMENS,EQ,2026-01-06,3086.6,3089.0,3132.0,3058.4,3120.7,3128.1,3099.23,374745,11614.2,32558.0,203468.0,54.3
SIEMENS,EQ,2026-01-07,3128.1,3120.0,3138.4,3090.0,3131.8,3133.6,3117.28,190568,5940.54,20195.0,87362.0,45.84
SIEMENS,EQ,2026-01-08,3133.6,3130.0,3152.5,2990.8,3000.0,3009.5,3036.54,581946,17671.0,39849.0,282941.0,48.62
SIEMENS,EQ,2026-01-09,3009.5,3013.0,3108.0,2985.0,3025.0,3043.8,3066.57,587723,18022.92,35774.0,195153.0,33.2
SIEMENS,EQ,2026-01-12,3043.8,3035.0,3035.0,2925.0,2987.9,2980.8,2965.89,423168,12550.68,40271.0,134599.0,31.81
SIEMENS,EQ,2026-01-13,2980.8,3014.0,3015.1,2930.4,2942.1,2947.7,2963.25,561556,16640.33,29265.0,311419.0,55.46
SIEMENS,EQ,2026-01-14,2947.7,2950.0,2986.0,2930.5,2963.8,2970.8,2966.96,148958,4419.52,13806.0,60101.0,40.35
SIEMENS,EQ,2026-01-19,2919.2,2919.9,2975.9,2910.1,2947.7,2952.6,2942.76,219839,6469.33,20047.0,102330.0,46.55
SIEMENS,EQ,2026-01-20,2952.6,2942.0,2950.0,2837.6,2855.0,2848.6,2891.19,203479,5882.96,23082.0,73143.0,35.95
SIEMENS,EQ,2026-01-21,2848.6,2848.2,2895.9,2826.0,2895.5,2884.5,2859.99,291591,8339.48,19424.0,122926.0,42.16
SIEMENS,EQ,2026-01-23,2928.2,2928.0,2942.6,2890.0,2900.0,2900.4,2907.44,281797,8193.07,23489.0,177724.0,63.07
SIEMENS,EQ,2026-01-28,2894.0,2891.0,2989.0,2887.0,2978.1,2980.8,2954.57,249534,7372.65,20699.0,109755.0,43.98
SIEMENS,EQ,2026-01-30,3096.3,3092.6,3115.0,3052.3,3088.0,3101.3,3091.37,242521,7497.23,24055.0,122015.0,50.31
SIEMENS,EQ,2026-02-02,2981.8,2984.9,3098.0,2972.6,3095.0,3089.9,3041.11,211371,6428.04,20518.0,77283.0,36.56
SIEMENS,EQ,2026-02-03,3089.9,3160.0,3249.0,3159.9,3215.0,3211.7,3217.07,555228,17862.07,37753.0,257642.0,46.4
SIEMENS,EQ,2026-02-04,3211.7,3246.0,3321.0,3190.0,3290.0,3290.5,3291.79,466540,15357.53,36973.0,217592.0,46.64
SIEMENS,EQ,2026-02-06,3300.0,3288.0,3324.4,3132.0,3139.0,3176.2,3219.98,851068,27404.24,75435.0,154497.0,18.15
SIEMENS,EQ,2026-02-09,3176.2,3115.1,3138.8,3036.7,3109.0,3109.0,3097.86,643425,19932.41,49808.0,139506.0,21.68
SIEMENS,EQ,2026-02-10,3109.0,3126.0,3140.2,3094.0,3113.0,3111.5,3114.51,223168,6950.59,18683.0,91256.0,40.89
SIEMENS,EQ,2026-02-11,3111.5,3119.9,3158.0,3105.1,3148.0,3151.6,3136.46,191571,6008.54,18821.0,80182.0,41.85
SIEMENS,EQ,2026-02-12,3151.6,3160.0,3165.8,3114.7,3151.0,3148.5,3145.23,410311,12905.23,30448.0,221930.0,54.09
SIEMENS,EQ,2026-02-13,3148.5,3131.0,3184.5,3083.1,3113.0,3116.5,3129.64,411114,12866.37,29117.0,197908.0,48.14
SIEMENS,EQ,2026-02-16,3116.5,3116.5,3226.0,3083.1,3216.0,3215.6,3165.22,293293,9283.37,26691.0,107454.0,36.64
SIEMENS,EQ,2026-02-17,3215.6,3212.0,3262.0,3162.6,3187.0,3186.4,3204.04,274307,8788.92,22960.0,78907.0,28.77
SIEMENS,EQ,2026-02-18,3186.4,3198.9,3214.7,3170.5,3186.0,3187.9,3191.42,159481,5089.71,17014.0,66341.0,41.6
SIEMENS,EQ,2026-02-23,3206.2,3210.1,3317.0,3201.0,3301.0,3302.2,3265.19,756804,24711.09,37111.0,385065.0,50.88
SIEMENS,EQ,2026-02-24,3302.2,3305.0,3391.9,3274.2,3371.5,3365.6,3327.08,532121,17704.1,36975.0,197274.0,37.07
SIEMENS,EQ,2026-02-26,3350.8,3365.0,3373.8,3328.4,3334.1,3336.9,3348.56,153440,5138.04,13762.0,44810.0,29.2
SIEMENS,EQ,2026-02-27,3336.9,3336.0,3440.0,3271.8,3428.0,3418.6,3387.72,857596,29052.95,67731.0,324368.0,37.82
SIEMENS,EQ,2026-03-02,3418.6,3396.2,3396.3,3295.2,3321.9,3341.6,3344.85,598519,20019.54,47884.0,221583.0,37.02
SIEMENS,EQ,2026-03-04,3341.6,3285.0,3285.0,3141.7,3150.0,3161.0,3194.07,424094,13545.86,38088.0,169359.0,39.93
SIEMENS,EQ,2026-03-05,3161.0,3172.0,3236.0,3170.1,3216.8,3215.7,3205.9,277723,8903.53,26905.0,87497.0,31.51
SIEMENS,EQ,2026-03-06,3215.7,3215.1,3318.9,3177.5,3269.9,3268.9,3281.33,384941,12631.17,36058.0,121673.0,31.61
SIEMENS,EQ,2026-03-09,3268.9,3180.0,3246.8,3130.0,3219.1,3228.9,3195.44,292747,9354.54,30571.0,88058.0,30.08
SIEMENS,EQ,2026-03-12,3272.2,3249.5,3349.6,3219.6,3324.8,3324.7,3306.94,361947,11969.38,29560.0,104826.0,28.96
SIEMENS,EQ,2026-03-13,3324.7,3324.0,3361.9,3195.9,3217.0,3207.6,3265.98,312590,10209.14,30478.0,88062.0,28.17
SIEMENS,EQ,2026-03-16,3207.6,3220.0,3233.1,3101.0,3152.8,3149.6,3139.77,681618,21401.26,37813.0,133449.0,19.58
SIEMENS,EQ,2026-03-18,3173.5,3180.0,3231.6,3144.0,3211.0,3220.9,3207.67,203255,6519.76,18627.0,57303.0,28.19
SIEMENS,EQ,2026-03-19,3220.9,3175.0,3175.0,3066.0,3078.9,3079.0,3103.4,410905,12752.01,29921.0,182100.0,44.32
SIEMENS,EQ,2026-03-23,3129.6,3110.0,3110.0,2937.0,3000.0,2988.3,2999.17,524215,15722.09,40955.0,195272.0,37.25
SIEMENS,EQ,2026-03-24,2988.3,3069.9,3070.0,2980.0,2995.1,3001.8,3017.32,563273,16995.73,34345.0,210815.0,37.43
SIEMENS,EQ,2026-03-27,3101.3,3096.0,3105.0,3010.0,3045.4,3048.9,3051.9,499098,15231.95,54818.0,217562.0,43.59
SIEMENS,EQ,2026-03-30,3048.9,2997.6,3020.3,2923.1,2930.0,2935.0,2964.57,480280,14238.22,37476.0,232772.0,48.47
SIEMENS,EQ,2026-04-01,2935.0,3010.0,3072.3,2985.7,3025.0,3017.0,3028.39,276980,8388.03,22653.0,103976.0,37.54
SIEMENS,EQ,2026-04-07,3048.0,3053.4,3084.0,2992.8,3080.0,3075.5,3049.07,184684,5631.14,18720.0,60306.0,32.65
SIEMENS,EQ,2026-04-08,3075.5,3180.0,3245.6,3147.0,3231.0,3226.1,3191.16,398432,12714.61,32112.0,170217.0,42.72
SIEMENS,EQ,2026-04-09,3226.1,3230.9,3255.0,3181.0,3223.0,3222.5,3220.99,279120,8990.42,21014.0,109816.0,39.34
SIEMENS,EQ,2026-04-10,3222.5,3234.4,3402.4,3232.0,3390.0,3388.5,3353.01,625209,20963.31,40721.0,221691.0,35.46
SIEMENS,EQ,2026-04-13,3388.5,3340.0,3375.5,3275.5,3338.0,3343.5,3344.22,329882,11031.97,24682.0,97073.0,29.43
SIEMENS,EQ,2026-04-15,3343.5,3400.0,3590.0,3365.6,3584.0,3576.1,3518.88,2134727,75118.54,83504.0,785981.0,36.82
SIEMENS,EQ,2026-04-16,3576.1,3600.0,3619.3,3532.8,3569.9,3563.8,3570.64,1020682,36444.87,59015.0,368510.0,36.1
SIEMENS,EQ,2026-04-17,3563.8,3589.0,3718.9,3565.0,3702.0,3707.9,3667.54,1034058,37924.47,61077.0,337131.0,32.6
SIEMENS,EQ,2026-04-20,3707.9,3702.0,3778.5,3659.5,3710.0,3709.0,3729.33,659226,24584.74,40180.0,236383.0,35.86
SIEMENS,EQ,2026-04-22,3721.7,3709.0,3885.0,3706.6,3825.2,3844.3,3822.71,882278,33726.95,58776.0,290773.0,32.96
SIEMENS,EQ,2026-04-23,3844.3,3849.0,3901.0,3811.5,3860.9,3864.4,3863.62,663008,25616.11,41574.0,228604.0,34.48
SIEMENS,EQ,2026-04-24,3864.4,3882.0,3893.6,3767.9,3817.0,3808.9,3813.5,315661,12037.73,21422.0,84253.0,26.69
SIEMENS,EQ,2026-04-27,3808.9,3830.5,3881.0,3797.0,3850.0,3856.0,3850.14,309453,11914.36,26242.0,105922.0,34.23
SIEMENS,EQ,2026-04-28,3856.0,3856.0,3892.0,3805.5,3835.0,3827.3,3834.92,267852,10271.9,22832.0,126758.0,47.32
SIEMENS,EQ,2026-04-29,3827.3,3850.0,3870.0,3765.6,3777.0,3776.8,3812.88,204618,7801.83,25284.0,81517.0,39.84
SIEMENS,EQ,2026-04-30,3776.8,3790.0,3847.6,3734.5,3825.0,3808.2,3803.02,474246,18035.67,43496.0,185351.0,39.08
SIEMENS,EQ,2026-05-04,3808.2,3850.0,3930.0,3820.0,3847.0,3834.1,3882.01,813487,31579.62,64561.0,287400.0,35.33
SIEMENS,EQ,2026-05-06,3846.6,3880.0,3885.0,3783.0,3833.0,3841.8,3826.7,330665,12653.55,23200.0,145701.0,44.06
SIEMENS,EQ,2026-05-07,3841.8,3860.0,3895.5,3792.9,3865.3,3871.5,3858.11,315030,12154.21,24902.0,134283.0,42.63
SIEMENS,EQ,2026-05-08,3871.5,3871.6,3906.9,3786.0,3834.0,3822.6,3823.31,366353,14006.81,34564.0,149788.0,40.89
SIEMENS,EQ,2026-05-12,3605.6,3605.0,3644.8,3555.8,3595.8,3574.4,3599.02,385531,13875.32,35626.0,171334.0,44.44
SIEMENS,EQ,2026-05-13,3574.4,3574.4,3628.5,3518.2,3541.1,3532.2,3559.09,396807,14122.73,35770.0,171519.0,43.22
SIEMENS,EQ,2026-05-15,3693.8,3724.5,3724.5,3575.0,3595.8,3587.9,3620.83,284206,10290.62,28291.0,90259.0,31.76
SIEMENS,EQ,2026-05-18,3587.9,3572.0,3572.0,3454.5,3515.8,3535.1,3502.61,305148,10688.14,24449.0,108707.0,35.62
SIEMENS,EQ,2026-05-19,3535.1,3540.0,3593.9,3518.8,3545.0,3550.9,3562.29,213583,7608.44,23819.0,75870.0,35.52
SIEMENS,EQ,2026-05-20,3550.9,3524.0,3705.0,3493.1,3705.0,3696.4,3635.66,507079,18435.68,34501.0,133535.0,26.33
SIEMENS,EQ,2026-05-21,3696.4,3739.0,3780.0,3710.8,3723.0,3720.6,3744.35,346583,12977.3,27633.0,86530.0,24.97
SIEMENS,EQ,2026-05-22,3720.6,3720.6,3834.0,3714.0,3812.2,3811.7,3786.96,534453,20239.53,37805.0,168849.0,31.59
SIEMENS,EQ,2026-05-25,3811.7,3836.4,3878.5,3658.0,3669.0,3667.5,3752.13,471211,17680.46,39165.0,136573.0,28.98
SIEMENS,EQ,2026-05-27,3677.2,3569.7,3909.9,3543.3,3897.9,3878.7,3787.42,1738785,65855.16,97146.0,327936.0,18.86
SIEMENS,EQ,2026-05-29,3878.7,3859.7,3937.3,3744.6,3840.0,3844.0,3849.87,2024437,77938.26,97228.0,974725.0,48.15
SIEMENS,EQ,2026-06-02,3711.3,3712.7,3756.9,3639.6,3735.0,3729.7,3703.24,628712,23282.7,44357.0,268381.0,42.69
SIEMENS,EQ,2026-06-04,3709.6,3719.0,3765.0,3679.1,3680.0,3686.9,3716.34,341821,12703.22,24751.0,96632.0,28.27
SIEMENS,EQ,2026-06-05,3686.9,3695.0,3724.9,3647.1,3700.0,3700.8,3686.02,343897,12676.1,27603.0,119923.0,34.87
SIEMENS,EQ,2026-06-08,3700.8,3620.0,3675.0,3568.1,3576.0,3624.0,3632.4,449233,16317.94,29093.0,204778.0,45.58
SIEMENS,EQ,2026-06-09,3624.0,3623.9,3630.0,3573.1,3619.5,3619.8,3609.04,323100,11660.82,23849.0,96016.0,29.72
SIEMENS,EQ,2026-06-10,3619.8,3634.0,3635.7,3555.1,3555.1,3582.7,3591.06,600841,21576.57,41365.0,308886.0,51.41
SIEMENS,EQ,2026-06-11,3582.7,3555.8,3586.0,3501.0,3528.0,3522.0,3530.74,249193,8798.35,28110.0,95818.0,38.45
SIEMENS,EQ,2026-06-12,3522.0,3590.0,3599.7,3518.0,3568.0,3569.6,3552.25,223315,7932.71,17373.0,83100.0,37.21
SIEMENS,EQ,2026-06-15,3569.6,3630.0,3650.0,3582.7,3599.1,3601.8,3616.58,367596,13294.39,23267.0,132132.0,35.94
SIEMENS,EQ,2026-06-16,3601.8,3611.0,3669.0,3604.4,3638.0,3636.9,3641.87,325257,11845.45,18884.0,76469.0,23.51
SIEMENS,EQ,2026-06-17,3636.9,3661.0,3737.8,3626.0,3722.0,3725.4,3686.06,401570,14802.12,31491.0,145406.0,36.21
SIEMENS,EQ,2026-06-18,3725.4,3735.0,3755.0,3686.4,3746.1,3746.2,3723.89,342772,12764.45,24786.0,151478.0,44.19
SIEMENS,EQ,2026-06-23,3767.8,3770.0,3807.7,3654.0,3681.0,3685.9,3717.09,303345,11275.61,23491.0,111756.0,36.84
SIEMENS,EQ,2026-06-24,3685.9,3688.0,3710.4,3550.1,3558.0,3561.5,3601.11,326149,11744.98,47083.0,120464.0,36.94
SIEMENS,EQ,2026-06-25,3561.5,3581.3,3665.0,3571.6,3633.0,3627.9,3634.76,504071,18321.79,31996.0,228817.0,45.39
SIEMENS,EQ,2026-06-29,3627.9,3650.0,3668.4,3561.1,3586.0,3573.1,3595.89,402739,14482.05,32453.0,194509.0,48.3
SIEMENS,EQ,2026-06-30,3573.1,3600.4,3616.3,3576.7,3602.2,3599.9,3600.86,301665,10862.52,18460.0,177123.0,58.72
SIEMENS,EQ,2026-07-01,3599.9,3606.1,3630.0,3550.0,3559.1,3560.7,3582.31,313455,11228.93,18400.0,173733.0,55.43
SIEMENS,EQ,2026-07-03,3580.4,3590.0,3599.2,3497.5,3542.5,3536.3,3529.36,433734,15308.02,38023.0,170209.0,39.24
SIEMENS,EQ,2026-07-07,3571.6,3574.0,3584.9,3450.0,3495.7,3495.0,3490.22,379280,13237.7,31938.0,143339.0,37.79
SIEMENS,EQ,2026-07-08,3495.0,3479.1,3502.0,3398.1,3450.0,3446.1,3452.99,358879,12392.07,21411.0,159841.0,44.54
SIEMENS,EQ,2026-07-13,3496.5,3479.3,3498.0,3440.5,3482.0,3477.8,3473.54,231661,8046.83,17678.0,102108.0,44.08
SIEMENS,EQ,2026-07-14,3477.8,3450.0,3525.0,3437.0,3513.0,3510.3,3477.78,224121,7794.43,27081.0,89495.0,39.93
SIEMENS,EQ,2026-07-16,3571.8,3599.0,3855.0,3558.7,3650.0,3657.6,3700.62,1382371,51156.36,109513.0,304214.0,22.01
SIEMENS,EQ,2026-07-17,3657.6,3657.6,3690.2,3614.8,3662.1,3658.8,3664.04,339615,12443.62,29654.0,145428.0,42.82
SIEMENS,EQ,2026-07-20,3658.8,3651.0,3700.0,3617.0,3682.0,3678.4,3666.22,157367,5769.42,16940.0,41679.0,26.49
SIEMENS,EQ,2026-07-21,3678.4,3678.4,3709.3,3631.6,3670.0,3667.8,3658.68,244297,8938.05,28795.0,131060.0,53.65
SIEMENS,EQ,2026-07-22,3667.8,3685.0,3700.0,3632.0,3650.0,3649.4,3670.06,226832,8324.86,17251.0,64907.0,28.61
SIEMENS,EQ,2026-07-23,3649.4,3640.0,3709.0,3617.4,3675.0,3686.3,3682.36,301522,11103.13,27057.0,135708.0,45.01
SIEMENS,EQ,2026-07-24,3686.3,3631.2,3711.6,3622.6,3701.0,3689.8,3672.95,232607,8543.53,24688.0,86463.0,37.17
SIEMENS,EQ,2026-07-27,3689.8,3721.0,3745.0,3690.0,3712.4,3718.0,3715.1,273869,10174.51,22520.0,113655.0,41.5
SIEMENS,EQ,2026-07-29,3681.0,3660.0,3681.1,3576.1,3651.5,3650.8,3644.31,234026,8528.64,19137.0,69464.0,29.68
SIEMENS,EQ,2026-07-31,3658.8,3662.1,3808.4,3662.1,3742.0,3760.0,3770.08,565322,21313.09,40254.0,196413.0,34.74
SIEMENS,EQ,2026-08-03,3760.0,3741.7,3905.0,3694.2,3900.0,3900.0,3866.43,609663,23572.17,40750.0,253730.0,41.62
SIEMENS,EQ,2026-08-04,3900.0,3919.6,4073.8,3919.6,4000.5,4000.5,4015.81,1107988,44494.71,72792.0,254772.0,22.99
SIEMENS,EQ,2026-08-05,4000.5,4035.0,4069.9,3955.0,3980.0,3980.0,4004.82,355546,14238.96,28113.0,149735.0,42.11
SIEMENS,EQ,2026-08-07,3952.0,3955.1,3984.5,3921.0,3940.1,3940.1,3949.38,221514,8748.43,19060.0,77274.0,34.88
SIEMENS,EQ,2026-08-10,3940.1,3940.2,3992.6,3905.0,3914.3,3914.3,3949.87,261301,10321.05,22870.0,106734.0,40.85
SIEMENS,EQ,2026-08-11,3914.3,3924.0,4040.0,3854.6,4011.0,4011.0,3939.63,1266007,49875.96,87740.0,211066.0,16.67
SIEMENS,EQ,2026-08-13,4019.0,4020.0,4024.0,3951.0,3987.0,3987.0,3985.94,233755,9317.34,19572.0,84072.0,35.97
SIEMENS,EQ,2026-08-14,3987.0,3968.1,4052.0,3924.0,3940.0,3940.0,3978.86,299051,11898.83,27852.0,109351.0,36.57
SIEMENS,EQ,2026-08-17,3940.0,3940.0,3966.2,3910.3,3943.0,3943.0,3934.84,201072,7911.87,20224.0,92219.0,45.86
SIEMENS,EQ,2026-08-18,3943.0,3940.2,3988.5,3936.4,3957.0,3957.0,3956.76,120386,4763.38,14309.0,43003.0,35.72
SIEMENS,EQ,2026-08-19,3957.0,3940.0,3956.3,3875.3,3898.9,3898.9,3903.55,146047,5701.02,14970.0,56117.0,38.42
SIEMENS,EQ,2026-08-21,3880.0,3880.0,3960.0,3879.9,3920.0,3920.0,3910.62,373459,14604.55,23970.0,230810.0,61.8
SIEMENS,EQ,2026-08-24,3920.0,3920.0,4118.2,3903.3,4114.0,4114.0,4069.61,1317215,53605.48,91550.0,407450.0,30.93
SIEMENS,EQ,2026-08-25,4114.0,4114.0,4149.4,4060.0,4090.5,4090.5,4097.84,625842,25646.02,37749.0,265593.0,42.44
SIEMENS,EQ,2026-08-27,4043.0,4050.0,4128.8,4050.0,4095.0,4095.0,4090.7,455385,18628.44,48737.0,219429.0,48.19
SIEMENS,EQ,2026-08-31,4089.0,4061.4,4068.7,3997.0,4030.0,4030.0,4030.12,222185,8954.32,19636.0,137515.0,61.89
SIEMENS,EQ,2026-09-01,4030.0,4029.9,4093.2,3975.1,4030.0,4030.0,4041.81,317161,12819.06,28290.0,153434.0,48.38
SIEMENS,EQ,2026-09-02,4030.0,4024.9,4029.0,3966.2,4018.9,4018.9,4001.52,263290,10535.59,27961.0,120492.0,45.76
SIEMENS,EQ,2026-09-03,4018.9,4018.9,4111.9,4008.1,4030.0,4030.0,4055.27,388897,15770.82,38977.0,137661.0,35.4
SIEMENS,EQ,2026-09-04,4030.0,4042.0,4042.0,3974.1,3977.0,3977.0,4002.7,177116,7089.42,15570.0,83360.0,47.07
SIEMENS,EQ,2026-09-07,3977.0,3990.0,3998.1,3904.1,3927.0,3927.0,3939.18,200987,7917.25,20035.0,92883.0,46.21
SIEMENS,EQ,2026-09-08,3927.0,3911.0,3998.8,3911.0,3951.3,3951.3,3970.07,349820,13888.09,19793.0,171460.0,49.01
SIEMENS,EQ,2026-09-09,3951.3,3932.0,4003.0,3911.8,3949.1,3949.1,3964.86,378664,15013.48,27887.0,198305.0,52.37
SIEMENS,EQ,2026-09-10,3949.1,3949.0,3987.9,3905.2,3954.4,3954.4,3930.1,227398,8936.96,14868.0,120230.0,52.87
SIEMENS,EQ,2026-09-11,3954.4,3912.1,3957.0,3858.4,3957.0,3957.0,3915.48,172514,6754.74,15958.0,38048.0,27.0
SIEMENS,EQ,2026-09-16,3770.0,3764.0,3799.3,3682.4,3742.0,3742.0,3747.41,132688,4972.37,16036.0,36323.0,27.37
SIEMENS,EQ,2026-09-18,3763.5,3781.4,3913.9,3770.0,3913.9,3913.9,3831.22,666502,25535.16,35942.0,362487.0,54.39
SIEMENS,EQ,2026-09-24,3886.0,3852.0,3878.3,3825.0,3841.8,3841.8,3854.07,199507,7689.14,21091.0,95549.0,47.89
STARCEMENT,EQ,2025-09-25,270.05,268.65,270.85,260.5,260.55,261.85,264.64,333157,881.67,5864.0,223071.0,66.96
STARCEMENT,EQ,2025-09-26,261.85,261.0,261.75,252.0,254.9,253.05,256.03,260312,666.47,11278.0,152697.0,58.66
STARCEMENT,EQ,2025-09-30,255.75,254.0,256.55,252.0,254.0,254.3,254.04,144826,367.92,5935.0,84140.0,58.1
STARCEMENT,EQ,2025-10-01,254.3,254.3,255.0,250.55,253.45,252.8,252.59,129801,327.87,5501.0,71175.0,54.83
STARCEMENT,EQ,2025-10-07,255.3,254.1,266.8,252.15,261.35,261.0,260.15,468893,1219.81,19687.0,179749.0,38.33
STARCEMENT,EQ,2025-10-08,261.0,263.05,269.95,257.9,266.85,266.7,263.75,550063,1450.81,23730.0,262048.0,47.64
STARCEMENT,EQ,2025-10-09,266.7,268.1,270.2,264.4,265.9,265.95,266.85,245066,653.96,11990.0,119875.0,48.92
STARCEMENT,EQ,2025-10-14,267.15,267.8,269.0,263.5,266.0,266.25,265.89,250592,666.31,12255.0,182966.0,73.01
STARCEMENT,EQ,2025-10-15,266.25,268.0,273.0,257.65,258.25,258.7,262.28,320622,840.93,15098.0,124954.0,38.97
STARCEMENT,EQ,2025-10-16,258.7,258.75,263.5,257.35,258.75,259.55,260.2,201861,525.25,10021.0,106075.0,52.55
STARCEMENT,EQ,2025-10-17,259.55,259.55,261.8,254.95,259.15,257.75,258.68,234851,607.52,10534.0,121920.0,51.91
STARCEMENT,EQ,2025-10-20,257.75,260.35,264.0,254.55,262.15,262.65,260.47,234382,610.5,12612.0,121716.0,51.93
STARCEMENT,EQ,2025-10-21,262.65,262.7,264.3,261.2,262.2,261.85,262.17,32763,85.9,1224.0,21103.0,64.41
STARCEMENT,EQ,2025-10-24,254.8,252.6,255.75,250.25,251.25,251.0,251.85,132817,334.5,5814.0,72170.0,54.34
STARCEMENT,EQ,2025-10-28,254.15,254.55,254.55,250.25,252.0,251.65,252.0,133148,335.53,5032.0,76282.0,57.29
STARCEMENT,EQ,2025-10-29,251.65,251.9,258.75,250.95,256.0,257.15,254.97,142324,362.88,5065.0,79252.0,55.68
STARCEMENT,EQ,2025-11-03,256.9,257.0,261.9,252.0,260.0,259.75,257.57,286999,739.23,9006.0,155775.0,54.28
STARCEMENT,EQ,2025-11-06,251.3,252.95,254.9,245.0,245.3,245.75,249.32,481044,1199.33,14332.0,247819.0,51.52
STARCEMENT,EQ,2025-11-07,245.75,245.2,247.7,241.05,246.8,246.4,243.87,366604,894.03,9762.0,150060.0,40.93
STARCEMENT,EQ,2025-11-10,246.4,246.0,246.65,241.85,243.25,244.65,243.66,211774,516.01,7982.0,124560.0,58.82
STARCEMENT,EQ,2025-11-11,244.65,244.65,244.65,239.85,242.0,242.1,241.71,233751,565.0,8728.0,122592.0,52.45
STARCEMENT,EQ,2025-11-12,242.1,244.0,244.0,237.65,238.05,238.45,239.85,218460,523.98,8344.0,129602.0,59.33
STARCEMENT,EQ,2025-11-14,235.65,235.0,235.0,232.1,234.15,233.95,233.37,182611,426.15,4795.0,106812.0,58.49
STARCEMENT,EQ,2025-11-17,233.95,233.95,238.0,232.5,234.5,235.25,235.6,122498,288.61,5623.0,61705.0,50.37
STARCEMENT,EQ,2025-11-18,235.25,234.1,234.65,228.3,228.85,229.45,230.34,219018,504.49,10450.0,134130.0,61.24
STARCEMENT,EQ,2025-11-19,229.45,229.0,232.8,228.15,229.65,229.35,229.97,150358,345.78,7393.0,82876.0,55.12
STARCEMENT,EQ,2025-11-20,229.35,230.6,232.05,229.0,229.05,229.45,230.49,87432,201.52,3223.0,44417.0,50.8
STARCEMENT,EQ,2025-11-21,229.45,228.0,231.9,222.2,226.2,224.4,225.94,236899,535.24,6108.0,128076.0,54.06
STARCEMENT,EQ,2025-11-24,224.4,226.25,226.3,221.35,223.0,223.7,223.65,173456,387.93,5371.0,104824.0,60.43
STARCEMENT,EQ,2025-11-26,226.45,227.0,231.2,225.2,229.05,229.6,228.25,125641,286.78,4586.0,68065.0,54.17
STARCEMENT,EQ,2025-11-27,229.6,231.7,231.7,226.0,226.9,227.0,227.85,122084,278.16,3431.0,69462.0,56.9
STARCEMENT,EQ,2025-11-28,227.0,226.15,227.85,224.7,226.8,225.4,226.09,79313,179.32,3152.0,48310.0,60.91
STARCEMENT,EQ,2025-12-01,225.4,224.1,230.08,224.1,225.5,227.19,227.1,207197,470.55,6737.0,114301.0,55.17
STARCEMENT,EQ,2025-12-02,227.19,226.3,226.95,223.1,225.0,224.72,224.85,132310,297.5,6654.0,82853.0,62.62
STARCEMENT,EQ,2025-12-03,224.72,225.0,226.25,221.4,221.4,222.16,223.04,105484,235.27,4503.0,60465.0,57.32
STARCEMENT,EQ,2025-12-05,222.52,222.1,224.48,220.84,222.51,222.8,222.63,146043,325.14,5104.0,94668.0,64.82
STARCEMENT,EQ,2025-12-08,222.8,222.86,226.73,213.66,217.0,217.99,220.42,327038,720.86,13434.0,159902.0,48.89
STARCEMENT,EQ,2025-12-09,217.99,216.0,221.0,214.55,220.4,220.47,218.39,106934,233.53,5194.0,58038.0,54.27
STARCEMENT,EQ,2025-12-10,220.47,218.91,221.86,217.0,217.9,217.56,219.11,72862,159.65,4040.0,40454.0,55.52
STARCEMENT,EQ,2025-12-15,221.57,226.0,226.69,221.2,222.6,222.3,223.48,171628,383.55,5471.0,73252.0,42.68
STARCEMENT,EQ,2025-12-16,222.3,222.3,222.56,217.57,219.6,218.68,219.17,115782,253.76,3604.0,76880.0,66.4
STARCEMENT,EQ,2025-12-18,216.68,216.67,218.2,215.17,215.25,215.75,216.11,106426,230.0,3190.0,61038.0,57.35
STARCEMENT,EQ,2025-12-19,215.75,216.0,218.5,214.75,216.0,216.55,215.85,102559,221.38,3514.0,40291.0,39.29
STARCEMENT,EQ,2025-12-23,220.42,220.65,224.0,219.15,223.15,223.43,221.83,173185,384.18,4906.0,80337.0,46.39
STARCEMENT,EQ,2025-12-24,223.43,223.0,228.89,223.0,227.99,227.78,227.12,145798,331.14,4432.0,71346.0,48.93
STARCEMENT,EQ,2025-12-26,227.78,230.9,232.61,225.0,226.45,225.78,228.05,270060,615.87,7411.0,126618.0,46.89
STARCEMENT,EQ,2025-12-29,225.78,225.78,227.6,224.22,224.55,224.75,225.49,101990,229.98,2802.0,57169.0,56.05
STARCEMENT,EQ,2025-12-30,224.75,224.6,224.6,221.0,221.5,221.56,222.39,106790,237.49,3773.0,64232.0,60.15
STARCEMENT,EQ,2025-12-31,221.56,221.25,226.71,221.25,224.5,225.51,224.74,92167,207.13,3599.0,52613.0,57.08
STARCEMENT,EQ,2026-01-01,225.51,225.0,225.08,221.75,222.8,222.17,222.57,87386,194.49,6036.0,57241.0,65.5
STARCEMENT,EQ,2026-01-02,222.17,222.0,223.69,221.1,222.22,222.51,222.34,142533,316.91,7435.0,98274.0,68.95
STARCEMENT,EQ,2026-01-06,223.39,223.15,223.91,220.5,221.0,220.86,221.67,107079,237.36,7599.0,76109.0,71.08
STARCEMENT,EQ,2026-01-07,220.86,220.0,222.2,217.6,220.1,220.93,220.74,288732,637.36,19152.0,213729.0,74.02
STARCEMENT,EQ,2026-01-08,220.93,220.5,224.8,218.5,221.5,221.8,221.84,247003,547.95,20940.0,157467.0,63.75
STARCEMENT,EQ,2026-01-09,221.8,220.7,223.5,217.6,217.8,218.52,220.3,260729,574.39,17676.0,175400.0,67.27
STARCEMENT,EQ,2026-01-12,218.52,218.01,218.09,212.25,214.7,214.87,214.14,153125,327.91,11063.0,89703.0,58.58
STARCEMENT,EQ,2026-01-13,214.87,215.0,215.81,212.1,214.5,214.33,214.2,180423,386.46,11915.0,108068.0,59.9
STARCEMENT,EQ,2026-01-14,214.33,213.0,217.0,213.0,216.01,216.23,216.44,1007740,2181.18,11953.0,960983.0,95.36
STARCEMENT,EQ,2026-01-19,216.43,216.43,216.5,213.61,214.3,214.19,214.72,133608,286.88,10078.0,90375.0,67.64
STARCEMENT,EQ,2026-01-20,214.19,212.75,215.3,211.0,211.1,211.5,213.04,207810,442.72,9450.0,151703.0,73.0
STARCEMENT,EQ,2026-01-21,211.5,210.0,214.9,208.5,214.0,212.73,211.21,170676,360.48,4935.0,77816.0,45.59
STARCEMENT,EQ,2026-01-23,214.5,214.33,215.21,211.08,211.65,211.81,212.63,122288,260.02,3748.0,74243.0,60.71
STARCEMENT,EQ,2026-01-28,212.19,213.0,221.95,210.3,217.0,216.37,217.07,334751,726.65,11886.0,186367.0,55.67
STARCEMENT,EQ,2026-01-30,214.56,214.75,221.8,212.04,218.0,219.98,217.66,195971,426.55,6418.0,102314.0,52.21
STARCEMENT,EQ,2026-02-02,214.47,213.2,218.82,208.74,216.67,217.56,214.92,219136,470.96,7919.0,135235.0,61.71
STARCEMENT,EQ,2026-02-03,217.56,220.8,221.38,215.1,218.77,219.43,218.24,154302,336.76,7434.0,89656.0,58.1
STARCEMENT,EQ,2026-02-04,219.43,218.35,224.36,215.02,224.0,223.3,221.34,229854,508.75,7185.0,124780.0,54.29
STARCEMENT,EQ,2026-02-06,222.54,222.0,243.44,210.4,211.2,215.43,226.24,3271977,7402.39,47112.0,566476.0,17.31
STARCEMENT,EQ,2026-02-09,215.43,216.99,227.6,210.2,220.2,221.56,219.34,2015068,4419.84,34070.0,734154.0,36.43
STARCEMENT,EQ,2026-02-10,221.56,219.85,221.0,216.2,218.1,218.58,218.35,561751,1226.59,11921.0,223843.0,39.85
STARCEMENT,EQ,2026-02-11,218.58,219.9,219.9,216.51,218.75,219.32,218.13,332794,725.91,6969.0,175381.0,52.7
STARCEMENT,EQ,2026-02-12,219.32,219.0,220.8,215.55,219.5,218.94,218.58,290098,634.09,8624.0,159254.0,54.9
STARCEMENT,EQ,2026-02-13,218.94,217.1,217.91,214.75,216.0,216.47,216.32,214480,463.97,5732.0,112195.0,52.31
STARCEMENT,EQ,2026-02-16,216.47,215.01,216.0,212.75,215.01,214.97,214.3,236441,506.69,4422.0,149613.0,63.28
STARCEMENT,EQ,2026-02-17,214.97,214.1,220.6,214.0,216.5,217.4,215.3,2343348,5045.19,7582.0,2159537.0,92.16
STARCEMENT,EQ,2026-02-18,217.4,218.89,221.15,217.1,219.0,217.75,218.36,334245,729.86,7204.0,226216.0,67.68
STARCEMENT,EQ,2026-02-23,213.48,218.89,221.2,216.29,220.19,219.74,219.32,709260,1555.53,18765.0,303370.0,42.77
STARCEMENT,EQ,2026-02-24,219.74,219.55,219.55,214.8,217.2,217.6,216.29,294183,636.3,8418.0,126159.0,42.88
STARCEMENT,EQ,2026-02-26,217.36,217.9,218.24,215.25,216.5,216.35,216.46,154823,335.14,4770.0,99653.0,64.37
STARCEMENT,EQ,2026-02-27,216.35,218.13,218.13,213.5,213.8,214.21,214.78,215741,463.37,6844.0,123996.0,57.47
STARCEMENT,EQ,2026-03-02,214.21,207.8,210.57,205.2,206.5,205.42,207.21,242560,502.6,7326.0,125475.0,51.73
STARCEMENT,EQ,2026-03-04,205.42,203.5,206.36,199.0,205.01,205.65,203.08,315327,640.36,8714.0,182477.0,57.87
STARCEMENT,EQ,2026-03-05,205.65,206.0,206.0,202.0,203.71,203.89,203.2,176598,358.84,5917.0,90488.0,51.24
STARCEMENT,EQ,2026-03-06,203.89,203.89,204.6,200.31,203.25,203.96,202.98,246128,499.6,8499.0,140639.0,57.14
STARCEMENT,EQ,2026-03-09,203.96,200.0,201.98,196.53,198.0,198.17,197.94,235892,466.92,5286.0,159218.0,67.5
STARCEMENT,EQ,2026-03-12,201.95,200.0,204.66,197.75,204.5,202.97,202.15,313052,632.82,5582.0,211256.0,67.48
STARCEMENT,EQ,2026-03-13,202.97,202.0,207.49,201.93,204.75,204.93,205.21,408305,837.9,11851.0,193262.0,47.33
STARCEMENT,EQ,2026-03-16,204.93,204.45,207.3,202.5,206.6,206.41,204.8,327951,671.65,8845.0,167379.0,51.04
STARCEMENT,EQ,2026-03-18,205.26,205.05,209.58,205.05,209.0,209.04,208.42,220219,458.99,6428.0,122675.0,55.71
STARCEMENT,EQ,2026-03-19,209.04,205.85,212.95,205.64,210.15,210.04,210.65,338392,712.81,8052.0,180630.0,53.38
STARCEMENT,EQ,2026-03-23,216.39,213.0,216.24,211.55,212.06,213.82,214.57,744565,1597.6,7837.0,526331.0,70.69
STARCEMENT,EQ,2026-03-24,213.82,214.56,215.95,205.5,211.0,210.13,208.96,295779,618.06,6669.0,121992.0,41.24
STARCEMENT,EQ,2026-03-27,208.72,208.72,209.87,205.05,206.95,206.72,206.94,313298,648.35,4969.0,193040.0,61.62
STARCEMENT,EQ,2026-03-30,206.72,204.15,204.78,199.36,203.45,203.24,201.89,303630,612.98,7209.0,109562.0,36.08
STARCEMENT,EQ,2026-04-01,203.24,205.11,207.31,203.45,205.0,205.82,205.15,149043,305.76,5151.0,56966.0,38.22
STARCEMENT,EQ,2026-04-07,210.42,207.0,211.99,205.82,210.0,209.63,209.44,114865,240.57,3147.0,44540.0,38.78
STARCEMENT,EQ,2026-04-08,209.63,215.0,219.0,213.05,215.0,214.5,215.57,144335,311.14,4157.0,56566.0,39.19
STARCEMENT,EQ,2026-04-09,214.5,213.55,215.09,211.2,212.3,212.03,213.07,76048,162.04,2860.0,29207.0,38.41
STARCEMENT,EQ,2026-04-10,212.03,215.0,217.0,213.0,216.58,216.4,215.5,87233,187.99,2779.0,50898.0,58.35
STARCEMENT,EQ,2026-04-13,216.4,210.4,216.0,210.4,215.0,214.69,214.38,125230,268.46,4302.0,59842.0,47.79
STARCEMENT,EQ,2026-04-15,214.69,217.45,221.55,215.54,220.0,219.83,219.7,239366,525.89,5540.0,128883.0,53.84
STARCEMENT,EQ,2026-04-16,219.83,220.85,224.1,219.48,222.69,221.94,222.03,162045,359.79,6384.0,80923.0,49.94
STARCEMENT,EQ,2026-04-17,221.94,221.9,223.3,220.8,222.05,222.36,222.26,117850,261.93,2519.0,65703.0,55.75
STARCEMENT,EQ,2026-04-20,222.36,222.0,223.1,219.01,220.6,221.02,221.23,211304,467.47,5260.0,106056.0,50.19
STARCEMENT,EQ,2026-04-22,226.28,225.9,231.7,224.0,231.13,229.92,228.62,205628,470.1,3930.0,113932.0,55.41
STARCEMENT,EQ,2026-04-23,229.92,231.5,239.0,229.34,234.2,235.12,234.83,674344,1583.53,9708.0,228800.0,33.93
STARCEMENT,EQ,2026-04-24,235.12,235.12,236.97,225.35,230.0,231.75,229.92,253862,583.67,5814.0,106208.0,41.84
STARCEMENT,EQ,2026-04-27,231.75,230.0,236.66,228.32,236.23,235.18,233.21,178213,415.61,6449.0,82270.0,46.16
STARCEMENT,EQ,2026-04-28,235.18,235.0,237.81,231.37,232.0,232.34,233.48,136275,318.17,4728.0,63991.0,46.96
STARCEMENT,EQ,2026-04-29,232.34,234.87,234.87,225.77,226.05,226.58,228.46,204823,467.94,6512.0,126176.0,61.6
STARCEMENT,EQ,2026-04-30,226.58,226.58,232.0,223.5,230.0,230.29,227.74,100695,229.33,3555.0,39179.0,38.91
STARCEMENT,EQ,2026-05-04,230.29,232.85,242.35,229.85,240.0,238.25,238.04,656134,1561.85,11960.0,245348.0,37.39
STARCEMENT,EQ,2026-05-06,234.35,237.8,237.8,231.01,234.0,234.39,233.92,198859,465.18,5004.0,110804.0,55.72
STARCEMENT,EQ,2026-05-07,234.39,235.8,239.91,234.21,238.47,238.56,237.24,168814,400.5,3777.0,88009.0,52.13
STARCEMENT,EQ,2026-05-08,238.56,237.9,239.63,234.53,236.0,236.45,236.9,184396,436.83,3511.0,105490.0,57.21
STARCEMENT,EQ,2026-05-12,228.45,227.59,228.14,218.72,220.0,219.99,222.64,83281,185.42,4360.0,47132.0,56.59
STARCEMENT,EQ,2026-05-13,219.99,219.99,221.86,216.04,217.0,216.8,217.62,215802,469.64,6545.0,111844.0,51.83
STARCEMENT,EQ,2026-05-15,215.61,215.1,217.79,214.75,214.75,215.12,215.8,96624,208.51,3593.0,60339.0,62.45
STARCEMENT,EQ,2026-05-18,215.12,213.2,214.24,208.67,211.1,212.41,210.97,95853,202.22,6305.0,34146.0,35.62
STARCEMENT,EQ,2026-05-19,212.41,214.7,214.7,209.95,210.7,210.72,211.46,180729,382.16,7052.0,96672.0,53.49
STARCEMENT,EQ,2026-05-20,210.72,209.5,214.8,208.26,213.05,213.37,212.47,113260,240.65,5164.0,57571.0,50.83
STARCEMENT,EQ,2026-05-21,213.37,217.6,217.65,214.31,215.0,215.29,215.57,69791,150.45,2875.0,37590.0,53.86
STARCEMENT,EQ,2026-05-22,215.29,217.0,225.9,213.53,224.05,220.99,219.67,722548,1587.19,8638.0,259170.0,35.87
STARCEMENT,EQ,2026-05-25,220.99,228.3,228.7,213.75,216.7,218.1,217.69,773673,1684.17,14419.0,351141.0,45.39
STARCEMENT,EQ,2026-05-27,215.3,217.5,223.55,215.0,216.01,216.57,217.06,223656,485.46,7061.0,98377.0,43.99
STARCEMENT,EQ,2026-05-29,216.57,216.57,222.13,216.57,217.6,217.95,218.65,312342,682.93,6372.0,172953.0,55.37
STARCEMENT,EQ,2026-06-02,213.87,212.8,214.74,209.75,210.68,211.41,211.45,271907,574.95,5485.0,167252.0,61.51
STARCEMENT,EQ,2026-06-04,209.0,208.51,209.97,208.51,209.0,208.99,209.05,189557,396.26,5331.0,147273.0,77.69
STARCEMENT,EQ,2026-06-05,208.99,210.0,210.43,208.25,208.95,209.06,209.04,450586,941.88,4704.0,330160.0,73.27
STARCEMENT,EQ,2026-06-08,209.06,208.89,209.1,207.75,209.0,208.61,208.41,120921,252.01,3290.0,76298.0,63.1
STARCEMENT,EQ,2026-06-09,208.61,208.0,209.4,207.0,207.45,207.51,207.8,233946,486.15,2621.0,171523.0,73.32
STARCEMENT,EQ,2026-06-10,207.51,207.2,212.38,207.2,207.7,207.84,208.16,1011392,2105.35,13444.0,772770.0,76.41
STARCEMENT,EQ,2026-06-11,207.84,207.84,210.48,206.0,208.0,207.67,208.26,906405,1887.69,8507.0,663399.0,73.19
STARCEMENT,EQ,2026-06-12,207.67,208.3,221.3,208.3,218.0,218.57,217.67,1739140,3785.61,28684.0,599745.0,34.49
STARCEMENT,EQ,2026-06-15,218.57,219.9,220.0,212.71,212.71,213.95,217.16,597923,1298.45,11834.0,328170.0,54.88
STARCEMENT,EQ,2026-06-16,213.95,215.0,215.94,211.43,214.56,213.77,213.29,630122,1344.01,12914.0,332783.0,52.81
STARCEMENT,EQ,2026-06-17,213.77,216.01,218.3,213.77,214.3,214.77,216.45,471950,1021.56,11189.0,222438.0,47.13
STARCEMENT,EQ,2026-06-18,214.77,214.98,216.5,212.05,215.0,215.15,214.17,307563,658.71,8769.0,164276.0,53.41
STARCEMENT,EQ,2026-06-23,212.26,214.0,214.0,209.5,210.12,210.37,211.15,258786,546.44,3983.0,164499.0,63.57
STARCEMENT,EQ,2026-06-24,210.37,210.41,215.25,210.41,212.34,212.34,212.84,1357868,2890.02,27202.0,441203.0,32.49
STARCEMENT,EQ,2026-06-25,212.34,213.88,213.88,210.08,210.2,210.65,211.42,266647,563.73,4581.0,153959.0,57.74
STARCEMENT,EQ,2026-06-29,210.65,210.0,211.09,208.0,209.0,208.53,209.48,195283,409.08,3858.0,133270.0,68.24
STARCEMENT,EQ,2026-06-30,208.53,207.5,209.43,207.23,207.77,207.72,208.32,168518,351.05,3501.0,99057.0,58.78
STARCEMENT,EQ,2026-07-01,207.72,207.93,209.79,205.75,207.3,206.31,207.18,244214,505.96,5368.0,148883.0,60.96
STARCEMENT,EQ,2026-07-03,208.37,209.62,210.75,206.77,209.8,209.69,209.44,192108,402.35,5472.0,102315.0,53.26
STARCEMENT,EQ,2026-07-07,207.62,207.62,207.62,205.0,205.3,205.28,205.76,249553,513.49,5479.0,173600.0,69.56
STARCEMENT,EQ,2026-07-08,205.28,205.0,206.08,201.71,202.28,202.41,203.79,190219,387.65,3909.0,116594.0,61.29
STARCEMENT,EQ,2026-07-13,205.26,205.26,206.68,204.0,206.13,206.31,205.31,111652,229.23,2692.0,61216.0,54.83
STARCEMENT,EQ,2026-07-14,206.31,205.28,206.29,204.31,205.65,205.53,205.18,100923,207.07,1832.0,59273.0,58.73
STARCEMENT,EQ,2026-07-16,206.36,208.75,210.0,205.4,206.51,207.07,207.31,181321,375.89,8373.0,94647.0,52.2
STARCEMENT,EQ,2026-07-17,207.07,207.07,207.25,204.15,205.65,205.45,205.09,85966,176.31,2563.0,46915.0,54.57
STARCEMENT,EQ,2026-07-20,205.45,206.35,212.92,204.46,208.8,208.95,209.17,637102,1332.62,13613.0,269904.0,42.36
STARCEMENT,EQ,2026-07-21,208.95,208.2,209.75,207.0,208.2,208.4,208.48,220100,458.87,6835.0,113717.0,51.67
STARCEMENT,EQ,2026-07-22,208.4,208.0,208.01,205.2,205.66,205.71,206.04,145740,300.29,3956.0,84984.0,58.31
STARCEMENT,EQ,2026-07-23,205.71,205.9,205.9,203.12,204.25,204.01,204.29,81865,167.25,2365.0,42932.0,52.44
STARCEMENT,EQ,2026-07-24,204.01,203.1,205.39,201.83,205.0,204.88,203.8,86528,176.35,2776.0,51030.0,58.98
STARCEMENT,EQ,2026-07-27,204.88,204.14,206.79,201.1,204.0,202.83,203.47,283032,575.9,4873.0,199853.0,70.61
STARCEMENT,EQ,2026-07-29,202.01,202.55,204.0,201.89,203.0,203.26,202.75,60150,121.95,1264.0,36117.0,60.04
STARCEMENT,EQ,2026-07-31,202.53,205.0,205.0,202.31,202.52,202.78,202.92,151571,307.57,1699.0,112129.0,73.98
STARCEMENT,EQ,2026-08-03,202.78,203.2,206.94,203.0,204.0,203.96,205.18,168528,345.78,2544.0,101280.0,60.1
STARCEMENT,EQ,2026-08-04,203.96,204.4,204.95,202.78,203.01,203.72,203.79,110212,224.6,1427.0,73425.0,66.62
STARCEMENT,EQ,2026-08-05,203.72,203.5,204.9,203.5,204.39,204.55,204.31,83402,170.4,1440.0,51705.0,61.99
STARCEMENT,EQ,2026-08-07,203.34,203.34,204.49,196.5,203.1,201.96,200.11,693029,1386.84,10495.0,198308.0,28.61
STARCEMENT,EQ,2026-08-10,201.96,203.1,203.1,197.96,199.49,198.94,199.45,172722,344.49,3481.0,96085.0,55.63
STARCEMENT,EQ,2026-08-11,198.94,199.45,200.99,195.91,199.0,197.98,197.56,183219,361.96,4165.0,113544.0,61.97
STARCEMENT,EQ,2026-08-13,199.75,201.3,201.8,199.0,200.75,201.3,200.96,95504,191.93,2188.0,55530.0,58.14
STARCEMENT,EQ,2026-08-14,201.3,201.3,201.3,199.5,199.55,200.06,200.43,29918,59.96,1111.0,21141.0,70.66
STARCEMENT,EQ,2026-08-17,200.06,200.06,203.55,198.12,198.5,199.06,201.12,267294,537.57,4832.0,142231.0,53.21
STARCEMENT,EQ,2026-08-18,199.06,197.1,202.04,195.75,198.99,199.02,198.5,375299,744.95,8772.0,184865.0,49.26
STARCEMENT,EQ,2026-08-19,199.02,198.61,198.61,193.43,193.65,193.94,194.67,349565,680.5,9831.0,215900.0,61.76
STARCEMENT,EQ,2026-08-21,194.37,196.0,196.0,192.31,194.5,194.62,194.13,144503,280.53,4087.0,69604.0,48.17
STARCEMENT,EQ,2026-08-24,194.62,194.83,196.08,192.9,194.54,194.85,194.71,300566,585.24,8439.0,151370.0,50.36
STARCEMENT,EQ,2026-08-25,194.85,195.0,196.2,193.0,194.4,194.84,194.26,112447,218.44,3755.0,55412.0,49.28
STARCEMENT,EQ,2026-08-27,191.16,191.4,192.6,186.0,188.23,188.68,188.49,434910,819.74,11053.0,281222.0,64.66
STARCEMENT,EQ,2026-08-31,187.79,186.0,192.99,180.12,185.0,184.76,184.54,2762342,5097.53,59590.0,1766861.0,63.96
STARCEMENT,EQ,2026-09-01,184.76,184.95,187.28,182.8,186.0,185.63,185.49,161551,299.67,5324.0,67432.0,41.74
STARCEMENT,EQ,2026-09-02,185.63,185.4,185.63,182.41,184.1,184.1,184.09,106376,195.82,2855.0,68443.0,64.34
STARCEMENT,EQ,2026-09-03,184.1,182.0,186.0,182.0,184.25,184.47,184.46,115959,213.9,3038.0,65250.0,56.27
STARCEMENT,EQ,2026-09-04,184.47,184.47,192.8,184.0,192.6,190.19,188.32,192236,362.01,3346.0,126001.0,65.54
STARCEMENT,EQ,2026-09-07,190.19,191.0,195.04,188.61,194.6,194.4,193.37,322246,623.12,7495.0,202418.0,62.81
STARCEMENT,EQ,2026-09-08,194.4,195.0,196.34,193.7,194.5,194.83,194.56,289777,563.79,5311.0,181582.0,62.66
STARCEMENT,EQ,2026-09-09,194.83,194.94,194.94,190.4,192.25,192.32,192.25,260534,500.88,4815.0,164782.0,63.25
STARCEMENT,EQ,2026-09-10,192.32,192.3,195.48,190.5,194.71,194.68,194.26,219251,425.91,5099.0,134197.0,61.21
STARCEMENT,EQ,2026-09-11,194.68,194.0,195.9,193.1,195.02,195.14,194.6,240287,467.61,5397.0,132153.0,66.26
STARCEMENT,EQ,2026-09-16,184.93,184.93,187.89,183.6,187.89,187.3,185.52,254340,471.85,6273.0,155773.0,61.25
STARCEMENT,EQ,2026-09-18,188.33,188.9,195.79,188.9,193.2,194.25,192.43,271084,521.65,5629.0,176545.0,65.13
STARCEMENT,EQ,2026-09-24,189.23,188.0,189.0,186.05,187.93,187.24,187.47,63388,118.84,1881.0,37676.0,59.44
SUZLON,EQ,2025-09-25,57.5,57.5,58.2,56.45,56.64,56.64,57.1,38206699,21816.03,,17193015.0,45.0
SUZLON,EQ,2025-09-26,56.64,56.96,57.23,55.15,55.28,55.28,55.89,54393034,30400.27,,24476865.0,45.0
SUZLON,EQ,2025-09-30,55.28,55.38,55.46,54.41,55.05,55.05,54.97,57639009,31684.16,,25937554.0,45.0
SUZLON,EQ,2025-10-01,55.05,55.05,55.36,54.6,55.18,55.18,55.05,46144026,25402.29,,20764812.0,45.0
SUZLON,EQ,2025-10-07,54.11,54.35,54.8,53.95,54.01,54.01,54.25,50646458,27475.7,,22790906.0,45.0
SUZLON,EQ,2025-10-08,54.01,54.13,54.14,52.66,52.77,52.77,53.19,60453406,32155.17,,27204033.0,45.0
SUZLON,EQ,2025-10-09,52.77,52.8,53.53,52.55,53.17,53.17,53.08,63749358,33838.16,,28687211.0,45.0
SUZLON,EQ,2025-10-14,54.35,54.65,54.7,53.62,53.95,53.95,54.09,40526897,21921.0,,18237104.0,45.0
SUZLON,EQ,2025-10-15,53.95,54.21,54.6,53.58,53.73,53.73,53.97,56703266,30602.75,,25516470.0,45.0
SUZLON,EQ,2025-10-16,53.73,53.93,54.2,53.41,53.61,53.61,53.74,48868416,26261.89,,21990787.0,45.0
SUZLON,EQ,2025-10-17,53.61,53.61,53.95,52.0,52.92,52.92,52.96,173663310,91972.09,,78148490.0,45.0
SUZLON,EQ,2025-10-20,52.92,53.19,53.69,52.92,53.09,53.09,53.23,34409429,18316.14,,15484243.0,45.0
SUZLON,EQ,2025-10-21,53.09,53.6,54.34,53.4,54.18,54.18,53.97,22821584,12316.81,,10269713.0,45.0
SUZLON,EQ,2025-10-24,54.53,54.68,55.18,53.65,53.82,53.82,54.22,44370005,24057.42,,19966502.0,45.0
SUZLON,EQ,2025-10-28,53.71,53.71,56.47,53.6,56.22,56.22,55.43,134473878,74538.87,,60513245.0,45.0
SUZLON,EQ,2025-10-29,56.22,56.44,58.78,55.98,58.19,58.19,57.65,154967971,89339.04,,69735587.0,45.0
SUZLON,EQ,2025-11-03,58.19,59.47,59.88,58.53,59.24,59.24,59.22,75149800,44503.71,,33817410.0,45.0
SUZLON,EQ,2025-11-06,59.99,61.5,61.5,59.46,59.61,59.61,60.19,147235071,88620.79,,66255782.0,45.0
SUZLON,EQ,2025-11-07,59.61,59.5,59.5,56.93,57.38,57.38,57.94,122840652,71173.87,,55278293.0,45.0
SUZLON,EQ,2025-11-10,57.38,57.9,58.2,57.01,57.43,57.43,57.55,63054794,36288.03,,28374657.0,45.0
SUZLON,EQ,2025-11-11,57.43,57.6,58.05,56.86,57.82,57.82,57.58,50483890,29068.62,,22717750.0,45.0
SUZLON,EQ,2025-11-12,57.82,58.2,58.95,57.67,58.48,58.48,58.37,53042828,30961.1,,23869273.0,45.0
SUZLON,EQ,2025-11-14,57.58,57.5,58.29,57.03,57.68,57.68,57.67,41214942,23768.66,,18546724.0,45.0
SUZLON,EQ,2025-11-17,57.68,57.8,58.16,57.5,57.7,57.7,57.79,36049802,20833.18,,16222411.0,45.0
SUZLON,EQ,2025-11-18,57.7,57.88,57.88,56.7,56.9,56.9,57.16,29797672,17032.35,,13408952.0,45.0
SUZLON,EQ,2025-11-19,56.9,56.95,57.08,56.3,56.53,56.53,56.64,35976206,20376.92,,16189293.0,45.0
SUZLON,EQ,2025-11-20,56.53,56.6,57.15,56.52,56.7,56.7,56.79,37658777,21386.42,,16946450.0,45.0
SUZLON,EQ,2025-11-21,56.7,56.67,56.72,55.0,55.1,55.1,55.61,42894379,23853.56,,19302471.0,45.0
SUZLON,EQ,2025-11-24,55.1,55.1,55.54,54.4,54.61,54.61,54.85,96347031,52846.35,,43356164.0,45.0
SUZLON,EQ,2025-11-26,54.61,54.2,55.69,54.14,55.58,55.58,55.14,43866679,24188.09,,19740006.0,45.0
SUZLON,EQ,2025-11-27,55.58,55.7,55.9,54.81,54.93,54.93,55.21,28645872,15815.39,,12890642.0,45.0
SUZLON,EQ,2025-11-28,54.93,55.0,55.0,53.75,54.01,54.01,54.25,52551047,28508.94,,23647971.0,45.0
SUZLON,EQ,2025-12-01,54.01,54.3,54.74,53.52,53.72,53.72,53.99,33170385,17908.69,,14926673.0,45.0
SUZLON,EQ,2025-12-02,53.72,53.75,54.1,53.21,53.42,53.42,53.58,41115861,22029.88,,18502137.0,45.0
SUZLON,EQ,2025-12-03,53.42,53.43,53.65,52.22,52.59,52.59,52.82,42825048,22620.19,,19271272.0,45.0
SUZLON,EQ,2025-12-05,50.85,51.13,52.15,50.75,51.74,51.74,51.55,61141969,31518.69,,27513886.0,45.0
SUZLON,EQ,2025-12-08,51.74,52.01,53.0,51.57,51.78,51.78,52.12,97482417,50807.84,,43867088.0,45.0
SUZLON,EQ,2025-12-09,51.78,51.99,52.77,51.0,52.55,52.55,52.11,64804664,33769.71,,29162099.0,45.0
SUZLON,EQ,2025-12-10,52.55,52.8,53.2,51.35,51.54,51.54,52.03,59123651,30762.04,,26605643.0,45.0
SUZLON,EQ,2025-12-15,52.04,52.99,53.35,52.55,53.14,53.14,53.01,30122901,15968.15,,13555305.0,45.0
SUZLON,EQ,2025-12-16,53.14,53.14,53.14,52.25,52.67,52.67,52.69,33821093,17820.33,,15219492.0,45.0
SUZLON,EQ,2025-12-18,51.94,51.91,52.0,51.32,51.78,51.78,51.7,30872497,15961.08,,13892624.0,45.0
SUZLON,EQ,2025-12-19,51.78,51.8,52.75,51.54,52.59,52.59,52.29,37121138,19410.64,,16704512.0,45.0
SUZLON,EQ,2025-12-23,53.51,53.51,53.84,53.32,53.62,53.62,53.59,30259539,16216.09,,13616793.0,45.0
SUZLON,EQ,2025-12-24,53.62,53.59,55.05,53.16,53.3,53.3,53.84,44076962,23731.04,,19834633.0,45.0
SUZLON,EQ,2025-12-26,53.3,53.3,54.13,53.1,53.2,53.2,53.48,41885960,22400.61,,18848682.0,45.0
SUZLON,EQ,2025-12-29,53.2,53.44,53.85,52.61,52.73,52.73,53.06,35515877,18844.72,,15982145.0,45.0
SUZLON,EQ,2025-12-30,52.73,52.73,52.8,51.81,52.0,52.0,52.2,101385408,52923.18,,45623434.0,45.0
SUZLON,EQ,2025-12-31,52.0,52.0,53.16,51.91,52.67,52.67,52.58,38744091,20371.64,,17434841.0,45.0
SUZLON,EQ,2026-01-01,52.67,52.71,52.98,52.05,52.47,52.47,52.5,26749342,14043.4,,12037204.0,45.0
SUZLON,EQ,2026-01-02,52.47,52.59,54.4,52.44,54.28,54.28,53.71,59517999,31967.12,,26783100.0,45.0
SUZLON,EQ,2026-01-06,53.67,53.7,53.99,52.87,53.45,53.45,53.44,31119731,16630.38,,14003879.0,45.0
SUZLON,EQ,2026-01-07,53.45,53.3,53.69,52.67,52.9,52.9,53.09,48744390,25878.4,,21934976.0,45.0
SUZLON,EQ,2026-01-08,52.9,52.9,53.41,50.65,50.93,50.93,51.66,59316617,30642.96,,26692478.0,45.0
SUZLON,EQ,2026-01-09,50.93,50.82,51.09,48.87,49.2,49.2,49.72,89917429,44706.95,,40462843.0,45.0
SUZLON,EQ,2026-01-12,49.2,49.3,49.38,47.9,49.2,49.2,48.83,66498246,32471.09,,29924211.0,45.0
SUZLON,EQ,2026-01-13,49.2,49.55,49.7,47.8,48.69,48.69,48.73,75354673,36720.33,,33909603.0,45.0
SUZLON,EQ,2026-01-14,48.69,48.49,49.8,48.16,49.01,49.01,48.99,55863563,27367.56,,25138603.0,45.0
SUZLON,EQ,2026-01-19,49.01,48.69,48.92,47.45,47.98,47.98,48.12,52924798,25467.41,,23816159.0,45.0
SUZLON,EQ,2026-01-20,47.98,47.98,48.33,46.2,46.34,46.34,46.96,60935304,28615.22,,27420887.0,45.0
SUZLON,EQ,2026-01-21,46.34,46.3,46.69,45.37,45.53,45.53,45.86,78076574,35805.92,,35134458.0,45.0
SUZLON,EQ,2026-01-23,45.53,47.4,47.4,45.55,45.7,45.7,46.22,49252985,22764.73,,22163843.0,45.0
SUZLON,EQ,2026-01-28,45.79,46.01,48.0,46.01,47.8,47.8,47.27,59993734,28359.04,,26997180.0,45.0
SUZLON,EQ,2026-01-30,47.44,47.43,47.97,46.79,47.67,47.67,47.48,60762661,28850.11,,27343197.0,45.0
SUZLON,EQ,2026-02-02,47.67,46.5,47.25,45.41,46.99,46.99,46.55,45471127,21166.81,,20462007.0,45.0
SUZLON,EQ,2026-02-03,46.99,49.31,49.69,48.42,49.16,49.16,49.09,78516505,38543.75,,35332427.0,45.0
SUZLON,EQ,2026-02-04,49.16,49.26,50.0,48.8,49.77,49.77,49.52,55580192,27523.31,,25011086.0,45.0
SUZLON,EQ,2026-02-06,47.85,47.85,48.2,47.25,48.04,48.04,47.83,57960744,27722.62,,26082335.0,45.0
SUZLON,EQ,2026-02-09,48.04,48.26,48.57,47.61,48.19,48.19,48.12,51743958,24899.19,,23284781.0,45.0
SUZLON,EQ,2026-02-10,48.19,48.2,48.39,47.55,47.69,47.69,47.88,40362194,19325.42,,18162987.0,45.0
SUZLON,EQ,2026-02-11,47.69,47.71,47.74,46.7,47.38,47.38,47.27,57124692,27002.84,,25706111.0,45.0
SUZLON,EQ,2026-02-12,47.38,47.3,47.55,46.72,46.81,46.81,47.03,38946281,18316.44,,17525826.0,45.0
SUZLON,EQ,2026-02-13,46.81,46.6,46.74,45.55,45.67,45.67,45.99,52618195,24199.11,,23678188.0,45.0
SUZLON,EQ,2026-02-16,45.67,45.67,46.33,45.34,46.21,46.21,45.96,39325966,18074.21,,17696685.0,45.0
SUZLON,EQ,2026-02-17,46.21,46.19,46.57,45.71,45.94,45.94,46.07,39827932,18348.73,,17922569.0,45.0
SUZLON,EQ,2026-02-18,45.94,45.95,46.29,45.81,46.09,46.09,46.06,22066437,10163.8,,9929897.0,45.0
SUZLON,EQ,2026-02-23,44.46,44.56,44.96,43.83,44.25,44.25,44.35,49442100,21927.57,,22248945.0,45.0
SUZLON,EQ,2026-02-24,44.25,44.25,44.39,43.36,44.13,44.13,43.96,56568697,24867.6,,25455914.0,45.0
SUZLON,EQ,2026-02-26,44.13,43.18,43.9,42.87,43.27,43.27,43.35,49800911,21588.69,,22410410.0,45.0
SUZLON,EQ,2026-02-27,43.27,43.27,43.3,42.45,42.67,42.67,42.81,85724851,36698.81,,38576183.0,45.0
SUZLON,EQ,2026-03-02,42.67,39.13,41.79,39.13,40.95,40.95,40.62,116013965,47124.87,,52206284.0,45.0
SUZLON,EQ,2026-03-04,40.95,40.2,40.55,39.7,39.93,39.93,40.06,71113339,28488.0,,32001003.0,45.0
SUZLON,EQ,2026-03-05,39.93,40.25,40.64,39.22,40.25,40.25,40.04,89173308,35704.99,,40127989.0,45.0
SUZLON,EQ,2026-03-06,40.25,40.25,40.99,39.85,39.99,39.99,40.28,63058597,25400.0,,28376369.0,45.0
SUZLON,EQ,2026-03-09,39.99,39.49,39.76,38.19,39.62,39.62,39.19,71721599,28107.69,,32274720.0,45.0
SUZLON,EQ,2026-03-12,41.62,41.51,43.54,40.93,42.43,42.43,42.3,108432510,45866.95,,48794630.0,45.0
SUZLON,EQ,2026-03-13,42.43,42.42,42.83,40.98,41.41,41.41,41.74,79497665,33182.33,,35773949.0,45.0
SUZLON,EQ,2026-03-16,41.41,41.49,42.23,40.72,41.01,41.01,41.32,81266796,33579.44,,36570058.0,45.0
SUZLON,EQ,2026-03-18,41.27,41.34,42.3,41.21,42.06,42.06,41.86,58427254,24457.65,,26292264.0,45.0
SUZLON,EQ,2026-03-19,42.06,41.2,41.79,40.82,41.09,41.09,41.23,55593734,22921.3,,25017180.0,45.0
SUZLON,EQ,2026-03-23,41.09,41.76,41.76,39.7,39.94,39.94,40.47,68192562,27597.53,,30686653.0,45.0
SUZLON,EQ,2026-03-24,39.94,41.3,41.3,39.95,41.04,41.04,40.76,65440981,26673.74,,29448441.0,45.0
SUZLON,EQ,2026-03-27,42.27,41.85,42.05,40.6,40.82,40.82,41.16,73603173,30295.07,,33121428.0,45.0
SUZLON,EQ,2026-03-30,40.82,40.0,40.81,39.1,39.56,39.56,39.82,126591848,50408.87,,56966332.0,45.0
SUZLON,EQ,2026-04-01,39.56,41.39,41.59,40.8,41.12,41.12,41.17,58512083,24089.42,,26330437.0,45.0
SUZLON,EQ,2026-04-07,41.59,41.29,41.9,40.93,41.55,41.55,41.46,39145918,16229.9,,17615663.0,45.0
SUZLON,EQ,2026-04-08,41.55,43.4,44.38,42.63,44.23,44.23,43.75,98803804,43226.66,,44461712.0,45.0
SUZLON,EQ,2026-04-09,44.23,44.23,44.56,43.36,44.23,44.23,44.05,80302508,35373.25,,36136129.0,45.0
SUZLON,EQ,2026-04-10,44.23,44.48,45.65,44.38,45.32,45.32,45.12,67332752,30380.54,,30299738.0,45.0
SUZLON,EQ,2026-04-13,45.32,44.5,46.41,43.89,45.86,45.86,45.39,132245471,60026.22,,59510462.0,45.0
SUZLON,EQ,2026-04-15,45.86,47.0,49.36,46.73,49.13,49.13,48.41,215457241,104302.85,,96955758.0,45.0
SUZLON,EQ,2026-04-16,49.13,50.03,50.53,49.01,50.25,50.25,49.93,161130833,80452.62,,72508875.0,45.0
SUZLON,EQ,2026-04-17,50.25,50.79,53.74,50.57,52.93,52.93,52.41,337159969,176705.54,,151721986.0,45.0
SUZLON,EQ,2026-04-20,52.93,53.34,53.45,51.87,52.5,52.5,52.61,153681261,80851.71,,69156567.0,45.0
SUZLON,EQ,2026-04-22,52.5,53.15,54.7,52.9,54.57,54.57,54.06,147736421,79866.31,,66481389.0,45.0
SUZLON,EQ,2026-04-23,54.57,54.51,55.05,53.52,53.73,53.73,54.1,114711783,62059.07,,51620302.0,45.0
SUZLON,EQ,2026-04-24,53.73,53.9,54.25,52.93,53.91,53.91,53.7,103128445,55379.97,,46407800.0,45.0
SUZLON,EQ,2026-04-27,53.91,54.26,57.48,54.26,56.93,56.93,56.22,215958603,121411.93,,97181371.0,45.0
SUZLON,EQ,2026-04-28,56.93,57.15,57.87,56.9,57.32,57.32,57.36,138320111,79340.42,,62244050.0,45.0
SUZLON,EQ,2026-04-29,57.32,57.75,58.06,56.4,56.81,56.81,57.09,127240966,72641.87,,57258435.0,45.0
SUZLON,EQ,2026-04-30,56.81,56.5,56.5,55.0,55.58,55.58,55.69,102354018,57000.95,,46059308.0,45.0
SUZLON,EQ,2026-05-04,55.58,56.2,56.35,54.07,54.96,54.96,55.13,103192022,56889.76,,46436410.0,45.0
SUZLON,EQ,2026-05-06,54.96,55.29,55.31,53.31,54.32,54.32,54.31,90584507,49196.45,,40763028.0,45.0
SUZLON,EQ,2026-05-07,54.32,54.59,55.87,53.75,55.65,55.65,55.09,98244179,54122.72,,44209881.0,45.0
SUZLON,EQ,2026-05-08,55.65,55.9,55.92,54.57,54.97,54.97,55.15,56797248,31323.68,,25558762.0,45.0
SUZLON,EQ,2026-05-12,53.3,53.0,53.96,51.31,51.52,51.52,52.26,99265010,51875.89,,44669254.0,45.0
SUZLON,EQ,2026-05-13,51.52,51.31,53.74,51.31,53.1,53.1,52.72,93140759,49103.81,,41913342.0,45.0
SUZLON,EQ,2026-05-15,53.1,53.47,54.51,52.98,53.84,53.84,53.78,82878733,44572.18,,37295430.0,45.0
SUZLON,EQ,2026-05-18,53.84,53.48,53.48,52.15,53.25,53.25,52.96,77363520,40971.72,,34813584.0,45.0
SUZLON,EQ,2026-05-19,53.25,53.57,53.83,52.52,52.91,52.91,53.09,54643439,29010.2,,24589548.0,45.0
SUZLON,EQ,2026-05-20,52.91,52.55,52.7,52.0,52.57,52.57,52.42,46459868,24354.26,,20906941.0,45.0
SUZLON,EQ,2026-05-21,52.57,53.0,53.84,52.66,52.87,52.87,53.12,55852452,29668.82,,25133603.0,45.0
SUZLON,EQ,2026-05-22,52.87,53.17,53.95,53.0,53.75,53.75,53.57,60760806,32549.56,,27342363.0,45.0
SUZLON,EQ,2026-05-25,53.75,54.75,54.9,53.1,53.99,53.99,54.0,132667695,71640.56,,59700463.0,45.0
SUZLON,EQ,2026-05-27,53.99,54.85,58.1,54.42,57.53,57.53,56.68,227745007,129085.87,,102485253.0,45.0
SUZLON,EQ,2026-05-29,57.53,58.0,58.42,55.6,56.99,56.99,57.0,221481859,126244.66,,99666837.0,45.0
SUZLON,EQ,2026-06-02,56.99,52.85,54.77,52.56,54.52,54.52,53.95,103408726,55789.01,,46533927.0,45.0
SUZLON,EQ,2026-06-04,54.4,54.25,56.0,54.03,55.62,55.62,55.22,119119491,65777.78,,53603771.0,45.0
SUZLON,EQ,2026-06-05,55.62,55.8,56.12,55.1,55.31,55.31,55.51,72836939,40431.78,,32776623.0,45.0
SUZLON,EQ,2026-06-08,55.31,54.2,55.89,53.82,54.43,54.43,54.71,76527450,41868.17,,34437352.0,45.0
SUZLON,EQ,2026-06-09,54.43,54.6,55.39,54.47,55.23,55.23,55.03,64855680,35690.08,,29185056.0,45.0
SUZLON,EQ,2026-06-10,55.23,55.22,55.45,53.81,54.08,54.08,54.45,55567213,30256.35,,25005246.0,45.0
SUZLON,EQ,2026-06-11,54.08,53.79,54.12,53.07,53.29,53.29,53.49,41907259,22416.19,,18858267.0,45.0
SUZLON,EQ,2026-06-12,53.29,54.0,55.2,53.77,55.08,55.08,54.68,64636157,35343.05,,29086271.0,45.0
SUZLON,EQ,2026-06-15,55.08,56.5,56.78,55.21,55.57,55.57,55.85,65026559,36317.33,,29261952.0,45.0
SUZLON,EQ,2026-06-16,55.57,56.12,59.24,53.9,57.92,57.92,57.02,292441954,166750.4,,131598879.0,45.0
SUZLON,EQ,2026-06-17,57.92,58.38,59.5,57.3,59.27,59.27,58.69,164629458,96621.03,,74083256.0,45.0
SUZLON,EQ,2026-06-18,59.27,59.22,59.44,58.3,58.44,58.44,58.73,82275577,48320.45,,37024010.0,45.0
SUZLON,EQ,2026-06-23,58.44,59.31,59.55,58.1,58.29,58.29,58.65,68349325,40086.88,,30757196.0,45.0
SUZLON,EQ,2026-06-24,58.29,58.25,58.79,57.61,57.91,57.91,58.1,63851176,37097.53,,28733029.0,45.0
SUZLON,EQ,2026-06-25,57.91,58.24,58.46,56.87,57.14,57.14,57.49,83934060,48253.69,,37770327.0,45.0
SUZLON,EQ,2026-06-29,57.14,58.0,58.0,56.93,57.21,57.21,57.38,68862375,39513.23,,30988069.0,45.0
SUZLON,EQ,2026-06-30,57.21,57.46,59.1,57.31,58.9,58.9,58.44,120994413,70709.13,,54447486.0,45.0
SUZLON,EQ,2026-07-01,58.9,59.06,59.31,58.13,58.35,58.35,58.6,58782670,34446.64,,26452202.0,45.0
SUZLON,EQ,2026-07-03,57.67,57.93,58.12,56.24,56.87,56.87,57.08,71029555,40543.67,,31963300.0,45.0
SUZLON,EQ,2026-07-07,55.47,55.47,55.56,54.15,54.38,54.38,54.7,56983348,31169.89,,25642507.0,45.0
SUZLON,EQ,2026-07-08,54.38,54.3,54.78,52.71,53.13,53.13,53.54,65132513,34871.95,,29309631.0,45.0
SUZLON,EQ,2026-07-13,53.92,53.6,53.63,52.92,53.17,53.17,53.24,40687795,21662.18,,18309508.0,45.0
SUZLON,EQ,2026-07-14,53.17,52.95,52.99,52.33,52.47,52.47,52.6,40748106,21433.5,,18336648.0,45.0
SUZLON,EQ,2026-07-16,52.47,52.6,52.69,51.88,51.97,51.97,52.18,45561488,23773.98,,20502670.0,45.0
SUZLON,EQ,2026-07-17,51.97,51.96,52.29,51.27,51.99,51.99,51.85,111362634,57741.53,,50113185.0,45.0
SUZLON,EQ,2026-07-20,51.99,52.07,53.29,51.61,53.09,53.09,52.66,51555144,27148.94,,23199815.0,45.0
SUZLON,EQ,2026-07-21,53.09,53.09,53.5,52.85,53.17,53.17,53.17,31019284,16492.95,,13958678.0,45.0
SUZLON,EQ,2026-07-22,53.17,53.16,53.7,52.33,53.01,53.01,53.01,55827250,29594.03,,25122262.0,45.0
SUZLON,EQ,2026-07-23,53.01,52.85,53.22,52.15,52.39,52.39,52.59,47311426,24881.08,,21290142.0,45.0
SUZLON,EQ,2026-07-24,52.39,52.25,52.58,51.79,52.28,52.28,52.22,45263052,23636.37,,20368373.0,45.0
SUZLON,EQ,2026-07-27,52.28,52.5,53.2,52.22,53.15,53.15,52.86,45205048,23895.39,,20342272.0,45.0
SUZLON,EQ,2026-07-29,53.15,48.0,48.7,45.93,47.45,47.45,47.36,221723792,105008.39,,99775706.0,45.0
SUZLON,EQ,2026-07-31,47.4,47.56,48.18,47.13,48.01,48.01,47.77,56655652,27064.4,,25495043.0,45.0
SUZLON,EQ,2026-08-03,48.01,48.2,49.3,48.08,48.1,48.1,48.49,55317614,26823.51,,24892926.0,45.0
SUZLON,EQ,2026-08-04,48.1,48.59,49.15,47.9,48.01,48.01,48.35,61548498,29758.7,,27696824.0,45.0
SUZLON,EQ,2026-08-05,48.01,48.5,48.84,47.9,48.15,48.15,48.3,39589104,19121.54,,17815097.0,45.0
SUZLON,EQ,2026-08-07,48.1,48.09,48.99,47.95,48.15,48.15,48.36,52362545,25322.53,,23563145.0,45.0
SUZLON,EQ,2026-08-10,48.15,48.33,48.45,47.0,47.5,47.5,47.65,59333617,28272.47,,26700128.0,45.0
SUZLON,EQ,2026-08-11,47.5,47.59,47.71,47.1,47.5,47.5,47.44,37012060,17558.52,,16655427.0,45.0
SUZLON,EQ,2026-08-13,47.5,47.29,47.61,47.12,47.61,47.61,47.45,24237589,11500.74,,10906915.0,45.0
SUZLON,EQ,2026-08-14,47.61,47.4,47.44,47.0,47.1,47.1,47.18,25913687,12226.08,,11661159.0,45.0
SUZLON,EQ,2026-08-17,47.1,47.1,49.32,46.9,49.0,49.0,48.41,80470340,38955.69,,36211653.0,45.0
SUZLON,EQ,2026-08-18,49.0,48.95,48.95,47.47,47.78,47.78,48.07,62318243,29956.38,,28043209.0,45.0
SUZLON,EQ,2026-08-19,47.78,47.7,47.76,46.7,46.77,46.77,47.08,47341396,22288.33,,21303628.0,45.0
SUZLON,EQ,2026-08-21,47.0,47.1,47.34,46.6,46.71,46.71,46.88,32172432,15082.44,,14477594.0,45.0
SUZLON,EQ,2026-08-24,46.71,46.94,47.06,46.6,47.05,47.05,46.9,29089252,13642.86,,13090163.0,45.0
SUZLON,EQ,2026-08-25,47.05,47.06,47.16,46.25,46.75,46.75,46.72,47183588,22044.17,,21232615.0,45.0
SUZLON,EQ,2026-08-27,46.94,47.0,47.39,46.37,46.81,46.81,46.86,23836185,11169.64,,10726283.0,45.0
SUZLON,EQ,2026-08-31,46.79,46.79,47.52,45.92,47.52,47.52,46.99,59911853,28152.58,,26960334.0,45.0
SUZLON,EQ,2026-09-01,47.52,47.5,47.5,46.25,46.5,46.5,46.75,39976953,18689.23,,17989629.0,45.0
SUZLON,EQ,2026-09-02,46.5,46.39,46.39,45.46,45.46,45.46,45.77,52679194,24111.27,,23705637.0,45.0
SUZLON,EQ,2026-09-03,45.46,45.7,46.38,45.55,46.03,46.03,45.99,32563002,14975.72,,14653351.0,45.0
SUZLON,EQ,2026-09-04,46.03,46.11,46.37,45.03,45.35,45.35,45.58,55366085,25235.86,,24914738.0,45.0
SUZLON,EQ,2026-09-07,45.35,45.41,45.55,44.85,45.55,45.55,45.32,28911783,13102.82,,13010302.0,45.0
SUZLON,EQ,2026-09-08,45.55,45.47,45.77,45.27,45.5,45.5,45.51,24929892,11345.59,,11218451.0,45.0
SUZLON,EQ,2026-09-09,45.5,45.65,46.4,45.3,45.45,45.45,45.72,52512738,24008.82,,23630732.0,45.0
SUZLON,EQ,2026-09-10,45.45,45.44,45.68,44.1,44.22,44.22,44.67,43668900,19506.9,,19651005.0,45.0
SUZLON,EQ,2026-09-11,44.22,44.12,44.5,43.21,44.12,44.12,43.94,52777120,23190.27,,23749704.0,45.0
SUZLON,EQ,2026-09-16,44.12,42.9,42.9,41.76,42.15,42.15,42.27,65021879,27484.75,,29259846.0,45.0
SUZLON,EQ,2026-09-18,42.15,42.9,43.75,42.67,43.14,43.14,43.19,63471191,27413.21,,28562036.0,45.0
SUZLON,EQ,2026-09-24,42.39,42.12,42.24,40.55,40.74,40.74,41.06,131241030,53891.19,192643.0,61069454.0,46.53
TATAPOWER,EQ,2025-09-25,390.3,390.3,392.4,385.2,386.4,386.0,389.02,3091484,12026.45,43839.0,1673430.0,54.13
TATAPOWER,EQ,2025-09-26,386.0,386.0,387.0,382.2,384.2,383.8,384.72,3519702,13541.14,42650.0,1598354.0,45.41
TATAPOWER,EQ,2025-09-30,388.05,388.0,392.05,386.1,389.95,388.65,389.27,3229139,12570.07,43638.0,1553443.0,48.11
TATAPOWER,EQ,2025-10-01,388.65,388.65,392.8,388.6,391.9,391.15,390.34,2705427,10560.25,39102.0,1302498.0,48.14
TATAPOWER,EQ,2025-10-07,395.55,395.5,397.5,391.25,392.3,392.5,393.37,5544502,21810.66,49282.0,2813747.0,50.75
TATAPOWER,EQ,2025-10-08,392.5,391.5,393.4,384.25,384.7,385.45,388.22,5286159,20522.02,48006.0,2817916.0,53.31
TATAPOWER,EQ,2025-10-09,385.45,386.8,389.65,381.5,388.0,388.2,386.33,5139999,19857.54,52892.0,2812610.0,54.72
TATAPOWER,EQ,2025-10-14,391.15,391.15,393.1,387.7,390.9,391.55,390.49,4978714,19441.32,39939.0,2404523.0,48.3
TATAPOWER,EQ,2025-10-15,391.55,391.55,397.3,391.3,397.0,396.5,395.02,4091897,16163.82,40152.0,2307075.0,56.38
TATAPOWER,EQ,2025-10-16,396.5,397.0,402.8,396.15,398.35,399.0,400.12,5611314,22452.27,77671.0,2544855.0,45.35
TATAPOWER,EQ,2025-10-17,399.0,399.0,400.5,394.55,397.35,397.8,397.13,4998891,19851.91,47291.0,2794393.0,55.9
TATAPOWER,EQ,2025-10-20,397.8,398.3,401.0,396.65,399.8,399.8,399.46,4130123,16498.06,44141.0,2222605.0,53.81
TATAPOWER,EQ,2025-10-21,399.8,400.0,401.2,397.55,398.0,398.8,399.54,712785,2847.85,20173.0,415643.0,58.33
TATAPOWER,EQ,2025-10-24,397.65,397.65,399.2,394.0,396.9,396.85,397.34,5032576,19996.49,43331.0,2775177.0,55.14
TATAPOWER,EQ,2025-10-28,400.25,400.25,401.85,396.1,399.05,398.65,399.15,3949368,15763.89,40879.0,2072233.0,52.47
TATAPOWER,EQ,2025-10-29,398.65,399.0,412.4,398.7,411.0,410.7,409.22,10944400,44786.44,90121.0,5336580.0,48.76
TATAPOWER,EQ,2025-11-03,404.9,403.85,409.5,401.25,408.4,408.6,406.75,4166052,16945.33,48030.0,1973626.0,47.37
TATAPOWER,EQ,2025-11-04,408.6,407.5,408.0,398.55,400.65,400.6,400.86,6132035,24580.82,58545.0,3153861.0,51.43
TATAPOWER,EQ,2025-11-06,400.6,400.7,402.3,390.25,390.8,391.75,394.9,5024909,19843.59,57751.0,2465737.0,49.07
TATAPOWER,EQ,2025-11-07,391.75,390.95,394.4,386.0,394.15,393.2,390.29,4676601,18252.53,102395.0,2346226.0,50.17
TATAPOWER,EQ,2025-11-10,393.2,393.2,397.9,392.35,396.0,395.85,395.4,2906630,11492.69,39110.0,1470947.0,50.61
TATAPOWER,EQ,2025-11-11,395.85,395.8,396.4,390.05,395.5,395.6,393.74,3826554,15066.86,40449.0,1901999.0,49.71
TATAPOWER,EQ,2025-11-12,395.6,390.0,395.9,387.5,389.3,388.65,390.59,7856248,30686.07,89822.0,3830918.0,48.76
TATAPOWER,EQ,2025-11-14,388.8,388.8,390.0,385.15,388.6,388.4,387.88,5263918,20417.94,54163.0,2212468.0,42.03
TATAPOWER,EQ,2025-11-17,388.4,388.5,393.4,388.5,392.75,392.75,391.6,6120004,23965.71,42581.0,4252839.0,69.49
TATAPOWER,EQ,2025-11-18,392.75,394.0,394.0,385.5,387.0,386.25,388.46,4583330,17804.35,38915.0,2705258.0,59.02
TATAPOWER,EQ,2025-11-19,386.25,386.95,389.75,384.2,389.0,389.1,387.25,3747191,14510.92,38595.0,1929810.0,51.5
TATAPOWER,EQ,2025-11-20,389.1,389.25,392.0,387.0,388.55,388.1,390.06,3477240,13563.39,37588.0,1654614.0,47.58
TATAPOWER,EQ,2025-11-21,388.1,388.05,390.2,385.7,386.9,387.0,387.84,4036922,15656.89,41215.0,1908404.0,47.27
TATAPOWER,EQ,2025-11-24,387.0,390.0,391.5,381.2,382.0,382.55,384.53,5819567,22377.7,75563.0,3128239.0,53.75
TATAPOWER,EQ,2025-11-26,380.0,380.5,392.0,380.3,391.5,391.5,388.91,4917525,19124.8,40839.0,2310601.0,46.99
TATAPOWER,EQ,2025-11-27,391.5,392.4,399.95,391.5,391.9,392.05,395.23,7412732,29297.65,74536.0,1875931.0,25.31
TATAPOWER,EQ,2025-11-28,392.05,392.2,393.95,389.4,389.8,390.1,391.18,3760769,14711.3,35011.0,1874881.0,49.85
TATAPOWER,EQ,2025-12-01,390.1,390.65,393.0,386.7,390.4,389.75,388.75,3420680,13297.92,44104.0,1281226.0,37.46
TATAPOWER,EQ,2025-12-02,389.75,387.1,389.15,385.9,389.0,388.45,387.76,3302460,12805.5,32241.0,1669380.0,50.55
TATAPOWER,EQ,2025-12-03,388.45,387.2,389.1,382.3,384.1,383.65,384.68,3885600,14947.26,37356.0,2408332.0,61.98
TATAPOWER,EQ,2025-12-05,384.45,385.0,386.0,380.55,384.0,384.5,383.74,5332479,20462.87,37915.0,2731189.0,51.22
TATAPOWER,EQ,2025-12-08,384.5,383.2,385.25,372.3,374.0,374.15,376.83,7008862,26411.55,80951.0,3812540.0,54.4
TATAPOWER,EQ,2025-12-09,374.15,373.5,378.35,369.8,375.4,376.25,374.81,2822828,10580.17,36442.0,1162480.0,41.18
TATAPOWER,EQ,2025-12-10,376.25,376.75,382.4,376.5,378.0,379.85,380.78,4914788,18714.7,48745.0,2139615.0,43.53
TATAPOWER,EQ,2025-12-15,381.95,380.0,382.4,378.0,382.0,381.65,380.36,3359948,12779.83,43330.0,1749740.0,52.08
TATAPOWER,EQ,2025-12-16,381.65,381.65,381.9,378.2,379.5,379.85,379.76,2682924,10188.62,40799.0,1254198.0,46.75
TATAPOWER,EQ,2025-12-18,378.55,377.5,377.65,373.0,374.35,374.95,375.22,3323975,12472.23,42524.0,1228493.0,36.96
TATAPOWER,EQ,2025-12-19,374.95,375.05,381.45,373.5,380.65,380.55,377.64,3882916,14663.62,34978.0,1832596.0,47.2
TATAPOWER,EQ,2025-12-23,380.8,380.8,383.5,380.5,382.4,382.2,382.23,2330687,8908.69,57177.0,1299558.0,55.76
TATAPOWER,EQ,2025-12-24,382.2,382.2,383.7,379.0,379.4,379.7,381.69,5215726,19907.88,54160.0,3005884.0,57.63
TATAPOWER,EQ,2025-12-26,379.7,378.9,381.9,378.1,379.4,379.55,380.38,2459099,9354.04,44352.0,1419117.0,57.71
TATAPOWER,EQ,2025-12-29,379.55,379.0,380.3,375.15,376.0,376.2,377.04,2379612,8972.18,36556.0,1226155.0,51.53
TATAPOWER,EQ,2025-12-30,376.2,376.05,376.9,372.7,374.3,374.35,374.14,1675136,6267.41,40860.0,726143.0,43.35
TATAPOWER,EQ,2025-12-31,374.35,375.0,380.75,374.8,379.4,379.6,379.05,2075846,7868.44,25311.0,1072865.0,51.68
TATAPOWER,EQ,2026-01-01,379.6,380.0,382.25,379.0,381.65,381.85,380.98,1798707,6852.69,23604.0,828224.0,46.05
TATAPOWER,EQ,2026-01-02,381.85,381.85,393.65,381.25,392.65,393.1,389.64,13045325,50829.49,67446.0,9374547.0,71.86
TATAPOWER,EQ,2026-01-06,388.85,388.85,390.45,384.75,386.7,386.5,387.05,3689482,14280.26,40250.0,2285995.0,61.96
TATAPOWER,EQ,2026-01-07,386.5,386.6,387.9,379.0,380.15,380.75,381.63,4136188,15784.81,46239.0,2275219.0,55.01
TATAPOWER,EQ,2026-01-08,380.75,380.15,381.85,373.05,373.75,374.2,376.88,3791372,14289.07,45437.0,1741731.0,45.94
TATAPOWER,EQ,2026-01-09,374.2,373.0,374.0,362.95,364.3,364.8,367.82,5875179,21610.33,69646.0,2656477.0,45.22
TATAPOWER,EQ,2026-01-12,364.8,364.8,371.35,360.1,370.0,370.6,366.17,5589564,20467.34,64306.0,2410379.0,43.12
TATAPOWER,EQ,2026-01-13,370.6,370.6,372.2,365.15,367.9,368.45,368.04,3242292,11933.04,38824.0,1452299.0,44.79
TATAPOWER,EQ,2026-01-14,368.45,366.4,370.0,366.3,367.3,367.4,368.13,3084937,11356.65,32186.0,1962933.0,63.63
TATAPOWER,EQ,2026-01-19,366.1,366.1,368.7,362.0,362.6,363.2,364.87,2283012,8329.92,38637.0,974568.0,42.69
TATAPOWER,EQ,2026-01-20,363.2,362.45,364.15,351.1,352.95,352.95,358.14,3143726,11258.8,59989.0,1381252.0,43.94
TATAPOWER,EQ,2026-01-21,352.95,351.95,353.6,346.5,349.1,349.35,350.08,4066338,14235.24,59520.0,1532720.0,37.69
TATAPOWER,EQ,2026-01-23,353.3,355.0,355.0,344.1,345.7,345.25,347.54,3122016,10850.21,62470.0,1380061.0,44.2
TATAPOWER,EQ,2026-01-23,353.3,355.0,355.0,344.1,345.7,345.25,347.54,3122016,10850.21,62470.0,1380061.0,44.2
TATAPOWER,EQ,2026-01-28,347.75,349.0,355.9,348.7,355.9,355.05,352.81,6892969,24319.29,51436.0,4226443.0,61.32
TATAPOWER,EQ,2026-01-30,366.45,366.0,367.0,360.1,366.5,366.3,364.37,5917250,21560.98,63400.0,3424715.0,57.88
TATAPOWER,EQ,2026-02-02,354.35,355.0,360.55,348.4,359.05,358.8,353.81,3274185,11584.25,44862.0,1125039.0,34.36
TATAPOWER,EQ,2026-02-03,358.8,367.3,371.6,364.0,364.95,365.1,366.54,3756665,13769.73,45959.0,1522382.0,40.52
TATAPOWER,EQ,2026-02-04,365.1,365.1,372.25,363.6,371.05,371.55,370.05,4215317,15598.93,58179.0,1942790.0,46.09
TATAPOWER,EQ,2026-02-06,364.5,364.4,366.55,361.0,365.4,365.95,363.46,2245318,8160.8,28513.0,718624.0,32.01
TATAPOWER,EQ,2026-02-09,365.95,367.0,369.1,365.1,367.85,368.7,367.45,2824091,10377.25,38660.0,1410071.0,49.93
TATAPOWER,EQ,2026-02-10,368.7,369.0,370.4,367.65,369.5,369.95,369.21,1910161,7052.46,29849.0,741021.0,38.79
TATAPOWER,EQ,2026-02-11,369.95,370.15,377.4,366.65,376.55,375.65,371.59,3457996,12849.72,39609.0,1586469.0,45.88
TATAPOWER,EQ,2026-02-12,375.65,376.2,381.5,371.5,379.5,380.55,376.3,6063960,22818.44,67840.0,2654884.0,43.78
TATAPOWER,EQ,2026-02-13,380.55,377.0,377.8,370.65,374.35,374.1,373.75,4441440,16599.69,51379.0,1957475.0,44.07
TATAPOWER,EQ,2026-02-16,374.1,372.0,384.25,370.9,381.85,382.1,379.65,3884952,14749.19,47518.0,1554270.0,40.01
TATAPOWER,EQ,2026-02-17,382.1,381.4,384.1,377.0,377.7,378.4,379.66,3799013,14423.27,39105.0,1779774.0,46.85
TATAPOWER,EQ,2026-02-18,378.4,378.4,382.15,377.95,378.35,379.6,379.97,2150233,8170.15,35506.0,886646.0,41.23
TATAPOWER,EQ,2026-02-23,378.0,379.0,381.55,376.8,378.3,379.25,378.85,3229333,12234.45,50351.0,1691059.0,52.37
TATAPOWER,EQ,2026-02-24,379.25,377.0,380.45,372.5,380.0,379.75,377.07,3005896,11334.24,37450.0,1278252.0,42.52
TATAPOWER,EQ,2026-02-26,381.25,380.8,385.4,378.25,380.0,380.4,381.24,3190045,12161.79,39414.0,1490420.0,46.72
TATAPOWER,EQ,2026-02-27,380.4,380.4,381.5,376.25,376.6,377.55,378.17,3197689,12092.65,40560.0,1883137.0,58.89
TATAPOWER,EQ,2026-03-02,377.55,356.0,373.95,356.0,368.15,368.35,368.1,5645823,20782.34,74085.0,2483905.0,44.0
TATAPOWER,EQ,2026-03-02,377.55,356.0,373.95,356.0,368.15,368.35,368.1,5645823,20782.34,74085.0,2483905.0,44.0
TATAPOWER,EQ,2026-03-04,368.35,362.3,369.9,362.1,364.65,365.85,365.76,5707031,20873.8,73287.0,2853188.0,49.99
TATAPOWER,EQ,2026-03-05,365.85,366.25,378.5,366.25,376.8,376.85,374.76,5981063,22414.53,64650.0,2628747.0,43.95
TATAPOWER,EQ,2026-03-06,376.85,375.0,385.25,373.1,375.6,375.5,379.85,3748549,14238.73,44315.0,1412734.0,37.69
TATAPOWER,EQ,2026-03-09,375.5,366.5,374.2,365.15,373.9,372.9,370.11,5063475,18740.46,55403.0,1915492.0,37.83
TATAPOWER,EQ,2026-03-12,385.75,384.0,407.35,383.45,401.95,402.15,399.63,25007929,99938.2,204669.0,7792220.0,31.16
TATAPOWER,EQ,2026-03-13,402.15,402.15,406.05,393.45,394.5,394.95,398.73,9072187,36173.57,90637.0,2530109.0,27.89
TATAPOWER,EQ,2026-03-16,394.95,395.55,398.9,385.0,390.4,390.55,390.69,8028549,31366.67,81211.0,2880155.0,35.87
TATAPOWER,EQ,2026-03-18,400.85,402.5,405.5,398.25,399.9,400.35,401.79,7348301,29524.58,87866.0,2800562.0,38.11
TATAPOWER,EQ,2026-03-19,400.35,397.5,404.4,393.05,399.0,398.5,400.23,8123743,32513.62,87846.0,2502280.0,30.8
TATAPOWER,EQ,2026-03-23,402.4,402.7,403.3,373.0,382.9,386.95,390.07,15173788,59188.68,161102.0,6963166.0,45.89
TATAPOWER,EQ,2026-03-24,386.95,395.0,395.0,383.8,385.0,384.75,387.63,9726871,37704.43,92007.0,3377170.0,34.72
TATAPOWER,EQ,2026-03-25,384.75,388.0,395.0,387.05,390.45,390.7,391.52,6900597,27016.99,77390.0,2393010.0,34.68
TATAPOWER,EQ,2026-03-27,390.7,390.0,391.55,384.6,385.0,385.7,387.61,9994317,38739.04,126297.0,5471465.0,54.75
TATAPOWER,EQ,2026-03-30,385.7,381.0,388.75,377.95,378.8,378.75,381.41,9446563,36029.73,123227.0,3910458.0,41.4
TATAPOWER,EQ,2026-04-01,378.75,390.7,390.9,378.55,380.1,380.2,382.34,6063436,23183.06,77215.0,2165584.0,35.72
TATAPOWER,EQ,2026-04-02,380.2,378.85,386.65,368.0,382.5,385.0,377.42,9543544,36018.88,100624.0,3739818.0,39.19
TATAPOWER,EQ,2026-04-07,383.85,381.95,388.7,378.45,387.5,387.7,385.09,4381799,16873.67,43019.0,1403543.0,32.03
TATAPOWER,EQ,2026-04-08,387.7,395.0,397.45,392.05,395.5,394.95,394.58,7324411,28900.33,71325.0,3217858.0,43.93
TATAPOWER,EQ,2026-04-09,394.95,395.0,398.85,392.0,394.85,394.7,394.73,8546666,33736.09,104433.0,4401004.0,51.49
TATAPOWER,EQ,2026-04-10,394.7,396.5,401.35,394.9,399.5,399.35,398.09,6096752,24270.48,54560.0,2441382.0,40.04
TATAPOWER,EQ,2026-04-13,399.35,394.95,417.0,390.25,409.8,409.55,409.26,20611836,84355.51,154463.0,6904372.0,33.5
TATAPOWER,EQ,2026-04-13,399.35,394.95,417.0,390.25,409.8,409.55,409.26,20611836,84355.51,154463.0,6904372.0,33.5
TATAPOWER,EQ,2026-04-15,409.55,415.0,423.9,410.0,421.5,421.85,419.59,17610989,73893.56,135853.0,6938777.0,39.4
TATAPOWER,EQ,2026-04-16,421.85,427.4,429.65,416.2,428.95,426.6,422.6,14102437,59597.42,97817.0,5239853.0,37.16
TATAPOWER,EQ,2026-04-17,426.6,429.0,432.0,424.6,427.5,427.6,427.62,7377006,31545.56,58509.0,2971597.0,40.28
TATAPOWER,EQ,2026-04-20,427.6,427.5,438.5,424.45,433.1,433.6,433.29,13081794,56681.46,195326.0,5598201.0,42.79
TATAPOWER,EQ,2026-04-22,436.05,436.0,440.8,434.8,436.0,436.05,438.06,5945688,26045.44,58659.0,2602490.0,43.77
TATAPOWER,EQ,2026-04-23,436.05,435.5,437.8,427.55,430.7,430.3,431.96,7927709,34244.35,63367.0,4384437.0,55.31
TATAPOWER,EQ,2026-04-24,430.3,431.0,436.7,426.0,435.5,435.0,431.17,6780544,29235.97,82006.0,2802395.0,41.33
TATAPOWER,EQ,2026-04-27,435.0,436.6,455.95,435.2,453.55,453.2,449.81,16399806,73768.4,195656.0,6988113.0,42.61
TATAPOWER,EQ,2026-04-28,453.2,454.0,464.9,454.0,462.0,461.8,459.41,16158141,74231.51,118958.0,7724769.0,47.81
TATAPOWER,EQ,2026-04-29,461.8,464.3,464.4,449.4,450.2,451.5,455.93,7412182,33794.26,94755.0,3559088.0,48.02
TATAPOWER,EQ,2026-04-30,451.5,450.0,450.0,439.3,445.5,444.55,443.36,6116311,27117.08,108517.0,2905593.0,47.51
TATAPOWER,EQ,2026-04-30,451.5,450.0,450.0,439.3,445.5,444.55,443.36,6116311,27117.08,108517.0,2905593.0,47.51
TATAPOWER,EQ,2026-05-04,444.55,445.5,448.0,438.5,441.6,441.4,443.51,4920694,21823.7,71976.0,1912642.0,38.87
TATAPOWER,EQ,2026-05-06,442.65,444.5,446.3,439.5,442.75,443.25,442.63,4255437,18836.01,41177.0,1914672.0,44.99
TATAPOWER,EQ,2026-05-07,443.25,445.15,446.0,438.2,439.75,439.25,440.55,5471848,24106.08,45009.0,2289895.0,41.85
TATAPOWER,EQ,2026-05-08,439.25,438.1,440.6,434.7,435.5,436.0,436.69,4061354,17735.61,57986.0,1967620.0,48.45
TATAPOWER,EQ,2026-05-12,433.2,431.2,433.4,417.25,419.0,418.4,422.75,6821438,28837.89,90558.0,2748277.0,40.29
TATAPOWER,EQ,2026-05-13,418.4,391.0,413.75,390.8,405.85,404.45,405.25,20958608,84934.37,234702.0,6681830.0,31.88
TATAPOWER,EQ,2026-05-15,407.85,409.4,412.25,405.0,407.0,407.0,408.55,4344049,17747.43,60851.0,1642431.0,37.81
TATAPOWER,EQ,2026-05-18,407.0,404.6,405.7,395.95,404.0,404.35,400.61,6007649,24067.14,69017.0,2415437.0,40.21
TATAPOWER,EQ,2026-05-19,404.35,404.3,418.5,403.4,413.9,415.0,412.67,7454213,30761.6,88429.0,2757718.0,37.0
TATAPOWER,EQ,2026-05-20,415.0,411.8,415.95,409.75,413.6,413.5,413.7,4390666,18163.98,80856.0,1977828.0,45.05
TATAPOWER,EQ,2026-05-21,413.5,416.0,417.0,409.0,410.55,410.5,411.14,5013888,20614.12,54710.0,2130695.0,42.5
TATAPOWER,EQ,2026-05-22,410.5,411.0,412.95,406.15,408.65,408.9,408.68,4398760,17976.68,41953.0,1798555.0,40.89
TATAPOWER,EQ,2026-05-25,408.9,411.25,415.1,409.4,414.3,413.55,412.64,3635798,15002.59,42209.0,1590056.0,43.73
TATAPOWER,EQ,2026-05-27,420.95,420.8,430.4,419.5,427.9,425.8,426.63,6171033,26327.54,55549.0,2853873.0,46.25
TATAPOWER,EQ,2026-05-29,425.8,429.9,434.0,419.65,422.0,420.75,423.94,8197538,34752.53,81270.0,4939342.0,60.25
TATAPOWER,EQ,2026-06-02,419.5,415.5,417.25,408.65,414.0,414.9,413.82,5616307,23241.35,56878.0,2300881.0,40.97
TATAPOWER,EQ,2026-06-04,411.75,410.0,414.6,409.0,411.1,410.8,411.95,2512081,10348.43,31031.0,1015448.0,40.42
TATAPOWER,EQ,2026-06-05,410.8,411.45,413.75,406.55,409.0,409.2,410.09,2616616,10730.53,30115.0,1060370.0,40.52
TATAPOWER,EQ,2026-06-08,409.2,404.05,409.1,402.3,403.45,404.2,405.38,2751940,11155.86,40729.0,952830.0,34.62
TATAPOWER,EQ,2026-06-09,404.2,404.35,406.6,396.55,397.85,398.65,399.74,5796055,23169.03,89002.0,3005445.0,51.85
TATAPOWER,EQ,2026-06-10,398.65,398.65,402.95,393.35,394.85,394.75,398.17,3489888,13895.8,43396.0,1060212.0,30.38
TATAPOWER,EQ,2026-06-11,394.75,391.95,396.5,388.3,390.9,390.25,390.95,5580234,21815.9,65762.0,2597560.0,46.55
TATAPOWER,EQ,2026-06-12,390.25,395.8,395.8,388.0,394.75,393.55,392.11,6317321,24771.0,48298.0,2962613.0,46.9
TATAPOWER,EQ,2026-06-15,393.55,397.75,405.4,395.55,403.0,404.1,400.08,9202415,36816.66,99771.0,4141546.0,45.0
TATAPOWER,EQ,2026-06-16,404.1,405.0,405.6,400.25,401.55,402.25,401.87,7499735,30139.02,63380.0,3891810.0,51.89
TATAPOWER,EQ,2026-06-17,402.25,402.25,403.45,399.35,401.35,401.5,401.06,5958070,23895.63,69643.0,3138139.0,52.67
TATAPOWER,EQ,2026-06-18,401.5,402.95,403.9,398.45,402.9,402.9,401.89,5550321,22306.45,57651.0,2350844.0,42.36
TATAPOWER,EQ,2026-06-23,405.95,405.95,406.5,396.5,398.6,398.3,399.88,5046417,20179.66,46110.0,2439415.0,48.34
TATAPOWER,EQ,2026-06-24,398.3,398.8,400.75,391.45,392.0,393.1,395.2,5536727,21881.15,43923.0,3098634.0,55.97
TATAPOWER,EQ,2026-06-25,393.1,395.05,395.9,388.0,388.55,388.95,391.7,6391714,25036.4,60665.0,3402997.0,53.24
TATAPOWER,EQ,2026-06-29,388.95,388.95,390.3,385.1,386.85,386.5,386.99,3614843,13989.04,51532.0,1306468.0,36.14
TATAPOWER,EQ,2026-06-30,386.5,387.55,389.35,384.0,386.7,385.5,385.83,3527751,13611.16,50650.0,1279963.0,36.28
TATAPOWER,EQ,2026-07-01,385.5,386.25,387.05,374.3,375.15,375.45,380.0,9752961,37060.9,72647.0,5355976.0,54.92
TATAPOWER,EQ,2026-07-03,376.4,377.5,381.45,374.4,375.1,375.2,377.41,5800623,21892.08,63306.0,3063921.0,52.82
TATAPOWER,EQ,2026-07-07,377.55,377.05,380.05,374.6,377.1,377.2,376.8,4480736,16883.37,46140.0,2025384.0,45.2
TATAPOWER,EQ,2026-07-08,377.2,375.8,376.95,370.1,372.8,372.1,373.61,4750113,17746.73,95600.0,2413486.0,50.81
TATAPOWER,EQ,2026-07-13,381.3,379.7,379.85,375.4,378.3,377.85,377.76,3204238,12104.17,64185.0,1659609.0,51.79
TATAPOWER,EQ,2026-07-14,377.85,377.85,379.0,374.55,377.5,377.7,376.96,3224890,12156.5,44883.0,1504038.0,46.64
TATAPOWER,EQ,2026-07-16,380.9,381.1,385.3,376.65,377.35,377.1,380.44,3391530,12902.85,65681.0,1703104.0,50.22
TATAPOWER,EQ,2026-07-17,377.1,377.1,379.2,375.25,377.0,377.25,377.14,2626498,9905.67,46570.0,1209850.0,46.06
TATAPOWER,EQ,2026-07-20,377.25,377.0,385.5,375.55,384.5,384.3,382.7,4957842,18973.68,63603.0,2472637.0,49.87
TATAPOWER,EQ,2026-07-21,384.3,385.95,388.1,380.0,381.35,381.45,382.74,3013353,11533.39,35704.0,1253058.0,41.58
TATAPOWER,EQ,2026-07-22,381.45,379.65,380.9,377.35,377.95,378.55,378.79,2152210,8152.39,34773.0,842420.0,39.14
TATAPOWER,EQ,2026-07-23,378.55,376.0,379.5,374.0,376.2,376.15,376.52,1687994,6355.7,27384.0,672665.0,39.85
TATAPOWER,EQ,2026-07-24,376.15,373.4,375.75,371.4,375.0,374.4,373.79,1700724,6357.07,31991.0,622301.0,36.59
TATAPOWER,EQ,2026-07-27,374.4,376.75,379.0,374.45,379.0,377.35,376.16,2369047,8911.44,35913.0,1056365.0,44.59
TATAPOWER,EQ,2026-07-29,371.35,371.35,379.7,370.0,376.85,377.25,375.63,4420793,16605.62,50957.0,1820982.0,41.19
TATAPOWER,EQ,2026-07-31,375.95,378.0,381.35,377.15,380.8,380.7,379.86,3006383,11420.18,49744.0,1667604.0,55.47
TATAPOWER,EQ,2026-08-03,380.7,382.0,382.9,378.05,382.0,382.0,381.36,2051770,7824.64,39777.0,1012779.0,49.36
TATAPOWER,EQ,2026-08-04,382.0,382.0,384.2,380.0,380.0,380.0,382.06,2280780,8713.97,45856.0,1066210.0,46.75
TATAPOWER,EQ,2026-08-05,380.0,381.9,383.25,378.65,383.0,383.0,380.93,1675427,6382.16,28952.0,760655.0,45.4
TATAPOWER,EQ,2026-08-07,378.6,378.6,382.7,377.3,380.55,380.55,380.51,2614409,9948.03,34085.0,1413034.0,54.05
TATAPOWER,EQ,2026-08-10,380.55,380.55,382.4,378.5,382.0,382.0,380.01,5099549,19378.7,55267.0,2626707.0,51.51
TATAPOWER,EQ,2026-08-11,382.0,382.0,382.0,377.5,380.0,380.0,379.39,2965048,11249.17,33932.0,1504055.0,50.73
TATAPOWER,EQ,2026-08-13,379.45,378.5,382.8,378.05,382.8,382.8,381.09,3403131,12969.12,32612.0,1896096.0,55.72
TATAPOWER,EQ,2026-08-14,382.8,382.5,390.4,379.6,382.05,382.05,386.4,8187038,31634.97,57231.0,3620661.0,44.22
TATAPOWER,EQ,2026-08-17,382.05,382.05,383.05,378.05,381.5,381.5,381.06,2658590,10130.71,31064.0,1337253.0,50.3
TATAPOWER,EQ,2026-08-18,381.5,378.4,382.05,378.4,381.0,381.0,380.54,2827459,10759.6,30671.0,1435622.0,50.77
TATAPOWER,EQ,2026-08-19,381.0,380.0,380.75,375.05,378.9,378.9,377.49,3880698,14649.23,36890.0,1931394.0,49.77
TATAPOWER,EQ,2026-08-21,375.25,375.7,377.75,373.05,374.3,374.3,375.47,4141292,15549.2,48446.0,1998802.0,48.27
TATAPOWER,EQ,2026-08-24,374.3,374.3,378.05,371.5,373.5,373.5,374.62,3748709,14043.39,38196.0,2207710.0,58.89
TATAPOWER,EQ,2026-08-25,373.5,373.0,374.2,368.55,370.6,370.6,370.55,9167396,33970.06,62610.0,6308101.0,68.81
TATAPOWER,EQ,2026-08-27,364.0,359.2,359.2,348.1,352.0,352.0,351.07,16236355,57000.89,196563.0,6084219.0,37.47
TATAPOWER,EQ,2026-08-31,351.85,351.6,351.85,347.0,347.0,347.0,348.67,6003565,20932.83,72081.0,3700156.0,61.63
TATAPOWER,EQ,2026-09-01,347.0,347.55,351.95,347.45,350.55,350.55,350.14,3607879,12632.75,39367.0,1678447.0,46.52
TATAPOWER,EQ,2026-09-02,350.55,349.0,364.0,347.15,364.0,364.0,358.6,12229632,43854.88,126007.0,4581157.0,37.46
TATAPOWER,EQ,2026-09-03,364.0,366.55,370.75,362.75,365.7,365.7,367.38,5763428,21173.69,59583.0,2297102.0,39.86
TATAPOWER,EQ,2026-09-04,365.7,365.1,368.5,364.1,368.0,368.0,366.89,3826383,14038.69,35646.0,2222447.0,58.08
TATAPOWER,EQ,2026-09-07,368.0,366.9,369.8,363.0,365.7,365.7,364.63,4849767,17683.86,44553.0,2399548.0,49.48
TATAPOWER,EQ,2026-09-08,365.7,364.65,367.2,362.25,365.55,365.55,364.97,2879558,10509.5,29508.0,1534567.0,53.29
TATAPOWER,EQ,2026-09-09,365.55,364.1,373.7,363.15,370.0,370.0,369.91,5668226,20967.49,62272.0,2072536.0,36.56
TATAPOWER,EQ,2026-09-10,370.0,369.7,369.7,363.95,367.0,367.0,366.57,2896528,10617.74,34738.0,1239414.0,42.79
TATAPOWER,EQ,2026-09-11,367.0,364.8,367.4,362.95,364.65,364.65,365.49,2425732,8865.84,28412.0,1148126.0,53.5
TATAPOWER,EQ,2026-09-16,363.0,363.0,366.1,360.4,360.4,360.4,362.95,2900501,10527.28,30220.0,1314284.0,45.31
TATAPOWER,EQ,2026-09-18,369.0,364.8,374.8,360.9,374.8,374.8,369.06,5102671,18831.91,39748.0,3159710.0,61.92
TATAPOWER,EQ,2026-09-24,369.0,366.5,367.5,362.95,363.45,363.45,365.68,2708315,9903.68,31290.0,1219508.0,45.03
TDPOWERSYS,EQ,2025-09-25,574.15,576.15,579.4,570.1,576.0,575.4,575.1,599638,3448.53,25835.0,245760.0,40.98
TDPOWERSYS,EQ,2025-09-26,575.4,573.4,586.7,565.2,569.1,573.15,575.99,1003826,5781.92,48544.0,394701.0,39.32
TDPOWERSYS,EQ,2025-09-30,576.45,576.5,593.9,575.45,588.9,590.85,586.55,822964,4827.08,35236.0,413669.0,50.27
TDPOWERSYS,EQ,2025-10-01,590.85,590.25,602.8,583.05,600.0,598.35,595.18,1113980,6630.16,46377.0,489373.0,43.93
TDPOWERSYS,EQ,2025-10-07,636.5,640.0,641.0,626.95,630.5,632.55,632.75,899396,5690.94,29066.0,581729.0,64.68
TDPOWERSYS,EQ,2025-10-08,632.55,631.0,636.3,616.7,621.9,618.8,623.72,551995,3442.93,29286.0,317087.0,57.44
TDPOWERSYS,EQ,2025-10-09,618.8,618.0,630.0,605.9,612.5,611.35,615.61,423586,2607.63,19315.0,196973.0,46.5
TDPOWERSYS,EQ,2025-10-14,595.35,597.0,607.0,582.7,598.0,600.75,594.33,847180,5035.07,27387.0,466049.0,55.01
TDPOWERSYS,EQ,2025-10-15,600.75,602.0,640.1,595.0,639.0,634.6,619.48,1117383,6921.94,44643.0,529926.0,47.43
TDPOWERSYS,EQ,2025-10-16,634.6,636.0,643.6,629.5,632.7,637.3,637.09,716052,4561.89,51774.0,380823.0,53.18
TDPOWERSYS,EQ,2025-10-17,637.3,633.8,668.7,628.85,648.5,657.6,653.56,1819855,11893.79,48264.0,983196.0,54.03
TDPOWERSYS,EQ,2025-10-20,657.6,651.0,655.1,636.95,650.0,645.9,647.31,518581,3356.8,31318.0,245502.0,47.34
TDPOWERSYS,EQ,2025-10-21,645.9,648.7,658.45,648.0,653.0,652.0,653.12,123368,805.74,7896.0,52184.0,42.31
TDPOWERSYS,EQ,2025-10-24,646.4,644.8,661.0,640.0,641.0,642.0,649.23,523742,3400.3,25699.0,268936.0,51.35
TDPOWERSYS,EQ,2025-10-28,645.8,645.8,652.25,640.25,648.0,648.45,646.39,257738,1665.99,15299.0,106849.0,41.46
TDPOWERSYS,EQ,2025-10-29,648.45,647.0,679.0,645.1,669.9,669.15,667.18,1304792,8705.33,43936.0,464599.0,35.61
TDPOWERSYS,EQ,2025-11-03,774.9,764.55,849.95,762.7,806.8,816.35,820.04,10778867,88391.12,271497.0,1773611.0,16.45
TDPOWERSYS,EQ,2025-11-06,820.05,814.05,823.0,794.05,802.0,797.85,806.81,1336345,10781.78,52078.0,595317.0,44.55
TDPOWERSYS,EQ,2025-11-07,797.85,793.5,797.8,770.0,773.25,780.6,782.18,1103578,8632.0,50978.0,506593.0,45.9
TDPOWERSYS,EQ,2025-11-10,780.6,779.0,792.25,752.6,779.15,784.35,773.56,1241031,9600.06,56203.0,508899.0,41.01
TDPOWERSYS,EQ,2025-11-11,784.35,784.35,809.35,771.0,775.3,777.85,788.29,1162929,9167.23,46446.0,422172.0,36.3
TDPOWERSYS,EQ,2025-11-12,777.85,773.0,830.8,772.85,824.0,820.35,807.98,1148115,9276.56,41387.0,413334.0,36.0
TDPOWERSYS,EQ,2025-11-14,777.45,773.15,789.05,758.8,787.0,785.7,773.51,884707,6843.26,47265.0,334038.0,37.76
TDPOWERSYS,EQ,2025-11-17,785.7,789.05,801.15,780.7,786.0,784.6,789.75,514303,4061.7,24353.0,218308.0,42.45
TDPOWERSYS,EQ,2025-11-18,784.6,782.0,782.3,758.4,765.0,766.05,768.07,971475,7461.63,29822.0,585278.0,60.25
TDPOWERSYS,EQ,2025-11-19,766.05,761.5,767.7,745.0,764.0,762.2,755.54,718478,5428.38,44240.0,355921.0,49.54
TDPOWERSYS,EQ,2025-11-20,762.2,766.0,780.0,755.0,758.85,758.8,767.55,1176972,9033.82,40999.0,380106.0,32.3
TDPOWERSYS,EQ,2025-11-21,758.8,755.0,755.65,719.8,725.0,724.8,732.56,1230115,9011.3,38700.0,692358.0,56.28
TDPOWERSYS,EQ,2025-11-24,724.8,725.0,778.85,710.7,770.1,763.5,753.18,3885029,29261.09,104148.0,1509898.0,38.86
TDPOWERSYS,EQ,2025-11-26,760.65,762.85,799.0,760.7,795.7,795.65,788.53,1391070,10968.96,55140.0,454160.0,32.65
TDPOWERSYS,EQ,2025-11-27,795.65,797.0,811.7,785.15,792.65,795.3,796.72,824714,6570.62,30206.0,332895.0,40.36
TDPOWERSYS,EQ,2025-11-28,795.3,792.65,794.05,775.0,776.4,776.95,783.18,320450,2509.71,15642.0,117878.0,36.79
TDPOWERSYS,EQ,2025-12-01,776.95,776.9,801.45,775.35,790.6,792.65,794.43,604530,4802.58,26362.0,243333.0,40.25
TDPOWERSYS,EQ,2025-12-02,792.65,790.6,800.0,784.0,793.7,792.45,790.45,456655,3609.63,19756.0,191413.0,41.92
TDPOWERSYS,EQ,2025-12-03,792.45,796.0,798.0,761.75,764.4,764.25,772.77,460171,3556.05,23916.0,177086.0,38.48
TDPOWERSYS,EQ,2025-12-05,725.35,726.2,730.8,689.8,699.0,696.7,702.27,979007,6875.27,50959.0,439395.0,44.88
TDPOWERSYS,EQ,2025-12-08,696.7,692.9,698.65,669.15,685.0,674.8,681.28,920899,6273.9,40396.0,398660.0,43.29
TDPOWERSYS,EQ,2025-12-09,674.8,671.1,705.0,660.75,691.0,693.7,685.05,818399,5606.47,41921.0,194829.0,23.81
TDPOWERSYS,EQ,2025-12-10,693.7,695.0,704.0,677.0,679.0,680.7,688.19,438871,3020.25,25812.0,183634.0,41.84
TDPOWERSYS,EQ,2025-12-15,687.1,688.0,700.4,681.8,697.0,697.1,691.88,353756,2447.58,19764.0,120234.0,33.99
TDPOWERSYS,EQ,2025-12-16,697.1,690.3,695.0,683.2,685.5,689.15,689.16,258111,1778.79,14409.0,126356.0,48.95
TDPOWERSYS,EQ,2025-12-18,716.8,713.25,725.0,690.2,696.25,697.35,709.34,912642,6473.71,37313.0,353637.0,38.75
TDPOWERSYS,EQ,2025-12-19,697.35,702.95,721.8,694.85,719.0,716.1,710.5,776588,5517.63,38057.0,319633.0,41.16
TDPOWERSYS,EQ,2025-12-23,743.0,743.0,743.05,721.25,733.0,731.95,730.46,421468,3078.66,17954.0,164755.0,39.09
TDPOWERSYS,EQ,2025-12-24,731.95,730.0,734.95,719.0,720.05,721.1,725.43,352117,2554.38,20682.0,142550.0,40.48
TDPOWERSYS,EQ,2025-12-26,721.1,721.1,734.5,707.65,710.0,710.6,719.26,371364,2671.08,20748.0,141172.0,38.01
TDPOWERSYS,EQ,2025-12-29,710.6,709.0,720.65,687.0,693.0,693.9,699.17,766459,5358.85,27802.0,434945.0,56.75
TDPOWERSYS,EQ,2025-12-30,693.9,693.0,708.0,690.35,703.65,702.75,698.85,422698,2954.02,19580.0,233372.0,55.21
TDPOWERSYS,EQ,2025-12-31,702.75,705.0,707.7,691.0,700.0,702.05,698.19,366745,2560.59,18837.0,171650.0,46.8
TDPOWERSYS,EQ,2026-01-01,702.05,701.4,705.2,667.55,675.0,673.75,677.73,1040556,7052.2,30449.0,612768.0,58.89
TDPOWERSYS,EQ,2026-01-02,673.75,677.95,689.65,674.25,685.0,684.75,679.98,473248,3218.01,19476.0,242381.0,51.22
TDPOWERSYS,EQ,2026-01-06,694.3,694.0,702.65,685.4,687.0,688.45,693.24,528370,3662.87,22423.0,265215.0,50.19
TDPOWERSYS,EQ,2026-01-07,688.45,688.45,725.8,686.95,704.5,700.4,710.5,1147670,8154.16,42062.0,269924.0,23.52
TDPOWERSYS,EQ,2026-01-08,700.4,700.1,719.9,685.5,686.5,689.4,705.35,697787,4921.85,32542.0,261335.0,37.45
TDPOWERSYS,EQ,2026-01-09,689.4,689.4,704.45,667.25,673.65,672.1,684.64,797059,5456.95,39609.0,309509.0,38.83
TDPOWERSYS,EQ,2026-01-12,672.1,670.0,670.0,644.0,653.6,654.4,656.54,919015,6033.74,45683.0,403463.0,43.9
TDPOWERSYS,EQ,2026-01-13,654.4,654.95,690.0,651.3,690.0,687.3,676.27,643949,4354.82,27257.0,233366.0,36.24
TDPOWERSYS,EQ,2026-01-14,687.3,687.45,688.0,670.1,677.35,678.1,678.94,405376,2752.24,17870.0,197364.0,48.69
TDPOWERSYS,EQ,2026-01-19,668.0,664.2,680.35,656.15,658.5,658.95,667.7,424889,2836.99,23961.0,152242.0,35.83
TDPOWERSYS,EQ,2026-01-20,658.95,657.5,663.9,630.35,638.5,640.65,648.04,825690,5350.84,34077.0,341698.0,41.38
TDPOWERSYS,EQ,2026-01-21,640.65,635.0,644.5,624.1,635.4,635.1,633.18,567116,3590.86,29524.0,182498.0,32.18
TDPOWERSYS,EQ,2026-01-23,631.3,633.7,640.5,615.35,619.0,624.3,628.86,493903,3105.96,23300.0,285499.0,57.8
TDPOWERSYS,EQ,2026-01-28,627.5,633.1,658.4,631.0,657.0,655.2,645.79,515637,3329.92,20987.0,241294.0,46.8
TDPOWERSYS,EQ,2026-01-30,676.9,661.0,767.95,642.3,723.0,729.5,731.81,4788877,35045.48,111062.0,1371346.0,28.64
TDPOWERSYS,EQ,2026-02-02,739.7,737.2,755.4,717.35,754.0,749.65,738.21,787755,5815.32,35819.0,273012.0,34.66
TDPOWERSYS,EQ,2026-02-03,749.65,810.0,840.0,791.55,813.0,817.45,806.8,2850536,22998.14,78520.0,1442349.0,50.6
TDPOWERSYS,EQ,2026-02-04,817.45,812.0,830.05,797.25,818.0,821.5,820.62,961076,7886.81,31341.0,473328.0,49.25
TDPOWERSYS,EQ,2026-02-06,809.6,809.5,809.5,770.5,788.0,783.3,789.33,1224011,9661.44,32729.0,826221.0,67.5
TDPOWERSYS,EQ,2026-02-09,783.3,795.25,814.55,790.0,798.95,799.5,799.9,649982,5199.21,30128.0,321614.0,49.48
TDPOWERSYS,EQ,2026-02-10,799.5,800.0,888.8,794.25,856.0,852.2,853.95,4348735,37136.11,150429.0,1288371.0,29.63
TDPOWERSYS,EQ,2026-02-11,852.2,857.0,875.0,844.65,873.0,869.95,863.21,1876807,16200.71,73244.0,860751.0,45.86
TDPOWERSYS,EQ,2026-02-12,869.95,873.0,874.45,841.3,844.95,846.5,858.0,496295,4258.21,21899.0,188291.0,37.94
TDPOWERSYS,EQ,2026-02-13,846.5,829.1,851.8,826.5,833.15,834.45,839.63,412980,3467.52,19625.0,142202.0,34.43
TDPOWERSYS,EQ,2026-02-16,834.45,833.15,876.0,828.0,859.9,859.1,859.84,923164,7937.75,43318.0,392987.0,42.57
TDPOWERSYS,EQ,2026-02-17,859.1,857.05,876.0,842.2,870.0,868.3,861.29,607603,5233.23,25496.0,182407.0,30.02
TDPOWERSYS,EQ,2026-02-18,868.3,870.0,888.9,860.15,872.0,870.8,876.24,1183257,10368.21,63556.0,382427.0,32.32
TDPOWERSYS,EQ,2026-02-23,882.55,885.6,933.0,883.0,906.1,903.8,913.61,2511515,22945.43,100248.0,899677.0,35.82
TDPOWERSYS,EQ,2026-02-24,903.8,905.1,911.95,884.3,889.9,888.2,893.92,984831,8803.58,47763.0,487750.0,49.53
TDPOWERSYS,EQ,2026-02-26,878.9,880.05,889.75,876.0,881.0,881.55,882.78,471363,4161.1,25263.0,236316.0,50.13
TDPOWERSYS,EQ,2026-02-27,881.55,880.0,922.0,875.6,900.0,903.3,909.28,1423934,12947.61,49687.0,570129.0,40.04
TDPOWERSYS,EQ,2026-03-02,903.3,840.0,902.95,831.0,893.95,889.85,888.74,1107680,9844.35,38119.0,429126.0,38.74
TDPOWERSYS,EQ,2026-03-04,889.85,870.0,898.0,866.35,872.35,876.45,879.07,1053119,9257.65,39102.0,489176.0,46.45
TDPOWERSYS,EQ,2026-03-05,876.45,879.7,900.55,862.5,889.6,884.3,888.58,615883,5472.59,26306.0,211545.0,34.35
TDPOWERSYS,EQ,2026-03-06,884.3,889.4,908.4,872.9,882.6,878.75,889.06,698395,6209.16,30571.0,227244.0,32.54
TDPOWERSYS,EQ,2026-03-09,878.75,851.25,860.85,829.05,842.3,845.4,844.17,650792,5493.81,40218.0,281364.0,43.23
TDPOWERSYS,EQ,2026-03-12,802.65,802.5,820.8,778.8,818.05,812.6,797.96,848159,6767.99,35757.0,277812.0,32.75
TDPOWERSYS,EQ,2026-03-13,812.6,812.0,822.4,773.55,787.0,780.5,795.11,957855,7615.97,40559.0,343232.0,35.83
TDPOWERSYS,EQ,2026-03-16,780.5,773.0,799.95,765.0,793.35,794.85,782.74,622769,4874.69,28865.0,224747.0,36.09
TDPOWERSYS,EQ,2026-03-18,817.25,822.0,849.95,819.35,835.8,836.5,835.81,503691,4209.87,22692.0,207461.0,41.19
TDPOWERSYS,EQ,2026-03-19,836.5,819.0,839.6,803.35,839.6,833.5,828.34,507915,4207.27,25445.0,206673.0,40.69
TDPOWERSYS,EQ,2026-03-23,863.25,840.0,853.5,803.65,820.0,819.7,823.62,781166,6433.81,37007.0,284031.0,36.36
TDPOWERSYS,EQ,2026-03-24,819.7,839.0,868.1,834.4,861.0,860.05,850.24,790092,6717.65,43186.0,342360.0,43.33
TDPOWERSYS,EQ,2026-03-27,885.65,875.5,879.9,843.35,854.0,848.8,860.1,480723,4134.7,25514.0,211521.0,44.0
TDPOWERSYS,EQ,2026-03-30,848.8,840.0,868.85,836.0,852.0,851.35,854.11,640775,5472.95,33980.0,295658.0,46.14
TDPOWERSYS,EQ,2026-04-01,851.35,870.05,886.8,856.5,860.8,862.6,871.02,1004726,8751.32,53234.0,470211.0,46.8
TDPOWERSYS,EQ,2026-04-07,879.0,881.7,885.0,861.25,884.9,880.25,873.79,896766,7835.84,38723.0,377491.0,42.09
TDPOWERSYS,EQ,2026-04-08,880.25,913.7,928.65,875.0,892.9,884.6,899.64,1919104,17265.04,77120.0,707521.0,36.87
TDPOWERSYS,EQ,2026-04-09,884.6,888.0,912.05,872.05,880.0,877.5,890.7,822307,7324.3,36626.0,351442.0,42.74
TDPOWERSYS,EQ,2026-04-10,877.5,886.0,954.0,882.75,933.8,926.6,926.54,3850499,35676.45,118373.0,1096833.0,28.49
TDPOWERSYS,EQ,2026-04-13,926.6,915.0,939.0,905.7,917.0,915.55,921.77,1551454,14300.81,48565.0,543898.0,35.06
TDPOWERSYS,EQ,2026-04-15,915.55,930.0,965.7,920.1,945.0,941.9,948.33,2384608,22613.88,76694.0,1008146.0,42.28
TDPOWERSYS,EQ,2026-04-16,941.9,957.9,983.9,949.75,970.0,970.75,966.07,2233725,21579.36,64204.0,913986.0,40.92
TDPOWERSYS,EQ,2026-04-17,970.75,978.0,1009.0,975.65,995.0,996.9,994.52,1447248,14393.17,43960.0,608005.0,42.01
TDPOWERSYS,EQ,2026-04-20,996.9,996.9,1049.7,995.0,1030.0,1030.7,1035.86,1991662,20630.83,98974.0,865529.0,43.46
TDPOWERSYS,EQ,2026-04-22,1017.45,1017.45,1066.9,1005.1,1061.0,1062.7,1046.63,1014470,10617.75,37316.0,414327.0,40.84
TDPOWERSYS,EQ,2026-04-23,1062.7,1063.0,1104.35,1053.75,1074.0,1070.45,1078.94,1237266,13349.39,59248.0,518029.0,41.87
TDPOWERSYS,EQ,2026-04-24,1070.45,1079.0,1119.2,1060.2,1112.35,1112.85,1095.9,1951004,21381.15,68266.0,793129.0,40.65
TDPOWERSYS,EQ,2026-04-27,1112.85,1126.5,1131.15,1075.0,1095.0,1089.8,1100.17,1455211,16009.8,60765.0,518258.0,35.61
TDPOWERSYS,EQ,2026-04-28,1089.8,1093.0,1154.8,1092.0,1154.0,1145.55,1133.15,1214816,13765.68,42248.0,484140.0,39.85
TDPOWERSYS,EQ,2026-04-29,1145.55,1153.0,1195.0,1130.1,1154.95,1146.5,1160.77,1378100,15996.57,59393.0,509773.0,36.99
TDPOWERSYS,EQ,2026-04-30,1146.5,1144.0,1173.0,1126.0,1162.0,1152.7,1144.66,1469140,16816.61,45025.0,841439.0,57.27
TDPOWERSYS,EQ,2026-05-04,1152.7,1169.9,1175.0,1140.3,1163.9,1162.5,1159.73,628040,7283.58,28460.0,211320.0,33.65
TDPOWERSYS,EQ,2026-05-06,1176.8,1183.9,1194.1,1135.6,1165.0,1164.2,1155.54,901526,10417.53,45095.0,354296.0,39.3
TDPOWERSYS,EQ,2026-05-07,1164.2,1165.0,1289.2,1164.1,1250.0,1245.3,1244.88,2804318,34910.36,104867.0,993767.0,35.44
TDPOWERSYS,EQ,2026-05-08,1245.3,1249.7,1277.9,1213.0,1227.9,1219.6,1239.11,947980,11746.5,50665.0,383540.0,40.46
TDPOWERSYS,EQ,2026-05-12,1178.7,1174.0,1219.0,1158.0,1172.3,1166.9,1187.07,845703,10039.13,36679.0,363943.0,43.03
TDPOWERSYS,EQ,2026-05-13,1166.9,1165.0,1198.8,1155.0,1185.0,1175.9,1175.64,666186,7831.93,28740.0,348221.0,52.27
TDPOWERSYS,EQ,2026-05-15,1184.0,1199.5,1336.8,1125.3,1302.0,1311.3,1263.59,8793796,111117.32,308070.0,1957145.0,22.26
TDPOWERSYS,EQ,2026-05-18,1311.3,1329.0,1361.0,1255.1,1325.0,1328.0,1317.36,4015270,52895.43,156175.0,860550.0,21.43
TDPOWERSYS,EQ,2026-05-19,1328.0,1260.0,1289.9,1211.0,1256.9,1256.3,1240.47,3334954,41369.18,133980.0,1141118.0,34.22
TDPOWERSYS,EQ,2026-05-20,1256.3,1240.0,1250.0,1217.3,1232.0,1231.2,1232.11,1201219,14800.31,51374.0,493237.0,41.06
TDPOWERSYS,EQ,2026-05-21,1231.2,1243.5,1310.0,1241.5,1299.0,1302.1,1283.84,2062899,26484.41,64624.0,861623.0,41.77
TDPOWERSYS,EQ,2026-05-22,1302.1,1310.0,1310.0,1266.4,1295.8,1295.0,1290.81,647872,8362.78,27404.0,284429.0,43.9
TDPOWERSYS,EQ,2026-05-25,1295.0,1310.0,1329.0,1281.7,1300.3,1301.8,1309.52,924721,12109.41,34481.0,403968.0,43.69
TDPOWERSYS,EQ,2026-05-27,1367.2,1377.4,1379.6,1284.6,1330.0,1331.5,1328.46,1509265,20049.92,63381.0,615847.0,40.8
TDPOWERSYS,EQ,2026-05-29,1331.5,1305.0,1359.0,1275.5,1300.0,1318.6,1315.41,1542801,20294.13,60676.0,601254.0,38.97
TDPOWERSYS,EQ,2026-06-02,1230.7,1220.0,1249.9,1193.0,1241.3,1235.0,1216.61,1901054,23128.33,57810.0,1246061.0,65.55
TDPOWERSYS,EQ,2026-06-04,1286.3,1288.0,1356.0,1286.0,1326.0,1325.5,1335.32,1115238,14891.98,61346.0,547918.0,49.13
TDPOWERSYS,EQ,2026-06-05,1325.5,1340.0,1354.8,1303.1,1312.0,1312.8,1319.75,686757,9063.45,37291.0,323439.0,47.1
TDPOWERSYS,EQ,2026-06-08,1312.8,1280.1,1304.7,1198.3,1225.7,1225.8,1251.46,1053062,13178.64,73765.0,517237.0,49.12
TDPOWERSYS,EQ,2026-06-09,1225.8,1234.9,1241.5,1201.0,1232.1,1231.0,1222.81,978105,11960.38,51535.0,440732.0,45.06
TDPOWERSYS,EQ,2026-06-10,1231.0,1230.0,1230.0,1141.0,1150.9,1153.3,1171.06,1880631,22023.3,90146.0,986586.0,52.46
TDPOWERSYS,EQ,2026-06-11,1153.3,1145.2,1185.5,1115.0,1128.0,1126.0,1147.96,1494841,17160.15,78726.0,837445.0,56.02
TDPOWERSYS,EQ,2026-06-12,1126.0,1158.0,1199.8,1133.3,1197.6,1192.8,1169.12,1038875,12145.69,44092.0,441841.0,42.53
TDPOWERSYS,EQ,2026-06-15,1192.8,1222.6,1223.2,1169.0,1196.7,1196.6,1195.14,1000632,11958.97,66209.0,456013.0,45.57
TDPOWERSYS,EQ,2026-06-16,1196.6,1202.0,1207.6,1164.7,1166.3,1169.5,1177.42,749583,8825.72,42432.0,403877.0,53.88
TDPOWERSYS,EQ,2026-06-17,1169.5,1169.0,1239.9,1165.5,1229.0,1230.5,1217.47,848338,10328.24,36267.0,348227.0,41.05
TDPOWERSYS,EQ,2026-06-18,1230.5,1231.4,1290.0,1213.0,1271.0,1269.0,1264.19,979242,12379.49,43957.0,412754.0,42.15
TDPOWERSYS,EQ,2026-06-23,1326.5,1334.0,1374.0,1320.1,1352.1,1354.1,1352.73,1474928,19951.8,63043.0,587024.0,39.8
TDPOWERSYS,EQ,2026-06-24,1354.1,1355.9,1364.0,1244.1,1263.0,1262.9,1272.46,2033071,25870.1,89946.0,850002.0,41.81
TDPOWERSYS,EQ,2026-06-25,1262.9,1274.0,1282.9,1246.0,1255.0,1255.1,1264.02,799378,10104.26,38537.0,406009.0,50.79
TDPOWERSYS,EQ,2026-06-29,1255.1,1246.0,1255.1,1185.0,1237.8,1233.0,1222.07,838888,10251.82,59737.0,413573.0,49.3
TDPOWERSYS,EQ,2026-06-30,1233.0,1244.0,1272.3,1214.4,1235.6,1238.3,1238.02,961639,11905.26,39315.0,439832.0,45.74
TDPOWERSYS,EQ,2026-07-01,1238.3,1238.3,1259.9,1185.0,1193.0,1193.3,1218.55,1046796,12755.75,56974.0,600210.0,57.34
TDPOWERSYS,EQ,2026-07-03,1191.0,1200.0,1203.7,1075.0,1106.0,1091.8,1120.06,2496289,27960.04,116150.0,1350601.0,54.1
TDPOWERSYS,EQ,2026-07-07,1174.2,1175.1,1177.7,1104.0,1126.0,1120.7,1126.53,994456,11202.83,39192.0,453171.0,45.57
TDPOWERSYS,EQ,2026-07-08,1120.7,1103.2,1119.4,1070.0,1088.0,1080.0,1093.61,1616851,17682.08,80038.0,742153.0,45.9
TDPOWERSYS,EQ,2026-07-13,1150.2,1140.0,1184.0,1119.8,1150.0,1152.2,1159.59,770736,8937.34,38966.0,395357.0,51.3
TDPOWERSYS,EQ,2026-07-14,1152.2,1145.0,1147.0,1121.6,1129.0,1125.0,1128.71,527762,5956.93,30868.0,251924.0,47.73
TDPOWERSYS,EQ,2026-07-16,1174.2,1180.0,1180.9,1124.0,1126.0,1127.1,1148.81,865491,9942.82,44298.0,433038.0,50.03
TDPOWERSYS,EQ,2026-07-17,1127.1,1127.1,1136.9,1102.1,1130.0,1127.7,1120.26,566401,6345.14,40590.0,268115.0,47.34
TDPOWERSYS,EQ,2026-07-20,1127.7,1125.0,1157.0,1120.5,1144.3,1141.1,1142.1,359907,4110.49,21308.0,174460.0,48.47
TDPOWERSYS,EQ,2026-07-21,1141.1,1139.0,1146.1,1124.4,1130.0,1129.2,1134.23,279905,3174.76,20361.0,146953.0,52.5
TDPOWERSYS,EQ,2026-07-22,1129.2,1133.9,1173.0,1133.9,1167.0,1160.7,1159.23,557333,6460.76,28962.0,231233.0,41.49
TDPOWERSYS,EQ,2026-07-23,1160.7,1153.9,1165.7,1136.5,1142.0,1139.4,1150.03,471004,5416.66,36236.0,238313.0,50.6
TDPOWERSYS,EQ,2026-07-24,1139.4,1127.0,1144.0,1110.0,1114.5,1113.6,1120.17,634662,7109.32,34823.0,390975.0,61.6
TDPOWERSYS,EQ,2026-07-27,1113.6,1121.0,1153.8,1111.1,1141.0,1141.5,1137.77,336514,3828.76,22075.0,142223.0,42.26
TDPOWERSYS,EQ,2026-07-29,1114.8,1120.0,1124.9,1029.7,1039.0,1036.0,1055.06,2186182,23065.56,88908.0,1248927.0,57.13
TDPOWERSYS,EQ,2026-07-31,1057.2,1110.0,1151.6,1086.9,1130.0,1131.0,1126.35,2306328,25977.21,98084.0,953350.0,41.34
TDPOWERSYS,EQ,2026-08-03,1131.0,1145.0,1152.7,1106.1,1116.9,1112.4,1124.44,711212,7997.13,37887.0,331538.0,46.62
TDPOWERSYS,EQ,2026-08-04,1112.4,1117.0,1151.5,1117.0,1128.8,1127.5,1132.86,647536,7335.7,43144.0,275546.0,42.55
TDPOWERSYS,EQ,2026-08-05,1127.5,1142.0,1207.0,1131.2,1200.0,1201.9,1179.57,1950548,23008.07,75404.0,1008694.0,51.71
TDPOWERSYS,EQ,2026-08-07,1227.7,1231.0,1270.0,1215.0,1256.0,1260.9,1250.45,1236722,15464.63,80028.0,640611.0,51.8
TDPOWERSYS,EQ,2026-08-10,1260.9,1261.0,1285.2,1221.2,1237.0,1236.4,1252.43,1054444,13206.2,64580.0,516351.0,48.97
TDPOWERSYS,EQ,2026-08-11,1236.4,1240.1,1284.0,1221.0,1275.0,1275.6,1255.63,1262968,15858.26,48052.0,615119.0,48.7
TDPOWERSYS,EQ,2026-08-13,1480.1,1495.0,1511.0,1445.0,1455.0,1481.6,1482.31,2220708,32917.74,91187.0,716070.0,32.25
TDPOWERSYS,EQ,2026-08-14,1481.6,1481.0,1505.0,1464.0,1490.0,1484.6,1481.72,759298,11250.69,36766.0,320276.0,42.18
TDPOWERSYS,EQ,2026-08-17,1484.6,1470.0,1569.8,1467.1,1549.0,1548.8,1536.29,2464279,37858.49,103889.0,791353.0,32.11
TDPOWERSYS,EQ,2026-08-18,1548.8,1549.0,1597.7,1529.2,1585.0,1586.6,1573.45,1797894,28288.99,84428.0,785921.0,43.71
TDPOWERSYS,EQ,2026-08-19,1586.6,1580.0,1588.6,1530.1,1541.0,1545.6,1547.96,1371248,21226.39,67779.0,685756.0,50.01
TDPOWERSYS,EQ,2026-08-21,1507.5,1511.0,1540.8,1490.0,1539.5,1534.8,1517.88,1378044,20917.07,84017.0,611084.0,44.34
TDPOWERSYS,EQ,2026-08-24,1534.8,775.0,793.5,760.7,782.5,780.1,775.54,1410792,10941.29,53506.0,622615.0,44.13
TDPOWERSYS,EQ,2026-08-25,780.1,780.2,782.5,719.0,730.3,729.4,740.88,1939751,14371.18,72098.0,872158.0,44.96
TDPOWERSYS,EQ,2026-08-27,727.8,730.2,765.5,730.2,738.6,740.6,750.4,2552484,19153.91,76596.0,991943.0,38.86
TDPOWERSYS,EQ,2026-08-31,752.7,760.0,792.4,751.4,778.4,777.0,775.64,3155375,24474.5,80648.0,1831984.0,58.06
TDPOWERSYS,EQ,2026-09-01,777.0,778.5,780.9,751.0,757.0,758.05,764.03,1152758,8807.38,37991.0,424888.0,36.86
TDPOWERSYS,EQ,2026-09-02,758.05,753.0,758.9,733.0,734.5,735.05,741.8,1116065,8278.98,40311.0,593100.0,53.14
TDPOWERSYS,EQ,2026-09-03,735.05,739.7,760.95,717.2,720.0,722.55,734.98,1644894,12089.67,65679.0,736428.0,44.77
TDPOWERSYS,EQ,2026-09-04,722.55,723.0,742.8,717.95,739.5,740.1,733.64,1283741,9418.03,71146.0,678882.0,52.88
TDPOWERSYS,EQ,2026-09-07,740.1,740.0,754.7,728.1,739.2,734.15,738.91,925420,6838.06,39164.0,431755.0,46.66
TDPOWERSYS,EQ,2026-09-08,734.15,736.0,778.85,736.0,774.0,768.8,768.47,2089519,16057.39,60994.0,780553.0,37.36
TDPOWERSYS,EQ,2026-09-09,768.8,769.8,787.6,752.0,756.0,755.1,767.54,1286601,9875.22,50719.0,526914.0,40.95
TDPOWERSYS,EQ,2026-09-10,755.1,756.0,772.0,748.25,768.05,762.75,760.13,1289222,9799.78,51035.0,608217.0,47.18
TDPOWERSYS,EQ,2026-09-11,762.75,760.0,812.8,743.05,802.75,804.9,787.18,4284956,33730.48,153276.0,1615399.0,45.69
TDPOWERSYS,EQ,2026-09-16,725.5,728.75,729.05,680.0,697.0,696.0,701.57,4260675,29891.55,170191.0,1382876.0,32.46
TDPOWERSYS,EQ,2026-09-18,722.1,726.0,770.0,725.15,768.0,763.75,753.49,3139171,23653.32,100287.0,1467492.0,46.75
TDPOWERSYS,EQ,2026-09-24,765.5,758.0,765.4,738.15,747.85,742.0,751.0,1289189,9681.77,44265.0,660359.0,51.22
THERMAX,EQ,2025-09-25,3317.2,3317.2,3326.5,3222.0,3233.1,3233.1,3260.53,86716,2827.4,,39022.0,45.0
THERMAX,EQ,2025-09-26,3233.1,3229.8,3229.8,3162.3,3197.7,3197.7,3196.6,90386,2889.28,,40674.0,45.0
THERMAX,EQ,2025-09-30,3197.7,3154.9,3195.0,3139.1,3170.3,3170.3,3168.13,78126,2475.13,,35157.0,45.0
THERMAX,EQ,2025-10-01,3170.3,3170.3,3190.5,3149.3,3165.2,3165.2,3168.33,43648,1382.91,,19642.0,45.0
THERMAX,EQ,2025-10-07,3179.3,3168.0,3200.0,3145.4,3190.1,3190.1,3178.5,68235,2168.85,,30706.0,45.0
THERMAX,EQ,2025-10-08,3190.1,3180.0,3191.5,3125.9,3158.2,3158.2,3158.53,72619,2293.69,,32679.0,45.0
THERMAX,EQ,2025-10-09,3158.2,3165.0,3197.0,3142.0,3182.5,3182.5,3173.83,57904,1837.77,,26057.0,45.0
THERMAX,EQ,2025-10-14,3189.5,3172.0,3191.6,3102.0,3107.4,3107.4,3133.67,116715,3657.46,,52522.0,45.0
THERMAX,EQ,2025-10-15,3107.4,3110.0,3140.7,3100.0,3110.0,3110.0,3116.9,62490,1947.75,,28120.0,45.0
THERMAX,EQ,2025-10-16,3110.0,3114.0,3180.0,3113.0,3167.2,3167.2,3153.4,88053,2776.66,,39624.0,45.0
THERMAX,EQ,2025-10-17,3167.2,3250.0,3250.1,3113.2,3145.2,3145.2,3169.5,156801,4969.81,,70560.0,45.0
THERMAX,EQ,2025-10-20,3145.2,3186.9,3230.0,3151.5,3180.4,3180.4,3187.3,119474,3807.99,,53763.0,45.0
THERMAX,EQ,2025-10-21,3180.4,3198.0,3227.7,3185.0,3219.1,3219.1,3210.6,15968,512.67,,7186.0,45.0
THERMAX,EQ,2025-10-24,3187.8,3188.0,3285.0,3188.0,3276.5,3276.5,3249.83,111752,3631.75,,50288.0,45.0
THERMAX,EQ,2025-10-28,3314.2,3329.0,3353.0,3244.0,3254.8,3254.8,3283.93,71447,2346.27,,32151.0,45.0
THERMAX,EQ,2025-10-29,3254.8,3254.8,3280.8,3234.8,3267.9,3267.9,3261.17,48198,1571.82,,21689.0,45.0
THERMAX,EQ,2025-11-03,3267.9,3226.9,3235.4,3180.0,3206.8,3206.8,3207.4,64801,2078.43,,29160.0,45.0
THERMAX,EQ,2025-11-06,3271.7,3272.0,3289.1,3229.9,3256.0,3256.0,3258.33,51821,1688.5,,23319.0,45.0
THERMAX,EQ,2025-11-07,3256.0,3225.0,3233.2,3160.4,3190.9,3190.9,3194.83,55757,1781.34,,25091.0,45.0
THERMAX,EQ,2025-11-10,3190.9,3170.1,3195.5,3121.6,3138.6,3138.6,3151.9,51236,1614.91,,23056.0,45.0
THERMAX,EQ,2025-11-11,3138.6,3138.6,3200.0,3136.0,3167.7,3167.7,3167.9,74247,2352.07,,33411.0,45.0
THERMAX,EQ,2025-11-12,3167.7,3071.0,3128.3,2986.0,3061.2,3061.2,3058.5,562188,17194.52,,252985.0,45.0
THERMAX,EQ,2025-11-14,3024.1,3020.2,3039.3,2998.5,3006.0,3006.0,3014.6,79898,2408.61,,35954.0,45.0
THERMAX,EQ,2025-11-17,3006.0,3018.0,3054.9,3000.0,3012.9,3012.9,3022.6,99620,3011.11,,44829.0,45.0
THERMAX,EQ,2025-11-18,3012.9,3010.5,3013.7,2937.2,2943.4,2943.4,2964.77,140161,4155.45,,63072.0,45.0
THERMAX,EQ,2025-11-19,2943.4,2940.0,2968.2,2895.0,2921.9,2921.9,2928.37,157434,4610.25,,70845.0,45.0
THERMAX,EQ,2025-11-20,2921.9,2944.4,2985.9,2905.7,2968.2,2968.2,2953.27,133489,3942.29,,60070.0,45.0
THERMAX,EQ,2025-11-21,2968.2,2967.8,2967.8,2880.0,2886.7,2886.7,2911.5,88756,2584.13,,39940.0,45.0
THERMAX,EQ,2025-11-24,2886.7,2885.1,2897.8,2840.0,2867.2,2867.2,2868.33,156591,4491.55,,70466.0,45.0
THERMAX,EQ,2025-11-26,2867.2,2934.0,2952.7,2876.0,2933.0,2933.0,2920.57,88400,2581.78,,39780.0,45.0
THERMAX,EQ,2025-11-27,2933.0,2933.5,2952.7,2911.2,2940.8,2940.8,2934.9,58602,1719.91,,26371.0,45.0
THERMAX,EQ,2025-11-28,2940.8,2940.9,2948.9,2902.0,2920.1,2920.1,2923.67,35408,1035.21,,15934.0,45.0
THERMAX,EQ,2025-12-01,2920.1,2949.3,2949.3,2898.0,2916.5,2916.5,2921.27,40063,1170.35,,18028.0,45.0
THERMAX,EQ,2025-12-02,2916.5,2917.1,2929.5,2894.0,2924.1,2924.1,2915.87,20636,601.72,,9286.0,45.0
THERMAX,EQ,2025-12-03,2924.1,2923.9,2929.4,2872.9,2889.6,2889.6,2897.3,42029,1217.71,,18913.0,45.0
THERMAX,EQ,2025-12-05,2869.1,2868.9,2868.9,2802.2,2845.7,2845.7,2838.93,76988,2185.64,,34645.0,45.0
THERMAX,EQ,2025-12-08,2845.7,2845.7,2859.0,2742.7,2805.6,2805.6,2802.43,108936,3052.86,,49021.0,45.0
THERMAX,EQ,2025-12-09,2805.6,2805.6,2892.4,2745.1,2833.7,2833.7,2823.73,59508,1680.35,,26779.0,45.0
THERMAX,EQ,2025-12-10,2833.7,2825.0,2849.9,2762.0,2773.8,2773.8,2795.23,53422,1493.27,,24040.0,45.0
THERMAX,EQ,2025-12-15,2798.7,2865.1,2904.9,2841.0,2891.2,2891.2,2879.03,105340,3032.77,,47403.0,45.0
THERMAX,EQ,2025-12-16,2891.2,2897.0,2905.0,2860.4,2884.6,2884.6,2883.33,35543,1024.82,,15994.0,45.0
THERMAX,EQ,2025-12-18,2882.7,2865.0,2874.0,2824.0,2850.8,2850.8,2849.6,73451,2093.06,,33053.0,45.0
THERMAX,EQ,2025-12-19,2850.8,2845.8,2879.9,2845.8,2869.9,2869.9,2865.2,78202,2240.64,,35191.0,45.0
THERMAX,EQ,2025-12-23,2877.0,2881.7,2945.0,2866.8,2931.7,2931.7,2914.5,83460,2432.44,,37557.0,45.0
THERMAX,EQ,2025-12-24,2931.7,2944.0,3008.0,2912.9,3000.6,3000.6,2973.83,146277,4350.03,,65825.0,45.0
THERMAX,EQ,2025-12-26,3000.6,3008.9,3017.1,2963.7,3012.4,3012.4,2997.73,114630,3436.3,,51584.0,45.0
THERMAX,EQ,2025-12-29,3012.4,3020.5,3025.3,2991.9,3008.6,3008.6,3008.6,57204,1721.04,,25742.0,45.0
THERMAX,EQ,2025-12-30,3008.6,2995.2,3030.0,2942.1,3013.5,3013.5,2995.2,115311,3453.8,,51890.0,45.0
THERMAX,EQ,2025-12-31,3013.5,3030.0,3041.0,2989.1,3022.6,3022.6,3017.57,107790,3252.64,,48506.0,45.0
THERMAX,EQ,2026-01-01,3022.6,3023.1,3080.0,3003.6,3063.4,3063.4,3049.0,73271,2234.03,,32972.0,45.0
THERMAX,EQ,2026-01-02,3063.4,3065.9,3070.2,3007.0,3025.9,3025.9,3034.37,65999,2002.65,,29700.0,45.0
THERMAX,EQ,2026-01-06,3070.6,3070.6,3111.0,3011.0,3087.6,3087.6,3069.87,120329,3693.94,,54148.0,45.0
THERMAX,EQ,2026-01-07,3087.6,3100.0,3100.5,3020.0,3069.3,3069.3,3063.27,158371,4851.33,,71267.0,45.0
THERMAX,EQ,2026-01-08,3069.3,3080.0,3120.0,3042.6,3061.4,3061.4,3074.67,163471,5026.19,,73562.0,45.0
THERMAX,EQ,2026-01-09,3061.4,3050.0,3050.0,2986.1,3023.4,3023.4,3019.83,131347,3966.46,,59106.0,45.0
THERMAX,EQ,2026-01-12,3023.4,3020.0,3049.0,2919.9,2949.4,2949.4,2972.77,88767,2638.84,,39945.0,45.0
THERMAX,EQ,2026-01-13,2949.4,2942.0,2975.8,2925.6,2964.2,2964.2,2955.2,64500,1906.1,,29025.0,45.0
THERMAX,EQ,2026-01-14,2964.2,2951.0,2986.2,2940.5,2971.8,2971.8,2966.17,28572,847.49,,12857.0,45.0
THERMAX,EQ,2026-01-19,2971.8,2950.4,2956.8,2926.7,2937.7,2937.7,2940.4,27553,810.17,,12399.0,45.0
THERMAX,EQ,2026-01-20,2937.7,2925.0,2960.4,2895.4,2921.4,2921.4,2925.73,72607,2124.28,,32673.0,45.0
THERMAX,EQ,2026-01-21,2921.4,2909.9,2943.0,2847.8,2929.4,2929.4,2906.73,72849,2117.52,,32782.0,45.0
THERMAX,EQ,2026-01-23,2929.4,2900.0,2959.9,2900.0,2920.6,2920.6,2926.83,67965,1989.22,,30584.0,45.0
THERMAX,EQ,2026-01-28,2831.0,2839.0,2904.0,2827.1,2870.4,2870.4,2867.17,64816,1858.38,,29167.0,45.0
THERMAX,EQ,2026-01-30,2795.2,2808.8,2917.5,2751.1,2878.0,2878.0,2848.87,166507,4743.57,,74928.0,45.0
THERMAX,EQ,2026-02-02,2878.0,2902.0,2926.0,2806.0,2829.7,2829.7,2853.9,118408,3379.25,,53284.0,45.0
THERMAX,EQ,2026-02-03,2829.7,3090.0,3090.0,2900.4,2950.0,2950.0,2980.13,377890,11261.61,,170050.0,45.0
THERMAX,EQ,2026-02-04,2950.0,2949.0,2963.9,2886.2,2949.9,2949.9,2933.33,119037,3491.75,,53567.0,45.0
THERMAX,EQ,2026-02-06,2908.5,2908.5,2915.0,2847.0,2872.6,2872.6,2878.2,67047,1929.75,,30171.0,45.0
THERMAX,EQ,2026-02-09,2872.6,2919.0,2929.7,2855.0,2893.3,2893.3,2892.67,191441,5537.76,,86148.0,45.0
THERMAX,EQ,2026-02-10,2893.3,2924.0,2970.0,2901.3,2960.2,2960.2,2943.83,60500,1781.02,,27225.0,45.0
THERMAX,EQ,2026-02-11,2960.2,2985.7,2985.7,2920.5,2931.6,2931.6,2945.93,168898,4975.62,,76004.0,45.0
THERMAX,EQ,2026-02-12,2931.6,2931.6,2949.0,2815.1,2831.6,2831.6,2865.23,219292,6283.22,,98681.0,45.0
THERMAX,EQ,2026-02-13,2831.6,2829.5,2895.0,2749.8,2886.7,2886.7,2843.83,302282,8596.39,,136027.0,45.0
THERMAX,EQ,2026-02-16,2886.7,2886.1,2940.0,2845.4,2924.2,2924.2,2903.2,62084,1802.42,,27938.0,45.0
THERMAX,EQ,2026-02-17,2924.2,2915.6,3064.4,2915.6,3054.2,3054.2,3011.4,133302,4014.26,,59986.0,45.0
THERMAX,EQ,2026-02-18,3054.2,3061.3,3097.0,3031.3,3092.3,3092.3,3073.53,99384,3054.6,,44723.0,45.0
THERMAX,EQ,2026-02-23,3151.8,3152.0,3174.1,3112.6,3155.6,3155.6,3147.43,153386,4827.72,,69024.0,45.0
THERMAX,EQ,2026-02-24,3155.6,3126.5,3157.6,3111.0,3148.2,3148.2,3138.93,148525,4662.1,,66836.0,45.0
THERMAX,EQ,2026-02-26,3148.2,3210.0,3246.6,3133.6,3182.4,3182.4,3187.53,142889,4554.63,,64300.0,45.0
THERMAX,EQ,2026-02-27,3182.4,3147.6,3149.4,3076.0,3117.8,3117.8,3114.4,91863,2860.98,,41338.0,45.0
THERMAX,EQ,2026-03-02,3117.8,3012.0,3107.8,3012.0,3101.8,3101.8,3073.87,80951,2488.33,,36428.0,45.0
THERMAX,EQ,2026-03-04,3101.8,3051.0,3079.3,2966.8,3015.5,3015.5,3020.53,55902,1688.54,,25156.0,45.0
THERMAX,EQ,2026-03-05,3015.5,3025.0,3090.0,3025.0,3063.7,3063.7,3059.57,121186,3707.77,,54534.0,45.0
THERMAX,EQ,2026-03-06,3063.7,3052.0,3197.8,3040.0,3161.9,3161.9,3133.23,103275,3235.84,,46474.0,45.0
THERMAX,EQ,2026-03-09,3161.9,3120.0,3120.0,3004.5,3064.5,3064.5,3063.0,74855,2292.81,,33685.0,45.0
THERMAX,EQ,2026-03-12,3182.3,3182.3,3182.9,3087.0,3165.3,3165.3,3145.07,66913,2104.46,,30111.0,45.0
THERMAX,EQ,2026-03-13,3165.3,3165.0,3235.0,3105.0,3221.0,3221.0,3187.0,236376,7533.3,,106369.0,45.0
THERMAX,EQ,2026-03-16,3221.0,3261.0,3330.0,3226.2,3259.2,3259.2,3271.8,614244,20096.84,,276410.0,45.0
THERMAX,EQ,2026-03-18,3238.4,3238.3,3317.6,3186.0,3279.2,3279.2,3260.93,235084,7665.92,,105788.0,45.0
THERMAX,EQ,2026-03-19,3279.2,3245.4,3347.2,3205.0,3237.4,3237.4,3263.2,357374,11661.83,,160818.0,45.0
THERMAX,EQ,2026-03-23,3237.4,3195.1,3200.0,3050.0,3101.1,3101.1,3117.03,102143,3183.83,,45964.0,45.0
THERMAX,EQ,2026-03-24,3101.1,3125.0,3252.0,3073.8,3191.6,3191.6,3172.47,116424,3693.52,,52391.0,45.0
THERMAX,EQ,2026-03-27,3249.2,3227.9,3228.8,3141.0,3196.9,3196.9,3188.9,69965,2231.11,,31484.0,45.0
THERMAX,EQ,2026-03-30,3196.9,3258.9,3340.0,3143.0,3260.7,3260.7,3247.9,541315,17581.37,,243592.0,45.0
THERMAX,EQ,2026-04-01,3260.7,3299.0,3353.0,3272.0,3345.4,3345.4,3323.47,173401,5762.93,,78030.0,45.0
THERMAX,EQ,2026-04-07,3276.6,3276.6,3276.6,3192.7,3213.8,3213.8,3227.7,114865,3707.5,,51689.0,45.0
THERMAX,EQ,2026-04-08,3213.8,3330.9,3331.0,3196.6,3291.6,3291.6,3273.07,287409,9407.1,,129334.0,45.0
THERMAX,EQ,2026-04-09,3291.6,3296.0,3586.0,3255.0,3535.1,3535.1,3458.7,676592,23401.29,,304466.0,45.0
THERMAX,EQ,2026-04-10,3535.1,3535.1,3665.0,3530.0,3643.0,3643.0,3612.67,233965,8452.38,,105284.0,45.0
THERMAX,EQ,2026-04-13,3643.0,3596.0,3889.6,3537.6,3870.8,3870.8,3766.0,536932,20220.86,,241619.0,45.0
THERMAX,EQ,2026-04-15,3870.8,3897.0,4099.0,3875.0,4085.0,4085.0,4019.67,421948,16960.92,,189877.0,45.0
THERMAX,EQ,2026-04-16,4085.0,4085.0,4185.8,4040.6,4126.4,4126.4,4117.6,362809,14939.02,,163264.0,45.0
THERMAX,EQ,2026-04-17,4126.4,4112.0,4170.0,4058.0,4141.4,4141.4,4123.13,217151,8953.42,,97718.0,45.0
THERMAX,EQ,2026-04-20,4141.4,4141.4,4305.0,4061.8,4185.2,4185.2,4184.0,373347,15620.84,,168006.0,45.0
THERMAX,EQ,2026-04-22,4185.2,4148.4,4166.1,4047.0,4053.1,4053.1,4088.73,154799,6329.31,,69660.0,45.0
THERMAX,EQ,2026-04-23,4053.1,4053.1,4148.6,4030.2,4059.7,4059.7,4079.5,130733,5333.25,,58830.0,45.0
THERMAX,EQ,2026-04-24,4059.7,4060.0,4095.5,3988.7,4006.5,4006.5,4030.23,72523,2922.84,,32635.0,45.0
THERMAX,EQ,2026-04-27,4006.5,4023.0,4183.6,3996.0,4156.3,4156.3,4111.97,214001,8799.66,,96300.0,45.0
THERMAX,EQ,2026-04-28,4156.3,4167.0,4174.9,3980.0,4015.3,4015.3,4056.73,119561,4850.27,,53802.0,45.0
THERMAX,EQ,2026-04-29,4015.3,4050.0,4058.4,3960.0,3990.0,3990.0,4002.8,74832,2995.38,,33674.0,45.0
THERMAX,EQ,2026-04-30,3990.0,4000.0,4107.8,3922.5,4077.6,4077.6,4035.97,273294,11030.06,,122982.0,45.0
THERMAX,EQ,2026-05-04,4077.6,4077.6,4205.0,4056.7,4179.8,4179.8,4147.17,252250,10461.24,,113512.0,45.0
THERMAX,EQ,2026-05-06,4179.8,4148.8,4150.0,4059.4,4076.9,4076.9,4095.43,68595,2809.26,,30868.0,45.0
THERMAX,EQ,2026-05-07,4076.9,4097.1,4290.0,4088.4,4182.3,4182.3,4186.9,349360,14627.35,,157212.0,45.0
THERMAX,EQ,2026-05-08,4182.3,4370.0,4759.0,4306.0,4677.5,4677.5,4580.83,3661500,167727.09,,1647675.0,45.0
THERMAX,EQ,2026-05-12,4545.1,4561.6,4564.5,4401.9,4483.0,4483.0,4483.13,339988,15242.1,,152995.0,45.0
THERMAX,EQ,2026-05-13,4483.0,4535.8,4730.0,4486.0,4546.5,4546.5,4587.5,448975,20596.73,,202039.0,45.0
THERMAX,EQ,2026-05-15,4546.5,4640.9,4660.0,4488.6,4500.4,4500.4,4549.67,119072,5417.38,,53582.0,45.0
THERMAX,EQ,2026-05-18,4500.4,4458.6,4498.0,4356.0,4393.3,4393.3,4415.77,200590,8857.59,,90266.0,45.0
THERMAX,EQ,2026-05-19,4393.3,4397.4,4498.5,4335.1,4416.6,4416.6,4416.73,154839,6838.82,,69678.0,45.0
THERMAX,EQ,2026-05-20,4416.6,4380.1,4456.4,4330.0,4415.1,4415.1,4400.5,128625,5660.14,,57881.0,45.0
THERMAX,EQ,2026-05-21,4415.1,4449.8,4620.9,4449.7,4575.0,4575.0,4548.53,414005,18831.14,,186302.0,45.0
THERMAX,EQ,2026-05-22,4575.0,4568.0,4636.0,4421.6,4454.6,4454.6,4504.07,232003,10449.58,,104401.0,45.0
THERMAX,EQ,2026-05-25,4454.6,4454.6,4476.9,4405.1,4435.7,4435.7,4439.23,104492,4638.64,,47021.0,45.0
THERMAX,EQ,2026-05-27,4435.7,4480.0,4658.4,4423.5,4590.6,4590.6,4557.5,616811,28111.16,,277565.0,45.0
THERMAX,EQ,2026-05-29,4590.6,4659.0,5075.0,4650.0,4982.7,4982.7,4902.57,1786425,87580.74,,803891.0,45.0
THERMAX,EQ,2026-06-02,4982.7,4950.0,5005.0,4800.1,4969.7,4969.7,4924.93,334807,16489.01,,150663.0,45.0
THERMAX,EQ,2026-06-04,4784.5,4755.0,5002.9,4755.0,4875.9,4875.9,4877.93,363756,17743.76,,163690.0,45.0
THERMAX,EQ,2026-06-05,4875.9,4931.2,4960.0,4786.6,4832.1,4832.1,4859.57,203060,9867.84,,91377.0,45.0
THERMAX,EQ,2026-06-08,4832.1,4723.0,4885.0,4670.7,4696.4,4696.4,4750.7,158954,7551.43,,71529.0,45.0
THERMAX,EQ,2026-06-09,4696.4,4760.3,4796.8,4698.8,4739.9,4739.9,4745.17,180682,8573.67,,81307.0,45.0
THERMAX,EQ,2026-06-10,4739.9,4750.0,4826.0,4676.6,4698.8,4698.8,4733.8,282455,13370.85,,127105.0,45.0
THERMAX,EQ,2026-06-11,4698.8,4688.0,4701.6,4533.3,4571.3,4571.3,4602.07,180285,8296.84,,81128.0,45.0
THERMAX,EQ,2026-06-12,4571.3,4626.6,4746.9,4626.6,4726.3,4726.3,4699.93,238336,11201.63,,107251.0,45.0
THERMAX,EQ,2026-06-15,4726.3,4821.0,4821.0,4665.7,4741.0,4741.0,4742.57,277050,13139.29,,124672.0,45.0
THERMAX,EQ,2026-06-16,4741.0,4778.0,4788.0,4688.5,4714.6,4714.6,4730.37,91904,4347.4,,41357.0,45.0
THERMAX,EQ,2026-06-17,4714.6,4724.0,4798.0,4710.0,4774.4,4774.4,4760.8,110973,5283.2,,49938.0,45.0
THERMAX,EQ,2026-06-18,4774.4,4817.8,4889.0,4638.8,4696.3,4696.3,4741.37,266960,12657.56,,120132.0,45.0
THERMAX,EQ,2026-06-23,4696.3,4898.1,4935.0,4753.1,4799.9,4799.9,4829.33,197846,9554.64,,89031.0,45.0
THERMAX,EQ,2026-06-24,4799.9,4800.0,4833.7,4681.0,4757.4,4757.4,4757.37,116873,5560.08,,52593.0,45.0
THERMAX,EQ,2026-06-25,4757.4,4759.9,4904.7,4707.0,4828.8,4828.8,4813.5,252190,12139.17,,113486.0,45.0
THERMAX,EQ,2026-06-29,4828.8,4832.1,5277.8,4755.5,5125.1,5125.1,5052.8,927416,46860.48,,417337.0,45.0
THERMAX,EQ,2026-06-30,5125.1,5125.1,5207.1,5031.4,5159.5,5159.5,5132.67,300942,15446.36,,135424.0,45.0
THERMAX,EQ,2026-07-01,5159.5,5195.0,5218.5,5052.0,5120.5,5120.5,5130.33,148232,7604.79,,66704.0,45.0
THERMAX,EQ,2026-07-03,4917.0,4944.5,4948.5,4575.0,4607.5,4607.5,4710.33,272897,12854.35,,122804.0,45.0
THERMAX,EQ,2026-07-07,4736.5,4772.0,4828.5,4670.0,4709.0,4709.0,4735.83,198155,9384.28,,89170.0,45.0
THERMAX,EQ,2026-07-08,4709.0,4685.0,4686.0,4532.5,4602.5,4602.5,4607.0,212634,9796.05,,95685.0,45.0
THERMAX,EQ,2026-07-13,4809.0,4775.0,4796.0,4651.0,4663.5,4663.5,4703.5,139444,6558.75,,62750.0,45.0
THERMAX,EQ,2026-07-14,4663.5,4638.5,4653.0,4358.5,4379.5,4379.5,4463.67,449617,20069.42,,202328.0,45.0
THERMAX,EQ,2026-07-16,4379.5,4575.0,4656.0,4473.0,4581.0,4581.0,4570.0,184687,8440.2,,83109.0,45.0
THERMAX,EQ,2026-07-17,4581.0,4572.5,4670.0,4545.0,4662.0,4662.0,4625.67,236475,10938.55,,106414.0,45.0
THERMAX,EQ,2026-07-20,4662.0,4632.0,4734.0,4611.0,4710.5,4710.5,4685.17,152461,7143.06,,68607.0,45.0
THERMAX,EQ,2026-07-21,4710.5,4749.0,4880.0,4710.0,4841.0,4841.0,4810.33,326254,15693.89,,146814.0,45.0
THERMAX,EQ,2026-07-22,4841.0,4840.0,4840.0,4690.0,4718.5,4718.5,4749.5,129520,6151.55,,58284.0,45.0
THERMAX,EQ,2026-07-23,4718.5,4685.0,4699.0,4550.0,4578.0,4578.0,4609.0,106300,4899.37,,47835.0,45.0
THERMAX,EQ,2026-07-24,4578.0,4568.0,4573.0,4465.5,4514.0,4514.0,4517.5,88245,3986.47,,39710.0,45.0
THERMAX,EQ,2026-07-27,4514.0,4560.0,4571.0,4394.0,4454.5,4454.5,4473.17,152455,6819.57,,68605.0,45.0
THERMAX,EQ,2026-07-29,4454.5,4420.0,4444.5,4267.0,4378.0,4378.0,4363.17,133741,5835.35,,60183.0,45.0
THERMAX,EQ,2026-07-31,4251.5,3892.0,4489.0,3566.5,4306.0,4306.0,4120.5,3745682,154340.83,,1685557.0,45.0
THERMAX,EQ,2026-08-03,4306.0,4302.5,4319.0,4070.8,4122.2,4122.2,4170.67,707697,29515.71,,318464.0,45.0
THERMAX,EQ,2026-08-04,4122.2,4118.0,4163.0,4000.0,4015.0,4015.0,4059.33,536528,21779.44,,241438.0,45.0
THERMAX,EQ,2026-08-05,4015.0,4010.1,4106.9,4010.1,4064.9,4064.9,4060.63,286536,11635.17,,128941.0,45.0
THERMAX,EQ,2026-08-07,3991.0,3991.0,4075.0,3990.8,4059.9,4059.9,4041.9,101867,4117.36,,45840.0,45.0
THERMAX,EQ,2026-08-10,4059.9,4047.0,4091.1,4023.0,4052.2,4052.2,4055.43,91954,3729.13,,41379.0,45.0
THERMAX,EQ,2026-08-11,4052.2,4068.5,4084.4,4006.0,4025.7,4025.7,4038.7,116700,4713.16,,52515.0,45.0
THERMAX,EQ,2026-08-13,4025.7,4083.0,4085.1,3968.2,4001.6,4001.6,4018.3,181948,7311.22,,81877.0,45.0
THERMAX,EQ,2026-08-14,4001.6,4006.4,4061.7,3934.0,4044.9,4044.9,4013.53,221825,8903.01,,99821.0,45.0
THERMAX,EQ,2026-08-17,4044.9,4074.0,4238.6,4034.4,4141.4,4141.4,4138.13,397968,16468.43,,179086.0,45.0
THERMAX,EQ,2026-08-18,4141.4,4170.0,4188.2,4055.4,4079.9,4079.9,4107.83,126453,5194.47,,56904.0,45.0
THERMAX,EQ,2026-08-19,4079.9,4073.2,4074.5,3981.0,4025.5,4025.5,4027.0,145951,5877.45,,65678.0,45.0
THERMAX,EQ,2026-08-21,4034.0,4045.0,4063.4,3955.1,3967.8,3967.8,3995.43,95811,3828.06,,43115.0,45.0
THERMAX,EQ,2026-08-24,3967.8,3967.8,3999.9,3955.3,3984.2,3984.2,3979.8,73745,2934.9,,33185.0,45.0
THERMAX,EQ,2026-08-25,3984.2,3984.2,4012.8,3941.0,3999.8,3999.8,3984.53,75061,2990.83,,33777.0,45.0
THERMAX,EQ,2026-08-27,3968.5,3970.0,4029.9,3954.0,3962.7,3962.7,3982.2,52092,2074.41,,23441.0,45.0
THERMAX,EQ,2026-08-31,3944.2,3964.0,3964.3,3875.0,3901.6,3901.6,3913.63,97468,3814.54,,43861.0,45.0
THERMAX,EQ,2026-09-01,3901.6,3938.0,3971.6,3876.1,3913.2,3913.2,3920.3,78425,3074.5,,35291.0,45.0
THERMAX,EQ,2026-09-02,3913.2,3888.0,3908.4,3740.2,3752.5,3752.5,3800.37,134165,5098.77,,60374.0,45.0
THERMAX,EQ,2026-09-03,3752.5,3780.3,3821.9,3710.0,3733.9,3733.9,3755.27,130678,4907.31,,58805.0,45.0
THERMAX,EQ,2026-09-04,3733.9,3739.0,3765.6,3617.0,3637.6,3637.6,3673.4,258180,9483.98,,116181.0,45.0
THERMAX,EQ,2026-09-07,3637.6,3638.0,3670.0,3593.3,3622.0,3622.0,3628.43,141581,5137.17,,63711.0,45.0
THERMAX,EQ,2026-09-08,3622.0,3593.0,3655.2,3580.5,3629.6,3629.6,3621.77,195564,7082.88,,88004.0,45.0
THERMAX,EQ,2026-09-09,3629.6,3631.8,3702.0,3614.2,3638.6,3638.6,3651.6,140751,5139.66,,63338.0,45.0
THERMAX,EQ,2026-09-10,3638.6,3632.1,3719.8,3625.3,3645.4,3645.4,3663.5,112142,4108.32,,50464.0,45.0
THERMAX,EQ,2026-09-11,3645.4,3611.0,3702.1,3589.5,3682.0,3682.0,3657.87,84569,3093.42,,38056.0,45.0
THERMAX,EQ,2026-09-16,3682.0,3559.4,3582.5,3481.6,3536.8,3536.8,3533.63,245768,8684.53,,110596.0,45.0
THERMAX,EQ,2026-09-18,3536.8,3569.5,3599.0,3522.4,3551.9,3551.9,3557.77,238396,8481.58,,107278.0,45.0
THERMAX,EQ,2026-09-24,3464.9,3468.0,3470.0,3400.0,3407.0,3406.1,3436.98,84227,2894.86,17191.0,51985.0,61.72
TORNTPOWER,EQ,2025-09-25,1264.3,1264.0,1268.4,1242.8,1254.5,1254.5,1255.23,363109,4557.85,,163399.0,45.0
TORNTPOWER,EQ,2025-09-26,1254.5,1252.6,1255.9,1227.1,1233.3,1233.3,1238.77,318155,3941.21,,143170.0,45.0
TORNTPOWER,EQ,2025-09-30,1233.3,1224.2,1238.5,1215.0,1218.9,1218.9,1224.13,329216,4030.03,,148147.0,45.0
TORNTPOWER,EQ,2025-10-01,1218.9,1220.0,1227.9,1208.8,1216.0,1216.0,1217.57,342856,4174.51,,154285.0,45.0
TORNTPOWER,EQ,2025-10-07,1200.0,1202.0,1246.1,1200.1,1240.0,1240.0,1228.73,776298,9538.61,,349334.0,45.0
TORNTPOWER,EQ,2025-10-08,1240.0,1249.0,1253.0,1221.1,1225.0,1225.0,1233.03,409718,5051.95,,184373.0,45.0
TORNTPOWER,EQ,2025-10-09,1225.0,1225.0,1245.0,1222.0,1240.5,1240.5,1235.83,229835,2840.37,,103426.0,45.0
TORNTPOWER,EQ,2025-10-14,1283.6,1288.0,1299.0,1275.0,1294.8,1294.8,1289.6,901908,11631.01,,405859.0,45.0
TORNTPOWER,EQ,2025-10-15,1294.8,1299.0,1319.8,1293.0,1309.7,1309.7,1307.5,821282,10738.26,,369577.0,45.0
TORNTPOWER,EQ,2025-10-16,1309.7,1309.6,1340.9,1295.4,1337.6,1337.6,1324.63,959107,12704.62,,431598.0,45.0
TORNTPOWER,EQ,2025-10-17,1337.6,1335.6,1335.6,1303.6,1311.8,1311.8,1317.0,314876,4146.92,,141694.0,45.0
TORNTPOWER,EQ,2025-10-20,1311.8,1311.8,1318.8,1303.0,1304.2,1304.2,1308.67,142498,1864.83,,64124.0,45.0
TORNTPOWER,EQ,2025-10-21,1304.2,1310.0,1324.0,1305.0,1319.2,1319.2,1316.07,90985,1197.43,,40943.0,45.0
TORNTPOWER,EQ,2025-10-24,1328.4,1323.1,1328.6,1305.0,1325.8,1325.8,1319.8,363827,4801.79,,163722.0,45.0
TORNTPOWER,EQ,2025-10-28,1321.7,1315.0,1321.1,1264.0,1277.2,1277.2,1287.43,966046,12437.17,,434721.0,45.0
TORNTPOWER,EQ,2025-10-29,1277.2,1283.9,1319.0,1278.0,1313.6,1313.6,1303.53,452019,5892.2,,203409.0,45.0
TORNTPOWER,EQ,2025-11-03,1313.6,1316.2,1352.5,1309.1,1344.8,1344.8,1335.47,848902,11336.83,,382006.0,45.0
TORNTPOWER,EQ,2025-11-06,1304.3,1302.0,1303.6,1260.0,1273.2,1273.2,1278.93,675598,8640.43,,304019.0,45.0
TORNTPOWER,EQ,2025-11-07,1273.2,1267.0,1288.4,1258.4,1281.2,1281.2,1276.0,213066,2718.72,,95880.0,45.0
TORNTPOWER,EQ,2025-11-10,1281.2,1282.0,1316.0,1274.0,1312.2,1312.2,1300.73,540136,7025.71,,243061.0,45.0
TORNTPOWER,EQ,2025-11-11,1312.2,1318.5,1345.0,1305.5,1336.8,1336.8,1329.1,529496,7037.53,,238273.0,45.0
TORNTPOWER,EQ,2025-11-12,1336.8,1347.2,1351.5,1280.8,1292.8,1292.8,1308.37,2480358,32452.26,,1116161.0,45.0
TORNTPOWER,EQ,2025-11-14,1293.6,1293.6,1310.0,1280.7,1301.0,1301.0,1297.23,429192,5567.61,,193136.0,45.0
TORNTPOWER,EQ,2025-11-17,1301.0,1319.0,1322.2,1299.0,1310.0,1310.0,1310.4,410728,5382.18,,184828.0,45.0
TORNTPOWER,EQ,2025-11-18,1310.0,1310.8,1319.0,1304.8,1313.1,1313.1,1312.3,288832,3790.34,,129974.0,45.0
TORNTPOWER,EQ,2025-11-19,1313.1,1313.1,1317.7,1296.1,1300.8,1300.8,1304.87,238155,3107.61,,107170.0,45.0
TORNTPOWER,EQ,2025-11-20,1300.8,1300.8,1315.7,1300.8,1313.9,1313.9,1310.13,273000,3576.65,,122850.0,45.0
TORNTPOWER,EQ,2025-11-21,1313.9,1313.0,1313.3,1285.6,1291.4,1291.4,1296.77,314519,4078.59,,141534.0,45.0
TORNTPOWER,EQ,2025-11-24,1291.4,1291.4,1307.1,1285.0,1302.3,1302.3,1298.13,1062464,13792.16,,478109.0,45.0
TORNTPOWER,EQ,2025-11-26,1302.3,1292.4,1318.8,1290.0,1316.1,1316.1,1308.3,279558,3657.46,,125801.0,45.0
TORNTPOWER,EQ,2025-11-27,1316.1,1320.0,1323.0,1310.1,1312.9,1312.9,1315.33,137206,1804.71,,61743.0,45.0
TORNTPOWER,EQ,2025-11-28,1312.9,1307.1,1325.0,1302.0,1314.5,1314.5,1313.83,205067,2694.23,,92280.0,45.0
TORNTPOWER,EQ,2025-12-01,1314.5,1315.8,1317.7,1301.0,1307.4,1307.4,1308.7,185774,2431.22,,83598.0,45.0
TORNTPOWER,EQ,2025-12-02,1307.4,1299.0,1319.5,1296.4,1313.3,1313.3,1309.73,227359,2977.79,,102312.0,45.0
TORNTPOWER,EQ,2025-12-03,1313.3,1307.2,1324.2,1298.0,1302.2,1302.2,1308.13,238839,3124.32,,107478.0,45.0
TORNTPOWER,EQ,2025-12-05,1299.7,1291.1,1300.8,1275.1,1289.9,1289.9,1288.6,517378,6666.93,,232820.0,45.0
TORNTPOWER,EQ,2025-12-08,1289.9,1289.9,1299.4,1243.8,1255.1,1255.1,1266.1,316747,4010.33,,142536.0,45.0
TORNTPOWER,EQ,2025-12-09,1255.1,1250.0,1263.4,1231.7,1259.0,1259.0,1251.37,249340,3120.17,,112203.0,45.0
TORNTPOWER,EQ,2025-12-10,1259.0,1260.0,1269.9,1253.4,1267.0,1267.0,1263.43,132615,1675.5,,59677.0,45.0
TORNTPOWER,EQ,2025-12-15,1282.7,1285.0,1294.4,1274.1,1292.7,1292.7,1287.07,105189,1353.86,,47335.0,45.0
TORNTPOWER,EQ,2025-12-16,1292.7,1290.0,1303.0,1273.3,1281.2,1281.2,1285.83,472969,6081.58,,212836.0,45.0
TORNTPOWER,EQ,2025-12-18,1274.5,1274.0,1275.6,1247.0,1252.7,1252.7,1258.43,445141,5601.79,,200313.0,45.0
TORNTPOWER,EQ,2025-12-19,1252.7,1254.8,1282.0,1243.7,1279.1,1279.1,1268.27,502531,6373.45,,226139.0,45.0
TORNTPOWER,EQ,2025-12-23,1287.3,1287.3,1294.7,1283.0,1288.7,1288.7,1288.8,186801,2407.49,,84060.0,45.0
TORNTPOWER,EQ,2025-12-24,1288.7,1288.7,1294.0,1277.8,1280.8,1280.8,1284.2,131025,1682.62,,58961.0,45.0
TORNTPOWER,EQ,2025-12-26,1280.8,1278.1,1308.0,1277.4,1299.2,1299.2,1294.87,259777,3363.77,,116900.0,45.0
TORNTPOWER,EQ,2025-12-29,1299.2,1306.0,1306.0,1276.1,1284.3,1284.3,1288.8,291463,3756.38,,131158.0,45.0
TORNTPOWER,EQ,2025-12-30,1284.3,1281.0,1284.0,1263.1,1266.6,1266.6,1271.23,164890,2096.13,,74200.0,45.0
TORNTPOWER,EQ,2025-12-31,1266.6,1271.5,1312.1,1268.5,1306.7,1306.7,1295.77,245781,3184.76,,110601.0,45.0
TORNTPOWER,EQ,2026-01-01,1306.7,1301.5,1330.0,1297.9,1327.0,1327.0,1318.3,214183,2823.57,,96382.0,45.0
TORNTPOWER,EQ,2026-01-02,1327.0,1324.0,1407.0,1324.0,1399.4,1399.4,1376.8,1781418,24526.56,,801638.0,45.0
TORNTPOWER,EQ,2026-01-06,1403.8,1404.0,1411.4,1392.5,1409.0,1409.0,1404.3,268919,3776.43,,121014.0,45.0
TORNTPOWER,EQ,2026-01-07,1409.0,1401.8,1411.9,1381.0,1396.8,1396.8,1396.57,203268,2838.78,,91471.0,45.0
TORNTPOWER,EQ,2026-01-08,1396.8,1403.0,1408.7,1351.0,1359.7,1359.7,1373.13,774422,10633.82,,348490.0,45.0
TORNTPOWER,EQ,2026-01-09,1359.7,1350.0,1367.2,1318.5,1321.3,1321.3,1335.67,331050,4421.74,,148972.0,45.0
TORNTPOWER,EQ,2026-01-12,1321.3,1323.0,1354.8,1304.5,1351.1,1351.1,1336.8,292407,3908.9,,131583.0,45.0
TORNTPOWER,EQ,2026-01-13,1351.1,1352.0,1361.0,1333.4,1346.5,1346.5,1346.97,167219,2252.39,,75249.0,45.0
TORNTPOWER,EQ,2026-01-14,1346.5,1325.0,1353.0,1325.0,1345.1,1345.1,1341.03,176445,2366.18,,79400.0,45.0
TORNTPOWER,EQ,2026-01-19,1345.1,1356.6,1368.2,1331.8,1337.4,1337.4,1345.8,342109,4604.1,,153949.0,45.0
TORNTPOWER,EQ,2026-01-20,1337.4,1333.0,1351.3,1313.5,1321.5,1321.5,1328.77,309412,4111.37,,139235.0,45.0
TORNTPOWER,EQ,2026-01-21,1321.5,1319.0,1323.6,1295.0,1300.2,1300.2,1306.27,342832,4478.31,,154274.0,45.0
TORNTPOWER,EQ,2026-01-23,1300.2,1321.4,1322.0,1267.2,1270.7,1270.7,1286.63,165716,2132.15,,74572.0,45.0
TORNTPOWER,EQ,2026-01-28,1309.7,1318.0,1342.2,1309.7,1332.9,1332.9,1328.27,496367,6593.09,,223365.0,45.0
TORNTPOWER,EQ,2026-01-30,1371.2,1371.3,1390.0,1350.5,1387.6,1387.6,1376.03,559322,7696.44,,251695.0,45.0
TORNTPOWER,EQ,2026-02-02,1387.6,1307.0,1337.8,1297.2,1329.6,1329.6,1321.53,385115,5089.41,,173302.0,45.0
TORNTPOWER,EQ,2026-02-03,1329.6,1377.0,1378.4,1339.0,1370.3,1370.3,1362.57,337681,4601.14,,151956.0,45.0
TORNTPOWER,EQ,2026-02-04,1370.3,1370.3,1411.0,1362.6,1407.5,1407.5,1393.7,705624,9834.28,,317531.0,45.0
TORNTPOWER,EQ,2026-02-06,1417.6,1416.6,1437.6,1397.5,1429.0,1429.0,1421.37,519206,7379.84,,233643.0,45.0
TORNTPOWER,EQ,2026-02-09,1429.0,1440.0,1445.0,1409.2,1427.2,1427.2,1427.13,1044253,14902.85,,469914.0,45.0
TORNTPOWER,EQ,2026-02-10,1427.2,1445.0,1506.0,1425.9,1483.0,1483.0,1471.63,1320083,19426.74,,594037.0,45.0
TORNTPOWER,EQ,2026-02-11,1483.0,1479.7,1479.7,1385.1,1428.6,1428.6,1431.13,3152601,45117.82,,1418670.0,45.0
TORNTPOWER,EQ,2026-02-12,1428.6,1428.6,1458.4,1411.5,1453.7,1453.7,1441.2,809304,11663.69,,364187.0,45.0
TORNTPOWER,EQ,2026-02-13,1453.7,1451.0,1468.3,1428.0,1462.6,1462.6,1452.97,621000,9022.94,,279450.0,45.0
TORNTPOWER,EQ,2026-02-16,1462.6,1445.0,1477.0,1439.8,1471.4,1471.4,1462.73,471535,6897.28,,212191.0,45.0
TORNTPOWER,EQ,2026-02-17,1471.4,1479.3,1493.5,1462.7,1486.4,1486.4,1480.87,550908,8158.23,,247909.0,45.0
TORNTPOWER,EQ,2026-02-18,1486.4,1482.1,1535.0,1473.6,1527.9,1527.9,1512.17,1031052,15591.26,,463973.0,45.0
TORNTPOWER,EQ,2026-02-23,1528.6,1540.0,1552.8,1525.0,1536.4,1536.4,1538.07,618797,9517.53,,278459.0,45.0
TORNTPOWER,EQ,2026-02-24,1536.4,1535.4,1569.0,1525.2,1541.8,1541.8,1545.33,902713,13949.89,,406221.0,45.0
TORNTPOWER,EQ,2026-02-26,1541.8,1564.0,1579.0,1547.5,1565.1,1565.1,1563.87,725480,11345.56,,326466.0,45.0
TORNTPOWER,EQ,2026-02-27,1565.1,1566.0,1605.0,1561.0,1566.4,1566.4,1577.47,881717,13908.82,,396773.0,45.0
TORNTPOWER,EQ,2026-03-02,1566.4,1491.0,1569.1,1491.0,1554.9,1554.9,1538.33,854154,13139.71,,384369.0,45.0
TORNTPOWER,EQ,2026-03-04,1554.9,1521.0,1522.1,1466.2,1475.9,1475.9,1488.07,1676050,24940.8,,754222.0,45.0
TORNTPOWER,EQ,2026-03-05,1475.9,1479.9,1511.8,1476.0,1503.9,1503.9,1497.23,486221,7279.85,,218799.0,45.0
TORNTPOWER,EQ,2026-03-06,1503.9,1495.0,1505.9,1477.3,1481.3,1481.3,1488.17,275269,4096.47,,123871.0,45.0
TORNTPOWER,EQ,2026-03-09,1481.3,1451.0,1454.2,1333.2,1428.9,1428.9,1405.43,566845,7966.61,,255080.0,45.0
TORNTPOWER,EQ,2026-03-12,1439.0,1435.0,1517.4,1432.7,1506.0,1506.0,1485.37,916861,13618.78,,412587.0,45.0
TORNTPOWER,EQ,2026-03-13,1506.0,1505.0,1523.6,1454.8,1461.3,1461.3,1479.9,357821,5295.39,,161019.0,45.0
TORNTPOWER,EQ,2026-03-16,1461.3,1462.0,1477.1,1425.8,1445.8,1445.8,1449.57,499903,7246.44,,224956.0,45.0
TORNTPOWER,EQ,2026-03-18,1443.4,1430.0,1466.4,1430.0,1454.3,1454.3,1450.23,312155,4526.97,,140470.0,45.0
TORNTPOWER,EQ,2026-03-19,1454.3,1445.0,1463.0,1433.1,1446.9,1446.9,1447.67,411853,5962.27,,185334.0,45.0
TORNTPOWER,EQ,2026-03-23,1446.9,1438.5,1440.4,1357.7,1362.8,1362.8,1386.97,336557,4667.94,,151451.0,45.0
TORNTPOWER,EQ,2026-03-24,1362.8,1380.3,1415.0,1358.6,1366.3,1366.3,1379.97,479377,6615.26,,215720.0,45.0
TORNTPOWER,EQ,2026-03-27,1391.9,1394.0,1394.0,1343.7,1352.3,1352.3,1363.33,1300657,17732.25,,585296.0,45.0
TORNTPOWER,EQ,2026-03-30,1352.3,1352.3,1352.3,1300.0,1305.8,1305.8,1319.37,885843,11687.55,,398629.0,45.0
TORNTPOWER,EQ,2026-04-01,1305.8,1345.0,1357.0,1321.0,1337.1,1337.1,1338.37,874785,11707.86,,393653.0,45.0
TORNTPOWER,EQ,2026-04-07,1379.1,1367.0,1403.3,1362.3,1399.5,1399.5,1388.37,258766,3592.63,,116445.0,45.0
TORNTPOWER,EQ,2026-04-08,1399.5,1430.0,1475.0,1424.9,1448.4,1448.4,1449.43,375842,5447.57,,169129.0,45.0
TORNTPOWER,EQ,2026-04-09,1448.4,1443.4,1459.5,1431.8,1446.0,1446.0,1445.77,637993,9223.91,,287097.0,45.0
TORNTPOWER,EQ,2026-04-10,1446.0,1465.0,1482.4,1450.1,1471.8,1471.8,1468.1,315205,4627.52,,141842.0,45.0
TORNTPOWER,EQ,2026-04-13,1471.8,1450.0,1496.3,1432.3,1473.6,1473.6,1467.4,700745,10282.73,,315335.0,45.0
TORNTPOWER,EQ,2026-04-15,1473.6,1485.0,1512.0,1482.0,1506.7,1506.7,1500.23,429654,6445.8,,193344.0,45.0
TORNTPOWER,EQ,2026-04-16,1506.7,1511.8,1533.6,1508.0,1521.6,1521.6,1521.07,413944,6296.38,,186275.0,45.0
TORNTPOWER,EQ,2026-04-17,1521.6,1529.9,1570.6,1520.6,1565.0,1565.0,1552.07,961504,14923.22,,432677.0,45.0
TORNTPOWER,EQ,2026-04-20,1565.0,1564.0,1637.6,1551.8,1606.3,1606.3,1598.57,1442253,23055.42,,649014.0,45.0
TORNTPOWER,EQ,2026-04-22,1606.3,1621.0,1663.7,1616.0,1657.4,1657.4,1645.7,840616,13834.02,,378277.0,45.0
TORNTPOWER,EQ,2026-04-23,1657.4,1648.1,1741.0,1645.1,1737.0,1737.0,1707.7,1220697,20845.84,,549314.0,45.0
TORNTPOWER,EQ,2026-04-24,1737.0,1737.0,1744.4,1675.0,1699.5,1699.5,1706.3,2640800,45059.97,,1188360.0,45.0
TORNTPOWER,EQ,2026-04-27,1699.5,1710.0,1824.1,1704.1,1772.5,1772.5,1766.9,1964732,34714.85,,884129.0,45.0
TORNTPOWER,EQ,2026-04-28,1772.5,1774.0,1816.6,1740.3,1754.9,1754.9,1770.6,988176,17496.64,,444679.0,45.0
TORNTPOWER,EQ,2026-04-29,1754.9,1764.8,1767.6,1697.0,1701.7,1701.7,1722.1,549933,9470.4,,247470.0,45.0
TORNTPOWER,EQ,2026-04-30,1701.7,1678.5,1769.9,1666.1,1736.0,1736.0,1724.0,779793,13443.63,,350907.0,45.0
TORNTPOWER,EQ,2026-05-04,1736.0,1748.3,1780.0,1705.1,1724.0,1724.0,1736.37,404364,7021.26,,181964.0,45.0
TORNTPOWER,EQ,2026-05-06,1724.0,1757.0,1757.0,1713.5,1734.0,1734.0,1734.83,529878,9192.48,,238445.0,45.0
TORNTPOWER,EQ,2026-05-07,1734.0,1739.6,1761.9,1706.9,1712.5,1712.5,1727.1,272455,4705.57,,122605.0,45.0
TORNTPOWER,EQ,2026-05-08,1712.5,1715.1,1734.9,1710.0,1724.4,1724.4,1723.1,210301,3623.7,,94635.0,45.0
TORNTPOWER,EQ,2026-05-12,1680.9,1670.0,1687.9,1585.5,1597.6,1597.6,1623.67,410568,6666.27,,184756.0,45.0
TORNTPOWER,EQ,2026-05-13,1597.6,1538.2,1561.5,1450.0,1457.1,1457.1,1489.53,1542289,22972.86,,694030.0,45.0
TORNTPOWER,EQ,2026-05-15,1457.1,1466.3,1477.8,1442.9,1466.0,1466.0,1462.23,336572,4921.46,,151457.0,45.0
TORNTPOWER,EQ,2026-05-18,1466.0,1454.0,1530.0,1434.1,1523.5,1523.5,1495.87,761491,11390.92,,342671.0,45.0
TORNTPOWER,EQ,2026-05-19,1523.5,1533.5,1543.9,1475.0,1480.3,1480.3,1499.73,623085,9344.59,,280388.0,45.0
TORNTPOWER,EQ,2026-05-20,1480.3,1480.0,1519.9,1466.5,1512.6,1512.6,1499.67,218519,3277.06,,98334.0,45.0
TORNTPOWER,EQ,2026-05-21,1512.6,1524.0,1528.1,1485.1,1491.4,1491.4,1501.53,191467,2874.93,,86160.0,45.0
TORNTPOWER,EQ,2026-05-22,1491.4,1497.0,1503.1,1476.1,1498.5,1498.5,1492.57,203223,3033.25,,91450.0,45.0
TORNTPOWER,EQ,2026-05-25,1498.5,1501.0,1509.0,1468.0,1474.6,1474.6,1483.87,598235,8877.03,,269206.0,45.0
TORNTPOWER,EQ,2026-05-27,1474.6,1474.6,1485.9,1438.0,1440.5,1440.5,1454.8,523751,7619.53,,235688.0,45.0
TORNTPOWER,EQ,2026-05-29,1440.5,1447.2,1473.6,1407.0,1420.3,1420.3,1433.63,1496208,21450.09,,673294.0,45.0
TORNTPOWER,EQ,2026-06-02,1420.3,1403.9,1431.7,1395.2,1423.9,1423.9,1416.93,389190,5514.55,,175136.0,45.0
TORNTPOWER,EQ,2026-06-04,1436.7,1444.0,1466.6,1431.2,1440.0,1440.0,1445.93,426148,6161.8,,191767.0,45.0
TORNTPOWER,EQ,2026-06-05,1440.0,1455.0,1474.0,1447.2,1460.1,1460.1,1460.43,233670,3412.59,,105152.0,45.0
TORNTPOWER,EQ,2026-06-08,1460.1,1451.0,1470.0,1429.8,1454.4,1454.4,1451.4,159963,2321.7,,71983.0,45.0
TORNTPOWER,EQ,2026-06-09,1454.4,1455.5,1464.0,1423.2,1427.8,1427.8,1438.33,189796,2729.89,,85408.0,45.0
TORNTPOWER,EQ,2026-06-10,1427.8,1434.5,1454.9,1391.0,1399.1,1399.1,1415.0,231415,3274.52,,104137.0,45.0
TORNTPOWER,EQ,2026-06-11,1399.1,1404.8,1409.1,1368.0,1376.3,1376.3,1384.47,268267,3714.08,,120720.0,45.0
TORNTPOWER,EQ,2026-06-12,1376.3,1391.5,1399.6,1371.5,1392.0,1392.0,1387.7,239721,3326.61,,107874.0,45.0
TORNTPOWER,EQ,2026-06-15,1392.0,1406.4,1416.8,1385.0,1389.7,1389.7,1397.17,397197,5549.52,,178739.0,45.0
TORNTPOWER,EQ,2026-06-16,1389.7,1391.5,1420.9,1385.0,1408.4,1408.4,1404.77,437976,6152.56,,197089.0,45.0
TORNTPOWER,EQ,2026-06-17,1408.4,1414.0,1426.4,1395.2,1407.3,1407.3,1409.63,419914,5919.23,,188961.0,45.0
TORNTPOWER,EQ,2026-06-18,1407.3,1414.0,1459.0,1409.0,1448.6,1448.6,1438.87,477084,6864.62,,214688.0,45.0
TORNTPOWER,EQ,2026-06-23,1448.6,1476.0,1490.0,1446.6,1454.8,1454.8,1463.8,278237,4072.83,,125207.0,45.0
TORNTPOWER,EQ,2026-06-24,1454.8,1450.1,1472.9,1420.1,1444.2,1444.2,1445.73,276432,3996.46,,124394.0,45.0
TORNTPOWER,EQ,2026-06-25,1444.2,1454.0,1465.7,1405.0,1413.7,1413.7,1428.13,274922,3926.24,,123715.0,45.0
TORNTPOWER,EQ,2026-06-29,1413.7,1420.1,1435.0,1393.3,1418.0,1418.0,1415.43,349977,4953.68,,157490.0,45.0
TORNTPOWER,EQ,2026-06-30,1418.0,1415.1,1430.0,1400.0,1414.9,1414.9,1414.97,403378,5707.68,,181520.0,45.0
TORNTPOWER,EQ,2026-07-01,1414.9,1409.0,1430.5,1396.2,1404.5,1404.5,1410.4,243713,3437.33,,109671.0,45.0
TORNTPOWER,EQ,2026-07-03,1394.3,1402.1,1419.0,1355.0,1366.5,1366.5,1380.17,441175,6088.96,,198529.0,45.0
TORNTPOWER,EQ,2026-07-07,1357.3,1357.3,1407.9,1357.3,1399.7,1399.7,1388.3,623776,8659.88,,280699.0,45.0
TORNTPOWER,EQ,2026-07-08,1399.7,1397.9,1410.4,1380.8,1401.0,1401.0,1397.4,260710,3643.16,,117320.0,45.0
TORNTPOWER,EQ,2026-07-13,1419.4,1414.8,1453.6,1403.2,1441.9,1441.9,1432.9,311359,4461.46,,140112.0,45.0
TORNTPOWER,EQ,2026-07-14,1441.9,1450.0,1474.0,1435.0,1465.3,1465.3,1458.1,384797,5610.73,,173159.0,45.0
TORNTPOWER,EQ,2026-07-16,1465.3,1451.4,1451.4,1408.0,1420.7,1420.7,1426.7,98371,1403.46,,44267.0,45.0
TORNTPOWER,EQ,2026-07-17,1420.7,1430.0,1430.0,1381.5,1390.5,1390.5,1400.67,703210,9849.65,,316444.0,45.0
TORNTPOWER,EQ,2026-07-20,1390.5,1391.5,1447.0,1391.5,1433.3,1433.3,1423.93,552651,7869.36,,248693.0,45.0
TORNTPOWER,EQ,2026-07-21,1433.3,1433.3,1442.6,1426.4,1435.9,1435.9,1434.97,293628,4213.47,,132133.0,45.0
TORNTPOWER,EQ,2026-07-22,1435.9,1444.5,1448.0,1421.2,1433.1,1433.1,1434.1,303353,4350.39,,136509.0,45.0
TORNTPOWER,EQ,2026-07-23,1433.1,1433.0,1438.4,1421.0,1430.0,1430.0,1429.8,317778,4543.59,,143000.0,45.0
TORNTPOWER,EQ,2026-07-24,1430.0,1418.1,1442.3,1410.5,1434.1,1434.1,1428.97,509230,7276.74,,229154.0,45.0
TORNTPOWER,EQ,2026-07-27,1434.1,1434.3,1446.5,1427.8,1440.0,1440.0,1438.1,342490,4925.35,,154120.0,45.0
TORNTPOWER,EQ,2026-07-29,1440.0,1438.0,1440.0,1428.0,1431.1,1431.1,1433.03,118024,1691.32,,53111.0,45.0
TORNTPOWER,EQ,2026-07-31,1423.5,1431.0,1437.0,1397.1,1413.3,1413.3,1415.8,394456,5584.71,,177505.0,45.0
TORNTPOWER,EQ,2026-08-03,1413.3,1422.0,1423.8,1387.2,1391.7,1391.7,1400.9,337462,4727.51,,151858.0,45.0
TORNTPOWER,EQ,2026-08-04,1391.7,1390.0,1390.0,1338.3,1341.0,1341.0,1356.43,668171,9063.27,,300677.0,45.0
TORNTPOWER,EQ,2026-08-05,1341.0,1346.7,1355.2,1315.0,1323.5,1323.5,1331.23,278738,3710.64,,125432.0,45.0
TORNTPOWER,EQ,2026-08-07,1325.2,1325.2,1355.4,1321.0,1350.8,1350.8,1342.4,379616,5095.97,,170827.0,45.0
TORNTPOWER,EQ,2026-08-10,1350.8,1360.0,1373.0,1336.9,1342.9,1342.9,1350.93,233487,3154.25,,105069.0,45.0
TORNTPOWER,EQ,2026-08-11,1342.9,1349.0,1349.0,1323.5,1330.4,1330.4,1334.3,195941,2614.44,,88173.0,45.0
TORNTPOWER,EQ,2026-08-13,1330.4,1320.0,1335.9,1312.5,1318.0,1318.0,1322.13,140432,1856.69,,63194.0,45.0
TORNTPOWER,EQ,2026-08-14,1318.0,1317.9,1330.4,1307.0,1309.1,1309.1,1315.5,111913,1472.22,,50361.0,45.0
TORNTPOWER,EQ,2026-08-17,1309.1,1309.1,1324.5,1297.2,1312.8,1312.8,1311.5,150508,1973.91,,67729.0,45.0
TORNTPOWER,EQ,2026-08-18,1312.8,1313.0,1319.0,1259.0,1264.1,1264.1,1280.7,356402,4564.44,,160381.0,45.0
TORNTPOWER,EQ,2026-08-19,1264.1,1272.6,1274.0,1240.9,1243.7,1243.7,1252.87,375458,4704.0,,168956.0,45.0
TORNTPOWER,EQ,2026-08-21,1248.7,1256.4,1256.4,1241.0,1247.7,1247.7,1248.37,168844,2107.8,,75980.0,45.0
TORNTPOWER,EQ,2026-08-24,1247.7,1252.0,1257.9,1233.0,1246.3,1246.3,1245.73,442091,5507.26,,198941.0,45.0
TORNTPOWER,EQ,2026-08-25,1246.3,1242.0,1249.3,1234.0,1243.9,1243.9,1242.4,261114,3244.08,,117501.0,45.0
TORNTPOWER,EQ,2026-08-27,1258.4,1262.5,1262.9,1227.0,1230.1,1230.1,1240.0,282272,3500.17,,127022.0,45.0
TORNTPOWER,EQ,2026-08-31,1217.7,1218.0,1226.1,1208.0,1215.1,1215.1,1216.4,486515,5917.97,,218932.0,45.0
TORNTPOWER,EQ,2026-09-01,1215.1,1215.1,1223.0,1199.0,1219.3,1219.3,1213.77,223287,2710.19,,100479.0,45.0
TORNTPOWER,EQ,2026-09-02,1219.3,1219.3,1267.7,1217.2,1248.9,1248.9,1244.6,1313132,16343.24,,590909.0,45.0
TORNTPOWER,EQ,2026-09-03,1248.9,1283.5,1327.4,1279.2,1289.3,1289.3,1298.63,2762103,35869.5,,1242946.0,45.0
TORNTPOWER,EQ,2026-09-04,1289.3,1289.9,1308.0,1260.2,1299.1,1299.1,1289.1,398524,5137.37,,179336.0,45.0
TORNTPOWER,EQ,2026-09-07,1299.1,1307.0,1323.0,1271.2,1275.7,1275.7,1289.97,349676,4510.72,,157354.0,45.0
TORNTPOWER,EQ,2026-09-08,1275.7,1275.0,1283.9,1257.6,1270.2,1270.2,1270.57,254564,3234.41,,114554.0,45.0
TORNTPOWER,EQ,2026-09-09,1270.2,1273.0,1322.4,1271.6,1305.7,1305.7,1299.9,486733,6327.04,,219030.0,45.0
TORNTPOWER,EQ,2026-09-10,1305.7,1305.7,1309.3,1287.8,1296.3,1296.3,1297.8,110609,1435.48,,49774.0,45.0
TORNTPOWER,EQ,2026-09-11,1296.3,1281.7,1300.4,1278.3,1297.6,1297.6,1292.1,194814,2517.19,,87666.0,45.0
TORNTPOWER,EQ,2026-09-16,1297.6,1294.2,1309.3,1267.4,1295.3,1295.3,1290.67,389154,5022.69,,175119.0,45.0
TORNTPOWER,EQ,2026-09-18,1295.3,1277.0,1285.7,1232.0,1258.8,1258.8,1258.83,462594,5823.27,,208167.0,45.0
TORNTPOWER,EQ,2026-09-24,1259.4,1238.0,1254.0,1235.1,1245.0,1244.2,1245.43,67834,844.82,9026.0,34553.0,50.94
TRITURBINE,EQ,2025-09-25,522.15,522.0,526.9,509.55,515.95,516.15,517.46,450576,2331.53,17629.0,245153.0,54.41
TRITURBINE,EQ,2025-09-26,516.15,516.0,518.0,508.55,518.0,515.5,513.52,390016,2002.81,15966.0,213262.0,54.68
TRITURBINE,EQ,2025-09-30,519.05,517.0,521.8,515.3,518.0,518.95,518.43,167961,870.76,14105.0,79068.0,47.08
TRITURBINE,EQ,2025-10-01,518.95,518.95,524.85,517.25,523.0,523.6,522.6,146018,763.09,9174.0,68848.0,47.15
TRITURBINE,EQ,2025-10-07,521.8,524.0,526.25,518.1,524.05,523.8,521.08,874443,4556.56,18603.0,685681.0,78.41
TRITURBINE,EQ,2025-10-08,523.8,523.0,538.5,521.95,527.0,526.45,531.11,700792,3721.96,27624.0,195370.0,27.88
TRITURBINE,EQ,2025-10-09,526.45,527.0,532.7,523.0,527.2,528.0,527.31,319810,1686.4,13905.0,178622.0,55.85
TRITURBINE,EQ,2025-10-14,525.45,525.6,527.8,520.8,524.15,524.15,523.88,188466,987.34,7249.0,105154.0,55.79
TRITURBINE,EQ,2025-10-15,524.15,523.0,526.0,516.8,523.5,523.5,522.31,293694,1534.0,13562.0,159999.0,54.48
TRITURBINE,EQ,2025-10-16,523.5,525.5,525.8,518.6,523.0,522.3,522.5,273811,1430.65,12352.0,169087.0,61.75
TRITURBINE,EQ,2025-10-17,522.3,522.0,525.45,518.0,521.25,521.3,520.92,338871,1765.25,12559.0,218350.0,64.43
TRITURBINE,EQ,2025-10-20,521.3,522.05,523.0,515.55,518.05,518.1,517.92,257102,1331.57,7714.0,181573.0,70.62
TRITURBINE,EQ,2025-10-21,518.1,522.0,534.5,520.0,529.0,528.2,526.36,143579,755.74,7226.0,72709.0,50.65
TRITURBINE,EQ,2025-10-24,528.75,529.0,532.4,522.3,524.0,523.95,528.1,116713,616.36,6993.0,60795.0,52.09
TRITURBINE,EQ,2025-10-28,521.0,521.0,525.0,518.7,522.05,522.3,521.43,217261,1132.87,9683.0,117175.0,53.93
TRITURBINE,EQ,2025-10-29,522.3,522.3,538.0,520.5,537.45,536.0,531.24,373325,1983.25,17021.0,184264.0,49.36
TRITURBINE,EQ,2025-11-03,535.3,535.3,541.0,530.0,540.1,540.05,536.16,305065,1635.65,13398.0,178553.0,58.53
TRITURBINE,EQ,2025-11-06,536.2,533.35,535.85,523.2,525.1,526.25,528.13,205320,1084.35,13746.0,102818.0,50.08
TRITURBINE,EQ,2025-11-07,526.25,526.0,527.65,513.15,516.5,515.85,516.61,253913,1311.74,14399.0,104582.0,41.19
TRITURBINE,EQ,2025-11-10,515.85,517.3,531.0,517.05,530.5,529.05,522.96,378648,1980.17,26042.0,147207.0,38.88
TRITURBINE,EQ,2025-11-11,529.05,526.5,559.85,522.4,534.1,536.2,547.89,3354297,18377.76,102621.0,554160.0,16.52
TRITURBINE,EQ,2025-11-12,536.2,538.2,546.95,526.1,543.0,543.2,537.71,516810,2778.96,17407.0,175670.0,33.99
TRITURBINE,EQ,2025-11-14,535.25,534.2,544.5,531.05,541.8,540.55,540.61,220832,1193.84,10469.0,96220.0,43.57
TRITURBINE,EQ,2025-11-17,540.55,544.9,549.85,532.5,536.5,537.15,540.22,435272,2351.44,23105.0,183604.0,42.18
TRITURBINE,EQ,2025-11-18,537.15,537.15,554.3,530.35,540.2,540.15,537.31,3990380,21440.86,44400.0,2718218.0,68.12
TRITURBINE,EQ,2025-11-19,540.15,540.2,548.55,534.0,546.15,546.7,541.46,637579,3452.25,20141.0,440422.0,69.08
TRITURBINE,EQ,2025-11-20,546.7,549.9,549.9,538.3,541.25,541.15,541.03,223873,1211.22,13246.0,140877.0,62.93
TRITURBINE,EQ,2025-11-21,541.15,542.0,542.85,537.0,538.55,539.35,538.84,279100,1503.92,9016.0,183637.0,65.8
TRITURBINE,EQ,2025-11-24,539.35,535.0,544.4,534.05,538.5,541.55,538.54,540319,2909.83,14724.0,438775.0,81.21
TRITURBINE,EQ,2025-11-26,538.9,544.95,544.95,537.65,542.0,541.85,542.15,213640,1158.25,10400.0,99465.0,46.56
TRITURBINE,EQ,2025-11-27,541.85,546.95,546.95,538.0,542.25,542.1,541.15,220484,1193.16,7178.0,160965.0,73.01
TRITURBINE,EQ,2025-11-28,542.1,530.05,543.85,530.05,538.25,536.9,536.98,293184,1574.35,13209.0,150655.0,51.39
TRITURBINE,EQ,2025-12-01,536.9,538.25,539.4,518.4,527.0,526.55,526.02,697870,3670.91,38528.0,309036.0,44.28
TRITURBINE,EQ,2025-12-02,526.55,526.0,530.9,520.5,521.55,524.45,525.2,286549,1504.94,27036.0,119910.0,41.85
TRITURBINE,EQ,2025-12-03,524.45,523.0,548.0,522.55,545.0,545.3,540.93,1423824,7701.96,48797.0,268800.0,18.88
TRITURBINE,EQ,2025-12-05,538.25,538.25,547.0,534.15,544.1,545.4,540.96,218914,1184.23,16782.0,121878.0,55.67
TRITURBINE,EQ,2025-12-08,545.4,545.4,546.85,530.3,537.0,537.15,535.38,331550,1775.04,32640.0,170667.0,51.48
TRITURBINE,EQ,2025-12-09,537.15,537.15,554.0,532.35,549.2,549.55,544.72,563199,3067.85,30925.0,240066.0,42.63
TRITURBINE,EQ,2025-12-10,549.55,550.0,550.45,531.0,531.7,533.4,538.28,272614,1467.43,19636.0,108114.0,39.66
TRITURBINE,EQ,2025-12-15,532.9,528.0,539.1,527.1,539.0,535.55,531.54,432115,2296.85,21057.0,307474.0,71.16
TRITURBINE,EQ,2025-12-16,535.55,538.9,538.9,525.25,528.0,527.3,529.44,245414,1299.32,19669.0,114488.0,46.65
TRITURBINE,EQ,2025-12-18,526.0,524.1,524.9,519.1,523.5,522.85,522.13,128347,670.13,8337.0,58950.0,45.93
TRITURBINE,EQ,2025-12-19,522.85,521.85,531.0,518.0,527.0,528.4,526.62,256311,1349.79,10384.0,133032.0,51.9
TRITURBINE,EQ,2025-12-23,536.4,536.0,544.65,534.1,539.4,537.8,539.41,134178,723.77,7943.0,59503.0,44.35
TRITURBINE,EQ,2025-12-24,537.8,537.8,548.0,536.4,545.0,545.05,544.12,224228,1220.07,12338.0,109484.0,48.83
TRITURBINE,EQ,2025-12-26,545.05,545.0,546.7,539.4,542.5,544.8,544.52,190895,1039.47,10363.0,109460.0,57.34
TRITURBINE,EQ,2025-12-29,544.8,542.25,545.5,538.2,543.0,543.6,542.88,227525,1235.18,22537.0,127483.0,56.03
TRITURBINE,EQ,2025-12-30,543.6,538.15,544.7,529.1,533.15,532.55,533.08,515829,2749.8,23575.0,399454.0,77.44
TRITURBINE,EQ,2025-12-31,532.55,532.0,541.5,531.15,538.0,538.25,538.97,1608226,8667.82,12619.0,1471896.0,91.52
TRITURBINE,EQ,2026-01-01,538.25,538.3,544.9,531.0,537.0,537.3,536.21,103750,556.32,6714.0,47872.0,46.14
TRITURBINE,EQ,2026-01-02,537.3,537.3,542.0,532.0,540.0,540.8,538.42,164120,883.66,9917.0,83775.0,51.04
TRITURBINE,EQ,2026-01-06,538.95,540.0,547.9,536.4,540.1,538.65,541.12,300456,1625.82,16803.0,138797.0,46.2
TRITURBINE,EQ,2026-01-07,538.65,535.3,537.05,526.0,533.2,532.95,530.78,228328,1211.91,13284.0,79042.0,34.62
TRITURBINE,EQ,2026-01-08,532.95,530.55,535.75,524.3,530.0,530.4,530.04,149928,794.68,9223.0,70717.0,47.17
TRITURBINE,EQ,2026-01-09,530.4,524.0,527.75,513.0,517.7,517.85,518.67,283769,1471.83,12955.0,126662.0,44.64
TRITURBINE,EQ,2026-01-12,517.85,513.5,519.95,499.0,515.0,514.3,509.32,531920,2709.18,38519.0,289131.0,54.36
TRITURBINE,EQ,2026-01-13,514.3,514.25,516.85,510.1,513.0,513.3,513.03,192944,989.86,11490.0,110780.0,57.42
TRITURBINE,EQ,2026-01-14,513.3,510.0,512.75,505.05,509.8,508.55,508.82,476805,2426.08,14041.0,322340.0,67.6
TRITURBINE,EQ,2026-01-19,502.9,497.7,497.7,477.0,479.0,481.1,484.24,1013812,4909.27,55608.0,638554.0,62.99
TRITURBINE,EQ,2026-01-20,481.1,481.1,481.75,461.1,472.0,470.9,466.84,1040318,4856.64,49104.0,611213.0,58.75
TRITURBINE,EQ,2026-01-21,470.9,465.0,472.2,454.1,467.4,469.2,463.72,685292,3177.81,27369.0,281657.0,41.1
TRITURBINE,EQ,2026-01-23,476.2,478.2,479.45,460.1,461.75,462.3,467.57,140568,657.25,10272.0,75159.0,53.47
TRITURBINE,EQ,2026-01-28,469.25,468.0,482.0,464.05,480.0,479.9,473.08,341763,1616.81,23335.0,184133.0,53.88
TRITURBINE,EQ,2026-01-30,483.0,483.0,506.4,474.3,500.5,502.45,496.09,515923,2559.46,32232.0,257912.0,49.99
TRITURBINE,EQ,2026-02-02,500.3,495.0,506.7,485.0,506.0,505.2,496.74,326617,1622.44,24688.0,115560.0,35.38
TRITURBINE,EQ,2026-02-03,505.2,550.0,554.95,526.6,549.0,549.4,546.44,2506506,13696.64,108350.0,1478277.0,58.98
TRITURBINE,EQ,2026-02-04,549.4,540.0,541.75,502.0,510.1,509.05,512.49,1672895,8573.41,76945.0,640721.0,38.3
TRITURBINE,EQ,2026-02-06,499.65,497.25,511.1,490.95,508.0,502.75,496.88,307622,1528.52,26062.0,146593.0,47.65
TRITURBINE,EQ,2026-02-09,502.75,508.45,514.0,499.2,500.75,502.55,505.72,1197247,6054.68,35282.0,805781.0,67.3
TRITURBINE,EQ,2026-02-10,502.55,501.0,514.5,497.3,499.75,499.35,502.17,1113644,5592.4,44360.0,729611.0,65.52
TRITURBINE,EQ,2026-02-11,499.35,499.0,500.35,483.2,491.9,487.4,487.75,1091008,5321.43,27542.0,639029.0,58.57
TRITURBINE,EQ,2026-02-12,487.4,487.0,491.8,482.55,488.25,488.9,488.12,198840,970.58,10437.0,71708.0,36.06
TRITURBINE,EQ,2026-02-13,488.9,483.5,496.8,478.5,490.9,490.7,490.37,1826116,8954.78,20120.0,1597637.0,87.49
TRITURBINE,EQ,2026-02-16,490.7,488.4,491.95,485.6,490.4,490.1,489.89,94950,465.15,8131.0,44601.0,46.97
TRITURBINE,EQ,2026-02-17,490.1,488.0,493.95,487.95,492.95,490.95,490.95,135106,663.31,8595.0,66432.0,49.17
TRITURBINE,EQ,2026-02-18,490.95,493.05,494.05,483.15,485.4,487.0,488.38,295053,1440.99,10650.0,161098.0,54.6
TRITURBINE,EQ,2026-02-23,490.2,490.25,494.9,484.8,491.15,493.35,490.17,252964,1239.96,11075.0,146597.0,57.95
TRITURBINE,EQ,2026-02-24,493.35,488.75,491.2,479.4,486.8,484.65,484.46,490825,2377.84,21405.0,246209.0,50.16
TRITURBINE,EQ,2026-02-26,493.7,495.0,497.0,489.55,495.8,495.9,493.5,204365,1008.55,15602.0,111628.0,54.62
TRITURBINE,EQ,2026-02-27,495.9,493.4,495.1,484.3,489.0,489.2,488.27,280115,1367.71,10553.0,154601.0,55.19
TRITURBINE,EQ,2026-03-02,489.2,461.05,482.0,460.25,469.65,467.0,471.26,252614,1190.48,17420.0,122127.0,48.35
TRITURBINE,EQ,2026-03-04,467.0,463.35,465.7,455.0,458.35,460.2,460.11,290536,1336.8,17542.0,135466.0,46.63
TRITURBINE,EQ,2026-03-05,460.2,460.2,489.55,455.55,469.0,472.85,468.17,361469,1692.28,18334.0,136427.0,37.74
TRITURBINE,EQ,2026-03-06,472.85,472.8,477.0,463.0,472.9,471.9,470.93,288475,1358.52,24088.0,132302.0,45.86
TRITURBINE,EQ,2026-03-09,471.9,463.65,471.9,455.25,471.8,468.4,464.0,222535,1032.55,14887.0,101824.0,45.76
TRITURBINE,EQ,2026-03-12,474.6,465.0,471.0,462.4,470.1,470.3,468.18,237577,1112.29,15064.0,121504.0,51.14
TRITURBINE,EQ,2026-03-13,470.3,467.2,467.2,457.15,458.6,459.45,461.48,207764,958.79,8526.0,115978.0,55.82
TRITURBINE,EQ,2026-03-16,459.45,456.0,466.0,447.5,461.0,462.05,455.14,230283,1048.11,18605.0,96698.0,41.99
TRITURBINE,EQ,2026-03-18,465.65,465.65,478.0,462.75,476.0,475.5,471.63,317526,1497.54,23718.0,159547.0,50.25
TRITURBINE,EQ,2026-03-19,475.5,470.0,474.8,462.2,465.6,465.2,467.3,175786,821.45,10951.0,97296.0,55.35
TRITURBINE,EQ,2026-03-23,456.15,448.45,452.0,428.35,435.0,435.25,436.55,711843,3107.52,37288.0,383730.0,53.91
TRITURBINE,EQ,2026-03-24,435.25,444.9,451.7,433.8,445.05,444.05,443.61,211259,937.16,12402.0,90919.0,43.04
TRITURBINE,EQ,2026-03-27,451.65,447.0,467.9,438.7,450.0,451.95,455.84,1873450,8540.02,63865.0,488630.0,26.08
TRITURBINE,EQ,2026-03-30,451.95,445.0,445.0,430.2,440.1,439.85,437.29,740378,3237.62,31246.0,377593.0,51.0
TRITURBINE,EQ,2026-04-01,439.85,445.95,456.55,443.7,452.2,454.05,451.6,253376,1144.25,15933.0,96586.0,38.12
TRITURBINE,EQ,2026-04-07,458.4,462.9,462.9,454.1,457.15,456.85,457.21,123748,565.78,11708.0,58854.0,47.56
TRITURBINE,EQ,2026-04-08,456.85,478.3,481.8,459.4,464.5,464.75,465.92,631498,2942.27,38178.0,315791.0,50.01
TRITURBINE,EQ,2026-04-09,464.75,465.0,468.8,453.0,454.25,454.9,460.26,727129,3346.69,53429.0,485554.0,66.78
TRITURBINE,EQ,2026-04-10,454.9,459.9,467.25,457.0,460.0,460.15,462.9,579986,2684.76,26130.0,327780.0,56.52
TRITURBINE,EQ,2026-04-13,460.15,457.85,464.3,447.2,459.55,459.55,459.17,1184001,5436.52,25967.0,891098.0,75.26
TRITURBINE,EQ,2026-04-15,459.55,469.0,489.55,461.0,472.0,472.3,478.06,1870076,8940.03,74511.0,947341.0,50.66
TRITURBINE,EQ,2026-04-16,472.3,479.95,485.65,470.25,478.5,477.8,476.33,2702532,12872.9,36186.0,740656.0,27.41
TRITURBINE,EQ,2026-04-17,477.8,480.0,532.7,475.8,517.5,515.45,512.8,6236306,31979.93,124264.0,2503118.0,40.14
TRITURBINE,EQ,2026-04-20,515.45,518.05,605.95,512.85,564.5,576.2,580.45,62274832,361474.53,740186.0,3922417.0,6.3
TRITURBINE,EQ,2026-04-22,570.1,565.0,576.8,562.0,570.9,570.9,571.25,1612347,9210.48,32496.0,410578.0,25.46
TRITURBINE,EQ,2026-04-23,570.9,570.85,586.8,566.35,575.6,579.0,579.47,2143331,12419.97,41617.0,928535.0,43.32
TRITURBINE,EQ,2026-04-24,579.0,577.0,580.0,553.0,570.0,569.85,565.25,1308764,7397.8,31039.0,522059.0,39.89
TRITURBINE,EQ,2026-04-27,569.85,572.9,588.0,564.8,579.9,580.0,579.67,798863,4630.8,24457.0,279707.0,35.01
TRITURBINE,EQ,2026-04-28,580.0,582.9,590.0,572.25,582.0,581.65,582.34,1386666,8075.08,28909.0,294158.0,21.21
TRITURBINE,EQ,2026-04-29,581.65,586.9,595.65,570.75,574.0,574.6,583.28,859577,5013.78,33324.0,312654.0,36.37
TRITURBINE,EQ,2026-04-30,574.6,574.0,578.1,562.0,573.8,573.25,570.76,513534,2931.03,18502.0,209283.0,40.75
TRITURBINE,EQ,2026-05-04,573.25,573.95,580.5,568.05,569.2,570.0,573.62,510283,2927.07,28455.0,243096.0,47.64
TRITURBINE,EQ,2026-05-06,556.45,560.0,564.85,543.5,558.25,557.3,550.97,584350,3219.59,24263.0,233449.0,39.95
TRITURBINE,EQ,2026-05-07,557.3,561.15,579.3,559.2,576.75,574.1,565.96,732285,4144.45,24403.0,372824.0,50.91
TRITURBINE,EQ,2026-05-08,574.1,575.25,604.65,564.3,598.1,597.9,591.68,2294453,13575.88,58999.0,864710.0,37.69
TRITURBINE,EQ,2026-05-12,582.05,584.5,590.0,557.35,564.5,560.7,572.17,437915,2505.62,17866.0,175983.0,40.19
TRITURBINE,EQ,2026-05-13,560.7,560.7,578.1,557.2,563.5,565.3,569.73,424100,2416.23,20104.0,111203.0,26.22
TRITURBINE,EQ,2026-05-15,578.55,580.4,612.9,574.05,605.0,606.95,603.44,2988155,18031.69,74649.0,837257.0,28.02
TRITURBINE,EQ,2026-05-18,606.95,606.0,612.4,590.0,595.0,596.65,600.22,1269442,7619.41,44164.0,648550.0,51.09
TRITURBINE,EQ,2026-05-19,596.65,587.8,655.4,560.85,648.0,638.05,633.91,23988920,152067.9,390982.0,2853543.0,11.9
TRITURBINE,EQ,2026-05-20,638.05,642.95,664.0,617.1,654.0,656.55,649.77,8531572,55435.68,174717.0,1497876.0,17.56
TRITURBINE,EQ,2026-05-21,656.55,657.25,712.0,657.0,705.25,705.6,697.42,15939472,111165.69,268951.0,1354614.0,8.5
TRITURBINE,EQ,2026-05-22,705.6,711.95,738.0,693.0,698.9,706.95,716.49,13994095,100266.85,254826.0,1059382.0,7.57
TRITURBINE,EQ,2026-05-25,706.95,706.95,714.9,687.6,691.0,692.75,699.7,1691050,11832.21,43053.0,286864.0,16.96
TRITURBINE,EQ,2026-05-27,690.45,690.5,724.55,690.5,722.0,719.15,714.37,2436940,17408.71,52868.0,667847.0,27.41
TRITURBINE,EQ,2026-05-29,719.15,725.0,787.6,724.5,739.0,741.5,754.6,6887269,51971.01,157739.0,1268269.0,18.41
TRITURBINE,EQ,2026-06-02,694.5,690.0,695.4,673.7,690.3,689.25,684.38,959302,6565.31,31983.0,213648.0,22.27
TRITURBINE,EQ,2026-06-04,668.85,668.85,706.0,661.25,688.35,693.4,693.08,1409484,9768.87,41875.0,302068.0,21.43
TRITURBINE,EQ,2026-06-05,693.4,693.55,699.2,681.55,689.15,686.9,689.26,664837,4582.48,21539.0,172405.0,25.93
TRITURBINE,EQ,2026-06-08,686.9,680.05,682.2,654.4,658.0,663.6,669.3,458411,3068.14,16519.0,173830.0,37.92
TRITURBINE,EQ,2026-06-09,663.6,665.0,679.0,662.95,670.9,673.2,671.34,376681,2528.82,17392.0,119901.0,31.83
TRITURBINE,EQ,2026-06-10,673.2,673.9,676.5,646.8,653.7,652.05,656.93,452314,2971.4,18515.0,160572.0,35.5
TRITURBINE,EQ,2026-06-11,652.05,650.0,660.8,637.65,641.0,640.7,646.0,427465,2761.43,18464.0,123521.0,28.9
TRITURBINE,EQ,2026-06-12,640.7,644.95,672.8,644.95,672.0,671.2,662.93,671285,4450.17,22077.0,194654.0,29.0
TRITURBINE,EQ,2026-06-15,671.2,680.0,690.95,660.1,663.6,663.15,675.39,684571,4623.49,30147.0,225140.0,32.89
TRITURBINE,EQ,2026-06-16,663.15,664.25,675.7,660.1,662.9,662.25,665.52,407514,2712.09,14302.0,123382.0,30.28
TRITURBINE,EQ,2026-06-17,662.25,662.3,679.9,656.55,678.0,677.4,667.17,478013,3189.17,15194.0,162010.0,33.89
TRITURBINE,EQ,2026-06-18,677.4,677.4,687.0,667.05,677.6,674.15,675.57,529334,3576.02,17818.0,166374.0,31.43
TRITURBINE,EQ,2026-06-23,737.3,732.0,735.45,703.35,720.0,717.65,718.93,1533296,11023.28,39236.0,337064.0,21.98
TRITURBINE,EQ,2026-06-24,717.65,720.0,721.6,661.3,673.5,675.55,677.83,3169780,21485.66,104036.0,1086406.0,34.27
TRITURBINE,EQ,2026-06-25,675.55,678.25,682.9,664.0,666.0,669.35,671.87,1035734,6958.76,39278.0,379744.0,36.66
TRITURBINE,EQ,2026-06-29,669.35,669.35,696.6,660.5,683.2,687.4,682.18,2134509,14561.14,76922.0,727718.0,34.09
TRITURBINE,EQ,2026-06-30,687.4,683.2,699.0,680.15,686.6,689.75,692.51,673122,4661.42,28627.0,272927.0,40.55
TRITURBINE,EQ,2026-07-01,689.75,687.0,696.4,673.2,674.4,677.35,683.05,482243,3293.96,21440.0,205853.0,42.69
TRITURBINE,EQ,2026-07-03,664.8,668.9,674.1,652.85,655.0,657.9,664.22,580912,3858.56,32869.0,251585.0,43.31
TRITURBINE,EQ,2026-07-07,649.4,652.0,657.45,631.2,636.0,636.55,638.08,485017,3094.79,27790.0,219710.0,45.3
TRITURBINE,EQ,2026-07-08,636.55,632.0,641.25,609.7,612.8,613.1,619.98,861012,5338.07,40231.0,416270.0,48.35
TRITURBINE,EQ,2026-07-13,606.1,602.05,624.75,595.0,617.1,616.7,615.85,1367340,8420.8,34269.0,787930.0,57.63
TRITURBINE,EQ,2026-07-14,616.7,616.65,616.65,597.2,607.95,607.65,605.46,705061,4268.86,26413.0,292228.0,41.45
TRITURBINE,EQ,2026-07-16,639.25,640.0,647.5,622.7,626.0,625.7,633.47,1544070,9781.18,51497.0,897877.0,58.15
TRITURBINE,EQ,2026-07-17,625.7,629.0,629.0,611.65,615.0,615.25,617.05,310596,1916.55,18227.0,145877.0,46.97
TRITURBINE,EQ,2026-07-20,615.25,613.05,623.7,612.25,615.25,614.2,616.86,376472,2322.31,24876.0,166503.0,44.23
TRITURBINE,EQ,2026-07-21,614.2,618.0,623.85,613.25,620.1,618.55,618.73,246230,1523.51,16340.0,111876.0,45.44
TRITURBINE,EQ,2026-07-22,618.55,622.9,622.95,611.1,613.3,613.6,616.37,290222,1788.84,24412.0,143465.0,49.43
TRITURBINE,EQ,2026-07-23,613.6,613.5,620.0,606.6,609.0,609.55,612.35,214463,1313.27,13953.0,83842.0,39.09
TRITURBINE,EQ,2026-07-24,609.55,605.0,618.0,599.3,613.4,611.8,608.95,253366,1542.86,15225.0,83119.0,32.81
TRITURBINE,EQ,2026-07-27,611.8,614.9,627.0,610.05,623.0,623.4,616.46,1575560,9712.76,24159.0,1316345.0,83.55
TRITURBINE,EQ,2026-07-29,609.35,612.3,621.2,606.0,615.0,615.9,615.49,764559,4705.75,14749.0,601443.0,78.67
TRITURBINE,EQ,2026-07-31,607.5,610.55,610.55,600.0,601.8,601.7,603.96,668553,4037.79,36917.0,364934.0,54.59
TRITURBINE,EQ,2026-08-03,601.7,602.65,616.0,602.65,612.45,611.6,610.46,403135,2460.97,29478.0,196538.0,48.75
TRITURBINE,EQ,2026-08-04,611.6,612.0,635.9,610.15,618.0,618.8,628.2,1552465,9752.52,49928.0,472511.0,30.44
TRITURBINE,EQ,2026-08-05,618.8,624.8,630.7,619.2,623.15,623.45,625.16,336215,2101.88,18949.0,130296.0,38.75
TRITURBINE,EQ,2026-08-07,646.35,643.0,654.15,630.3,632.0,636.45,644.65,499505,3220.07,20743.0,205101.0,41.06
TRITURBINE,EQ,2026-08-10,636.45,637.9,648.0,631.6,633.0,636.75,641.43,455628,2922.54,27790.0,208519.0,45.77
TRITURBINE,EQ,2026-08-11,636.75,590.0,612.0,586.1,600.9,600.35,600.96,3884248,23342.65,97708.0,1386599.0,35.7
TRITURBINE,EQ,2026-08-13,586.75,583.8,599.8,581.05,591.25,591.95,591.9,345714,2046.3,19358.0,125435.0,36.28
TRITURBINE,EQ,2026-08-14,591.95,595.9,602.7,579.0,587.0,592.4,593.35,396736,2354.05,20463.0,210992.0,53.18
TRITURBINE,EQ,2026-08-17,592.4,589.1,600.05,581.85,598.7,597.9,593.82,416501,2473.26,26428.0,159023.0,38.18
TRITURBINE,EQ,2026-08-18,597.9,597.65,601.9,579.0,582.0,581.9,582.2,1323165,7703.5,22445.0,960767.0,72.61
TRITURBINE,EQ,2026-08-19,581.9,582.1,585.9,561.05,569.0,569.65,568.87,813709,4628.96,29024.0,248573.0,30.55
TRITURBINE,EQ,2026-08-21,580.05,581.2,585.9,573.2,576.0,574.85,576.29,323706,1865.5,34365.0,148193.0,45.78
TRITURBINE,EQ,2026-08-24,574.85,572.55,588.8,572.05,579.95,576.8,581.9,372111,2165.3,44563.0,176441.0,47.42
TRITURBINE,EQ,2026-08-25,576.8,579.8,580.7,566.5,575.85,572.65,571.58,370664,2118.65,37858.0,144872.0,39.08
TRITURBINE,EQ,2026-08-27,574.4,575.05,604.05,575.05,583.05,583.45,589.98,1852490,10929.28,93677.0,509140.0,27.48
TRITURBINE,EQ,2026-08-31,580.3,580.0,589.3,571.55,581.0,578.15,580.56,359842,2089.08,34984.0,156155.0,43.4
TRITURBINE,EQ,2026-09-01,578.15,581.15,587.9,574.05,578.5,578.5,579.65,259156,1502.2,29936.0,121155.0,46.75
TRITURBINE,EQ,2026-09-02,578.5,578.5,581.85,562.2,567.85,565.2,566.96,367778,2085.14,53455.0,214877.0,58.43
TRITURBINE,EQ,2026-09-03,565.2,565.2,573.9,562.85,571.55,571.7,568.78,281796,1602.81,30445.0,155875.0,55.31
TRITURBINE,EQ,2026-09-04,571.7,573.9,582.65,571.35,578.0,577.3,577.12,254725,1470.07,42114.0,144184.0,56.6
TRITURBINE,EQ,2026-09-07,577.3,577.3,578.9,565.5,572.0,568.75,571.26,209558,1197.12,31401.0,103835.0,49.55
TRITURBINE,EQ,2026-09-08,568.75,567.9,585.0,566.0,583.4,580.6,577.01,374569,2161.3,45965.0,176773.0,47.19
TRITURBINE,EQ,2026-09-09,580.6,580.6,583.6,563.8,564.3,565.05,569.76,454425,2589.12,72067.0,264312.0,58.16
TRITURBINE,EQ,2026-09-10,565.05,565.1,574.45,555.1,564.9,560.85,562.74,1145463,6445.93,135045.0,693905.0,60.58
TRITURBINE,EQ,2026-09-11,560.85,560.85,572.8,552.5,568.6,569.65,561.62,613864,3447.58,102743.0,336430.0,60.17
TRITURBINE,EQ,2026-09-16,546.9,541.8,548.0,532.1,540.45,540.8,539.24,440380,2374.72,70307.0,229841.0,52.19
TRITURBINE,EQ,2026-09-18,556.8,554.4,572.0,550.35,570.25,567.8,563.44,501922,2828.04,51193.0,240256.0,47.87
TRITURBINE,EQ,2026-09-24,562.1,559.5,561.45,549.4,554.0,551.8,554.81,219693,1218.88,30308.0,108780.0,49.51
ULTRACEMCO,EQ,2025-09-25,12214.0,12210.0,12275.0,12120.0,12160.0,12141.0,12184.07,272540,33206.47,55123.0,167147.0,61.33
ULTRACEMCO,EQ,2025-09-26,12141.0,12140.0,12199.0,11990.0,12090.0,12070.0,12066.86,181541,21906.3,36938.0,118909.0,65.5
ULTRACEMCO,EQ,2025-09-30,12041.0,12041.0,12261.0,12041.0,12240.0,12222.0,12186.46,279155,34019.12,47658.0,188672.0,67.59
ULTRACEMCO,EQ,2025-10-01,12222.0,12274.0,12274.0,12071.0,12125.0,12095.0,12126.84,129528,15707.65,30976.0,81487.0,62.91
ULTRACEMCO,EQ,2025-10-07,12055.0,12059.0,12210.0,12025.0,12175.0,12184.0,12163.04,225472,27424.25,30342.0,138677.0,61.51
ULTRACEMCO,EQ,2025-10-08,12184.0,12150.0,12182.0,11940.0,11980.0,11991.0,12009.37,173973,20893.07,34713.0,107605.0,61.85
ULTRACEMCO,EQ,2025-10-09,11991.0,11991.0,12211.0,11973.0,12163.0,12192.0,12122.16,171737,20818.23,34979.0,104572.0,60.89
ULTRACEMCO,EQ,2025-10-14,12172.0,12172.0,12251.0,12026.0,12074.0,12070.0,12090.25,129196,15620.12,29501.0,68591.0,53.09
ULTRACEMCO,EQ,2025-10-15,12070.0,12085.0,12325.0,12085.0,12287.0,12311.0,12261.64,142328,17451.75,27141.0,81752.0,57.44
ULTRACEMCO,EQ,2025-10-16,12311.0,12306.0,12405.0,12268.0,12360.0,12358.0,12360.99,129372,15991.66,33266.0,74576.0,57.64
ULTRACEMCO,EQ,2025-10-17,12358.0,12300.0,12390.0,12259.0,12313.0,12370.0,12333.27,182242,22476.4,44221.0,113678.0,62.38
ULTRACEMCO,EQ,2025-10-20,12370.0,12420.0,12448.0,12175.0,12365.0,12346.0,12292.42,393365,48354.08,58440.0,220811.0,56.13
ULTRACEMCO,EQ,2025-10-21,12346.0,12371.0,12417.0,12271.0,12271.0,12342.0,12364.39,14465,1788.51,4406.0,7433.0,51.39
ULTRACEMCO,EQ,2025-10-24,12145.0,12149.0,12174.0,11876.0,11910.0,11918.0,11959.32,318840,38131.1,47288.0,225097.0,70.6
ULTRACEMCO,EQ,2025-10-28,12015.0,12025.0,12048.0,11866.0,11940.0,11931.0,11953.48,513095,61332.72,84372.0,404186.0,78.77
ULTRACEMCO,EQ,2025-10-29,11931.0,11940.0,12060.0,11899.0,12007.0,11999.0,11993.1,394272,47285.42,53249.0,313076.0,79.41
ULTRACEMCO,EQ,2025-11-03,11947.0,11927.0,11984.0,11885.0,11970.0,11950.0,11941.61,98394,11749.82,23272.0,57420.0,58.36
ULTRACEMCO,EQ,2025-11-06,11819.0,11800.0,11985.0,11798.0,11942.0,11910.0,11903.94,189652,22576.05,39219.0,117218.0,61.81
ULTRACEMCO,EQ,2025-11-07,11910.0,11871.0,11951.0,11834.0,11850.0,11849.0,11879.29,148161,17600.47,24873.0,102154.0,68.95
ULTRACEMCO,EQ,2025-11-10,11849.0,11851.0,11890.0,11701.0,11750.0,11728.0,11785.35,197085,23227.16,30866.0,141306.0,71.7
ULTRACEMCO,EQ,2025-11-11,11728.0,11750.0,11849.0,11720.0,11818.0,11825.0,11790.45,125847,14837.92,24966.0,63402.0,50.38
ULTRACEMCO,EQ,2025-11-12,11825.0,11861.0,11949.0,11831.0,11920.0,11921.0,11887.92,184542,21938.2,28501.0,131020.0,71.0
ULTRACEMCO,EQ,2025-11-14,11934.0,11941.0,11941.0,11786.0,11875.0,11874.0,11861.74,161315,19134.77,33259.0,114927.0,71.24
ULTRACEMCO,EQ,2025-11-17,11874.0,11810.0,11855.0,11745.0,11775.0,11778.0,11783.16,194379,22903.99,30500.0,118893.0,61.17
ULTRACEMCO,EQ,2025-11-18,11778.0,11888.0,11888.0,11688.0,11724.0,11707.0,11731.94,318116,37321.16,42262.0,231072.0,72.64
ULTRACEMCO,EQ,2025-11-19,11707.0,11707.0,11754.0,11638.0,11681.0,11666.0,11681.88,271396,31704.17,39648.0,206206.0,75.98
ULTRACEMCO,EQ,2025-11-20,11666.0,11720.0,11773.0,11661.0,11751.0,11753.0,11726.11,185397,21739.85,26069.0,131150.0,70.74
ULTRACEMCO,EQ,2025-11-21,11753.0,11758.0,11788.0,11691.0,11717.0,11729.0,11744.03,192051,22554.53,25874.0,124738.0,64.95
ULTRACEMCO,EQ,2025-11-24,11729.0,11738.0,11738.0,11561.0,11561.0,11584.0,11600.77,407297,47249.59,33703.0,285910.0,70.2
ULTRACEMCO,EQ,2025-11-26,11580.0,11589.0,11773.0,11585.0,11768.0,11759.0,11684.32,187481,21905.87,30715.0,133117.0,71.0
ULTRACEMCO,EQ,2025-11-27,11759.0,11776.0,11787.0,11599.0,11620.0,11617.0,11654.1,275290,32082.56,43358.0,210000.0,76.28
ULTRACEMCO,EQ,2025-11-28,11617.0,11620.0,11640.0,11557.0,11585.0,11600.0,11593.16,159990,18547.9,23864.0,118830.0,74.27
ULTRACEMCO,EQ,2025-12-01,11600.0,11620.0,12021.0,11556.0,12013.0,11662.0,11618.11,228729,26573.98,34056.0,161635.0,70.67
ULTRACEMCO,EQ,2025-12-02,11662.0,11702.0,11713.0,11590.0,11673.0,11666.0,11649.32,190930,22242.05,34931.0,122981.0,64.41
ULTRACEMCO,EQ,2025-12-03,11666.0,11700.0,11702.0,11520.0,11570.0,11591.0,11579.27,206293,23887.22,31798.0,134981.0,65.43
ULTRACEMCO,EQ,2025-12-05,11608.0,11630.0,11665.0,11561.0,11595.0,11597.0,11596.01,226572,26273.31,22395.0,183870.0,81.15
ULTRACEMCO,EQ,2025-12-08,11597.0,11610.0,11632.0,11490.0,11538.0,11540.0,11570.34,148186,17145.62,27514.0,102349.0,69.07
ULTRACEMCO,EQ,2025-12-09,11540.0,11500.0,11525.0,11379.0,11420.0,11414.0,11433.42,274482,31382.68,37738.0,196757.0,71.68
ULTRACEMCO,EQ,2025-12-10,11414.0,11425.0,11499.0,11297.0,11315.0,11317.0,11364.11,272923,31015.28,52189.0,178668.0,65.46
ULTRACEMCO,EQ,2025-12-15,11723.0,11658.0,11804.0,11658.0,11711.0,11728.0,11716.87,178073,20864.57,36431.0,114272.0,64.17
ULTRACEMCO,EQ,2025-12-16,11728.0,11700.0,11700.0,11510.0,11520.0,11528.0,11576.78,179690,20802.31,30346.0,122430.0,68.13
ULTRACEMCO,EQ,2025-12-18,11540.0,11545.0,11565.0,11412.0,11465.0,11461.0,11471.81,103462,11868.96,18634.0,58227.0,56.28
ULTRACEMCO,EQ,2025-12-19,11461.0,11503.0,11529.0,11442.0,11497.0,11496.0,11497.39,152956,17585.95,21628.0,108062.0,70.65
ULTRACEMCO,EQ,2025-12-23,11532.0,11550.0,11750.0,11530.0,11682.0,11678.0,11683.57,161830,18907.52,30809.0,80853.0,49.96
ULTRACEMCO,EQ,2025-12-24,11678.0,11715.0,11790.0,11671.0,11770.0,11764.0,11751.84,182050,21394.22,35103.0,114565.0,62.93
ULTRACEMCO,EQ,2025-12-26,11764.0,11766.0,11855.0,11743.0,11778.0,11794.0,11811.57,193121,22810.61,36334.0,116578.0,60.37
ULTRACEMCO,EQ,2025-12-29,11794.0,11778.0,11820.0,11731.0,11820.0,11799.0,11790.75,197600,23298.52,29327.0,123825.0,62.66
ULTRACEMCO,EQ,2025-12-30,11799.0,11810.0,11811.0,11651.0,11701.0,11705.0,11700.46,236323,27650.89,45599.0,147482.0,62.41
ULTRACEMCO,EQ,2025-12-31,11705.0,11681.0,11794.0,11680.0,11792.0,11784.0,11753.04,172267,20246.61,19516.0,116276.0,67.5
ULTRACEMCO,EQ,2026-01-01,11784.0,11792.0,11915.0,11784.0,11903.0,11901.0,11871.62,71887,8534.15,15050.0,28486.0,39.63
ULTRACEMCO,EQ,2026-01-02,11901.0,11903.0,11970.0,11821.0,11920.0,11899.0,11886.33,206244,24514.84,26997.0,134012.0,64.98
ULTRACEMCO,EQ,2026-01-06,12087.0,12100.0,12225.0,12066.0,12196.0,12204.0,12174.93,225766,27486.85,42396.0,127659.0,56.54
ULTRACEMCO,EQ,2026-01-07,12204.0,12230.0,12250.0,12078.0,12172.0,12184.0,12157.35,246825,30007.39,38228.0,164978.0,66.84
ULTRACEMCO,EQ,2026-01-08,12184.0,12165.0,12188.0,12034.0,12064.0,12064.0,12077.89,229175,27679.5,33781.0,156045.0,68.09
ULTRACEMCO,EQ,2026-01-09,12064.0,12058.0,12065.0,11852.0,11914.0,11937.0,11938.51,263833,31497.73,35330.0,161991.0,61.4
ULTRACEMCO,EQ,2026-01-12,11937.0,11870.0,12124.0,11786.0,12120.0,12098.0,11935.63,275484,32880.74,37853.0,184451.0,66.96
ULTRACEMCO,EQ,2026-01-13,12098.0,12050.0,12199.0,11936.0,12015.0,12044.0,12070.14,290750,35093.95,44327.0,178034.0,61.23
ULTRACEMCO,EQ,2026-01-14,12044.0,12074.0,12323.0,11942.0,12242.0,12255.0,12227.31,408660,49968.12,84007.0,250423.0,61.28
ULTRACEMCO,EQ,2026-01-19,12378.0,12350.0,12395.0,12233.0,12261.0,12297.0,12338.64,257602,31784.57,39265.0,177816.0,69.03
ULTRACEMCO,EQ,2026-01-20,12297.0,12225.0,12399.0,11995.0,12026.0,12059.0,12219.0,298026,36415.79,60726.0,175238.0,58.8
ULTRACEMCO,EQ,2026-01-21,12059.0,12059.0,12280.0,11984.0,12180.0,12231.0,12171.37,209393,25486.0,39337.0,112476.0,53.72
ULTRACEMCO,EQ,2026-01-23,12364.0,12375.0,12554.0,12283.0,12346.0,12369.0,12439.67,356421,44337.6,54855.0,218494.0,61.3
ULTRACEMCO,EQ,2026-01-28,12589.0,12640.0,12790.0,12561.0,12775.0,12767.0,12716.9,456847,58096.8,62637.0,327187.0,71.62
ULTRACEMCO,EQ,2026-01-30,12717.0,12649.0,12725.0,12536.0,12710.0,12694.0,12679.42,296876,37642.16,38139.0,205384.0,69.18
ULTRACEMCO,EQ,2026-02-02,12284.0,12380.0,12600.0,12191.0,12543.0,12535.0,12413.23,259656,32231.71,42701.0,162489.0,62.58
ULTRACEMCO,EQ,2026-02-03,12535.0,12800.0,12952.0,12575.0,12610.0,12590.0,12685.11,296810,37650.68,49072.0,166680.0,56.16
ULTRACEMCO,EQ,2026-02-04,12590.0,12600.0,12839.0,12585.0,12758.0,12806.0,12754.46,159977,20404.2,25909.0,100039.0,62.53
ULTRACEMCO,EQ,2026-02-06,12773.0,12725.0,12775.0,12622.0,12733.0,12722.0,12696.53,124704,15833.08,25965.0,63136.0,50.63
ULTRACEMCO,EQ,2026-02-09,12722.0,12809.0,13071.0,12722.0,13051.0,13048.0,12943.95,235298,30456.87,38081.0,150330.0,63.89
ULTRACEMCO,EQ,2026-02-10,13048.0,13060.0,13110.0,12968.0,12985.0,13023.0,13027.6,167157,21776.55,30494.0,92365.0,55.26
ULTRACEMCO,EQ,2026-02-11,13023.0,13087.0,13087.0,12907.0,12940.0,12969.0,12953.16,92473,11978.18,23193.0,49625.0,53.66
ULTRACEMCO,EQ,2026-02-12,12969.0,12969.0,13071.0,12900.0,13030.0,13029.0,13003.18,179716,23368.8,29875.0,115503.0,64.27
ULTRACEMCO,EQ,2026-02-13,13029.0,13012.0,13025.0,12873.0,12977.0,12963.0,12945.07,178236,23072.78,38308.0,118959.0,66.74
ULTRACEMCO,EQ,2026-02-16,12963.0,12897.0,12997.0,12861.0,12949.0,12981.0,12935.82,81768,10577.36,18373.0,44357.0,54.25
ULTRACEMCO,EQ,2026-02-17,12981.0,12955.0,13008.0,12838.0,12984.0,12984.0,12953.91,136174,17639.86,19085.0,81872.0,60.12
ULTRACEMCO,EQ,2026-02-18,12984.0,12986.0,13095.0,12986.0,13068.0,13052.0,13030.26,161603,21057.29,19533.0,113625.0,70.31
ULTRACEMCO,EQ,2026-02-23,12766.0,12830.0,12996.0,12759.0,12970.0,12976.0,12896.85,134369,17329.37,27857.0,81528.0,60.67
ULTRACEMCO,EQ,2026-02-24,12976.0,12972.0,13010.0,12900.0,12944.0,12960.0,12964.52,332450,43100.55,50968.0,241762.0,72.72
ULTRACEMCO,EQ,2026-02-26,13041.0,13089.0,13089.0,12830.0,12933.0,12937.0,12944.04,209041,27058.36,34273.0,123588.0,59.12
ULTRACEMCO,EQ,2026-02-27,12937.0,12895.0,12897.0,12640.0,12650.0,12677.0,12700.22,272915,34660.8,42685.0,155279.0,56.9
ULTRACEMCO,EQ,2026-03-02,12677.0,12375.0,12622.0,12325.0,12481.0,12521.0,12449.76,237506,29568.93,51489.0,112000.0,47.16
ULTRACEMCO,EQ,2026-03-04,12521.0,12175.0,12500.0,11888.0,12100.0,12107.0,12046.97,394665,47545.16,67579.0,214364.0,54.32
ULTRACEMCO,EQ,2026-03-05,12107.0,12107.0,12330.0,12030.0,12260.0,12288.0,12171.55,284992,34687.95,48964.0,157018.0,55.1
ULTRACEMCO,EQ,2026-03-06,12288.0,12160.0,12208.0,11948.0,11990.0,11987.0,12063.99,296585,35779.97,51734.0,163232.0,55.04
ULTRACEMCO,EQ,2026-03-09,11987.0,11766.0,11808.0,11329.0,11358.0,11378.0,11426.33,590742,67500.11,80719.0,357750.0,60.56
ULTRACEMCO,EQ,2026-03-12,11462.0,11401.0,11405.0,11059.0,11118.0,11089.0,11186.33,535730,59928.54,70640.0,349674.0,65.27
ULTRACEMCO,EQ,2026-03-13,11089.0,11000.0,11000.0,10573.0,10744.0,10616.0,10724.96,723904,77638.44,80512.0,493227.0,68.13
ULTRACEMCO,EQ,2026-03-16,10616.0,10670.0,11151.0,10652.0,11090.0,11099.0,10995.17,728077,80053.31,101944.0,349254.0,47.97
ULTRACEMCO,EQ,2026-03-18,11116.0,11124.0,11287.0,11116.0,11225.0,11247.0,11235.86,211865,23804.86,32959.0,126345.0,59.63
ULTRACEMCO,EQ,2026-03-19,11247.0,11080.0,11132.0,10778.0,10850.0,10814.0,10884.72,283817,30892.68,53396.0,175689.0,61.9
ULTRACEMCO,EQ,2026-03-23,10934.0,10877.0,10877.0,10325.0,10350.0,10362.0,10440.09,644386,67274.46,90481.0,436791.0,67.78
ULTRACEMCO,EQ,2026-03-24,10362.0,10650.0,10867.0,10472.0,10771.0,10764.0,10713.79,369647,39603.19,58745.0,189008.0,51.13
ULTRACEMCO,EQ,2026-03-27,11204.0,11174.0,11174.0,10970.0,11100.0,11049.0,11060.83,418469,46286.15,65442.0,242512.0,57.95
ULTRACEMCO,EQ,2026-03-30,11049.0,10985.0,10990.0,10687.0,10800.0,10745.0,10780.9,632265,68163.87,65840.0,235636.0,37.27
ULTRACEMCO,EQ,2026-04-01,10745.0,10802.0,11112.0,10643.0,10725.0,10714.0,10796.63,431636,46602.14,54186.0,243262.0,56.36
ULTRACEMCO,EQ,2026-04-07,10955.0,10922.0,10954.0,10765.0,10907.0,10936.0,10891.07,263658,28715.18,46255.0,142531.0,54.06
ULTRACEMCO,EQ,2026-04-08,10936.0,11400.0,11776.0,11349.0,11590.0,11603.0,11639.49,612764,71322.58,86582.0,376897.0,61.51
ULTRACEMCO,EQ,2026-04-09,11603.0,11425.0,11562.0,11390.0,11418.0,11448.0,11453.89,330553,37861.17,46519.0,172962.0,52.33
ULTRACEMCO,EQ,2026-04-10,11448.0,11500.0,11643.0,11476.0,11608.0,11589.0,11578.31,420339,48668.15,37916.0,280695.0,66.78
ULTRACEMCO,EQ,2026-04-13,11589.0,11366.0,11522.0,11282.0,11509.0,11502.0,11449.9,220442,25240.38,41186.0,108529.0,49.23
ULTRACEMCO,EQ,2026-04-15,11502.0,11840.0,11950.0,11711.0,11711.0,11785.0,11782.96,274811,32380.86,40458.0,171509.0,62.41
ULTRACEMCO,EQ,2026-04-16,11785.0,11840.0,11859.0,11710.0,11775.0,11826.0,11789.56,308549,36376.58,49572.0,184134.0,59.68
ULTRACEMCO,EQ,2026-04-17,11826.0,11820.0,11930.0,11737.0,11867.0,11886.0,11874.26,165109,19605.48,24964.0,91119.0,55.19
ULTRACEMCO,EQ,2026-04-20,11886.0,11970.0,12062.0,11816.0,11860.0,11917.0,11897.22,335624,39929.93,37156.0,195666.0,58.3
ULTRACEMCO,EQ,2026-04-22,12039.0,12013.0,12222.0,12001.0,12140.0,12193.0,12139.56,312307,37912.71,45459.0,179356.0,57.43
ULTRACEMCO,EQ,2026-04-23,12193.0,12105.0,12213.0,11936.0,12202.0,12167.0,12085.37,227223,27460.74,43433.0,117033.0,51.51
ULTRACEMCO,EQ,2026-04-24,12167.0,12203.0,12246.0,11954.0,12021.0,11998.0,12068.01,349586,42188.09,40795.0,211610.0,60.53
ULTRACEMCO,EQ,2026-04-27,11998.0,12148.0,12240.0,11869.0,12000.0,12010.0,12079.32,567601,68562.35,85483.0,160580.0,28.29
ULTRACEMCO,EQ,2026-04-28,12010.0,12282.0,12282.0,11790.0,11822.0,11817.0,11885.94,509322,60537.73,68290.0,225561.0,44.29
ULTRACEMCO,EQ,2026-04-29,11817.0,11870.0,12060.0,11817.0,11830.0,11833.0,11939.9,361932,43214.3,43734.0,229988.0,63.54
ULTRACEMCO,EQ,2026-04-30,11833.0,11777.0,11777.0,11484.0,11597.0,11586.0,11561.75,719688,83208.51,91170.0,451794.0,62.78
ULTRACEMCO,EQ,2026-05-04,11586.0,11670.0,11798.0,11590.0,11730.0,11758.0,11704.48,461238,53985.53,60523.0,245355.0,53.19
ULTRACEMCO,EQ,2026-05-06,11963.0,12022.0,12141.0,11942.0,12100.0,12093.0,12032.72,355092,42727.22,48321.0,194023.0,54.64
ULTRACEMCO,EQ,2026-05-07,12093.0,12270.0,12275.0,12120.0,12121.0,12146.0,12179.81,227651,27727.46,46952.0,103403.0,45.42
ULTRACEMCO,EQ,2026-05-08,12146.0,12090.0,12110.0,11877.0,11951.0,11950.0,11952.48,258727,30924.28,41458.0,142437.0,55.05
ULTRACEMCO,EQ,2026-05-12,11866.0,11866.0,11866.0,11503.0,11525.0,11516.0,11660.82,343980,40110.89,70011.0,228284.0,66.37
ULTRACEMCO,EQ,2026-05-13,11516.0,11500.0,11652.0,11431.0,11599.0,11573.0,11523.91,453482,52258.85,52456.0,278408.0,61.39
ULTRACEMCO,EQ,2026-05-15,11692.0,11685.0,11730.0,11463.0,11507.0,11487.0,11586.12,284388,32949.53,32493.0,172079.0,60.51
ULTRACEMCO,EQ,2026-05-18,11487.0,11447.0,11599.0,11253.0,11565.0,11561.0,11455.14,233668,26767.0,41365.0,123203.0,52.73
ULTRACEMCO,EQ,2026-05-19,11561.0,11540.0,11556.0,11347.0,11355.0,11368.0,11394.76,347784,39629.15,50940.0,226148.0,65.03
ULTRACEMCO,EQ,2026-05-20,11368.0,11300.0,11430.0,11211.0,11429.0,11409.0,11338.19,168245,19075.93,30656.0,98949.0,58.81
ULTRACEMCO,EQ,2026-05-21,11409.0,11484.0,11517.0,11373.0,11505.0,11474.0,11463.1,244967,28080.8,43770.0,152713.0,62.34
ULTRACEMCO,EQ,2026-05-22,11474.0,11531.0,11650.0,11511.0,11588.0,11569.0,11590.59,340427,39457.51,56442.0,211508.0,62.13
ULTRACEMCO,EQ,2026-05-25,11569.0,11690.0,11796.0,11614.0,11733.0,11726.0,11694.98,229618,26853.79,31659.0,122513.0,53.36
ULTRACEMCO,EQ,2026-05-27,11623.0,11640.0,11750.0,11601.0,11713.0,11689.0,11682.28,243628,28461.3,39517.0,136963.0,56.22
ULTRACEMCO,EQ,2026-05-29,11689.0,11600.0,11779.0,11338.0,11501.0,11482.0,11509.75,1776975,204525.41,83502.0,1304073.0,73.39
ULTRACEMCO,EQ,2026-06-02,11232.0,11142.0,11201.0,11074.0,11174.0,11165.0,11146.34,413041,46038.97,70343.0,292079.0,70.71
ULTRACEMCO,EQ,2026-06-04,11101.0,11060.0,11150.0,10961.0,11000.0,10997.0,11017.32,541327,59639.7,55296.0,393355.0,72.66
ULTRACEMCO,EQ,2026-06-05,10997.0,11100.0,11121.0,10846.0,10919.0,10912.0,10945.14,424664,46480.08,50180.0,305493.0,71.94
ULTRACEMCO,EQ,2026-06-08,10912.0,10758.0,10895.0,10750.0,10760.0,10795.0,10825.13,285585,30914.94,32281.0,174133.0,60.97
ULTRACEMCO,EQ,2026-06-09,10795.0,10811.0,10983.0,10772.0,10925.0,10911.0,10889.37,257371,28026.07,42198.0,171527.0,66.65
ULTRACEMCO,EQ,2026-06-10,10911.0,10924.0,10957.0,10814.0,10860.0,10866.0,10892.52,470400,51238.42,51014.0,289819.0,61.61
ULTRACEMCO,EQ,2026-06-11,10866.0,10798.0,10938.0,10706.0,10850.0,10830.0,10852.42,236130,25625.81,40499.0,120837.0,51.17
ULTRACEMCO,EQ,2026-06-12,10830.0,10950.0,11154.0,10843.0,11110.0,11117.0,11002.01,192524,21181.51,37417.0,97153.0,50.46
ULTRACEMCO,EQ,2026-06-15,11117.0,11242.0,11565.0,11242.0,11468.0,11466.0,11477.88,404414,46418.14,75051.0,242959.0,60.08
ULTRACEMCO,EQ,2026-06-16,11466.0,11485.0,11511.0,11368.0,11395.0,11391.0,11404.97,234423,26735.88,46366.0,142881.0,60.95
ULTRACEMCO,EQ,2026-06-17,11391.0,11380.0,11420.0,11314.0,11380.0,11373.0,11374.94,177587,20200.42,31993.0,108569.0,61.14
ULTRACEMCO,EQ,2026-06-18,11373.0,11390.0,11460.0,11235.0,11444.0,11430.0,11370.11,321556,36561.29,52203.0,195678.0,60.85
ULTRACEMCO,EQ,2026-06-23,11402.0,11358.0,11423.0,11266.0,11325.0,11307.0,11318.78,324599,36740.65,37956.0,219956.0,67.76
ULTRACEMCO,EQ,2026-06-24,11307.0,11307.0,11479.0,11275.0,11440.0,11430.0,11409.95,233046,26590.44,24728.0,139489.0,59.85
ULTRACEMCO,EQ,2026-06-25,11430.0,11487.0,11674.0,11451.0,11455.0,11489.0,11543.76,402451,46457.97,56217.0,237101.0,58.91
ULTRACEMCO,EQ,2026-06-29,11489.0,11457.0,11539.0,11313.0,11344.0,11336.0,11379.11,230886,26272.77,33534.0,153738.0,66.59
ULTRACEMCO,EQ,2026-06-30,11336.0,11317.0,11377.0,11219.0,11281.0,11253.0,11279.19,331714,37414.64,42454.0,187718.0,56.59
ULTRACEMCO,EQ,2026-07-01,11253.0,11300.0,11485.0,11298.0,11460.0,11456.0,11426.61,119013,13599.15,18320.0,52625.0,44.22
ULTRACEMCO,EQ,2026-07-03,11536.0,11577.0,11744.0,11577.0,11730.0,11723.0,11698.38,157877,18469.05,24544.0,71575.0,45.34
ULTRACEMCO,EQ,2026-07-07,11661.0,11655.0,11750.0,11608.0,11620.0,11649.0,11668.52,152287,17769.64,27433.0,85059.0,55.85
ULTRACEMCO,EQ,2026-07-08,11649.0,11556.0,11600.0,11288.0,11380.0,11353.0,11415.8,213785,24405.26,35364.0,127876.0,59.82
ULTRACEMCO,EQ,2026-07-13,11711.0,11600.0,11639.0,11535.0,11545.0,11571.0,11589.76,121301,14058.49,20988.0,73288.0,60.42
ULTRACEMCO,EQ,2026-07-14,11571.0,11462.0,11543.0,11355.0,11455.0,11496.0,11460.47,404659,46375.83,49243.0,276817.0,68.41
ULTRACEMCO,EQ,2026-07-16,11812.0,11860.0,11876.0,11706.0,11765.0,11771.0,11825.06,260149,30762.77,36787.0,159138.0,61.17
ULTRACEMCO,EQ,2026-07-17,11771.0,11770.0,11802.0,11663.0,11685.0,11727.0,11723.24,247044,28961.55,29796.0,138740.0,56.16
ULTRACEMCO,EQ,2026-07-20,11727.0,11768.0,12001.0,11652.0,11900.0,11903.0,11882.04,456048,54187.81,47280.0,208050.0,45.62
ULTRACEMCO,EQ,2026-07-21,11903.0,12070.0,12126.0,11926.0,12075.0,12094.0,12046.18,830840,100084.49,74720.0,445460.0,53.62
ULTRACEMCO,EQ,2026-07-22,12094.0,12081.0,12172.0,11856.0,11870.0,11893.0,11964.62,283753,33949.96,38906.0,168619.0,59.42
ULTRACEMCO,EQ,2026-07-23,11893.0,11793.0,11968.0,11760.0,11932.0,11908.0,11898.11,415137,49393.44,39251.0,247942.0,59.73
ULTRACEMCO,EQ,2026-07-24,11908.0,11750.0,11899.0,11690.0,11840.0,11846.0,11786.27,229015,26992.32,30902.0,119272.0,52.08
ULTRACEMCO,EQ,2026-07-27,11846.0,11905.0,12000.0,11752.0,11892.0,11881.0,11849.63,250956,29737.36,29705.0,135269.0,53.9
ULTRACEMCO,EQ,2026-07-29,11956.0,12050.0,12090.0,11980.0,11990.0,11998.0,12010.16,282068,33876.81,27831.0,188935.0,66.98
ULTRACEMCO,EQ,2026-07-31,11847.0,11850.0,12009.0,11799.0,11884.0,11903.0,11919.96,390471,46544.0,40343.0,230212.0,58.96
ULTRACEMCO,EQ,2026-08-03,11903.0,11940.0,12054.0,11905.0,12054.0,12054.0,12002.83,159579,19154.0,20922.0,82602.0,51.76
ULTRACEMCO,EQ,2026-08-04,12054.0,11920.0,12050.0,11905.0,12050.0,12050.0,11971.33,126569,15151.99,19323.0,60357.0,47.69
ULTRACEMCO,EQ,2026-08-05,12050.0,12049.0,12239.0,11970.0,12190.0,12190.0,12130.59,215254,26111.57,34095.0,113264.0,52.62
ULTRACEMCO,EQ,2026-08-07,12075.0,12051.0,12105.0,11970.0,12105.0,12105.0,12025.68,171352,20606.25,32516.0,97506.0,56.9
ULTRACEMCO,EQ,2026-08-10,12105.0,12040.0,12124.0,11921.0,12038.0,12038.0,12066.95,138801,16749.05,21270.0,70564.0,50.84
ULTRACEMCO,EQ,2026-08-11,12038.0,12036.0,12061.0,11720.0,11780.0,11780.0,11810.32,184916,21839.17,29804.0,96682.0,52.28
ULTRACEMCO,EQ,2026-08-13,11891.0,11875.0,11905.0,11570.0,11706.0,11706.0,11665.82,309798,36140.47,47823.0,121104.0,39.09
ULTRACEMCO,EQ,2026-08-14,11706.0,11657.0,11698.0,11587.0,11619.0,11619.0,11637.65,198920,23149.61,28843.0,117102.0,58.87
ULTRACEMCO,EQ,2026-08-17,11619.0,11610.0,11709.0,11541.0,11681.0,11681.0,11644.72,194270,22622.2,27188.0,118492.0,60.99
ULTRACEMCO,EQ,2026-08-18,11681.0,11626.0,11674.0,11499.0,11499.0,11499.0,11562.76,210406,24328.73,25955.0,136050.0,64.66
ULTRACEMCO,EQ,2026-08-19,11499.0,11499.0,11499.0,11396.0,11450.0,11450.0,11441.86,251888,28820.68,40571.0,153750.0,61.04
ULTRACEMCO,EQ,2026-08-21,11575.0,11549.0,11620.0,11526.0,11570.0,11570.0,11558.92,133753,15460.4,26447.0,77263.0,57.77
ULTRACEMCO,EQ,2026-08-24,11570.0,11566.0,11606.0,11484.0,11504.0,11504.0,11544.24,297744,34372.28,36739.0,187922.0,63.12
ULTRACEMCO,EQ,2026-08-25,11504.0,11505.0,11554.0,11445.0,11540.0,11540.0,11505.55,225470,25941.57,31812.0,145224.0,64.41
ULTRACEMCO,EQ,2026-08-27,11717.0,11674.0,11815.0,11674.0,11717.0,11717.0,11742.82,319993,37576.2,38322.0,199903.0,62.47
ULTRACEMCO,EQ,2026-08-31,11589.0,11550.0,11560.0,11415.0,11450.0,11450.0,11467.27,381057,43696.82,36590.0,287325.0,75.4
ULTRACEMCO,EQ,2026-09-01,11450.0,11450.0,11550.0,11390.0,11400.0,11400.0,11468.49,168152,19284.5,19809.0,94343.0,56.11
ULTRACEMCO,EQ,2026-09-02,11400.0,11350.0,11398.0,11180.0,11393.0,11393.0,11258.17,228820,25760.95,40436.0,147391.0,64.41
ULTRACEMCO,EQ,2026-09-03,11393.0,11450.0,11450.0,11275.0,11275.0,11275.0,11336.66,247711,28082.16,35274.0,128776.0,51.99
ULTRACEMCO,EQ,2026-09-04,11275.0,11357.0,11434.0,11292.0,11408.0,11408.0,11346.83,280870,31869.85,34646.0,172865.0,61.55
ULTRACEMCO,EQ,2026-09-07,11408.0,11370.0,11370.0,11175.0,11175.0,11175.0,11225.8,214788,24111.67,37736.0,141036.0,65.66
ULTRACEMCO,EQ,2026-09-08,11175.0,11175.0,11215.0,10995.0,11009.0,11009.0,11055.88,338272,37398.95,42244.0,197908.0,58.51
ULTRACEMCO,EQ,2026-09-09,11009.0,10975.0,10998.0,10860.0,10900.0,10900.0,10929.3,325637,35589.84,65009.0,234673.0,72.07
ULTRACEMCO,EQ,2026-09-10,10900.0,10896.0,10979.0,10858.0,10979.0,10979.0,10928.51,270894,29604.69,34516.0,167707.0,61.91
ULTRACEMCO,EQ,2026-09-11,10979.0,10859.0,11060.0,10790.0,11000.0,11000.0,10947.04,223277,24442.23,23839.0,95831.0,64.97
ULTRACEMCO,EQ,2026-09-16,10697.0,10777.0,10880.0,10639.0,10700.0,10700.0,10767.71,236781,25495.9,33144.0,126802.0,53.55
ULTRACEMCO,EQ,2026-09-18,10764.0,10890.0,11060.0,10819.0,11014.0,11014.0,10992.31,458848,50438.0,47737.0,320335.0,69.81
ULTRACEMCO,EQ,2026-09-24,11155.0,11098.0,11192.0,11056.0,11056.0,11056.0,11131.15,304695,33916.05,36403.0,162131.0,53.21
VOLTAMP,EQ,2025-09-25,7157.5,7193.0,7220.0,7095.5,7130.0,7136.5,7140.84,38974,2783.07,7198.0,23093.0,59.25
VOLTAMP,EQ,2025-09-26,7136.5,7141.0,7163.5,6952.0,6995.0,6997.0,7014.88,52159,3658.89,15739.0,36122.0,69.25
VOLTAMP,EQ,2025-09-30,7134.0,7135.0,7270.0,7077.0,7250.0,7235.5,7166.21,26639,1909.01,8535.0,16496.0,61.92
VOLTAMP,EQ,2025-10-01,7235.5,7235.0,7245.5,7171.0,7190.0,7183.5,7198.86,32704,2354.32,4469.0,25223.0,77.13
VOLTAMP,EQ,2025-10-07,7187.0,7187.0,7232.0,7150.0,7190.0,7213.0,7174.81,65964,4732.79,5126.0,58005.0,87.93
VOLTAMP,EQ,2025-10-08,7213.0,7200.5,7207.0,7112.0,7131.5,7135.0,7148.55,10270,734.16,3520.0,5395.0,52.53
VOLTAMP,EQ,2025-10-09,7135.0,7145.0,7175.0,7060.0,7070.0,7078.0,7101.82,13161,934.67,4960.0,6536.0,49.66
VOLTAMP,EQ,2025-10-14,7100.5,7103.0,7161.0,7000.0,7018.5,7023.5,7065.24,16061,1134.75,4911.0,9185.0,57.19
VOLTAMP,EQ,2025-10-15,7023.5,7079.0,7165.0,7038.5,7101.5,7097.0,7092.03,23643,1676.77,5540.0,15602.0,65.99
VOLTAMP,EQ,2025-10-16,7097.0,7112.0,7233.0,7112.0,7186.0,7198.0,7195.87,58553,4213.4,8639.0,46989.0,80.25
VOLTAMP,EQ,2025-10-17,7198.0,7198.0,7200.0,7090.0,7115.0,7103.0,7129.12,15228,1085.62,4694.0,10934.0,71.8
VOLTAMP,EQ,2025-10-20,7103.0,7170.5,7170.5,7100.0,7156.0,7153.0,7136.6,19946,1423.47,5271.0,14357.0,71.98
VOLTAMP,EQ,2025-10-21,7153.0,7220.0,7222.0,7185.0,7199.0,7201.0,7204.0,3601,259.42,1167.0,2746.0,76.68
VOLTAMP,EQ,2025-10-24,7231.5,7285.0,7285.0,7135.0,7224.0,7217.0,7178.04,18201,1306.48,5727.0,10507.0,57.73
VOLTAMP,EQ,2025-10-28,7152.5,7150.5,7190.5,7085.0,7107.0,7101.5,7143.23,14082,1005.91,4289.0,9278.0,65.89
VOLTAMP,EQ,2025-10-29,7101.5,7101.5,7350.0,7042.0,7220.0,7208.5,7163.45,102160,7318.18,18229.0,61302.0,60.01
VOLTAMP,EQ,2025-11-03,7403.5,7429.0,7497.5,7325.0,7435.5,7465.0,7443.03,34381,2558.99,11115.0,22460.0,65.33
VOLTAMP,EQ,2025-11-04,7465.0,7460.0,7460.0,7311.5,7370.0,7365.5,7361.45,25713,1892.85,7251.0,16051.0,62.42
VOLTAMP,EQ,2025-11-06,7365.5,7400.0,7410.0,7060.0,7082.0,7089.5,7171.82,35138,2520.04,9331.0,21011.0,59.8
VOLTAMP,EQ,2025-11-07,7089.5,7056.0,7205.5,7000.5,7199.0,7158.0,7076.11,21208,1500.7,7614.0,9823.0,46.32
VOLTAMP,EQ,2025-11-10,7158.0,7197.0,8060.0,7197.0,7845.0,7953.0,7823.09,458276,35851.34,98189.0,165221.0,36.05
VOLTAMP,EQ,2025-11-11,7953.0,7895.5,8197.0,7889.5,8110.0,8123.5,8076.74,136566,11030.07,32902.0,45135.0,33.05
VOLTAMP,EQ,2025-11-12,8123.5,8125.0,8378.5,8093.5,8260.0,8282.5,8280.81,72853,6032.82,18767.0,35888.0,49.26
VOLTAMP,EQ,2025-11-14,8304.0,8300.0,8300.0,8033.5,8095.0,8075.5,8154.23,31768,2590.44,9064.0,15232.0,47.95
VOLTAMP,EQ,2025-11-17,8075.5,8156.0,8560.0,8100.5,8520.0,8541.0,8450.2,74779,6318.97,19251.0,30319.0,40.54
VOLTAMP,EQ,2025-11-18,8541.0,8497.5,8739.0,8402.0,8658.0,8670.5,8604.62,58144,5003.07,16938.0,24867.0,42.77
VOLTAMP,EQ,2025-11-19,8670.5,8670.5,8670.5,8351.0,8515.0,8513.5,8475.16,41801,3542.7,14312.0,19460.0,46.55
VOLTAMP,EQ,2025-11-20,8513.5,8549.0,8566.0,8230.0,8238.0,8250.5,8365.93,42356,3543.47,13610.0,22511.0,53.15
VOLTAMP,EQ,2025-11-21,8250.5,8270.0,8328.0,7971.0,8084.0,8080.5,8144.37,38495,3135.18,10628.0,15837.0,41.14
VOLTAMP,EQ,2025-11-24,8080.5,8099.5,8252.0,8002.0,8189.5,8188.5,8183.01,76696,6276.04,16890.0,46551.0,60.7
VOLTAMP,EQ,2025-11-26,8072.0,8148.0,8214.5,8025.0,8126.5,8146.0,8116.69,22014,1786.81,7536.0,7506.0,34.1
VOLTAMP,EQ,2025-11-27,8146.0,8200.0,8209.5,8049.0,8087.0,8071.5,8111.67,14520,1177.81,4887.0,6338.0,43.65
VOLTAMP,EQ,2025-11-28,8071.5,8172.5,8577.0,8131.0,8170.0,8159.5,8392.69,183464,15397.56,44991.0,44314.0,24.15
VOLTAMP,EQ,2025-12-01,8159.5,8241.5,8241.5,7861.0,7888.0,7898.5,8002.51,50777,4063.44,14225.0,22215.0,43.75
VOLTAMP,EQ,2025-12-02,7898.5,7943.0,8150.0,7875.0,7942.0,7961.5,8002.33,74943,5997.19,21644.0,19307.0,25.76
VOLTAMP,EQ,2025-12-03,7961.5,8001.5,8005.5,7835.0,7890.5,7918.5,7902.88,34304,2711.0,9924.0,16201.0,47.23
VOLTAMP,EQ,2025-12-05,8000.5,8000.5,8044.0,7840.0,7905.0,7881.0,7899.93,27118,2142.3,8133.0,13610.0,50.19
VOLTAMP,EQ,2025-12-08,7881.0,7960.0,7960.0,7652.5,7653.0,7682.5,7805.64,38014,2967.24,11460.0,18429.0,48.48
VOLTAMP,EQ,2025-12-09,7682.5,7600.0,8035.0,7549.5,7995.5,7995.5,7820.71,40893,3198.12,13479.0,17361.0,42.45
VOLTAMP,EQ,2025-12-10,7995.5,7995.5,8040.0,7878.5,7931.0,7951.5,7960.77,25151,2002.21,8159.0,12737.0,50.64
VOLTAMP,EQ,2025-12-15,8100.5,8085.0,8179.5,8030.0,8061.5,8058.0,8101.6,14382,1165.17,5549.0,5140.0,35.74
VOLTAMP,EQ,2025-12-16,8058.0,8058.0,8125.5,7948.0,7948.0,7970.5,8024.52,10932,877.24,3918.0,4835.0,44.23
VOLTAMP,EQ,2025-12-18,7912.0,7879.5,7951.5,7803.0,7881.0,7880.5,7873.15,13788,1085.55,5602.0,6159.0,44.67
VOLTAMP,EQ,2025-12-19,7880.5,7860.0,8160.0,7860.0,8074.0,8071.5,8043.69,40829,3284.16,9085.0,24896.0,60.98
VOLTAMP,EQ,2025-12-23,7935.5,7930.0,7947.0,7860.0,7894.0,7879.5,7900.8,11548,912.38,5037.0,6120.0,53.0
VOLTAMP,EQ,2025-12-24,7879.5,7918.5,7955.0,7854.5,7870.0,7887.5,7896.62,12757,1007.37,5243.0,7224.0,56.63
VOLTAMP,EQ,2025-12-26,7887.5,7801.0,7899.5,7760.0,7795.0,7777.5,7825.26,13581,1062.75,6122.0,6659.0,49.03
VOLTAMP,EQ,2025-12-29,7777.5,7795.0,7810.0,7650.0,7803.0,7765.5,7732.6,18184,1406.1,6162.0,9576.0,52.66
VOLTAMP,EQ,2025-12-30,7765.5,7800.0,7805.0,7524.0,7710.0,7685.5,7628.78,40996,3127.49,11860.0,21182.0,51.67
VOLTAMP,EQ,2025-12-31,7685.5,7700.0,7879.0,7676.5,7835.0,7852.0,7806.61,34891,2723.8,11324.0,21220.0,60.82
VOLTAMP,EQ,2026-01-01,7852.0,7880.0,7880.0,7745.0,7765.0,7790.5,7796.03,19024,1483.12,3895.0,12286.0,64.58
VOLTAMP,EQ,2026-01-02,7790.5,7790.5,7940.0,7677.0,7880.0,7877.0,7830.89,22419,1755.61,6297.0,8136.0,36.29
VOLTAMP,EQ,2026-01-06,7790.0,7790.0,7790.0,7612.0,7640.0,7640.5,7665.15,17107,1311.28,5537.0,9219.0,53.89
VOLTAMP,EQ,2026-01-07,7640.5,7612.0,7733.0,7581.0,7720.0,7709.5,7656.56,22852,1749.68,6075.0,11096.0,48.56
VOLTAMP,EQ,2026-01-08,7709.5,7720.0,7755.5,7550.0,7552.0,7582.0,7640.44,15311,1169.83,5403.0,6640.0,43.37
VOLTAMP,EQ,2026-01-09,7582.0,7575.0,7580.0,7237.0,7245.0,7264.5,7352.24,41280,3035.01,15811.0,15673.0,37.97
VOLTAMP,EQ,2026-01-12,7264.5,7264.5,7399.0,6975.5,7104.5,7089.0,7106.67,29800,2117.79,11350.0,10738.0,36.03
VOLTAMP,EQ,2026-01-13,7089.0,7125.5,7224.0,7035.5,7140.0,7160.5,7104.17,24107,1712.6,9210.0,11288.0,46.82
VOLTAMP,EQ,2026-01-14,7160.5,7160.5,7232.5,7115.0,7169.0,7151.5,7179.81,24935,1790.28,8933.0,14332.0,57.48
VOLTAMP,EQ,2026-01-19,7282.0,7190.5,7200.5,7060.0,7089.0,7079.5,7116.13,14649,1042.44,5696.0,7365.0,50.28
VOLTAMP,EQ,2026-01-20,7079.5,7086.5,7099.0,6875.0,6920.0,6911.0,6961.55,23961,1668.06,7731.0,10694.0,44.63
VOLTAMP,EQ,2026-01-21,6911.0,6914.5,6915.0,6756.0,6789.5,6778.5,6803.56,37303,2537.93,12579.0,18047.0,48.38
VOLTAMP,EQ,2026-01-23,6898.0,6900.0,6920.5,6805.0,6859.5,6826.0,6846.79,14709,1007.09,4996.0,6480.0,44.05
VOLTAMP,EQ,2026-01-23,6898.0,6900.0,6920.5,6805.0,6859.5,6826.0,6846.79,14709,1007.09,4996.0,6480.0,44.05
VOLTAMP,EQ,2026-01-28,6779.5,6790.0,7180.0,6790.0,7157.5,7135.5,7015.79,22590,1584.87,6825.0,10805.0,47.83
VOLTAMP,EQ,2026-01-30,7234.5,7249.0,7432.0,7175.0,7336.0,7374.5,7358.37,36084,2655.19,10580.0,19093.0,52.91
VOLTAMP,EQ,2026-02-02,7322.0,7285.5,7605.5,7256.5,7559.5,7499.0,7486.67,45982,3442.52,17282.0,20532.0,44.65
VOLTAMP,EQ,2026-02-03,7499.0,7740.5,7760.0,7475.0,7595.0,7597.0,7585.5,32589,2472.04,9245.0,12136.0,37.24
VOLTAMP,EQ,2026-02-04,7597.0,7687.0,7730.0,7545.5,7651.0,7676.0,7656.18,21997,1684.13,7307.0,9845.0,44.76
VOLTAMP,EQ,2026-02-06,7957.0,7973.5,8098.0,7854.5,7978.0,7973.0,7975.05,37687,3005.56,11337.0,11869.0,31.49
VOLTAMP,EQ,2026-02-09,7973.0,8003.0,8289.0,7994.0,8185.0,8143.0,8181.82,47889,3918.19,14431.0,24618.0,51.41
VOLTAMP,EQ,2026-02-10,8143.0,8165.0,8374.0,8120.0,8160.0,8170.5,8245.38,41648,3434.04,12772.0,17481.0,41.97
VOLTAMP,EQ,2026-02-11,8170.5,8163.5,8242.0,8065.0,8180.0,8180.5,8166.99,29284,2391.62,9516.0,13738.0,46.91
VOLTAMP,EQ,2026-02-12,8180.5,8152.0,8259.5,8140.0,8150.0,8164.5,8210.8,18207,1494.94,6445.0,8934.0,49.07
VOLTAMP,EQ,2026-02-13,8164.5,8108.0,8135.0,7921.0,7949.0,7955.0,8041.17,24998,2010.13,9147.0,13032.0,52.13
VOLTAMP,EQ,2026-02-16,7955.0,7900.0,8210.0,7836.0,8160.0,8189.5,8107.29,26725,2166.67,8934.0,11919.0,44.6
VOLTAMP,EQ,2026-02-17,8189.5,8189.5,8333.0,8141.0,8313.5,8316.0,8253.16,36282,2994.41,10319.0,17694.0,48.77
VOLTAMP,EQ,2026-02-18,8316.0,8354.0,8637.5,8320.0,8475.0,8460.0,8484.85,71297,6049.44,18991.0,31162.0,43.71
VOLTAMP,EQ,2026-02-23,8229.5,8305.0,8495.0,8262.0,8350.0,8291.0,8373.8,38061,3187.15,11407.0,17864.0,46.94
VOLTAMP,EQ,2026-02-24,8291.0,8275.5,8528.0,8247.5,8436.0,8429.5,8436.2,50341,4246.87,15777.0,22793.0,45.28
VOLTAMP,EQ,2026-02-26,8724.0,8738.0,9025.0,8730.0,8990.0,9004.0,8926.89,76402,6820.32,20912.0,32754.0,42.87
VOLTAMP,EQ,2026-02-27,9004.0,9050.0,9294.0,9019.5,9080.0,9105.0,9161.71,98680,9040.78,24187.0,49306.0,49.97
VOLTAMP,EQ,2026-03-02,9105.0,8540.0,9009.0,8540.0,8842.0,8814.5,8848.31,67394,5963.23,20387.0,35022.0,51.97
VOLTAMP,EQ,2026-03-02,9105.0,8540.0,9009.0,8540.0,8842.0,8814.5,8848.31,67394,5963.23,20387.0,35022.0,51.97
VOLTAMP,EQ,2026-03-04,8814.5,8638.5,8750.0,8460.5,8576.0,8592.5,8577.52,51639,4429.35,19164.0,21801.0,42.22
VOLTAMP,EQ,2026-03-05,8592.5,8596.0,8960.0,8596.0,8764.5,8749.0,8815.48,56727,5000.76,19498.0,25606.0,45.14
VOLTAMP,EQ,2026-03-06,8749.0,8752.0,8804.0,8580.5,8660.0,8685.5,8705.62,28601,2489.89,9603.0,11149.0,38.98
VOLTAMP,EQ,2026-03-09,8685.5,8450.0,8698.0,8375.0,8690.0,8609.5,8558.82,41742,3572.62,16247.0,19350.0,46.36
VOLTAMP,EQ,2026-03-12,8528.0,8370.0,8779.0,8368.0,8720.0,8736.0,8628.4,42776,3690.88,12219.0,23907.0,55.89
VOLTAMP,EQ,2026-03-13,8736.0,8700.0,8700.0,8420.5,8500.0,8505.0,8518.2,46287,3942.82,16716.0,23011.0,49.71
VOLTAMP,EQ,2026-03-16,8505.0,8553.0,8553.0,8179.0,8375.0,8372.5,8347.04,34682,2894.92,12008.0,10932.0,31.52
VOLTAMP,EQ,2026-03-18,8503.0,8500.0,8802.0,8460.0,8717.5,8725.0,8696.47,20596,1791.13,7111.0,8512.0,41.33
VOLTAMP,EQ,2026-03-19,8725.0,8535.5,8678.0,8362.0,8430.0,8411.5,8535.98,16699,1425.42,6089.0,7455.0,44.64
VOLTAMP,EQ,2026-03-23,8604.5,8501.0,8521.0,8221.0,8221.5,8301.0,8329.28,31771,2646.29,10531.0,14846.0,46.73
VOLTAMP,EQ,2026-03-24,8301.0,8520.0,8530.0,8357.0,8470.0,8443.0,8449.59,18032,1523.63,5957.0,6680.0,37.05
VOLTAMP,EQ,2026-03-25,8443.0,8500.0,8730.0,8480.0,8580.0,8582.0,8641.61,16230,1402.53,5149.0,7219.0,44.48
VOLTAMP,EQ,2026-03-27,8582.0,8482.0,8520.0,8203.0,8409.0,8439.0,8371.1,37286,3121.25,12677.0,17219.0,46.18
VOLTAMP,EQ,2026-03-30,8439.0,8400.0,8730.0,8252.0,8672.0,8685.5,8608.58,54894,4725.6,20294.0,26463.0,48.21
VOLTAMP,EQ,2026-04-01,8685.5,8919.5,9120.0,8800.0,9040.0,9055.0,9000.6,48315,4348.64,17056.0,20181.0,41.77
VOLTAMP,EQ,2026-04-02,9055.0,8880.0,9190.0,8802.0,9162.0,9170.5,8994.55,32739,2944.72,11602.0,13957.0,42.63
VOLTAMP,EQ,2026-04-07,8992.5,8979.0,9049.5,8890.0,8981.0,8981.5,8966.5,17564,1574.88,6545.0,8628.0,49.12
VOLTAMP,EQ,2026-04-08,8981.5,9380.0,9380.0,9021.5,9137.0,9133.0,9152.37,31340,2868.35,10556.0,15521.0,49.52
VOLTAMP,EQ,2026-04-09,9133.0,9133.5,9249.5,9000.0,9055.0,9078.5,9095.62,25089,2282.0,8277.0,11489.0,45.79
VOLTAMP,EQ,2026-04-10,9078.5,9055.0,9581.0,9048.0,9345.0,9311.5,9293.57,78960,7338.2,20841.0,42163.0,53.4
VOLTAMP,EQ,2026-04-13,9311.5,9120.0,9550.0,9091.0,9460.0,9463.0,9460.03,82817,7834.51,19742.0,42003.0,50.72
VOLTAMP,EQ,2026-04-13,9311.5,9120.0,9550.0,9091.0,9460.0,9463.0,9460.03,82817,7834.51,19742.0,42003.0,50.72
VOLTAMP,EQ,2026-04-15,9463.0,9650.0,9746.0,9500.0,9525.0,9530.0,9621.43,49553,4767.71,13542.0,26019.0,52.51
VOLTAMP,EQ,2026-04-16,9530.0,9614.0,9995.0,9581.5,9911.5,9850.0,9828.81,124310,12218.2,26324.0,71839.0,57.79
VOLTAMP,EQ,2026-04-17,9850.0,9960.0,10210.0,9919.0,10080.0,10145.0,10132.2,78428,7946.49,20762.0,39815.0,50.77
VOLTAMP,EQ,2026-04-20,10145.0,10205.0,10599.5,10188.0,10280.0,10307.0,10418.91,121196,12627.3,34700.0,74374.0,61.37
VOLTAMP,EQ,2026-04-22,10524.5,10589.0,11168.0,10510.0,11045.0,11051.0,10906.19,127182,13870.71,27198.0,58300.0,45.84
VOLTAMP,EQ,2026-04-23,11051.0,11100.0,11295.0,10825.0,10873.0,10884.5,11034.05,79074,8725.07,23788.0,33707.0,42.63
VOLTAMP,EQ,2026-04-24,10884.5,10888.0,11271.0,10551.0,10796.0,10768.5,10925.05,106529,11638.35,35585.0,40934.0,38.43
VOLTAMP,EQ,2026-04-27,10768.5,11001.0,11430.0,10983.5,11272.0,11204.0,11240.42,85320,9590.33,25733.0,38242.0,44.82
VOLTAMP,EQ,2026-04-28,11204.0,11320.0,11709.0,11299.0,11464.0,11512.5,11527.57,109431,12614.74,30227.0,47931.0,43.8
VOLTAMP,EQ,2026-04-29,11512.5,11600.0,11948.0,11600.0,11785.0,11793.0,11830.08,72205,8541.91,21984.0,34623.0,47.95
VOLTAMP,EQ,2026-04-30,11793.0,11824.0,11998.0,11506.0,11700.0,11742.0,11794.41,88599,10449.73,27906.0,37485.0,42.31
VOLTAMP,EQ,2026-04-30,11793.0,11824.0,11998.0,11506.0,11700.0,11742.0,11794.41,88599,10449.73,27906.0,37485.0,42.31
VOLTAMP,EQ,2026-05-04,11742.0,11900.0,12863.0,11750.0,12632.0,12520.0,12184.8,88302,10759.43,26607.0,35283.0,39.96
VOLTAMP,EQ,2026-05-06,10082.0,10032.0,10250.0,9653.0,10000.0,10002.0,9964.23,296447,29538.68,69261.0,100932.0,34.05
VOLTAMP,EQ,2026-05-07,10002.0,10002.0,10192.0,9340.0,9652.0,9638.0,9548.83,326388,31166.22,66984.0,155087.0,47.52
VOLTAMP,EQ,2026-05-08,9638.0,9548.0,9780.0,9458.0,9549.0,9535.0,9558.74,149593,14299.21,43105.0,70525.0,47.14
VOLTAMP,EQ,2026-05-12,9444.0,9412.0,9570.0,9213.0,9260.0,9284.0,9362.16,98301,9203.1,20669.0,45727.0,46.52
VOLTAMP,EQ,2026-05-13,9284.0,9260.0,9444.0,9241.0,9422.0,9390.0,9351.45,54990,5142.36,13195.0,28879.0,52.52
VOLTAMP,EQ,2026-05-15,9334.0,9334.0,9575.0,9251.0,9500.0,9501.0,9446.04,55967,5286.67,13285.0,27455.0,49.06
VOLTAMP,EQ,2026-05-18,9501.0,9500.0,9500.0,9150.0,9232.0,9226.0,9249.33,64238,5941.59,18622.0,35194.0,54.79
VOLTAMP,EQ,2026-05-19,9226.0,9226.0,9333.0,8950.0,9075.0,9051.0,9063.91,82375,7466.4,25559.0,43757.0,53.12
VOLTAMP,EQ,2026-05-20,9051.0,9051.0,9249.0,8958.0,9240.0,9176.0,9115.8,32778,2987.98,11990.0,12703.0,38.75
VOLTAMP,EQ,2026-05-21,9176.0,9219.0,9351.0,9163.0,9308.0,9311.0,9282.29,41082,3813.35,11821.0,21155.0,51.49
VOLTAMP,EQ,2026-05-22,9311.0,9311.0,9354.0,9090.0,9111.0,9134.0,9180.84,47258,4338.68,14663.0,23155.0,49.0
VOLTAMP,EQ,2026-05-25,9134.0,9170.0,9339.0,9123.0,9190.0,9213.0,9230.0,33828,3122.33,7776.0,14897.0,44.04
VOLTAMP,EQ,2026-05-27,9173.0,9149.0,9377.0,9121.0,9313.0,9323.0,9252.1,48511,4488.28,13812.0,26213.0,54.04
VOLTAMP,EQ,2026-05-29,9323.0,9370.0,9620.0,9190.0,9504.0,9497.0,9466.91,62892,5953.93,16563.0,31300.0,49.77
VOLTAMP,EQ,2026-06-02,9167.0,9155.0,9201.0,9082.0,9100.0,9127.0,9126.83,17526,1599.57,6030.0,6712.0,38.3
VOLTAMP,EQ,2026-06-04,9375.0,9400.0,9571.0,9309.0,9470.0,9468.5,9476.39,30993,2937.02,10010.0,13772.0,44.44
VOLTAMP,EQ,2026-06-05,9468.5,9470.0,10044.0,9435.5,9872.5,9884.5,9758.31,79429,7750.93,21578.0,31942.0,40.21
VOLTAMP,EQ,2026-06-08,9884.5,9800.0,10024.5,9529.0,9600.0,9613.5,9802.9,52895,5185.24,15083.0,20797.0,39.32
VOLTAMP,EQ,2026-06-09,9613.5,9610.0,10143.0,9551.0,10000.0,10004.0,9948.51,88740,8828.3,23520.0,42354.0,47.73
VOLTAMP,EQ,2026-06-10,10004.0,10004.0,10044.5,9700.0,9701.5,9754.0,9879.82,38331,3787.04,9539.0,23326.0,60.85
VOLTAMP,EQ,2026-06-11,9754.0,9730.0,9816.0,9500.0,9510.0,9531.5,9637.44,37061,3571.73,12032.0,18910.0,51.02
VOLTAMP,EQ,2026-06-12,9531.5,9591.0,9810.0,9591.0,9700.0,9719.5,9722.8,44181,4295.63,14407.0,23040.0,52.15
VOLTAMP,EQ,2026-06-15,9719.5,9935.0,9989.0,9850.0,9904.0,9893.5,9905.94,18524,1834.98,6900.0,8921.0,48.16
VOLTAMP,EQ,2026-06-16,9893.5,9903.5,10250.0,9903.5,9950.0,9947.0,10111.55,60327,6100.0,19705.0,25227.0,41.82
VOLTAMP,EQ,2026-06-17,9947.0,10043.5,10099.0,9951.0,10082.0,10084.0,10033.66,14224,1427.19,4961.0,6147.0,43.22
VOLTAMP,EQ,2026-06-18,10084.0,10084.0,10110.0,9961.0,10025.0,10031.0,10015.58,16478,1650.37,6119.0,6716.0,40.76
VOLTAMP,EQ,2026-06-23,10509.0,10509.0,11144.0,10476.5,10555.0,10572.0,10806.96,113240,12237.81,30858.0,48037.0,42.42
VOLTAMP,EQ,2026-06-24,10572.0,10572.0,10760.0,10385.0,10475.0,10460.5,10550.21,44402,4684.51,15765.0,19801.0,44.59
VOLTAMP,EQ,2026-06-25,10460.5,10461.0,10515.0,10230.0,10348.0,10304.0,10335.99,45174,4669.18,12156.0,24691.0,54.66
VOLTAMP,EQ,2026-06-29,10304.0,10326.5,10490.0,9850.0,10188.0,10080.0,10117.05,41162,4164.38,13275.0,17481.0,42.47
VOLTAMP,EQ,2026-06-30,10080.0,10149.5,10485.0,10059.5,10470.0,10379.5,10256.91,22761,2334.58,7178.0,9488.0,41.69
VOLTAMP,EQ,2026-07-01,10379.5,10491.0,10599.0,9874.0,9898.0,9934.0,10095.6,41234,4162.82,10867.0,24333.0,59.01
VOLTAMP,EQ,2026-07-03,9857.0,9860.0,9915.0,9614.0,9650.0,9702.0,9725.03,41206,4007.29,12438.0,18650.0,45.26
VOLTAMP,EQ,2026-07-07,9847.0,9932.0,9932.0,9665.0,9719.0,9702.0,9723.02,14472,1407.12,4859.0,7069.0,48.85
VOLTAMP,EQ,2026-07-08,9702.0,9745.0,9745.0,9358.0,9401.0,9390.0,9504.51,17630,1675.65,6592.0,9617.0,54.55
VOLTAMP,EQ,2026-07-13,9562.0,9544.0,9547.0,9367.0,9500.0,9471.0,9456.36,37646,3559.94,10693.0,21162.0,56.21
VOLTAMP,EQ,2026-07-14,9471.0,9438.0,9494.0,9270.0,9318.0,9300.0,9313.6,48618,4528.09,14883.0,29993.0,61.69
VOLTAMP,EQ,2026-07-16,9410.0,9410.0,9526.0,9293.0,9440.0,9398.0,9394.67,41299,3879.91,13112.0,22328.0,54.06
VOLTAMP,EQ,2026-07-17,9398.0,9402.0,9560.0,9311.0,9495.0,9522.0,9451.14,31996,3023.99,13916.0,17706.0,55.34
VOLTAMP,EQ,2026-07-20,9522.0,9521.0,9635.0,9461.0,9549.0,9530.0,9543.24,11922,1137.74,5146.0,6812.0,57.14
VOLTAMP,EQ,2026-07-21,9530.0,9550.0,9583.0,9462.0,9492.0,9505.0,9511.51,10859,1032.86,4941.0,6709.0,61.78
VOLTAMP,EQ,2026-07-22,9505.0,9504.0,9568.0,9385.0,9385.0,9399.0,9441.0,10327,974.97,4358.0,5856.0,56.71
VOLTAMP,EQ,2026-07-23,9399.0,9399.0,9442.0,9273.0,9315.0,9304.0,9330.21,22233,2074.39,5698.0,16413.0,73.82
VOLTAMP,EQ,2026-07-24,9304.0,9245.0,9280.0,9110.0,9175.0,9180.0,9200.33,21326,1962.06,7389.0,13316.0,62.44
VOLTAMP,EQ,2026-07-27,9180.0,9219.0,9242.0,9078.0,9219.0,9183.0,9165.1,26700,2447.08,11242.0,14908.0,55.84
VOLTAMP,EQ,2026-07-29,9290.0,9324.0,9385.0,9258.0,9281.0,9319.0,9333.26,40472,3777.36,14246.0,28667.0,70.83
VOLTAMP,EQ,2026-07-31,9302.0,9310.0,10585.0,9302.0,9952.0,9923.0,10089.05,655543,66138.06,161235.0,150828.0,23.01
VOLTAMP,EQ,2026-08-03,9923.0,10215.0,10425.0,9886.0,9960.0,10021.0,10201.03,132224,13488.21,31827.0,63209.0,47.8
VOLTAMP,EQ,2026-08-04,10021.0,9970.0,10020.0,9767.5,9900.0,9881.5,9874.9,51031,5039.26,17704.0,19361.0,37.94
VOLTAMP,EQ,2026-08-05,9881.5,9946.5,10148.0,9857.0,10080.0,10050.0,10047.36,52229,5247.63,18676.0,25869.0,49.53
VOLTAMP,EQ,2026-08-07,9941.0,9944.0,10095.0,9854.0,9950.0,9965.0,9977.33,29132,2906.6,12966.0,15771.0,54.14
VOLTAMP,EQ,2026-08-10,9965.0,10138.5,10350.0,10063.5,10300.0,10279.5,10228.59,42955,4393.69,13882.0,19130.0,44.53
VOLTAMP,EQ,2026-08-11,10279.5,10302.5,10344.5,9975.0,10009.5,10017.0,10102.57,17427,1760.58,5326.0,9509.0,54.56
VOLTAMP,EQ,2026-08-13,10007.0,10020.0,10089.5,9984.5,10030.0,10039.5,10029.34,7682,770.45,2698.0,3759.0,48.93
VOLTAMP,EQ,2026-08-14,10039.5,10054.0,10267.0,10001.0,10076.0,10141.0,10144.32,36544,3707.14,10567.0,16049.0,43.92
VOLTAMP,EQ,2026-08-17,10141.0,10150.0,10165.0,9950.0,9985.0,10001.0,10024.19,12573,1260.34,4121.0,5907.0,46.98
VOLTAMP,EQ,2026-08-18,10001.0,9989.0,10138.5,9965.0,10065.0,10093.5,10078.09,12530,1262.78,4753.0,6085.0,48.56
VOLTAMP,EQ,2026-08-19,10093.5,10113.5,10113.5,9950.5,10000.0,10000.0,10001.56,9359,936.05,3117.0,6056.0,64.71
VOLTAMP,EQ,2026-08-21,10313.5,10345.0,10989.0,10344.5,10890.0,10869.5,10803.74,123913,13387.23,34770.0,51469.0,41.54
VOLTAMP,EQ,2026-08-24,10869.5,11000.0,11699.0,10987.0,11360.0,11292.0,11381.04,130616,14865.46,38253.0,50133.0,38.38
VOLTAMP,EQ,2026-08-25,11292.0,11382.5,11400.0,10670.0,10987.0,10974.0,10868.41,59803,6499.64,17425.0,18660.0,31.2
VOLTAMP,EQ,2026-08-27,10978.5,10700.0,11378.5,10700.0,11111.0,11228.5,11234.27,56167,6309.95,17566.0,22151.0,39.44
VOLTAMP,EQ,2026-08-31,11038.5,11127.0,11151.5,10841.0,10952.5,10908.5,10992.39,30404,3342.12,12961.0,16210.0,53.32
VOLTAMP,EQ,2026-09-01,10908.5,10959.0,11135.0,10729.0,10760.0,10782.0,10927.05,34032,3718.7,12280.0,15915.0,46.76
VOLTAMP,EQ,2026-09-02,10782.0,10782.0,10846.0,10605.0,10651.0,10682.0,10724.01,21874,2345.77,9237.0,11889.0,54.35
VOLTAMP,EQ,2026-09-03,10682.0,10682.0,11230.0,10614.0,11210.0,11182.0,11071.05,36916,4086.99,13361.0,14707.0,39.84
VOLTAMP,EQ,2026-09-04,11182.0,11206.0,11550.0,11206.0,11426.0,11418.0,11437.61,50836,5814.43,17493.0,26904.0,52.92
VOLTAMP,EQ,2026-09-07,11418.0,11500.0,11502.0,10951.0,11098.0,11067.0,11103.14,35462,3937.4,14614.0,14481.0,40.84
VOLTAMP,EQ,2026-09-08,11067.0,11098.0,11401.0,11031.0,11401.0,11365.0,11274.76,26698,3010.14,9821.0,13248.0,49.62
VOLTAMP,EQ,2026-09-09,11365.0,11300.0,11425.0,11011.0,11101.0,11069.0,11230.42,17603,1976.89,7289.0,7192.0,40.86
VOLTAMP,EQ,2026-09-10,11069.0,11110.0,11179.0,10872.0,10948.0,10924.0,10992.9,19205,2111.19,5854.0,11672.0,60.78
VOLTAMP,EQ,2026-09-11,10924.0,10800.0,11255.0,10672.0,11215.0,11217.0,11029.02,22505,2482.08,9999.0,8028.0,40.03
VOLTAMP,EQ,2026-09-16,10596.0,10600.0,10652.0,10259.0,10500.0,10513.0,10482.84,28298,2966.43,13616.0,15052.0,53.19
VOLTAMP,EQ,2026-09-18,10735.0,10798.0,10964.0,10784.0,10898.0,10879.0,10878.77,19415,2112.11,6740.0,9156.0,47.16
VOLTAMP,EQ,2026-09-24,10799.0,10723.0,10729.0,10550.0,10603.0,10587.0,10635.19,9565,1017.26,3609.0,4951.0,51.76
