Name,BSE Code,NSE Code,ISIN Code,Industry Group,Industry,Current Price,Price to Earning,Market Capitalization,Dividend yield,Net Profit latest quarter,YOY Quarterly profit growth,Sales latest quarter,YOY Quarterly sales growth,Return on capital employed,EVEBITDA,Debt to equity,Return on equity,Interest Coverage Ratio,Pledged percentage,Sales growth 3Years,Profit growth 3Years,Average return on equity 3Years,Cash from operations last year,Operating cash flow 3years,Average return on capital employed 3Years,OPM,Sales growth,Capital work in progress
3B Films,544412,,INE0TE101010,Industrial Products,Packaging,14.78,19.90,36.61,0.00,2.79,36.76,34.30,-11.85,4.90,10.50,1.89,4.16,1.42,0.00,-5.80,25.99,12.15,-1.60,13.60,7.75,18.46,-29.66,0.00
A B B,500002,ABB,INE117A01022,Electrical Equipment,Heavy Electrical Equipment,7052.50,96.97,149448.38,0.56,362.30,8.03,3558.87,21.03,29.93,63.63,0.02,22.39,126.41,0.00,15.51,29.76,24.70,1219.52,3902.80,33.06,13.97,10.22,179.71
A G Universal,,AGUL,INE0O6N01012,Industrial Products,Iron & Steel Products,45.75,,25.09,0.00,-0.41,-180.39,41.40,32.40,5.13,11.29,0.88,-12.17,1.19,0.00,7.39,,-0.08,0.13,-5.80,9.12,1.80,20.01,0.00
Aanchal Ispat,538812,,INE322R01022,Industrial Products,Iron & Steel Products,65.28,10.97,27.64,0.00,0.55,1000.00,24.76,9.22,41.26,6.03,0.21,34.71,108.33,0.00,-20.16,27.76,-13.62,-1.78,1.84,9.10,0.76,-22.31,0.48
Aaron Industries,,AARON,INE721Z01010,Industrial Manufacturing,Industrial Products,124.11,31.36,259.97,0.40,2.56,141.51,24.44,27.03,18.66,14.84,0.57,14.97,6.27,0.00,18.11,8.30,18.91,7.67,21.90,19.04,19.52,21.56,0.00
Aartech Solonics,542580,AARTECH,INE01C001026,Electrical Equipment,Heavy Electrical Equipment,50.11,29.81,159.20,0.25,1.55,63.54,7.29,67.97,17.81,18.63,0.16,12.17,10.85,0.00,23.52,44.22,7.57,-0.75,-0.78,9.42,16.13,28.61,0.15
Abha Power,,ABHAPOWER,INE0UYG01015,Industrial Products,Castings & Forgings,23.45,17.72,43.59,0.00,0.43,-86.44,27.65,-22.72,7.36,9.71,0.37,4.72,2.73,0.00,4.39,20.67,12.24,8.22,13.97,14.63,9.02,-11.34,22.65
Abril Paper,544500,,INE15MX01014,Industrial Products,Other Industrial Products,30.89,16.44,24.66,0.00,0.43,-24.56,27.05,-2.31,12.34,10.85,0.03,8.89,12.33,0.00,,,10.15,-7.60,-14.27,16.19,3.24,6.83,0.41
Accord Transformer,544710,,INE132201018,Electrical Equipment,Heavy Electrical Equipment,86.04,39.34,177.01,0.00,3.25,-40.37,42.35,-26.39,14.50,22.62,0.18,12.78,12.00,0.00,19.77,72.28,22.55,8.70,-4.92,25.09,9.90,-11.33,0.00
Acrow India,513149,,INE950D01012,Industrial Products,Iron & Steel Products,798.00,96.36,51.07,0.00,0.18,100.00,0.00,,2.65,53.76,0.00,1.90,,0.00,,48.93,-2.10,-3.47,-5.07,2.26,-6.53,207.41,0.00
Action Const.Eq.,532762,ACE,INE731H01025,"Agricultural, Commercial & Construction Vehicles",Construction Vehicles,1226.60,33.44,14606.74,0.16,119.49,22.28,785.68,20.49,31.63,22.62,0.00,22.81,32.23,0.00,14.95,38.09,26.64,417.25,1262.65,38.01,15.50,5.21,49.21
Adisoft Technol.,,ADISOFT,INE20PL01012,Industrial Manufacturing,Industrial Products,259.50,18.47,423.45,0.00,17.59,84.00,117.46,46.40,38.19,12.58,0.30,37.67,16.56,0.00,30.12,55.66,39.26,17.34,10.12,37.96,18.10,27.68,2.47
Aditya Infotech,544466,CPPLUS,INE819V01029,Industrial Manufacturing,Industrial Products,3687.50,91.40,43623.29,0.04,142.20,332.48,1402.42,89.51,28.56,60.51,0.14,25.41,27.64,0.00,22.71,48.42,21.91,13.47,-139.73,25.07,14.52,51.85,84.01
Aditya Ispat,513513,,INE570B01012,Industrial Products,Iron & Steel Products,8.39,,4.49,0.00,-0.83,11.70,7.44,13.94,-28.79,-2.34,3.29,-197.16,-4.69,100.00,-14.98,,-67.10,-0.68,10.57,-12.24,-20.07,-15.29,0.00
Aditya Ultra,,AUSL,INE01YQ01013,Industrial Products,Iron & Steel Products,23.00,14.21,57.12,0.00,3.42,-17.19,221.10,-18.99,7.36,8.86,0.77,3.96,1.64,0.00,-8.54,13.08,9.42,3.76,-34.82,12.68,2.69,-30.71,0.00
Admach Systems,544669,,INE0XLO01010,Industrial Manufacturing,Industrial Products,475.00,32.14,321.71,0.00,5.54,30.97,40.46,26.99,25.03,23.15,0.00,21.64,15.01,0.00,73.91,364.31,30.62,-4.53,-10.95,33.62,18.53,29.14,11.44
Ador Welding,517041,ADOR,INE045A01017,Industrial Products,Other Industrial Products,1638.90,23.82,2852.15,1.40,27.35,890.46,308.63,23.19,22.71,15.14,0.01,16.42,75.06,0.00,13.49,14.03,16.79,116.73,313.41,23.84,13.50,8.58,3.16
Adtech Systems,544185,,INE257C01014,Industrial Manufacturing,Industrial Products,45.02,23.84,53.64,2.44,-0.52,-178.79,13.19,50.06,9.31,10.79,0.00,5.99,29.08,29.68,-8.79,-3.88,7.72,4.59,19.21,10.84,5.36,8.98,0.00
Advait Energy,543230,ADVAIT,INE0ALI01010,Electrical Equipment,Other Electrical Equipment,1906.00,36.14,2087.14,0.10,14.80,65.95,179.27,51.37,27.91,19.40,0.34,21.53,6.27,0.00,89.99,82.99,23.88,-9.68,27.42,30.67,12.26,69.89,59.28
Advance Multi.,526331,,INE875S01019,Industrial Products,Plastic Products - Industrial,95.62,6.33,38.98,0.00,4.28,1119.05,0.00,-100.00,-17.67,5.83,0.05,-19.66,329.00,0.00,-53.57,,-25.65,-0.65,-0.39,-18.26,-260.98,-91.58,0.00
Advance Syntex,539982,,INE184U01012,Industrial Products,Packaging,4.75,,5.27,0.00,-0.01,,0.00,,-5.26,-46.29,,,,0.00,,22.28,,0.36,9.69,-3.37,,,0.00
Advance Techno.,544843,,INE13ZJ01010,Industrial Products,Castings & Forgings,67.86,14.84,61.28,0.00,,,,,24.63,9.29,1.26,35.42,4.65,0.00,9.79,70.04,33.00,4.45,8.43,22.38,15.54,-1.32,0.00
Aequs,544634,AEQUS,INE947N01017,Aerospace & Defense,Aerospace & Defense,246.05,,16501.73,0.00,-53.23,-1457.91,395.55,54.77,1.69,112.82,0.47,-9.96,-0.09,0.00,14.85,-4.73,-9.43,-98.75,-91.72,2.24,5.58,33.08,78.66
Aeroflex,543972,AEROFLEX,INE024001021,Industrial Products,Iron & Steel Products,525.70,103.60,6956.63,0.08,18.79,162.06,145.38,72.39,18.92,57.77,0.02,14.07,83.07,0.00,17.93,19.63,16.36,65.84,136.51,22.58,23.41,35.64,23.10
Aeroflex Enter.,511076,AEROENTER,INE065D01027,Industrial Products,Iron & Steel Products,125.64,9.36,1421.80,0.32,103.22,854.16,189.00,40.54,12.63,4.61,0.05,8.41,47.12,0.00,14.37,17.26,9.15,18.30,-190.40,13.61,16.02,27.43,23.10
Aeroflex Neu,543743,AERONEU,INE035801013,Industrial Products,Packaging,80.22,1149.67,206.94,0.00,0.08,-91.25,28.24,-4.92,4.76,26.79,0.24,1.60,1.97,0.00,10.53,-24.22,0.91,2.89,11.64,4.16,2.92,-1.64,0.00
Aeron Composites,,AERON,INE0WL801011,Industrial Products,Other Industrial Products,82.05,15.94,139.65,0.00,1.48,-75.83,103.01,-5.14,9.69,7.58,0.53,8.32,4.42,0.00,7.34,9.90,15.77,5.58,17.79,22.47,8.67,1.76,2.35
Aerpace Indus,534733,,INE175N01023,Industrial Products,Iron & Steel Products,37.48,,576.66,0.00,-4.16,-139.53,0.00,,-21.52,-41.11,1.05,-35.16,-9.81,0.00,,,-28.22,-3.13,-10.30,-17.75,,,56.70
Affordable Robo.,541402,AFFORDABLE,INE692Z01013,Industrial Manufacturing,Industrial Products,178.25,39.14,225.86,0.00,-4.80,-33.33,9.12,-51.54,8.25,18.57,0.44,6.06,3.10,0.00,-0.26,15.82,6.29,42.89,52.67,8.73,13.27,-44.40,23.81
AFLOAT Enterpris,543377,,INE0CWK01019,Industrial Products,Iron & Steel Products,6.13,,7.70,0.00,0.17,-71.19,0.80,-86.89,0.00,,0.03,0.00,,0.00,-21.63,,0.96,-0.73,-11.55,2.67,-6.11,-70.49,0.00
Agarwal Float,,AGARWALFT,INE0MLA01012,Industrial Products,Glass - Industrial,25.95,12.79,18.80,0.00,0.02,-98.08,26.85,-32.16,10.06,9.37,0.82,7.64,2.48,0.00,10.52,-16.77,9.17,3.03,3.84,11.05,5.73,-9.71,4.45
Agarwal Fortune,530765,,INE510B01018,Industrial Products,Glass - Industrial,18.95,108.50,6.51,0.00,0.03,0.00,0.39,-81.78,11.18,30.14,2.78,8.63,1.26,0.00,4.53,0.00,20.90,-0.40,-0.38,18.64,6.98,-28.60,0.00
Agarwal Toughene,,AGARWALTUF,INE0P8X01016,Industrial Products,Glass - Industrial,164.55,14.72,318.02,0.00,9.34,-12.14,49.04,48.52,22.97,10.00,0.21,20.57,26.58,0.00,33.44,181.34,26.32,-8.50,-15.32,27.42,29.56,71.61,13.43
AGI Greenpac,500187,AGI,INE415A01038,Industrial Products,Packaging,803.35,14.12,5197.46,0.87,99.58,12.08,785.27,14.19,19.54,7.66,0.10,15.75,12.85,0.00,5.32,10.70,15.51,572.03,1588.97,19.06,22.74,4.26,195.25
Ahimsa Industrie,,AHIMSA,INE136T01014,Industrial Products,Plastic Products - Industrial,25.75,,14.10,0.00,-0.27,90.39,0.00,-100.00,-5.87,-30.28,0.00,-6.00,,0.00,-86.48,1.27,-15.91,-0.12,-0.52,-12.99,-920.00,-99.48,0.00
Ahm. Steelcraft,522273,,INE868C01018,Industrial Products,Iron & Steel Products,169.40,15.24,255.66,0.00,1.50,-55.36,38.72,-9.28,22.23,11.25,0.03,16.80,112.40,0.00,364.35,213.04,12.98,-21.79,-99.24,8.52,10.59,1.29,0.00
AIA Engineering,532683,AIAENG,INE212H01026,Industrial Products,Castings & Forgings,3919.40,28.83,36575.99,0.41,300.99,-1.28,1168.02,12.42,21.12,20.80,0.00,16.99,54.92,0.00,-3.44,6.64,16.93,591.50,2656.53,20.99,27.65,5.63,15.89
Aik Pipes & Poly,544072,,INE0QFT01015,Industrial Products,Plastic Products - Industrial,27.00,190.89,17.18,0.00,0.83,1085.71,7.56,-18.09,2.94,18.53,0.34,0.39,1.53,0.00,-32.32,-63.36,8.10,-0.94,-5.74,11.76,9.84,-62.35,0.00
Aimtron,,AIMTRON,INE0RUV01018,Industrial Manufacturing,Industrial Products,1890.25,87.48,4021.41,0.00,25.69,77.79,178.58,75.94,28.15,58.67,0.24,23.60,34.84,0.00,,,24.36,-39.96,-51.94,28.65,20.41,89.21,0.15
Airfloa Rail,544516,,INE0XBS01012,Industrial Manufacturing,Industrial Products,563.55,34.50,1350.83,0.00,27.07,68.77,229.06,113.54,25.87,21.72,0.29,22.68,7.14,0.00,49.75,197.29,25.97,-57.45,-58.42,29.01,20.11,66.12,1.81
Ajax Engineering,544356,AJAXENGG,INE274Y01021,"Agricultural, Commercial & Construction Vehicles",Construction Vehicles,607.75,30.21,6953.35,0.00,55.60,5.14,474.60,1.73,23.87,21.32,0.00,17.85,751.44,0.00,22.24,18.72,22.81,377.29,627.48,31.45,12.49,1.89,34.98
Akanksha Power,,AKANKSHA,INE0PCY01014,Electrical Equipment,Other Electrical Equipment,153.10,51.69,299.78,0.00,2.41,56.96,43.80,66.86,11.00,26.62,0.60,8.41,3.15,13.32,25.74,25.56,8.34,10.18,-12.86,11.90,12.43,16.36,4.30
Alfa Ica (I),530973,,INE042C01010,Industrial Products,Plastic Products - Industrial,77.15,14.36,31.17,0.00,0.77,54.00,29.72,51.71,11.00,7.53,0.67,7.90,2.49,0.00,10.26,9.37,7.41,5.85,12.93,10.69,4.38,23.05,0.00
Alfa Transformer,517546,,INE209C01015,Electrical Equipment,Other Electrical Equipment,35.09,,32.11,0.00,-0.66,-65.00,5.55,13.96,-0.30,36.23,0.55,-7.15,-0.22,0.00,3.34,,11.19,0.87,0.70,7.58,0.37,-8.09,0.00
Alliance Integ.,534064,,INE123D01024,Industrial Products,Iron & Steel Products,3.27,,129.15,0.00,-22.98,-10.96,22.79,42.08,,62.18,,,-0.30,20.00,8.80,0.36,,14.93,33.74,-24.67,6.72,-1.64,0.00
Alpex Solar,,ALPEXSOLAR,INE0R4701017,Electrical Equipment,Other Electrical Equipment,862.65,10.98,2203.47,0.00,39.87,-5.72,503.42,32.37,43.53,7.58,0.96,51.96,9.04,6.47,125.19,276.44,47.48,-115.61,-52.18,40.10,14.12,116.51,174.93
Alphalogic Indu,543937,,INE0NZF01019,Industrial Products,Other Industrial Products,139.05,26.29,141.68,0.00,2.81,157.80,20.17,-11.81,28.54,18.34,0.04,21.30,25.86,0.00,35.78,35.01,18.55,4.39,4.86,23.92,12.71,-27.72,0.00
Aluwind Infra,,ALUWIND,INE0STM01017,Industrial Products,"Aluminium, Copper & Zinc Products",51.05,12.85,126.85,0.00,5.45,-7.00,73.12,14.66,17.08,9.43,0.59,15.20,7.29,0.00,41.33,53.29,19.70,-16.31,-37.57,24.94,11.94,26.71,0.11
Amba Enterprises,539196,,INE829P01020,Electrical Equipment,Other Electrical Equipment,119.25,17.10,150.98,0.63,2.33,38.69,100.68,12.55,22.10,10.86,0.06,17.71,26.96,0.00,21.36,20.24,18.41,7.58,6.58,21.41,3.04,17.84,0.00
Amco India,530133,,INE924B01011,Industrial Products,"Aluminium, Copper & Zinc Products",67.84,19.91,27.88,0.00,0.94,771.43,32.18,23.53,4.67,9.45,0.34,1.80,2.92,0.00,-8.58,10.06,2.73,-0.75,2.14,5.20,2.03,14.82,1.36
AMD Industries,532828,AMDIND,INE005I01014,Industrial Products,Packaging,58.80,30.30,112.70,0.00,9.33,517.88,121.99,40.75,0.64,6.07,0.50,-4.11,1.58,0.00,-6.92,,-1.51,33.04,97.73,2.93,7.99,18.64,0.00
Ameenji Rubber,544555,,INE14QA01016,Industrial Products,Rubber,245.00,43.59,276.36,0.00,1.96,,80.55,,16.91,16.32,1.00,16.57,2.46,0.00,18.50,21.90,26.20,1.64,6.39,23.35,15.64,31.05,5.01
Amerise BioScie,531681,,INE673C01020,Industrial Products,Plastic Products - Industrial,0.81,,5.35,0.00,-0.08,-700.00,0.00,-100.00,0.37,-95.20,0.00,0.37,,0.00,,29.40,-0.74,-1.06,1.84,-0.72,-26.32,-24.00,0.00
Ameya Precision,,AMEYA,INE0KT901015,Industrial Products,Other Industrial Products,146.20,20.16,109.65,0.00,2.71,10.16,20.01,1.68,24.91,11.98,0.01,18.00,94.38,0.00,12.12,43.52,16.19,1.95,14.11,22.33,18.99,4.21,0.00
Amic Forging,544037,,INE0P9J01013,Industrial Products,Castings & Forgings,2384.40,90.34,2753.70,0.00,15.87,23.69,75.20,30.44,25.24,58.75,0.03,18.10,90.13,0.00,6.77,46.42,18.13,8.86,6.92,29.83,32.64,16.96,62.48
Anawil Wire,,ANAWIL,INE1J5V01013,Electrical Equipment,Heavy Electrical Equipment,482.40,32.89,1205.99,0.00,,,,,32.28,21.56,1.43,56.59,8.49,,77.11,92.01,42.94,18.44,36.99,23.59,42.90,82.57,5.85
ANB Metal,,AMCL,INE0VG001016,Industrial Products,"Aluminium, Copper & Zinc Products",347.50,19.16,411.26,0.00,12.97,199.54,137.39,115.08,29.60,13.79,0.50,32.44,10.32,0.00,38.69,126.37,38.40,-39.18,-42.48,29.97,14.51,38.81,5.82
Antarctica,,ANTGRAPHIC,INE414B01021,Industrial Products,Packaging,0.71,10.10,11.01,0.00,0.55,-20.29,40.41,709.82,6.51,9.78,0.54,7.71,,0.00,352.28,145.52,1.00,-4.08,-6.33,0.84,1.27,227.62,0.00
Anubhav Plast,544800,,INE1O7201010,Industrial Products,Iron & Steel Products,40.50,6.42,44.55,0.00,,,,,24.52,5.67,1.75,36.37,3.50,0.00,7.83,109.02,37.50,-1.62,1.57,23.21,12.92,11.30,0.04
Anuroop Packagin,542865,,INE490Z01012,Industrial Products,Packaging,10.00,4.12,11.05,0.00,0.36,-50.00,1.96,-38.75,11.14,3.57,0.34,8.51,3.99,0.00,-10.43,4.93,12.60,1.07,-5.97,15.35,38.56,-21.33,4.86
Apar Inds.,532259,APARINDS,INE372A01015,Electrical Equipment,Other Electrical Equipment,17776.00,61.75,74432.27,0.34,467.45,77.80,6591.06,29.13,31.81,33.10,0.18,20.26,4.40,0.00,16.90,16.29,21.62,967.58,1975.62,36.16,8.90,23.96,539.54
Apcotex Industri,523694,APCOTEXIND,INE116A01032,Industrial Products,Rubber,599.40,19.30,3107.59,1.33,78.94,312.00,525.63,39.88,19.80,11.55,0.16,17.09,22.88,0.00,10.10,-2.37,12.80,203.44,328.37,15.36,16.08,11.17,11.27
APL Apollo Tubes,533758,APLAPOLLO,INE702C01027,Industrial Products,Iron & Steel Products,2214.70,50.03,61493.01,0.38,263.11,10.94,5606.71,8.45,31.75,31.07,0.09,25.41,13.21,0.00,12.60,23.41,22.29,2103.19,4433.78,26.43,7.98,10.44,328.24
Aplab,517096,,INE273A01015,Electrical Equipment,Other Electrical Equipment,73.45,,184.65,0.00,-2.52,-396.47,9.61,-37.80,14.83,102.09,0.94,16.52,0.63,0.00,4.32,2.08,,13.56,15.60,6.96,-2.51,-23.97,0.26
Apollo Micro Sys,540879,APOLLO,INE713T01028,Aerospace & Defense,Aerospace & Defense,395.60,121.17,14700.48,0.06,25.21,45.38,251.29,88.12,14.53,63.23,0.41,11.83,4.63,30.51,44.85,75.96,10.19,-129.76,-195.35,13.45,22.60,69.08,196.29
Apollo Pipes,531761,APOLLOPIPE,INE126J01016,Industrial Products,Plastic Products - Industrial,511.45,,2252.85,0.14,-11.12,-205.28,295.43,7.43,1.23,39.19,0.15,-0.88,-0.10,0.00,,,3.19,35.19,188.52,4.08,4.34,-1.99,89.71
Apollo Techno,544671,,INE0X4A01013,Industrial Manufacturing,Industrial Products,87.05,10.78,119.16,0.00,6.84,-15.74,61.99,24.23,19.27,8.51,0.31,21.34,6.60,0.00,15.45,136.06,34.89,-29.83,-1.09,21.27,12.89,11.34,0.00
Apsis Aerocom,,APSISAERO,INE1OOJ01011,Aerospace & Defense,Aerospace & Defense,611.70,97.77,737.22,0.00,4.24,41.81,16.99,78.47,31.97,60.74,0.09,25.51,39.30,0.00,43.51,94.17,42.78,7.04,12.85,65.34,37.52,49.59,0.00
Apt Packaging,506979,,INE046E01025,Industrial Products,Packaging,66.95,23.06,79.09,0.00,1.82,18100.00,10.74,125.63,9.21,16.65,0.39,24.92,9.39,0.00,16.55,41.64,,1.20,1.17,0.71,16.02,84.20,0.00
ARC Insulation,,ARCIIL,INE0YDV01010,Industrial Products,Other Industrial Products,32.05,17.74,33.00,0.00,1.00,,10.85,,6.51,2.97,0.00,4.36,16.50,0.00,-4.52,-11.02,23.53,-2.42,6.91,40.74,15.00,-36.22,0.00
Arcee Industries,520121,,INE276D01012,Industrial Products,Plastic Products - Industrial,13.53,,6.95,0.00,-0.31,-181.82,0.00,,-13.18,-12.80,0.08,-10.78,,0.00,-83.27,19.41,-11.70,-0.42,-0.51,-13.86,-533.33,50.00,0.00
Arigato Universe,530267,,INE021N01011,Industrial Manufacturing,Industrial Products,32.28,7.45,19.68,0.00,0.40,671.43,4.18,,13.78,6.53,0.00,27.01,3.52,0.00,347.10,256.74,-2.88,-6.44,-13.90,-4.39,6.10,366.29,0.00
Arrow Greentech,516064,ARROWGREEN,INE570D01018,Industrial Products,Packaging,905.80,21.41,1366.67,0.55,27.43,151.19,87.84,111.15,29.62,13.86,0.01,21.17,218.43,0.00,22.61,53.88,28.25,43.04,128.99,39.40,34.96,12.75,1.77
Arrowhead Sepera,544025,,INE0PP401015,Industrial Manufacturing,Industrial Products,75.00,107.92,14.03,0.00,-0.03,90.00,14.32,20.13,3.40,21.93,0.32,0.78,1.47,0.00,2.73,-49.68,6.09,-0.13,-6.24,11.48,3.31,14.62,0.00
Artemis Electri.,542670,AEPL,INE757T01025,Electrical Equipment,Other Electrical Equipment,15.90,45.31,399.15,0.03,1.31,-4.38,16.27,-17.62,12.97,29.52,0.02,9.71,67.33,20.67,11.43,10.82,8.20,13.62,75.47,10.42,16.13,-3.30,55.55
Artson,522134,,INE133D01023,Industrial Manufacturing,Industrial Products,161.65,,596.81,0.00,-0.41,-286.36,26.13,-41.60,-14.60,-91.28,142.13,-429.19,-1.26,0.00,7.57,15.47,,-5.48,11.18,11.06,-5.27,8.73,3.34
Ashirwad Steels,526847,,INE338C01012,Industrial Products,Iron & Steel Products,21.83,13.44,27.29,0.00,0.51,2.00,0.54,35.00,3.25,9.16,0.00,2.40,55.40,0.00,-2.46,68.75,2.68,-4.36,0.45,3.72,34.60,28.11,0.00
Ashish Polyplast,530429,,INE831C01016,Industrial Products,Plastic Products - Industrial,28.86,22.81,9.81,0.00,0.69,76.92,3.43,-8.29,3.79,14.64,0.22,2.21,3.92,0.00,-2.15,-7.58,2.32,0.29,2.62,4.69,3.54,-4.23,0.00
Ashok Leyland,500477,ASHOKLEY,INE208A01029,"Agricultural, Commercial & Construction Vehicles",Commercial Vehicles,159.08,25.09,93441.28,2.20,667.77,0.78,13069.59,11.62,13.63,12.52,4.49,27.43,2.13,40.10,10.59,44.92,27.96,-4894.71,-11024.22,14.30,19.03,16.50,939.63
Associated Coat.,544183,,INE0RIQ01013,Industrial Products,Other Industrial Products,94.00,11.05,12.71,0.00,0.61,-11.59,5.16,37.97,20.27,6.52,0.01,15.75,,0.00,32.02,27.87,25.34,1.29,2.00,44.45,19.73,38.59,0.00
Astra Microwave,532493,ASTRAMICRO,INE386C01029,Aerospace & Defense,Aerospace & Defense,1622.40,81.48,15403.88,0.15,12.35,-24.09,176.66,-11.55,20.28,43.68,0.22,15.99,5.93,0.00,12.55,40.37,15.12,386.73,115.06,19.25,28.51,4.02,9.25
Astral,532830,ASTRAL,INE006I01046,Industrial Products,Plastic Products - Industrial,1399.00,63.44,37584.16,0.29,120.20,48.21,1578.00,15.93,19.22,31.82,0.06,13.85,14.92,0.00,8.39,5.56,15.30,1117.00,2570.00,20.69,16.33,16.79,94.30
Atam Valves,543236,ATAM,INE09KD01013,Industrial Manufacturing,Industrial Products,57.07,35.95,65.42,0.61,0.64,-48.39,12.29,-0.65,8.53,19.15,0.39,6.49,3.33,0.00,-1.40,-31.44,14.66,0.46,-0.54,17.63,8.30,-23.09,0.00
ATC Energies,,ATCENERGY,INE0V0Q01019,Electrical Equipment,Other Electrical Equipment,22.10,,45.06,0.00,-2.09,-137.25,17.85,-38.06,0.63,20.67,0.22,-1.67,0.41,0.00,-2.47,,11.53,-32.79,-17.31,19.04,6.86,-40.10,0.00
Atlanta Electric,544527,ATLANTAELE,INE0Z4F01028,Electrical Equipment,Heavy Electrical Equipment,1625.90,57.28,12502.62,0.00,46.84,50.42,466.33,47.99,45.28,32.07,0.05,31.71,6.40,0.00,28.44,32.32,34.20,184.33,356.22,46.93,18.61,59.03,29.66
Atul Auto,531795,ATULAUTO,INE951D01028,"Agricultural, Commercial & Construction Vehicles",Commercial Vehicles,448.25,25.78,1243.95,0.67,8.04,168.81,218.43,42.97,11.32,14.48,0.30,9.30,7.93,0.00,17.12,124.67,5.69,39.99,54.95,7.33,10.22,20.18,2.71
ATV Projects,500028,,INE447A01015,Industrial Manufacturing,Industrial Products,21.31,15.79,113.19,0.00,2.03,1.00,20.62,35.12,2.87,17.04,0.17,3.42,119.83,0.00,12.27,24.39,3.46,12.72,25.96,2.81,11.39,10.65,0.00
Auro Impex,,AUROIMPEX,INE0NUL01018,Industrial Products,Electrodes & Refractories,42.95,12.60,52.40,0.00,2.54,15.98,115.35,-16.86,10.06,7.80,0.83,8.44,2.36,0.00,2.53,-11.49,12.19,23.45,2.64,13.07,3.54,-4.91,5.16
Austin Engg Co,522005,AUSTENG,INE759F01012,Industrial Manufacturing,Industrial Products,161.78,13.25,56.30,0.00,0.94,-38.56,32.28,-10.01,10.87,5.45,0.01,7.06,18.15,0.00,4.12,3.73,6.42,6.28,27.84,9.28,5.40,4.23,0.00
Australian Prem,,APS,INE0P0001010,Electrical Equipment,Heavy Electrical Equipment,235.35,8.39,474.47,0.04,28.39,8.94,388.18,43.96,55.94,5.19,0.27,45.36,17.31,0.00,94.22,157.77,45.52,-3.94,15.01,49.99,13.43,59.19,0.00
Avalon Tech,543896,AVALON,INE0LCL01028,Electrical Equipment,Other Electrical Equipment,2328.50,116.57,15573.54,0.00,34.87,145.39,484.41,49.83,19.29,67.89,0.30,16.53,13.45,0.00,19.28,27.99,10.72,57.19,99.54,12.64,11.42,44.38,23.94
Avana Electrosystems,,AVANA,INE1KU201016,Electrical Equipment,Heavy Electrical Equipment,135.00,26.13,305.71,0.00,6.12,,48.11,,38.09,16.13,0.01,28.93,19.34,0.00,43.45,133.42,34.78,7.95,14.63,41.16,19.47,36.38,4.67
Avantel,532406,AVANTEL,INE005B01027,Aerospace & Defense,Aerospace & Defense,155.94,241.38,4144.51,0.13,5.39,66.87,70.42,35.66,9.63,72.57,0.10,5.29,5.25,0.00,13.00,-17.23,19.90,10.05,125.12,31.37,22.74,-3.16,5.94
AVSL Industries,,AVSL,INE522V01011,Industrial Products,Plastic Products - Industrial,119.70,28.36,63.81,0.00,0.90,-32.39,73.32,4.24,9.03,9.74,1.01,5.78,1.78,0.00,14.06,46.88,6.39,6.96,19.50,9.03,6.42,7.88,0.00
Axel Polymers,513642,,INE197C01012,Industrial Products,Plastic Products - Industrial,43.03,,47.34,0.00,0.18,350.00,16.20,38.46,3.49,28.19,1.18,-5.60,0.63,0.00,-18.71,,1.21,-2.62,-2.81,8.11,5.11,-4.14,0.00
AXISCADES Tech.,532395,AXISCADES,INE555B01013,Aerospace & Defense,Aerospace & Defense,1892.10,245.36,8047.76,0.00,-14.76,-597.76,183.35,94.16,15.40,64.03,0.53,11.48,2.88,9.53,12.15,64.26,10.76,-1.36,165.91,14.34,12.71,3.64,53.33
Axtel Industries,523850,AXTEL,INE767C01012,Industrial Manufacturing,Industrial Products,446.10,23.08,720.67,2.69,1.96,3.16,32.31,18.70,29.95,14.98,0.00,20.53,150.25,0.00,7.50,14.99,20.96,70.51,140.41,30.14,18.22,42.07,0.35
Azad Engineering,544061,AZAD,INE02IJ01035,Electrical Equipment,Heavy Electrical Equipment,2728.00,126.76,17617.90,0.00,35.16,20.29,172.60,25.90,11.92,63.74,0.31,9.09,6.23,0.00,33.81,150.34,9.49,-118.97,-72.25,14.97,37.66,28.72,256.68
Azad India,504731,AZADIND,INE566M01017,Industrial Products,Iron & Steel Products,87.03,153.84,473.82,0.00,0.78,1014.29,16.45,113.91,3.20,112.56,0.00,2.46,194.00,0.00,,,0.59,-41.67,-93.95,1.46,3.55,340.79,0.00
B & A Packaging,523186,,INE00FM01013,Industrial Products,Packaging,204.95,13.10,101.66,0.49,2.41,40.12,41.94,20.24,11.04,8.18,0.21,8.24,14.74,0.00,2.64,-5.61,12.18,-0.99,28.47,16.31,8.54,13.58,3.25
B H E L,500103,BHEL,INE257A01026,Electrical Equipment,Heavy Electrical Equipment,418.95,59.97,145881.04,0.33,376.71,182.70,7697.72,40.29,9.14,33.13,0.31,6.23,5.55,0.00,13.08,36.04,3.18,5837.38,4316.95,5.79,9.40,27.00,495.05
B. D. Industries,544468,,INE1LJ801017,Industrial Products,Plastic Products - Industrial,116.45,17.31,165.48,0.00,5.09,,52.82,,23.90,9.57,0.24,20.59,6.68,0.00,22.60,86.24,26.97,-11.39,-2.63,34.72,17.65,22.17,6.61
B.C. Power,537766,BCP,INE905P01028,Industrial Products,Cables - Electricals,1.76,17.54,12.28,0.00,0.08,-27.27,49.42,192.25,2.61,7.40,0.02,1.75,10.50,0.00,1.31,4.48,1.82,18.47,-66.42,3.80,-0.86,40.16,0.00
B&B Triplewall,543668,BBTCL,INE01EE01011,Industrial Products,Packaging,229.02,13.22,469.75,0.44,15.11,511.74,177.71,19.04,14.48,6.52,1.66,18.19,3.40,0.00,21.85,8.60,10.56,29.76,109.50,9.91,16.56,21.00,0.28
Baheti Recycling,,BAHETI,INE029Q01017,Industrial Products,"Aluminium, Copper & Zinc Products",761.40,29.44,795.43,0.00,17.79,61.87,409.72,53.38,21.55,16.69,2.47,35.37,2.66,0.00,26.48,72.33,31.64,-35.68,-69.29,19.66,8.42,38.15,5.58
Bajaj Steel Inds,507944,BAJAJST,INE704G01024,Industrial Manufacturing,Industrial Products,347.25,24.70,722.28,0.29,-0.27,-103.65,120.35,11.92,11.74,10.54,0.15,9.11,8.76,0.00,-1.56,-14.74,13.82,78.21,185.69,18.89,9.80,-2.59,27.06
Bajel Projects,544042,BAJEL,INE0KQN01018,Electrical Equipment,Heavy Electrical Equipment,173.14,74.25,2003.18,0.35,4.73,59.80,566.88,-6.71,10.96,18.49,0.49,4.10,1.64,2.55,,,2.83,21.09,285.59,11.25,3.43,2.11,6.98
Balu Forge,531112,BALUFORGE,INE011E01029,Industrial Products,Castings & Forgings,506.80,22.96,6152.14,0.03,66.09,15.89,300.71,28.95,22.72,17.90,0.10,19.56,17.83,1.37,50.22,88.04,22.23,31.70,147.97,27.96,26.56,19.70,277.31
Bansal Roofing,538546,,INE319Q01012,Industrial Products,Iron & Steel Products,167.10,19.70,220.29,1.20,2.66,31.68,45.89,26.77,34.40,13.10,0.07,28.04,101.53,0.00,18.28,36.30,20.93,7.61,17.83,24.66,10.27,50.75,1.78
Bansal Wire Inds,544209,BANSALWIRE,INE0B9K01025,Industrial Products,Iron & Steel Products,321.40,34.83,5031.71,0.00,20.46,-47.89,1167.89,24.37,13.79,18.25,0.39,12.09,4.11,0.00,19.92,39.64,14.88,333.08,-360.94,14.93,6.71,20.92,213.65
Barflex Polyfilm,,BARFLEX,INE0QX401014,Industrial Products,Packaging,54.35,47.20,134.51,0.00,0.84,-79.16,65.22,34.14,5.82,21.39,0.21,3.05,6.80,0.00,,,,4.55,,5.82,5.44,21.67,15.17
Baroda Extrusion,513502,,INE927K01023,Industrial Products,"Aluminium, Copper & Zinc Products",9.73,20.81,189.13,0.00,2.64,200.00,47.91,25.88,56.16,14.74,0.22,281.45,23.21,0.00,11.94,60.73,,-17.07,-4.78,24.66,6.13,17.26,0.00
Batliboi,522004,BATLIBOI,INE177C01022,Industrial Manufacturing,Industrial Products,83.59,26.58,394.77,0.72,0.49,140.31,125.29,80.17,6.77,13.78,0.37,4.02,4.21,0.00,20.16,-4.62,6.14,22.57,31.55,9.09,5.23,27.77,0.92
Beardsell,,BEARDSELL,INE520H01022,Industrial Products,Other Industrial Products,24.47,8.94,96.50,0.41,2.26,-22.07,72.20,9.96,16.72,4.25,0.24,13.20,5.83,0.00,5.84,10.59,12.91,26.34,60.85,16.54,8.15,2.63,0.59
Bedmutha Indus.,533270,BEDMUTHA,INE844K01012,Industrial Products,Iron & Steel Products,110.71,21.36,357.19,0.00,6.92,309.70,541.43,74.32,13.99,6.38,1.37,4.38,1.40,94.99,28.78,-19.67,12.99,158.38,341.19,15.50,3.91,51.93,105.39
Beekay Steel Ind,539018,BEEKAY,INE213D01015,Industrial Products,Iron & Steel Products,430.15,18.77,820.38,0.23,38.07,22.14,374.71,32.48,4.18,8.68,0.32,1.40,3.33,0.00,1.36,-47.19,5.47,145.76,421.90,7.31,9.28,13.81,69.32
Behari Lal Engg.,544870,BLEL,INE1EEM01017,Industrial Products,Iron & Steel Products,456.75,28.23,1932.17,0.00,19.19,24.45,151.67,18.03,30.89,18.75,0.06,23.62,47.58,0.00,4.86,30.96,23.56,27.54,126.57,28.31,16.76,5.12,4.05
Belding India,513307,,INE363L01045,Industrial Products,"Aluminium, Copper & Zinc Products",1020.20,,1477.13,0.00,-4.13,,0.22,,0.53,379.27,0.04,-1.14,-0.10,0.00,,,,13.75,,0.53,-1832.00,,195.89
Bemco Hydraulics,522650,,INE142E01022,Industrial Manufacturing,Industrial Products,100.70,27.27,440.40,0.10,2.72,88.89,15.58,33.05,23.30,17.27,0.21,18.51,10.88,0.00,26.10,54.37,18.02,16.35,40.16,22.11,23.73,3.50,1.21
BEML Ltd,500048,BEML,INE258A01024,"Agricultural, Commercial & Construction Vehicles",Construction Vehicles,2036.50,95.05,16961.80,0.84,-27.01,57.87,819.62,29.28,7.66,46.24,0.11,4.78,5.77,0.00,3.72,-2.55,8.62,118.23,674.89,12.82,7.72,12.78,297.53
Benara Bearings,541178,,INE495Z01011,Industrial Manufacturing,Industrial Products,8.97,,15.88,0.00,-9.81,-74.56,1.42,-75.89,-36.70,-5.01,,,-49.00,0.00,-43.97,-63.04,,-1.76,-3.04,-22.32,-468.79,-68.32,0.00
BEW Engg,,BEWLTD,INE0HQI01014,Industrial Manufacturing,Industrial Products,67.65,23.40,88.44,0.00,-2.44,-139.80,98.44,18.23,4.43,14.61,0.44,2.71,2.30,0.00,20.66,-19.77,10.07,27.65,-11.50,13.13,5.17,38.09,0.26
Bhadora Indust.,,BHADORA,INE0ZRC01017,Industrial Products,Cables - Electricals,126.70,24.47,235.66,0.00,6.38,-5.78,78.01,21.25,23.70,14.80,0.22,18.77,6.11,0.00,89.22,276.81,33.24,-26.60,-20.27,42.98,13.04,13.46,20.01
Bharat Bijlee,503960,BBL,INE464A01036,Electrical Equipment,Heavy Electrical Equipment,2162.90,21.86,2444.75,1.62,19.63,-29.59,547.17,17.70,8.37,12.91,0.15,6.05,7.51,0.00,17.03,13.03,6.95,-92.50,323.86,9.54,6.50,18.29,82.58
Bharat Dynamics,541143,BDL,INE171Z01026,Aerospace & Defense,Aerospace & Defense,1140.00,80.24,41788.13,0.43,118.79,547.36,572.24,130.81,13.86,46.81,0.00,10.19,214.31,0.00,-0.64,6.08,13.92,604.00,1183.11,19.25,12.72,-18.69,298.70
Bharat Electron,500049,BEL,INE263A01024,Aerospace & Defense,Aerospace & Defense,393.55,46.80,287676.35,0.64,1054.53,8.70,5546.98,24.94,36.44,31.83,0.00,27.45,1267.64,0.00,15.90,26.52,27.69,1541.37,6765.13,36.65,28.55,19.83,731.16
Bharat Wire,539799,BHARATWIRE,INE316L01019,Industrial Products,Iron & Steel Products,164.97,16.43,1134.71,0.00,12.23,-21.65,130.39,-7.95,12.31,12.36,1.07,18.51,10.24,51.00,0.08,5.15,25.78,97.69,255.95,14.80,21.78,-7.68,4.23
Birla Precision,522105,BIRLAPREC,INE372E01025,Industrial Manufacturing,Industrial Products,55.03,25.62,376.34,0.09,5.77,112.92,58.90,1.24,9.41,13.99,0.30,6.66,5.00,0.32,-2.01,-2.14,6.01,34.48,47.01,9.46,5.70,9.21,3.91
Bloom Industries,513422,,INE373E01015,Industrial Products,Iron & Steel Products,30.00,16.46,19.92,0.00,0.20,53.85,3.35,-39.64,2.78,13.22,0.48,-2.92,3.44,0.00,1.63,,0.77,-1.27,8.45,6.49,4.61,-44.64,0.00
BMW Industries,542669,,INE374E01021,Industrial Products,Iron & Steel Products,51.86,13.73,1167.30,0.83,19.04,25.79,166.00,11.64,12.35,8.12,0.46,10.57,6.54,0.00,5.76,16.36,10.40,83.17,459.56,12.94,24.48,13.07,195.83
Bombay Wire,504648,,INE089T01023,Industrial Products,Iron & Steel Products,41.70,7.68,22.27,0.00,2.95,14850.00,0.00,,-0.90,5.29,0.00,-1.03,,0.00,,20.68,-7.45,-0.68,-2.66,-4.74,,,0.00
Borosil Renew.,502219,BORORENEW,INE666D01022,Industrial Products,Glass - Industrial,455.15,16.68,6699.07,0.00,87.71,156.91,405.69,22.10,26.62,12.59,0.11,27.74,36.98,0.00,30.69,60.57,12.00,424.51,703.22,10.91,31.67,33.98,107.89
Borosil Scienti.,544184,BOROSCI,INE02L001032,Industrial Products,Glass - Industrial,115.55,23.11,1027.83,0.00,4.35,93.97,106.75,11.22,12.06,13.62,0.02,9.51,55.83,0.00,,,7.61,43.27,193.30,11.19,13.76,11.22,8.81
Boss Packaging,,BOSS,INE0QNI01012,Industrial Manufacturing,Industrial Products,57.20,15.32,25.43,0.00,0.81,-12.90,10.04,1.62,15.72,8.39,0.00,11.28,78.00,0.00,24.79,18.01,15.48,3.74,-1.66,26.60,13.79,30.50,0.00
Brady & Morris,505690,,INE856A01017,"Agricultural, Commercial & Construction Vehicles",Construction Vehicles,656.50,30.71,147.71,0.00,0.77,-50.00,17.45,-12.05,14.09,18.00,0.09,10.67,8.46,0.00,6.59,3.40,14.08,3.01,7.89,26.60,7.48,-21.06,1.30
Bright Brothers,526731,BRIGHTBR,INE630D01010,Industrial Products,Plastic Products - Industrial,240.35,23.83,136.52,1.04,2.98,-5.99,123.09,21.77,11.74,6.74,0.87,7.53,1.75,0.00,21.96,48.77,3.67,12.03,32.39,9.55,6.55,12.23,1.11
Bulkcorp Inter.,,BULKCORP,INE0SZ301012,Industrial Products,Packaging,81.80,16.39,61.47,0.00,1.93,-9.39,32.41,-5.34,17.22,8.88,0.30,11.41,4.09,0.00,19.62,45.80,17.91,3.93,-9.36,26.56,10.15,9.04,0.75
C2C Advanced,,C2C,INE0U7V01015,Aerospace & Defense,Aerospace & Defense,167.15,15.47,283.63,0.00,-5.33,-127.89,79.55,10.66,13.52,8.59,0.23,8.45,4.15,0.00,162.52,85.32,15.11,-17.95,-168.46,26.13,15.95,26.52,26.67
Candour Techtex,522292,,INE713D01055,Industrial Products,Plastic Products - Industrial,71.00,,173.32,0.00,-0.69,25.00,6.08,-81.94,0.99,26.75,0.18,-1.72,0.56,0.00,-1.35,,-1.55,-18.55,-15.83,2.88,0.69,-82.42,0.00
Caprihans India,509486,,INE479A01018,Industrial Products,Plastic Products - Industrial,118.00,,207.90,0.00,7.01,151.73,220.16,21.04,2.15,10.74,3.01,-17.01,0.64,0.00,-8.81,,-17.05,120.58,181.16,1.50,8.65,-0.34,9.60
Captain Pipes,538817,,INE513R01026,Industrial Products,Plastic Products - Industrial,8.07,19.84,123.99,0.00,0.75,-49.66,23.68,13.09,14.88,12.66,0.61,14.68,3.53,0.00,,,,10.16,,14.88,9.68,4.62,0.35
Captain Polyplas,536974,CPL,INE536P01021,Industrial Products,Plastic Products - Industrial,63.23,13.52,380.51,0.00,4.66,8.37,81.16,16.38,18.61,9.61,0.47,16.30,6.06,12.70,22.93,66.39,15.43,-22.39,-27.59,18.09,10.71,46.96,3.87
Captain Techno.,540652,,INE931X01010,Industrial Manufacturing,Industrial Products,228.00,45.52,529.42,0.00,5.73,10.62,67.39,31.57,29.88,26.48,0.38,25.12,8.99,0.00,30.01,58.51,23.42,8.24,24.98,26.36,13.48,41.11,8.15
Carborundum Uni.,513375,CARBORUNIV,INE120A01034,Industrial Products,Abrasives & Bearings,1278.50,97.12,24356.11,0.31,80.34,23.44,1426.63,17.03,10.52,33.24,0.11,6.92,22.34,0.00,3.81,-13.66,10.79,367.36,1273.11,15.59,10.95,10.14,140.97
Carnation Inds.,530609,,INE081B01028,Industrial Products,Other Industrial Products,103.17,,35.67,0.00,-0.52,-477.78,0.00,,8.90,55.81,9.08,-59.42,0.85,0.00,,7.89,,-0.73,-1.79,200.50,35.88,,0.00
Castora Agri Commodities,531913,,INE641H01018,Industrial Products,Iron & Steel Products,13.13,49.69,6.46,0.00,0.12,340.00,9.78,,0.67,55.15,0.86,-4.60,,0.00,-42.42,,0.00,-0.15,-0.18,1.17,1.30,512.88,0.00
Cenlub Industrie,522251,,INE627F01011,Industrial Manufacturing,Industrial Products,177.75,10.27,82.88,0.00,1.67,9.87,17.09,22.25,13.57,7.62,0.15,11.55,16.37,0.00,11.19,5.99,14.28,-1.21,18.25,18.84,11.98,13.16,0.43
Centum Electron,517544,CENTUM,INE320B01020,Aerospace & Defense,Aerospace & Defense,4802.30,81.09,7089.16,0.10,105.50,-36.87,204.15,14.35,25.53,48.01,0.36,-12.54,5.59,0.00,1.06,,0.55,60.40,232.86,17.45,11.76,8.19,0.00
Century Extrus.,500083,CENTEXT,INE281A01026,Industrial Products,"Aluminium, Copper & Zinc Products",18.56,15.91,204.16,0.00,3.77,59.75,138.36,32.85,19.29,7.17,0.75,13.99,2.51,13.54,8.76,18.62,12.51,4.05,28.74,18.24,6.91,18.16,19.16
CFF Fluid,543920,,INE0NJ001013,Aerospace & Defense,Aerospace & Defense,1105.80,59.14,2319.32,0.11,20.07,104.80,104.61,59.64,23.50,38.61,0.07,18.95,38.45,0.00,43.48,56.92,19.11,-26.05,-56.01,23.22,28.37,43.40,10.77
CG Power & Ind,500093,CGPOWER,INE067A01029,Electrical Equipment,Heavy Electrical Equipment,886.00,109.68,139586.49,0.15,308.28,16.26,3280.81,13.99,26.71,71.45,0.01,20.48,128.57,0.00,21.21,9.69,30.21,702.45,2646.34,36.94,12.77,21.42,724.90
Chemtech Indust.,537326,,INE212P01011,Industrial Manufacturing,Industrial Products,59.59,40.54,109.87,0.00,0.69,-77.08,11.36,18.70,7.53,8.64,0.00,4.61,26.00,0.00,13.90,25.81,8.22,-10.46,-8.06,12.57,2.38,-17.30,0.46
Citizen Solar,538786,,INE473L01018,Electrical Equipment,Other Electrical Equipment,179.90,12.71,252.64,0.00,5.77,-62.04,76.77,-29.39,34.79,14.14,2.53,69.33,22.99,0.00,407.41,1215.40,66.87,21.02,43.89,38.09,12.74,69.43,79.33
Clara Industries,543435,,INE0JJS01014,Industrial Products,Packaging,31.93,46.57,81.97,0.00,0.23,-14.81,4.04,121.98,4.73,26.14,0.02,3.48,25.00,0.00,7.15,-23.37,6.68,-21.50,-35.98,11.22,20.14,29.87,0.00
Classic Electrod,,CLASSICEIL,INE0UQ601012,Industrial Products,Other Industrial Products,52.00,7.43,93.42,0.00,6.20,12.93,120.81,20.51,19.23,4.54,0.20,17.90,5.69,0.00,17.22,82.15,25.45,19.41,29.86,23.52,9.31,18.07,4.39
CMI,517330,CMICABLES,INE981B01011,Industrial Products,Cables - Electricals,2.75,,4.41,0.00,-3.49,-22.46,14.73,9.44,-4.67,-117.78,,,-16.75,,35.92,12.59,,0.34,-0.89,-4.20,-6.87,-3.69,2.87
CMR Green Tech.,544777,CMRGREEN,INE00WV01027,Industrial Products,"Aluminium, Copper & Zinc Products",224.49,20.68,4917.58,0.00,68.18,16.41,3122.73,64.92,14.06,13.46,0.93,15.78,4.27,0.00,13.76,29.89,18.52,-409.95,-427.84,11.57,5.23,29.56,67.60
Cochin Shipyard,540678,COCHINSHIP,INE704P01025,Industrial Manufacturing,Ship Building & Allied Services,1377.00,61.30,36226.22,0.65,135.80,-27.71,909.92,-6.91,14.52,34.76,0.27,11.19,9.49,0.00,22.73,30.70,14.56,-1252.84,-1685.94,18.83,14.14,-11.58,584.17
Command Polymers,543843,,INE0LKQ01012,Industrial Products,Plastic Products - Industrial,21.00,37.87,19.69,0.00,3.83,834.15,8.63,278.51,3.48,19.49,0.88,3.27,1.38,0.00,-22.44,18.82,-1.86,-1.79,-7.05,0.91,15.53,1.99,0.00
Commerl. Synbags,539986,COMSYN,INE073V01015,Industrial Products,Packaging,282.85,37.58,1186.62,0.18,9.68,91.30,108.30,21.17,15.01,23.79,0.65,16.86,5.53,0.00,9.67,49.00,11.54,32.49,44.91,11.57,12.21,13.22,9.05
Concord Control,543619,,INE0N0J01014,Industrial Manufacturing,Industrial Products,2278.00,56.15,2365.34,0.00,24.88,73.02,128.93,72.57,31.23,37.64,0.26,25.65,28.38,0.00,62.24,97.72,27.64,-55.35,-54.93,38.64,28.99,69.25,2.62
Cont. Controls,531460,,INE545B01022,Electrical Equipment,Other Electrical Equipment,16.00,25.87,9.83,0.00,0.52,5100.00,0.55,,-5.31,19.97,0.00,-6.28,,0.00,,24.39,-5.80,2.04,2.15,-3.11,32.73,,0.00
Containe Tech.,543606,,INE0M8901010,Industrial Manufacturing,Industrial Products,15.77,32.44,33.09,0.00,0.73,78.05,11.76,35.80,8.27,18.48,0.55,6.30,2.85,0.00,71.86,42.84,7.83,1.25,-2.84,11.08,9.06,56.09,0.00
Cool Caps,,COOLCAPS,INE0HS001028,Industrial Products,Packaging,24.45,28.42,287.59,0.00,3.20,-53.49,263.62,85.27,12.94,11.94,1.72,15.21,2.02,10.45,42.98,21.02,16.87,32.36,43.66,12.59,1.71,122.60,23.50
Cords Cable,532941,CORDSCABLE,INE792I01017,Industrial Products,Cables - Electricals,348.80,18.34,450.92,0.34,7.80,101.55,247.20,9.53,17.56,7.87,0.55,10.81,2.28,0.00,21.93,42.22,8.52,43.40,87.40,16.39,6.13,15.12,0.00
Cosmic CRF,543928,,INE0ORA01015,Industrial Products,Iron & Steel Products,1320.25,24.81,1254.59,0.00,26.06,127.60,412.15,77.46,13.60,15.09,0.30,11.89,6.05,0.00,,,,23.76,,13.60,10.95,78.42,31.03
Cosmo Ferrites,523100,,INE124B01018,Industrial Manufacturing,Industrial Products,177.40,,213.41,0.00,0.99,1880.00,28.98,7.65,4.46,28.35,3.00,-5.98,0.90,0.00,-2.79,,-10.52,11.94,26.22,2.96,6.83,11.57,0.58
Cosmo First,508814,COSMOFIRST,INE757A01017,Industrial Products,Packaging,849.40,13.00,2229.65,0.47,53.75,25.38,1165.54,45.69,11.23,7.46,1.04,10.45,2.52,0.00,5.88,-12.97,8.19,396.73,808.32,9.29,10.68,33.23,189.40
Cospower Engine.,543172,,INE0CQB01010,Industrial Manufacturing,Industrial Products,3050.00,43.02,560.13,0.03,10.76,568.32,74.62,261.36,38.38,25.22,0.59,39.81,8.19,0.00,96.76,295.79,27.76,-15.30,-11.37,20.30,21.46,286.90,0.00
Cranex,522001,,INE608B01010,Industrial Manufacturing,Industrial Products,78.97,25.54,63.33,0.00,0.32,33.33,9.89,10.13,10.36,16.28,0.78,8.88,3.38,0.00,10.19,54.35,10.68,-1.23,-4.13,10.23,8.07,9.09,0.00
Creative Casting,539527,,INE146E01015,Industrial Products,Castings & Forgings,567.20,14.15,73.74,2.20,1.58,113.51,13.97,54.36,14.40,8.74,0.00,9.80,762.00,0.00,-1.64,-2.23,10.63,8.64,17.87,15.14,12.54,35.72,1.07
Creative Graphic,,CGRAPHICS,INE0R7401011,Industrial Products,Other Industrial Products,134.05,17.35,325.55,0.00,6.57,-43.46,170.09,23.23,16.13,11.08,0.75,16.16,4.25,0.00,56.57,30.05,23.45,-5.17,-24.16,23.36,9.86,37.80,15.50
Crimson Metal,526977,,INE318P01016,Industrial Products,Iron & Steel Products,27.38,80.80,12.12,0.00,0.03,50.00,1.99,-1.97,7.98,8.04,4.37,2.47,1.09,0.00,-0.99,-24.09,-6.17,0.65,6.17,7.79,53.87,-18.74,0.00
Cropster Agro,523105,,INE293E01031,Industrial Products,Packaging,2.82,15.65,236.88,0.00,5.34,34.51,54.59,7.00,12.45,15.23,0.00,12.00,,0.00,,388.86,16.48,-1.19,-73.32,22.27,8.66,-12.69,0.00
Crown Lifters,,CROWN,INE491V01019,Industrial Manufacturing,Industrial Products,119.36,15.32,138.34,0.00,2.94,4.63,13.02,29.29,13.39,7.88,0.75,12.72,3.47,0.00,27.24,40.81,12.11,9.49,106.12,16.88,52.03,13.88,5.87
Cryogenic OGS,544440,,INE0TL001013,Industrial Manufacturing,Industrial Products,414.95,68.74,592.55,0.00,4.47,35.05,19.76,1.39,29.56,43.26,0.00,20.61,112.36,0.00,22.86,30.04,22.55,7.99,11.46,32.01,27.76,24.07,1.58
Cubex Tubings,526027,CUBEXTUB,INE144D01012,Industrial Products,"Aluminium, Copper & Zinc Products",152.24,28.91,217.99,0.00,1.32,7.32,64.97,30.28,11.49,17.06,0.52,9.36,3.48,0.00,14.66,41.14,8.26,5.29,7.94,10.46,1.85,15.66,0.00
Cummins India,500480,CUMMINSIND,INE298A01020,Industrial Products,"Compressors, Pumps & Diesel Engines",4945.00,56.19,137075.40,1.33,609.30,2.54,3426.01,17.86,39.50,39.64,0.00,30.24,233.97,0.00,16.04,26.30,28.83,1734.26,4702.19,36.83,20.44,15.30,97.71
Cybele Industrie,531472,,INE183D01010,Electrical Equipment,Other Electrical Equipment,37.00,1.45,39.57,0.00,-0.26,-104.66,9.10,96.97,-4.24,1.75,0.38,-11.24,14.76,0.00,,,-11.81,-16.37,-22.41,-9.91,-4.86,100.24,0.00
Cyient DLM,543933,CYIENTDLM,INE055S01018,Aerospace & Defense,Aerospace & Defense,931.40,90.05,7393.77,0.00,16.29,118.36,373.80,34.25,9.90,42.94,0.17,7.49,5.26,0.00,14.88,31.74,8.23,53.90,-79.03,11.66,10.39,-11.90,2.12
D & H India,517514,,INE589D01018,Industrial Manufacturing,Industrial Products,208.90,23.70,213.81,0.00,1.98,47.76,65.96,24.69,14.35,12.33,0.60,13.34,3.79,0.00,22.14,26.14,10.98,22.22,19.63,12.73,6.92,22.16,1.42
D P Wires,543962,DPWIRES,INE864X01013,Industrial Products,Iron & Steel Products,163.43,13.53,253.32,0.00,4.74,31.67,130.82,3.71,9.15,7.81,0.01,6.83,27.74,0.00,-26.61,-24.60,10.82,28.09,103.43,15.40,3.61,-13.87,0.00
D.K. Enterprises,,DKEGL,INE0GN101014,Industrial Products,Packaging,69.95,9.21,52.52,0.00,2.44,-7.92,78.71,13.55,19.21,6.05,0.62,18.87,12.12,0.00,6.79,9.85,19.99,5.09,13.53,21.99,5.53,9.07,0.00
Danish Power,,DANISH,INE0YU901016,Electrical Equipment,Heavy Electrical Equipment,947.60,26.65,1865.98,0.21,41.17,9.23,309.84,18.61,23.75,18.48,0.00,18.03,49.98,0.00,40.41,101.01,25.42,46.89,52.30,44.77,17.37,22.57,14.99
Danlaw Tech.,532329,,INE310B01013,Industrial Manufacturing,Industrial Products,1526.35,29.21,743.43,0.00,5.93,70.89,73.72,34.60,27.59,17.28,0.30,26.07,20.26,0.00,16.16,46.80,31.77,20.62,54.43,32.03,15.05,24.10,7.70
Data Pattern,543428,DATAPATTNS,INE0IX101010,Aerospace & Defense,Aerospace & Defense,4418.80,91.53,24738.20,0.23,22.06,-13.49,116.03,16.81,21.92,61.93,0.00,15.24,29.87,0.00,26.81,26.05,14.83,80.15,129.65,20.87,39.65,33.81,74.08
DCG Cables,,DCG,INE0S8401018,Industrial Products,Cables - Electricals,74.60,15.64,135.40,0.00,2.80,-15.41,90.66,33.36,13.45,7.50,0.70,10.37,3.24,0.00,44.09,72.74,16.39,5.28,-13.57,22.45,14.98,27.86,3.69
DCX Systems,543650,DCXINDIA,INE0KL801015,Aerospace & Defense,Aerospace & Defense,161.99,,1804.35,0.00,-8.66,-313.30,103.13,-53.58,0.87,95.29,0.00,-0.53,-1.41,0.00,-15.99,,3.02,2.30,-307.04,5.32,-4.65,-46.54,0.00
De Neers Tools,,DENEERS,INE0JWV01011,Industrial Products,Iron & Steel Products,182.80,6.41,161.71,0.00,16.49,135.87,105.68,40.46,25.76,6.01,0.77,32.32,7.67,0.00,,,,-11.49,,25.76,21.76,23.96,0.00
DE Nora India,590031,DENORA,INE244A01016,Industrial Products,Electrodes & Refractories,766.50,33.39,407.01,0.52,6.39,96.62,35.27,-15.96,5.83,21.04,0.00,2.25,,0.00,18.24,-48.25,5.21,12.23,31.42,9.56,8.63,17.52,0.44
Deccan Polypacks,531989,,INE132E01015,Industrial Products,Packaging,24.00,,5.08,0.00,-0.06,79.31,0.00,,-400.00,-144.23,1.33,,,0.00,,,,-0.36,-0.55,-400.00,,,0.00
DEE Development,544198,DEEDEV,INE841L01016,Industrial Manufacturing,Industrial Products,666.20,61.13,5012.45,0.15,16.08,22.35,294.46,31.60,10.69,25.89,0.87,9.31,2.66,0.00,24.24,88.15,7.80,19.55,4.01,9.81,16.91,40.01,84.41
Deem Roll-Tech,,DEEM,INE586O01011,Industrial Products,Iron & Steel Products,47.40,5.99,39.52,0.00,2.64,158.82,45.42,-2.09,9.33,5.39,0.40,7.62,3.05,0.00,-4.20,-2.31,9.03,4.64,-1.99,10.71,12.56,-2.18,4.75
Defrail Technologies,544677,,INE0ZE201010,Industrial Products,Cables - Electricals,67.25,11.78,47.24,0.00,2.48,37.02,41.08,25.28,27.62,6.52,0.28,24.44,7.51,0.00,33.53,65.79,32.87,-1.36,-2.28,28.72,9.41,29.58,0.00
Delta Manufact.,504286,DELTAMAGNT,INE393A01011,Industrial Products,Other Industrial Products,57.16,,62.03,0.00,-0.31,79.19,19.08,33.24,-0.45,27.41,17.29,-12.54,0.35,0.00,-8.07,24.49,-38.49,0.66,3.33,-6.14,2.91,12.84,0.02
Delton Cables,504240,,INE872E01016,Electrical Equipment,Other Electrical Equipment,710.45,32.04,613.83,0.28,7.59,146.43,286.36,83.18,16.55,9.97,0.54,6.65,1.58,0.00,53.61,193.63,8.73,-5.68,-47.17,19.69,6.76,54.60,0.00
Dhabriya Poly.,538715,DHABRIYA,INE260R01016,Industrial Products,Plastic Products - Industrial,484.20,16.15,524.11,0.14,8.86,35.47,68.31,10.02,25.64,9.99,0.59,26.27,8.99,0.00,15.61,52.55,22.11,8.18,57.02,21.64,21.42,13.50,6.33
Dhanashree Elect,542679,,INE413F01016,Electrical Equipment,Other Electrical Equipment,122.05,50.35,173.19,0.08,0.80,-23.81,22.68,-11.30,10.00,19.44,0.80,6.60,1.68,0.00,31.27,11.11,8.34,-7.79,-27.60,11.43,-0.68,-1.02,0.00
Dhatre Udyog,540080,DHATRE,INE715T01031,Industrial Products,Iron & Steel Products,4.13,,45.00,0.00,0.08,-76.47,0.00,-100.00,-3.87,-20.43,0.00,-3.22,,0.00,-56.01,,5.69,8.93,30.03,7.56,-48.25,-93.68,0.00
Dhaval Packaging,544854,,INE1HX301016,Industrial Products,Packaging,124.15,21.21,170.54,0.00,1.78,,15.24,,27.82,13.43,0.78,31.58,6.31,0.00,14.84,150.74,38.05,6.74,11.75,24.67,21.68,24.44,9.47
Dhunseri Vent.,523736,DVL,INE477B01010,Industrial Products,Packaging,289.75,5.32,1014.70,1.73,174.29,136.29,231.59,44.85,6.74,5.96,0.29,4.86,6.67,0.00,17.03,-33.83,4.99,-101.63,-486.99,6.63,-11.94,-20.09,818.74
Diamond Power,522163,DIACABS,INE989C01038,Electrical Equipment,Other Electrical Equipment,354.50,114.30,21201.62,0.00,57.09,197.81,707.31,132.98,24.20,95.64,,,7.48,0.00,401.03,75.89,,-12.15,84.17,24.20,9.96,96.48,133.34
Diffusion Eng,544264,DIFFNKG,INE184O01015,Industrial Products,Other Industrial Products,430.45,29.14,1611.01,0.35,16.68,36.26,110.11,36.49,15.78,19.28,0.07,12.39,28.92,0.00,16.85,30.51,13.05,22.79,67.79,16.76,13.78,26.44,22.98
Digilogic Systems,544684,,INE1OOT01028,Aerospace & Defense,Aerospace & Defense,170.80,50.05,494.48,0.00,8.53,,59.25,,18.56,28.09,0.04,13.99,10.51,0.00,11.43,65.49,18.86,12.63,7.61,24.82,20.43,7.45,4.45
Diksha Polymers,544798,,INE1OSI01014,Industrial Products,Packaging,205.00,25.86,106.53,0.00,,,,,33.23,16.12,1.77,63.78,5.76,0.00,66.34,335.15,72.06,-3.77,-3.00,32.96,14.59,20.01,0.00
Disa India,500068,DISAQ,INE131C01011,Industrial Manufacturing,Industrial Products,11773.00,31.92,1712.04,1.70,10.58,-18.87,87.16,-14.52,26.63,19.15,0.00,19.66,135.31,0.00,17.52,23.70,20.03,13.21,102.23,27.15,15.74,3.51,28.72
Divine Power,,DPEL,INE0SCO01019,Industrial Products,Cables - Electricals,626.00,58.51,1562.81,0.00,18.88,,346.47,,,32.57,1.21,20.69,4.00,0.00,60.79,110.84,,-24.75,,0.00,8.15,,0.72
Ducon Tech,534674,DUCON,INE741L01018,Industrial Manufacturing,Industrial Products,1.56,8.95,89.68,0.00,2.17,-30.67,104.92,-7.07,9.33,6.33,0.63,6.58,2.79,0.00,2.18,38.87,7.44,5.02,-12.76,10.33,5.98,-9.15,0.00
Duropack,526355,,INE138B01018,Industrial Products,Plastic Products - Industrial,59.85,15.02,31.54,0.00,0.65,62.50,11.37,37.48,12.13,6.95,0.00,8.66,,0.00,8.68,4.10,8.00,2.69,5.70,12.05,9.80,23.45,0.00
Dutron Polymers,517437,,INE940C01015,Industrial Products,Plastic Products - Industrial,102.60,24.33,61.56,1.46,0.70,-19.54,27.34,1.48,11.67,12.81,0.12,8.95,8.33,0.00,-11.35,1.40,9.34,-1.00,9.29,12.38,4.42,-5.05,0.00
Dynamatic Tech.,505242,DYNAMATECH,INE221B01012,Industrial Manufacturing,Industrial Products,13153.00,152.46,8932.78,0.08,20.79,93.04,424.81,14.53,10.21,42.14,0.80,6.67,2.51,0.00,7.21,5.80,7.57,95.34,337.01,9.89,11.94,17.28,42.52
Dynamic Cables,540795,DYCL,INE600Y01019,Industrial Products,Cables - Electricals,456.95,24.29,2214.32,0.11,24.95,37.01,349.10,33.22,26.21,15.29,0.09,19.92,11.46,0.00,21.45,38.87,20.23,61.59,119.17,25.30,10.94,19.10,32.55
Earthstahl &All.,543765,,INE0O4V01010,Industrial Products,Iron & Steel Products,12.50,,15.30,0.00,-1.71,-1121.43,27.67,-22.28,-9.69,-16.10,0.46,-14.00,-3.18,0.00,-12.47,,-2.29,4.48,11.00,0.70,-4.22,-14.80,0.00
Eastcoast Steel,520081,,INE315F01013,Industrial Products,Iron & Steel Products,16.50,11.57,8.91,0.00,0.34,126.67,16.49,164800.00,-0.61,10.73,0.24,-2.51,38.67,0.00,50.24,,-3.01,-14.64,-17.22,-2.35,-1.50,513.26,0.00
Ecofinity Atomix,539455,,INE360S01012,Industrial Products,Iron & Steel Products,69.80,15.78,48.60,0.72,0.58,0.00,16.10,10.50,14.86,10.84,0.10,10.91,18.00,0.00,,,,4.42,,14.86,4.30,53.07,7.31
Ecoline Exim,,ECOLINE,INE0VBS01016,Industrial Products,Packaging,177.50,19.44,364.15,0.00,7.28,8.82,139.18,0.69,16.43,11.24,0.36,14.83,9.64,0.00,-2.90,2.58,,1.81,,16.43,8.85,3.24,11.86
Ecoplast,526703,,INE423D01010,Industrial Products,Plastic Products - Industrial,477.00,18.76,226.79,0.00,3.33,14.04,63.25,17.87,14.39,9.79,0.02,10.57,26.03,0.00,31.80,60.50,15.41,-2.09,23.52,24.14,9.27,23.47,6.19
Eimco Elecon(I),523708,EIMCOELECO,INE158B01016,Industrial Manufacturing,Industrial Products,2301.60,33.53,1328.02,0.17,15.38,6.22,77.52,14.73,10.29,21.62,0.01,7.81,52.05,0.00,10.14,18.86,10.02,22.11,66.98,13.26,18.66,-1.49,1.57
Elango Industrie,513452,,INE594D01018,Industrial Products,Iron & Steel Products,12.50,,4.78,0.00,-0.05,0.00,0.01,-95.24,-3.51,-36.77,0.00,-3.78,,0.00,,2.17,-4.29,0.00,-1.63,-4.21,-325.00,-96.43,0.00
Elecon Engg.Co,505700,ELECON,INE205B01031,Electrical Equipment,Heavy Electrical Equipment,458.25,34.01,10283.13,0.44,70.35,-34.57,520.56,6.11,20.86,17.88,0.12,16.43,17.46,0.00,15.65,14.00,20.76,314.22,1104.44,26.88,20.95,3.05,23.11
Electro Force,,EFORCE,INE0Q1W01012,Electrical Equipment,Other Electrical Equipment,18.05,67.05,42.24,0.00,-0.23,-119.49,9.65,-73.78,1.31,29.88,0.00,0.88,13.43,0.00,-14.05,-56.62,4.10,-0.35,-28.01,7.66,-4.16,-63.33,18.10
Electrost.Cast.,500128,ELECTCAST,INE086A01029,Industrial Products,Iron & Steel Products,72.34,28.11,4471.95,1.24,48.37,-45.74,1425.57,-8.48,5.00,11.08,0.26,3.04,2.52,10.54,-6.65,-17.70,10.27,1146.63,2429.98,11.53,4.99,-15.73,1185.69
Electrotherm(I),526608,ELECTHERM,INE822G01016,Industrial Products,Iron & Steel Products,873.35,,1112.89,0.00,6.93,-75.03,913.38,9.51,0.45,210.61,,,-1.70,7.88,6.30,,,351.16,1031.18,24.08,0.11,-3.05,138.45
Elgi Equipments,522074,ELGIEQUIP,INE285A01027,Industrial Products,"Compressors, Pumps & Diesel Engines",603.00,41.19,19109.61,0.45,103.30,27.00,1062.20,22.56,22.07,25.67,0.24,19.00,26.79,0.88,9.12,10.87,19.78,453.50,1129.30,22.09,14.76,15.94,135.70
Elgi Rubber Co,,ELGIRUBCO,INE819L01012,Industrial Products,Rubber,54.96,,275.35,0.00,40.85,293.38,70.09,-18.10,-12.92,-16.21,4.13,-67.47,-1.57,21.51,-2.42,,-21.68,-11.49,-13.56,-2.22,-17.27,-5.89,12.40
EMA India,522027,,INE279D01016,Industrial Manufacturing,Industrial Products,579.05,,58.48,0.00,-0.32,-166.67,0.00,,-48.32,-46.38,0.00,-195.56,,0.00,,,,1.82,0.85,-472.67,,,0.27
Emkay Taps & Cut,,EMKAYTOOLS,INE332S01011,Industrial Manufacturing,Industrial Products,95.00,,101.38,0.00,5.78,170.15,0.46,-98.88,0.12,180.55,0.00,-1.30,4.25,0.00,-28.35,,3.27,-4.88,39.30,6.36,-7.27,-22.15,0.00
Emkay Tools,,ETL,INE0PXC01024,Industrial Manufacturing,Industrial Products,1203.00,21.86,1283.76,0.25,34.36,39.96,82.48,31.74,70.68,15.56,0.00,52.48,7936.00,0.00,,,,65.08,,70.68,55.71,23.87,0.00
Emmbi Industries,533161,EMMBI,INE753K01015,Industrial Products,Packaging,87.01,18.58,167.41,0.34,1.93,13.53,114.65,10.07,8.75,7.71,0.88,4.63,1.69,0.00,6.93,2.63,4.76,9.02,62.17,8.41,9.44,11.28,1.11
Emmvee Photovol.,544608,EMMVEE,INE1C6T01020,Electrical Equipment,Other Electrical Equipment,321.90,17.49,22286.59,0.31,380.29,102.64,1555.52,51.34,44.62,11.22,0.10,50.72,14.91,0.00,101.40,393.29,56.07,200.14,1059.50,26.58,34.64,84.07,9.85
Energy-Mission,,EMMIL,INE0S1L01013,Industrial Manufacturing,Industrial Products,124.95,11.86,141.52,0.00,5.51,-11.27,85.00,8.56,16.32,7.27,0.31,13.23,7.38,0.00,17.34,17.36,19.47,14.76,2.04,23.28,14.00,6.43,17.66
Envair Electrody,500246,,INE601C01013,Industrial Manufacturing,Industrial Products,62.50,2900.00,29.00,0.00,0.03,-76.92,0.00,,1.47,1137.00,0.00,1.34,,0.00,,29.79,-4.82,-0.31,5.93,-2.91,,-100.00,0.00
Envirotech Sys.,,ENVIRO,INE0SUH01015,Industrial Products,Other Industrial Products,71.10,11.03,133.60,0.00,6.13,-45.37,31.54,0.73,22.67,7.51,0.18,17.31,11.77,0.00,27.28,67.65,26.31,0.50,-2.39,42.83,32.66,21.50,1.40
EPack PrefabTech,544540,EPACKPEB,INE0MLS01022,Industrial Manufacturing,Industrial Products,245.38,26.05,2469.28,0.00,18.17,13.35,365.84,23.87,21.71,12.65,0.16,17.04,4.90,0.00,32.43,57.46,20.49,135.70,269.64,24.27,10.23,37.53,60.35
EPL Ltd,500135,EPL,INE255A01020,Industrial Products,Packaging,238.10,18.57,7626.68,1.05,100.60,-1.40,1387.90,25.27,17.80,8.06,0.34,15.73,5.50,0.00,8.84,21.69,14.93,722.90,2104.50,16.79,19.81,16.91,152.90
Eppeltone Ene.,,EEPL,INE11HF01010,Electrical Equipment,Other Electrical Equipment,132.05,13.89,171.13,0.00,6.12,-11.69,88.47,19.28,18.49,10.26,0.43,18.85,7.29,0.00,22.89,124.42,28.02,-17.84,-22.61,31.13,14.41,8.49,6.41
Equilateral Ent.,531262,,INE060N01019,Electrical Equipment,Other Electrical Equipment,8.57,81.31,10.57,0.00,0.05,-68.75,10.22,-37.42,2.06,51.10,0.05,2.16,,0.00,224.51,128.94,1.33,4.21,11.26,1.27,-2.41,74.87,0.00
Esab India,500133,ESABINDIA,INE284A01012,Industrial Products,Other Industrial Products,5527.00,41.10,8507.72,1.36,56.14,37.13,421.12,19.63,64.68,28.43,0.01,48.76,163.38,0.00,11.40,12.86,52.27,180.69,520.53,70.46,18.38,12.99,5.65
Escorts Kubota,500495,ESCORTS,INE042A01014,"Agricultural, Commercial & Construction Vehicles",Tractors,2855.70,22.45,31948.93,1.16,385.93,23.63,3207.55,28.30,13.93,14.56,0.01,18.72,87.24,0.00,11.04,46.60,13.91,1381.16,3172.95,13.14,12.49,20.43,199.59
Ester Industries,500136,ESTER,INE778B01029,Industrial Products,Packaging,86.14,,898.40,0.29,18.62,360.06,432.16,27.78,2.76,10.83,0.93,-3.53,1.05,0.00,7.27,,-6.50,88.54,244.51,1.41,8.29,10.11,36.18
Euro Panel,544461,EUROBOND,INE505V01016,Industrial Products,"Aluminium, Copper & Zinc Products",150.56,13.95,368.87,0.00,4.96,-13.29,119.62,14.10,16.72,9.12,1.00,17.96,3.78,0.00,15.21,37.89,15.69,-3.24,12.17,16.32,10.90,21.25,2.64
Everest Kanto,532684,EKC,INE184H01027,Industrial Manufacturing,Industrial Products,110.28,9.31,1237.43,0.63,30.16,-27.86,346.31,-10.49,11.56,6.60,0.19,11.28,10.97,0.00,4.89,18.40,10.00,141.89,426.30,11.67,13.22,-7.34,162.28
Excellent Wires,,EXCELLENT,INE0Y4801011,Industrial Products,Other Industrial Products,192.90,57.11,86.23,0.00,1.06,37.66,12.72,8.72,9.68,36.30,0.09,7.60,67.00,0.00,16.07,147.17,10.30,0.91,-4.88,18.04,9.45,2.03,4.81
Exicom Tele-Sys.,544133,EXICOM,INE777F01014,Electrical Equipment,Heavy Electrical Equipment,160.99,,2239.05,0.00,-73.57,-3.43,331.07,61.25,-14.66,-42.99,1.09,-40.75,-3.50,2.83,17.61,,-17.07,-86.59,-227.40,-0.20,-6.78,55.63,7.37
Expo Engineering,526614,,INE561D01025,Industrial Products,Other Industrial Products,89.50,177.24,232.18,0.00,0.61,-41.35,13.75,-22.97,9.07,42.10,0.83,4.89,1.50,0.69,-5.25,2.41,6.90,-6.41,0.11,10.24,9.43,-44.18,0.00
Faalcon Concepts,544164,FAALCON,INE0Q9W01015,Industrial Manufacturing,Industrial Products,41.00,12.64,39.95,0.00,2.11,,19.50,,,7.10,0.19,7.03,5.75,0.00,,,,0.22,,0.00,19.49,,0.00
Fabtech Cleanrooms,544332,,INE0HSD01011,Industrial Manufacturing,Industrial Products,505.45,41.32,622.68,0.40,13.29,57.11,143.14,62.47,19.43,26.48,0.19,15.22,12.17,0.00,20.72,23.71,15.42,-17.08,-11.81,18.77,9.96,46.18,1.46
Finolex Cables,500144,FINCABLES,INE235A01022,Industrial Products,Cables - Electricals,1460.90,27.92,22342.91,0.62,249.04,53.14,2013.15,44.26,16.01,20.00,0.00,12.33,585.51,0.00,12.15,12.28,13.19,49.08,833.23,17.40,10.48,26.53,107.04
Finolex Inds.,500940,FINPIPE,INE183A01024,Industrial Products,Plastic Products - Industrial,154.16,15.54,9565.27,1.30,114.52,16.67,883.58,-15.30,11.83,10.46,0.07,8.57,38.46,0.00,-2.20,32.54,6.58,191.75,927.73,10.66,17.50,-2.24,27.85
Fluidomat,522017,,INE459C01016,Industrial Manufacturing,Industrial Products,738.40,18.55,364.03,1.02,2.23,-16.79,11.85,-4.36,30.46,13.24,0.00,22.69,,0.65,16.31,27.76,25.83,10.75,35.36,34.90,32.38,4.26,4.31
Forbes Precision,544186,,INE0TT901016,Industrial Manufacturing,Industrial Products,170.60,25.90,880.20,2.93,9.03,137.01,67.55,28.89,21.05,13.99,0.10,16.41,30.32,94.40,,1300.85,22.09,27.55,88.33,33.96,22.55,14.08,3.56
Foseco Crucible (India),523160,,INE599F01020,Industrial Products,Electrodes & Refractories,1928.60,27.44,1080.02,0.65,10.29,92.03,48.68,14.43,33.24,16.21,0.01,21.77,294.06,0.00,3.61,22.58,21.13,35.50,103.94,30.64,30.82,2.43,3.35
Fujiyama Power,544613,UTLSOLAR,INE12UR01024,Electrical Equipment,Other Electrical Equipment,422.10,30.99,12954.32,0.00,57.80,168.56,1345.69,125.28,35.14,20.59,0.41,36.63,12.96,0.00,58.74,132.40,37.06,-2.89,100.71,31.60,18.78,94.97,201.27
G G Dandekar,505250,,INE631D01026,Industrial Manufacturing,Industrial Products,70.05,370.56,33.35,0.00,-0.26,-333.33,0.83,-21.70,-0.55,15.41,0.07,0.36,-1.60,0.00,11.83,41.90,-2.92,0.56,3.43,-1.44,33.74,-16.28,0.00
G K P Printing,542666,,INE05QJ01015,Industrial Products,Packaging,7.40,67.83,16.28,0.00,-0.20,-350.00,7.02,13.04,4.40,9.78,0.08,2.25,1.51,0.00,-21.39,-19.29,-0.61,1.93,4.32,1.26,4.49,-5.78,0.00
G M Polyplast,543239,,INE0E2801015,Industrial Products,Plastic Products - Industrial,65.30,10.63,87.89,0.00,4.77,24.87,58.42,9.63,25.69,6.54,0.04,19.08,35.81,0.00,7.78,18.90,21.22,9.51,14.65,29.45,12.31,7.10,0.00
G V Electricals,544859,,INE1ZGR01024,Electrical Equipment,Other Electrical Equipment,129.40,13.93,145.95,0.00,,,,,40.80,8.57,0.49,36.86,7.36,0.00,14.49,76.38,27.94,-3.31,-1.84,34.34,11.51,19.18,0.00
Gabion Technol.,544675,,INE1H1501013,Industrial Manufacturing,Industrial Products,134.80,22.29,183.00,0.00,5.52,60.00,73.29,37.17,20.08,12.55,0.69,20.96,3.38,0.00,12.46,33.77,28.89,5.87,-1.26,23.14,15.39,12.12,0.09
Gabriel Pet,544108,,INE0QZF01012,Industrial Products,Other Industrial Products,65.52,9.28,49.01,0.00,1.73,,128.20,,,8.34,0.05,4.70,11.56,0.00,,,,-38.28,,0.00,2.44,,0.00
Gala Precis. Eng,544244,GALAPREC,INE0RE001014,Industrial Manufacturing,Industrial Products,1148.60,38.68,1472.07,0.00,8.19,26.40,75.38,19.50,15.60,24.35,0.13,13.24,18.19,0.00,23.84,32.91,15.97,10.17,28.57,18.42,16.70,31.83,18.76
Galada Power,504697,,INE255C01018,Electrical Equipment,Other Electrical Equipment,25.32,,22.44,0.00,-0.14,46.15,0.00,,-13.93,-39.32,,,,0.00,,18.53,,-1.24,13.76,-22.61,,,0.00
Galaxy Agrico,531911,,INE803L01016,Industrial Manufacturing,Industrial Products,96.80,,153.82,0.00,0.50,516.67,3.52,295.51,-3.04,-1280.00,0.00,-4.49,-8.33,0.00,-22.87,,-5.41,-46.42,-47.27,-5.49,-12.76,49.57,0.00
Galaxy Bearings,526073,,INE020S01012,Industrial Products,Abrasives & Bearings,910.45,78.04,289.52,0.00,2.99,15.44,15.95,-5.57,5.24,34.73,0.16,3.04,3.52,0.00,-17.14,-40.79,12.18,19.79,23.15,16.36,9.48,-32.31,31.34
Gallantt Ispat L,532726,GALLANTT,INE297H01019,Industrial Products,Iron & Steel Products,545.10,30.18,13152.22,0.37,123.67,-28.84,1145.67,1.59,18.16,18.18,0.17,15.63,13.42,0.00,2.89,50.59,13.71,602.26,1525.38,16.44,14.76,4.13,349.05
Gandhi Spl. Tube,513108,GANDHITUBE,INE524B01027,Industrial Products,Iron & Steel Products,966.50,14.46,1090.59,1.55,27.94,29.29,57.20,18.89,28.44,10.46,0.00,19.95,1001.60,0.00,4.62,9.26,20.73,55.20,128.61,29.16,44.54,11.70,0.00
Ganesh Green,,GGBL,INE0R8C01018,Electrical Equipment,Other Electrical Equipment,210.35,6.94,521.69,0.24,42.34,147.60,724.85,300.98,36.81,4.87,0.18,31.76,19.11,0.00,131.95,109.78,29.39,13.29,-4.17,31.33,10.43,241.93,0.00
Ganga Forging,,GANGAFORGE,INE691Z01023,Industrial Products,Castings & Forgings,1.46,,49.20,0.00,1.06,174.55,7.19,-7.23,-6.43,-64.66,0.71,-13.25,-2.49,0.00,2.16,,-4.16,0.36,-14.38,0.45,-3.91,-17.40,2.87
Garden Reach Sh.,542011,GRSE,INE382Z01011,Aerospace & Defense,Aerospace & Defense,2319.00,33.18,26564.61,0.85,172.84,43.82,1814.62,38.53,42.82,20.47,0.01,31.60,78.56,0.00,39.83,50.20,27.67,-289.72,-981.02,35.60,11.09,39.64,23.78
Garg Furnace,530615,,INE194E01015,Industrial Products,Iron & Steel Products,228.90,14.54,155.85,0.00,1.68,34.40,57.18,-4.94,12.81,11.12,0.18,12.77,15.85,0.00,6.69,20.10,13.73,-12.32,-21.93,13.84,5.02,10.36,0.12
Garware Hi Tech,500655,GRWRHITECH,INE291A01017,Industrial Products,Plastic Products - Industrial,6640.00,39.77,15426.31,0.18,132.65,59.78,633.08,27.90,18.08,26.87,0.00,13.46,60.58,0.00,13.81,27.45,13.08,275.33,777.16,17.54,22.01,6.02,27.44
Gayatri Rubbers,,GRCL,INE0LVM01018,Industrial Products,Rubber,597.90,61.37,343.08,0.00,2.95,86.71,24.48,33.99,37.86,39.53,0.35,33.06,12.27,0.00,23.45,83.14,24.94,0.16,-1.62,30.03,21.08,30.96,0.00
GE Power,532309,GVPIL,INE878A01011,Electrical Equipment,Heavy Electrical Equipment,669.70,12.18,4502.22,1.05,53.73,42.52,308.69,7.61,81.99,9.93,0.03,62.17,19.20,0.00,-10.92,38.29,43.62,469.36,1030.80,31.05,23.56,18.73,3.19
GE Vernova T&D,522275,GVT&D,INE200A01026,Electrical Equipment,Heavy Electrical Equipment,4280.00,81.16,109589.40,0.23,362.99,24.65,1836.14,38.04,77.44,57.70,0.01,57.40,118.41,0.00,30.80,489.90,42.28,1709.88,3131.82,51.77,26.17,43.91,65.41
GEE,504028,,INE064H01021,Electrical Equipment,Other Electrical Equipment,129.45,37.44,672.84,0.00,6.85,316.33,102.86,29.91,11.35,19.12,0.28,7.53,4.28,43.62,-2.29,21.50,3.17,-7.81,51.13,6.52,9.39,18.70,1.61
Geekay Wires,,GEEKAYWIRE,INE669X01032,Industrial Products,Iron & Steel Products,32.90,11.99,343.87,1.06,5.77,-19.75,94.94,3.49,16.78,8.79,0.84,18.99,6.68,0.00,3.36,4.24,27.79,20.71,113.39,25.43,8.84,-1.96,42.46
Gensol Engineer.,542851,GENSOL,INE06H201014,Electrical Equipment,Other Electrical Equipment,16.71,0.63,64.24,0.00,17.86,32.52,344.51,56.42,14.33,3.54,2.33,22.38,1.58,95.10,146.92,165.36,21.71,-98.10,-32.69,16.45,22.70,74.22,171.27
Genus Power,530343,GENUSPOWER,INE955D01029,Electrical Equipment,Other Electrical Equipment,305.70,14.27,9300.70,0.16,196.64,43.20,1364.88,44.83,25.27,10.22,1.04,30.89,5.73,4.52,80.46,178.98,20.44,-218.55,-814.18,18.43,18.81,74.17,64.28
GLEN Industries,544444,,INE0UMC01019,Industrial Products,Packaging,125.00,18.26,300.77,0.00,8.20,-15.64,107.57,24.33,13.75,9.93,0.86,16.63,3.32,0.00,19.95,75.06,23.16,5.85,25.53,16.29,18.58,20.00,11.89
Global Pet Indus,,GLOBALPET,INE0PS501019,Industrial Manufacturing,Industrial Products,160.00,37.72,188.60,0.00,5.35,42.67,33.29,22.93,13.31,22.08,0.00,9.46,176.00,0.00,16.85,44.42,10.34,7.07,1.67,14.36,9.72,24.00,17.73
GMM Pfaudler,505255,GMMPFAUDLR,INE541A01023,Industrial Manufacturing,Industrial Products,1505.20,53.72,6766.96,0.13,22.10,114.35,924.76,16.39,13.64,16.15,0.86,6.69,2.74,0.00,3.51,-23.43,10.55,388.80,1050.79,15.19,10.82,13.91,20.26
Godawari Power,532734,GPIL,INE177H01039,Industrial Products,Iron & Steel Products,229.42,18.84,15445.45,0.44,222.37,2.68,1750.47,32.29,20.53,10.72,0.08,15.33,18.75,0.00,-2.19,0.69,17.88,1157.40,3100.09,24.32,21.54,8.43,469.51
Goodluck India,530655,GOODLUCK,INE127I01024,Industrial Products,Iron & Steel Products,525.65,25.67,5241.55,0.38,67.22,59.54,1287.43,30.93,14.40,13.65,0.75,13.01,3.59,0.00,10.10,27.55,13.78,200.24,312.57,15.65,10.01,9.94,120.95
GP Eco Solutions,,GPECO,INE0S7E01015,Electrical Equipment,Other Electrical Equipment,402.05,12.36,495.72,0.00,32.94,424.16,292.91,79.56,38.27,9.35,0.99,45.83,8.59,55.50,59.26,140.62,39.46,29.33,45.57,34.94,14.30,68.16,8.13
Grand Foundry,513343,GFSTEELS,INE534A01028,Industrial Products,Iron & Steel Products,32.45,40.47,98.75,0.00,2.11,1506.67,19.65,,116.54,34.80,,,5.14,0.00,372.22,32.64,,-0.55,-1.79,116.54,9.94,,0.00
Graphite India,509488,GRAPHITE,INE371A01025,Industrial Products,Electrodes & Refractories,820.70,73.18,16034.48,0.85,171.00,28.36,842.00,26.62,4.58,38.67,0.06,3.11,12.19,0.00,-3.58,-7.62,4.12,82.54,1263.02,5.38,2.97,21.31,61.11
Greaves Cotton,501455,GREAVESCOT,INE224A01026,Industrial Products,"Compressors, Pumps & Diesel Engines",234.78,54.90,5469.23,0.85,6.16,-22.68,974.12,30.68,10.11,18.84,0.28,8.10,5.15,0.00,8.38,10.47,4.50,32.58,-142.98,6.32,6.51,21.20,64.09
Grindwell Norton,506076,GRINDWELL,INE536A01023,Industrial Products,Abrasives & Bearings,1972.70,50.06,21841.73,0.96,115.31,22.30,803.30,14.19,21.18,30.73,0.02,16.17,79.97,0.00,6.54,3.41,16.97,542.14,1368.57,22.22,18.93,12.94,51.62
GRP,509152,GRPLTD,INE137I01015,Industrial Products,Rubber,1999.00,155.64,1066.13,0.18,4.20,140.00,156.83,26.73,6.94,25.76,1.16,2.48,1.95,0.00,5.88,-30.27,11.58,29.61,101.18,13.31,8.30,3.73,5.93
GSM Foils,,GSMFOILS,INE0SQY01018,Industrial Products,Packaging,77.55,4.63,109.29,0.00,7.62,98.96,96.89,86.33,35.36,4.26,0.60,37.54,9.18,0.00,,,36.30,-36.79,-50.51,40.50,11.70,83.88,0.00
GTV Engineering,539479,,INE910R01024,Industrial Manufacturing,Industrial Products,61.73,19.45,313.59,0.22,3.99,91.83,29.64,79.64,28.58,13.88,0.12,23.66,363.00,0.00,1.83,80.73,22.22,2.79,10.09,23.27,18.07,32.41,0.00
Guj Apollo Inds,522217,GUJAPOLLO,INE826C01016,Industrial Manufacturing,Industrial Products,329.10,76.09,426.84,0.61,0.81,-29.57,9.98,-9.93,1.81,30.36,0.08,1.02,2.79,0.00,-9.68,-23.07,0.92,-38.78,-46.95,2.15,-22.86,17.67,8.70
Guj. Containers,513507,,INE276I01011,Industrial Products,Packaging,170.05,10.15,96.08,0.88,3.76,125.15,46.58,31.66,16.32,6.34,0.07,13.56,14.52,0.00,2.48,-12.56,17.45,17.72,28.42,19.11,9.86,7.16,0.00
Guj. Craft Inds,526965,,INE372D01019,Industrial Products,Packaging,88.74,42.12,43.38,0.56,0.06,-85.71,43.89,-7.68,5.90,8.65,1.12,1.94,1.21,0.00,3.85,-29.04,3.74,7.68,13.72,6.98,6.81,-14.57,12.11
Guj. Raffia Inds,523836,GUJRAFFIA,INE610B01024,Industrial Products,Packaging,40.69,18.64,21.99,0.00,0.47,38.24,9.39,-18.49,5.49,5.95,0.08,3.69,7.64,0.00,31.17,0.00,2.95,4.90,17.62,4.50,3.18,178.23,0.00
Guj. Toolroom,513337,,INE145J01032,Industrial Products,Plastic Products - Industrial,0.42,7.58,58.48,0.00,4.87,238.19,0.00,-100.00,1.96,14.40,0.20,2.37,,0.00,110.85,77.09,23.36,127.71,-119.14,68.33,-23.59,-97.46,0.00
Gujarat Intrux,517372,,INE877E01015,Industrial Products,Castings & Forgings,417.70,13.67,143.49,5.99,2.14,9.74,14.07,7.98,21.23,8.74,0.00,15.49,357.75,0.00,10.15,21.40,14.86,15.01,22.61,20.08,20.52,11.18,0.00
Gujarat Poly,517288,,INE541F01022,Electrical Equipment,Other Electrical Equipment,58.84,1.94,50.31,0.85,0.70,-75.27,5.53,18.42,4.39,1.65,0.01,-24.89,749.25,0.00,1.88,,-4.59,-1.46,0.90,9.01,2.48,0.85,0.00
Gurunanak Agri.,,GURUNANAK,INE1CCX01012,"Agricultural, Commercial & Construction Vehicles",Tractors,36.50,7.20,43.80,0.00,4.00,36.52,25.98,34.61,27.26,3.08,0.04,20.46,17.35,0.00,2.56,117.61,33.90,-7.29,-4.05,38.74,22.67,-4.06,0.18
Haldyn Glass,515147,HALDYNGL,INE506D01020,Industrial Products,Packaging,145.46,25.20,781.87,0.48,10.26,90.00,138.69,20.58,13.54,10.69,0.49,11.44,4.17,0.00,13.17,-1.02,10.04,61.78,125.33,12.65,13.92,18.93,1.56
Happy Forgings,544057,HAPPYFORGE,INE330T01021,Industrial Products,Castings & Forgings,2063.50,59.50,19479.68,0.19,91.46,39.23,449.42,27.03,18.03,36.46,0.15,15.03,39.86,0.00,8.92,12.74,16.13,444.67,926.44,19.96,31.08,15.53,237.47
Hariom Pipe,543517,HARIOMPIPE,INE00EV01017,Industrial Products,Iron & Steel Products,344.55,15.34,1066.98,0.22,17.36,-26.47,429.18,-6.89,15.82,6.66,0.57,12.44,2.74,0.00,37.32,17.95,12.54,192.08,275.67,14.83,12.34,10.87,14.88
Harish Textile,542682,,INE01K301012,Industrial Manufacturing,Industrial Products,64.00,4.04,21.35,0.00,0.90,-22.41,39.44,24.18,26.62,3.84,2.09,47.32,2.64,0.00,5.95,231.71,17.44,7.39,28.94,15.61,8.85,9.88,1.70
Hariyana Ship,526931,HRYNSHP,INE400G01011,Industrial Manufacturing,Ship Building & Allied Services,97.01,3.48,59.86,0.00,4.41,548.53,0.00,,11.79,2.76,0.03,7.48,11.21,0.00,-59.84,38.06,3.62,-1.53,-2.93,6.30,30.00,1566.67,0.00
Harri. Malayalam,500467,HARRMALAYA,INE544A01019,Industrial Products,Rubber,172.59,11.76,318.60,0.00,3.93,-34.06,124.92,7.26,11.77,9.13,0.62,11.73,3.17,0.00,3.45,3.77,7.28,25.37,81.70,9.37,4.09,2.78,104.55
Harsha Engg Intl,543600,HARSHA,INE0JUS01029,Industrial Products,Other Industrial Products,462.05,27.20,4206.69,0.32,37.38,-1.45,457.43,25.22,13.00,15.93,0.27,10.51,12.02,0.00,6.05,4.35,9.69,68.49,410.62,12.43,14.64,20.22,18.52
Hawa Engineers,539176,,INE230I01018,Industrial Manufacturing,Industrial Products,80.00,11.56,28.21,0.00,0.65,35.42,23.74,-3.18,16.13,4.00,0.97,12.51,1.80,0.00,3.74,55.66,11.54,4.46,15.54,15.69,6.88,-4.29,0.00
HBL Engineering,517271,HBLENGINE,INE292B01021,Industrial Products,Other Industrial Products,806.00,27.87,22341.91,0.37,109.14,-25.07,638.03,6.03,59.30,19.38,0.03,45.34,78.27,0.00,34.13,104.74,33.07,738.44,1255.45,40.84,31.98,62.97,127.48
HCP Plastene,526717,,INE136C01044,Industrial Products,Packaging,401.90,12.97,429.70,0.25,18.35,244.14,174.19,38.52,19.42,7.67,3.00,32.93,3.60,0.00,18.69,136.04,17.98,-18.53,-55.95,12.83,12.55,31.26,0.06
Heera Ispat,526967,,INE025D01013,Industrial Products,Iron & Steel Products,6.32,,3.72,0.00,-0.02,90.00,0.00,,-40.00,-45.10,,,,0.00,,8.37,,-0.38,-0.90,-141.97,,,0.00
HEG Advanced Materials,509631,HEGAM,INE545A01024,Industrial Products,Electrodes & Refractories,244.35,13.32,4715.41,1.39,122.34,22.57,680.79,11.10,8.35,7.62,0.17,7.42,12.33,0.00,1.41,-13.73,5.73,213.20,1105.13,6.98,9.97,20.20,224.30
Hercules Investments,505720,,INE688E01024,Industrial Manufacturing,Industrial Products,113.70,46.35,363.84,2.20,0.12,1300.00,0.42,147.06,1.05,44.42,0.00,1.00,,0.00,-61.01,-33.06,0.97,-1.10,5.38,1.01,72.75,1012.12,0.00
Hi-Tech Pipes,543411,HITECH,INE106T01025,Industrial Products,Iron & Steel Products,73.60,19.85,1494.87,0.03,20.04,-4.21,1412.80,78.53,9.77,9.10,0.20,5.88,2.80,13.00,20.75,21.41,7.12,3.32,-22.04,11.14,3.77,61.15,102.89
Highness Microelectronics,544741,,INE1KI801019,Industrial Manufacturing,Industrial Products,237.50,29.91,122.64,0.00,3.18,245.65,8.77,19.32,28.34,14.39,0.29,24.74,5.57,0.00,18.61,112.05,36.22,4.70,6.19,50.58,41.94,14.57,0.00
Hilton Met.Forg.,532847,HILTON,INE788H01017,Industrial Products,Castings & Forgings,16.85,16.97,86.72,0.00,1.81,1106.67,58.96,167.39,5.55,9.00,0.37,2.59,1.81,0.00,30.01,-16.19,3.64,-26.84,-14.00,7.73,5.05,76.94,22.69
Hind.Adhesive,514428,HINDADH,INE074C01013,Industrial Products,Plastic Products - Industrial,386.30,7.26,197.79,0.00,12.29,227.73,77.21,16.30,15.54,5.39,1.00,17.47,5.50,0.00,-7.24,54.33,19.32,42.03,84.61,17.79,19.54,-6.88,0.00
Hind.Aeronautics,541154,HAL,INE066F01020,Aerospace & Defense,Aerospace & Defense,4800.00,34.44,321012.00,0.94,1589.66,14.88,5515.17,14.45,31.97,19.76,0.00,23.97,2129.76,0.00,7.11,16.08,26.01,10906.38,32772.66,34.90,29.64,7.42,3313.01
Hind.Tin Works,530315,,INE428D01019,Industrial Products,Packaging,117.65,13.07,122.35,0.64,3.81,38.04,126.10,5.64,7.36,5.68,0.32,3.89,2.21,0.00,-3.22,-19.38,6.05,37.22,111.46,8.80,6.74,2.01,0.44
Hindusthan Insulators &,539984,,INE799B01025,Electrical Equipment,Other Electrical Equipment,477.05,13.78,1032.49,0.03,36.62,20444.44,116.02,79.88,10.61,10.49,0.42,8.30,11.10,0.00,15.17,59.61,-0.02,4.98,12.27,2.93,25.29,41.39,39.44
Hirect,504036,HIRECT,INE835D01023,Industrial Manufacturing,Industrial Products,1212.90,109.74,4300.77,0.12,6.50,-40.88,258.45,20.34,18.81,57.60,1.17,25.21,3.68,6.81,,,22.12,85.81,155.34,20.18,7.01,41.95,10.42
Hisar Met.Inds.,590018,HISARMETAL,INE598C01011,Industrial Products,Iron & Steel Products,152.88,17.34,82.56,0.65,1.80,328.57,64.42,3.74,7.92,10.27,1.32,4.96,1.96,0.00,-1.69,-33.67,6.95,10.58,33.59,9.49,5.62,8.60,0.54
Hitachi Energy,543187,POWERINDIA,INE07Y701011,Electrical Equipment,Heavy Electrical Equipment,31035.00,116.13,138330.33,0.03,294.15,123.52,2493.69,68.62,29.36,78.31,0.02,21.91,132.11,0.00,22.17,121.83,17.98,1244.83,2990.91,22.22,15.54,40.17,192.01
Hitech Corp.,526217,HITECHCORP,INE120D01012,Industrial Products,Packaging,330.15,29.85,567.06,0.30,7.11,49.68,225.67,36.85,9.66,8.46,0.48,5.83,2.22,0.00,,,,43.81,,9.66,10.99,20.13,11.87
Hittco Tools,531661,,INE863C01019,Industrial Manufacturing,Industrial Products,14.00,,9.25,0.00,-0.06,79.31,2.02,20.96,-5.86,41.19,1.27,-21.13,-1.25,0.00,4.94,,-5.22,1.08,1.89,1.54,3.44,16.90,0.00
HLE Glascoat,522215,HLEGLAS,INE461D01028,Industrial Manufacturing,Industrial Products,441.10,77.77,3063.65,0.25,2.05,-81.23,300.75,5.92,12.07,25.53,0.65,10.58,2.73,0.00,13.23,-8.39,10.60,161.22,390.31,12.59,8.99,26.31,3.74
HMT,500191,HMT,INE262A01018,Industrial Manufacturing,Industrial Products,61.31,,2180.19,0.00,-29.21,-5.19,28.93,17.84,,-53.45,,,-0.90,0.00,-11.21,-2.05,,43.95,-849.16,0.00,-77.75,8.82,2.10
Holmarc Opto,,HOLMARC,INE0LXA01019,Industrial Products,Other Industrial Products,122.40,30.15,123.01,0.41,3.83,56.00,26.04,29.17,18.49,16.33,0.02,14.06,38.71,0.00,13.32,10.67,15.58,4.63,9.26,21.41,15.27,13.61,0.21
Honda India,522064,HONDAPOWER,INE634A01018,Industrial Manufacturing,Industrial Products,1915.20,26.56,1942.01,6.61,11.10,17.09,189.25,22.17,11.50,15.20,0.00,8.61,545.39,0.00,-11.45,-9.37,9.80,-10.67,117.06,13.26,9.75,11.78,43.80
Honeywell Auto,517174,HONAUT,INE671A01010,Industrial Manufacturing,Industrial Products,33865.00,53.52,29936.66,0.32,150.70,20.95,1204.40,1.80,16.95,32.00,0.02,12.59,76.63,0.00,10.74,6.91,13.60,492.60,1357.60,18.40,13.53,6.59,2.90
Horizon Reclaim,544794,,INE1SEO01013,Industrial Products,Rubber,137.15,25.49,267.65,0.00,,,,,36.47,18.50,1.44,53.63,12.91,0.00,35.99,150.25,48.31,10.09,13.29,37.01,31.97,36.44,36.20
HPL Electric,540136,HPL,INE495S01016,Industrial Manufacturing,Industrial Products,278.15,18.79,1788.52,0.36,18.69,1.30,515.24,34.52,13.48,8.42,0.75,9.95,2.38,2.42,12.79,46.71,8.85,226.48,464.97,13.03,14.75,14.96,40.98
HRS Aluglaze,544656,,INE1E1V01017,Industrial Manufacturing,Industrial Products,258.80,49.16,499.02,0.00,5.68,311.59,41.20,89.25,18.80,29.58,0.52,21.25,6.23,0.00,44.14,126.80,23.54,-11.07,-5.66,16.76,26.57,60.37,15.61
Huhtamaki India,509820,HUHTAMAKI,INE275B01026,Industrial Products,Packaging,243.25,13.47,1837.07,0.82,43.73,76.83,750.02,22.51,11.98,6.44,0.11,8.96,11.59,0.00,-6.10,33.74,8.79,237.81,653.73,10.53,8.60,4.68,8.35
Hy-Tech Engineer,544891,HTEL,INE0LEG01024,Industrial Products,Other Industrial Products,67.03,27.70,635.80,0.00,4.60,10.84,43.05,13.38,23.91,14.10,0.24,20.15,7.13,0.00,12.43,8.20,17.81,30.33,65.97,20.86,22.28,17.36,5.75
IC Electricals,,ICELCO,INE0XE501015,Industrial Manufacturing,Industrial Products,132.65,17.33,242.24,0.00,,,,,21.98,11.45,1.19,24.71,3.33,0.00,,,21.82,-11.10,-22.22,21.60,18.89,17.35,0.00
ICE Make Refrig.,,ICEMAKE,INE520Y01019,Industrial Manufacturing,Industrial Products,663.80,96.36,1047.46,0.34,-1.41,-1.44,176.08,57.41,10.77,28.09,1.15,8.24,2.09,8.03,30.15,-19.71,17.49,-13.54,26.79,21.84,5.69,46.17,25.28
Ideaforge Tech,543932,IDEAFORGE,INE349Y01013,Aerospace & Defense,Aerospace & Defense,729.85,923.31,3628.62,0.00,-2.59,89.01,68.59,436.70,-2.81,78.94,0.14,-3.34,-0.17,2.95,6.73,,-2.42,-63.41,-64.16,-0.34,9.30,221.12,109.51
Ideal Technopl.,,IDEALTECHO,INE0T9I01011,Industrial Products,Packaging,91.70,32.99,91.70,0.00,0.98,-46.15,17.32,21.29,12.23,16.90,0.91,11.07,3.20,0.00,,,17.36,5.06,8.35,16.21,18.92,21.56,0.98
IFGL Refractori.,540774,IFGLEXPOR,INE133Y01011,Industrial Products,Electrodes & Refractories,197.45,33.22,1423.19,1.09,17.06,57.82,512.37,12.85,4.92,10.77,0.18,3.22,5.13,0.00,10.96,-22.76,4.92,63.38,243.85,6.56,7.02,15.37,40.81
IKOMA Technologies,531997,,INE164D01010,Industrial Manufacturing,Industrial Products,60.52,,140.42,0.00,0.03,-97.06,0.14,-91.57,3.06,-174.74,0.19,2.53,-31.67,0.00,,34.09,29.75,-0.17,8.82,38.16,-614.29,-98.30,0.00
Incap,517370,,INE437C01012,Electrical Equipment,Other Electrical Equipment,83.50,133.88,42.84,1.20,0.11,-63.33,5.42,-45.64,4.68,41.27,0.19,2.11,2.11,0.00,14.57,-17.70,3.73,5.11,-3.06,6.15,3.61,-30.26,0.00
Incon Engineers,531594,,INE507D01010,Industrial Manufacturing,Industrial Products,25.00,,10.82,0.00,-0.14,-250.00,0.00,-100.00,-93.15,-28.12,,,-4.20,0.00,27.59,-6.95,,-0.16,-1.05,-76.68,-842.86,-82.93,0.00
Incredible Indus,538365,INCREDIBLE,INE452L01012,Industrial Products,Iron & Steel Products,32.74,13.02,153.10,0.00,3.96,6.45,213.03,-3.06,10.43,6.96,0.22,7.23,6.85,0.00,4.43,30.57,6.99,9.62,70.80,9.75,2.75,5.11,35.34
Indef Manufactur,544364,BAJAJINDEF,INE0O9T01021,Industrial Manufacturing,Industrial Products,218.09,29.50,697.89,0.92,5.50,-2.65,34.46,-13.22,9.45,22.97,0.01,9.20,64.03,0.00,,,,23.52,,9.45,9.17,12.35,0.17
India Homes,513361,,INE072A01029,Industrial Products,Iron & Steel Products,26.74,62.91,1064.47,0.00,3.44,-116.89,0.00,-100.00,17.52,50.61,2.03,52.28,3.93,9.92,73.67,36.67,-12.78,12.91,-15.27,0.97,79.90,81500.00,0.00
Indian Link Ch.,504746,,INE359D01024,Industrial Products,Other Industrial Products,258.90,,69.26,0.00,-0.07,-333.33,0.00,,-1.60,-238.72,0.01,-1.61,,0.00,,15.57,-0.05,-19.72,-20.06,1.94,,,0.00
Indo Farm Equip.,544328,INDOFARM,INE622H01018,"Agricultural, Commercial & Construction Vehicles",Construction Vehicles,138.16,26.64,663.88,0.00,5.66,4.24,110.24,14.52,7.70,11.31,0.27,4.82,3.06,0.00,5.49,17.20,5.20,29.70,123.28,8.21,13.08,11.14,29.45
Indo SMC,544681,,INE0WKY01013,Electrical Equipment,Other Electrical Equipment,502.70,35.48,1148.94,0.00,20.93,344.37,197.20,186.09,33.78,23.97,0.30,33.92,8.15,0.00,248.79,312.90,43.51,-34.77,-51.45,36.03,15.14,123.33,8.16
Indo Tech.Trans.,532717,INDOTECH,INE332H01014,Electrical Equipment,Heavy Electrical Equipment,3177.70,33.99,3374.72,0.31,25.70,34.06,227.89,39.02,40.35,23.22,0.01,28.35,61.20,80.26,28.23,53.40,26.42,56.88,143.95,37.55,15.14,21.99,12.03
Indo-MIM,544837,INDOMIM,INE084101034,Industrial Manufacturing,Industrial Products,1275.95,97.73,63093.29,0.00,240.12,31.64,1218.74,9.39,24.98,53.47,0.49,23.43,5.86,0.00,15.06,7.65,21.32,1077.24,2039.06,22.45,25.54,25.93,180.91
Indobell Insul.,544334,,INE0FK501019,Industrial Products,Other Industrial Products,63.10,50.96,39.75,3.17,0.33,-81.25,8.58,-57.50,6.77,26.36,0.06,4.92,6.61,0.00,-9.20,-4.66,12.65,4.50,0.43,16.52,-0.71,-39.54,0.00
Indosolar,533257,WAAREEINDO,INE866K01023,Electrical Equipment,Heavy Electrical Equipment,230.85,5.77,960.42,0.00,36.62,-68.64,68.36,-64.89,123.80,3.62,0.01,150.64,315.69,0.00,,230.81,,78.37,181.73,64.63,45.98,6.90,0.00
Inducto Steel,532001,,INE146H01018,Industrial Products,Iron & Steel Products,60.30,11.70,24.22,0.00,1.29,616.00,79.38,73.13,5.94,1.39,0.23,1.36,1.48,43.28,22.56,-2.35,-2.43,29.02,16.06,2.77,4.08,20.18,0.00
Ingersoll-Rand,500210,INGERRAND,INE177A01018,Industrial Products,"Compressors, Pumps & Diesel Engines",4233.60,48.67,13364.63,1.77,70.46,19.46,379.46,20.34,57.11,34.05,0.01,43.04,265.59,0.00,6.56,13.01,42.19,273.66,745.65,56.16,23.99,8.59,29.54
Injecto Polymers,544930,,INE1JJF01019,Industrial Products,Packaging,95.97,12.46,199.52,0.00,,,,,18.95,9.34,2.61,28.93,2.91,0.00,57.43,97.76,26.20,-48.80,-78.65,15.77,10.06,43.62,0.95
Innocorp,531929,,INE214B01017,Industrial Products,Plastic Products - Industrial,4.23,336.00,3.36,0.00,-0.03,62.50,0.00,,0.00,79.78,1.69,-1.75,,0.00,11.87,25.00,-9.07,-3.83,-3.84,-9.43,42.86,,0.00
Innovative Tech,523840,,INE965C01038,Industrial Products,Packaging,14.56,,32.71,0.00,-0.78,-159.09,35.95,10.34,10.99,4.93,0.53,4.24,0.96,0.00,-7.06,42.12,2.34,12.12,31.77,9.07,6.89,-1.56,0.00
Innovators,541353,,INE870Z01015,Industrial Manufacturing,Industrial Products,114.85,15.97,216.70,0.00,8.33,8.60,143.91,34.09,11.94,7.00,0.26,8.06,3.52,0.00,7.89,17.24,9.79,37.84,71.59,14.32,12.53,2.78,3.98
Inox India,544046,INOXINDIA,INE616N01034,Industrial Products,Other Industrial Products,2156.80,76.12,19575.87,0.09,58.07,-4.99,370.79,9.18,33.48,50.88,0.07,26.13,34.69,0.00,18.00,19.34,28.73,116.65,361.06,38.17,21.13,19.94,4.25
Inox Wind,539083,INOXWIND,INE066P01011,Electrical Equipment,Heavy Electrical Equipment,74.75,37.51,12918.58,0.00,64.09,-58.44,814.10,-1.47,10.62,13.18,0.25,7.50,3.77,8.08,81.38,37.68,7.43,-598.12,-826.56,8.85,19.64,17.08,247.30
Integ. Thermopl.,530921,,INE038N01015,Industrial Products,Plastic Products - Industrial,8.39,1.02,5.28,0.00,-1.26,14.86,0.23,-84.56,,5.61,,,19.03,0.00,-31.49,35.68,,26.50,24.98,0.00,-312.50,-82.61,0.00
Integra Engg.,505358,,INE984B01023,Industrial Manufacturing,Industrial Products,180.50,41.84,621.37,0.00,4.51,-11.22,44.30,-3.13,18.52,23.01,0.20,14.94,8.70,0.00,8.21,-5.36,18.71,14.87,59.04,22.41,15.98,-5.09,0.00
Integra Switch,517423,,INE0IPL01018,Electrical Equipment,Other Electrical Equipment,159.00,,45.82,0.00,-0.08,0.00,0.02,100.00,-16.07,-155.48,0.00,-16.07,,0.00,,,,-0.37,,-16.07,-725.00,,0.01
Intl. Combustion,505737,,INE403C01014,Industrial Manufacturing,Industrial Products,475.90,,113.74,0.84,-3.99,-329.03,65.91,10.05,0.48,32.90,0.21,-1.41,-0.91,0.00,9.65,,8.14,22.86,41.05,12.84,0.81,2.08,0.60
Intl. Conveyors,509709,INTLCONV,INE575C01027,Industrial Manufacturing,Industrial Products,81.17,3.80,517.71,0.62,119.82,130.11,35.32,-0.39,20.60,3.14,0.17,17.40,21.38,0.00,-0.29,34.62,22.01,34.51,61.43,23.83,19.69,44.97,0.19
Inv.& Prec.Cast.,504786,INVPRECQ,INE155E01016,Industrial Products,Castings & Forgings,1480.60,99.17,1480.60,0.07,4.99,129.95,53.38,21.07,14.39,42.17,0.70,12.51,4.41,0.00,3.47,30.32,9.68,25.78,50.58,12.12,18.10,16.89,1.42
Ishan Internat.,,ISHAN,INE0LCW01025,Industrial Manufacturing,Industrial Products,0.50,30.89,10.81,0.00,0.31,263.16,13.50,-68.39,3.29,10.80,0.27,1.54,2.07,0.00,-9.01,-12.36,1.75,-0.06,0.12,3.70,1.93,-62.99,0.00
ITL Industries,522183,ITL,INE478D01014,Industrial Manufacturing,Industrial Products,359.00,13.41,115.03,0.35,0.58,-74.52,61.93,12.25,13.36,8.18,0.25,10.17,6.88,0.00,12.17,3.67,11.55,0.08,6.19,15.09,6.81,10.69,0.00
Iykot Hitech,522245,,INE079L01013,Industrial Manufacturing,Industrial Products,23.26,,24.14,0.00,-0.45,-28.57,0.11,-83.82,-39.38,-20.91,0.00,-38.77,,0.00,-11.30,-3.30,-57.57,-0.58,-4.54,-45.21,-69.48,-63.33,0.00
Jai Corp,512237,JAICORPLTD,INE070D01027,Industrial Products,Plastic Products - Industrial,94.43,17.54,1657.29,0.53,28.20,-72.91,157.58,20.06,11.75,13.85,0.19,12.01,619.00,0.00,-4.70,44.07,6.23,13.55,99.52,6.60,12.93,2.39,0.22
Jain Irrigat-DVR,570004,JISLDVREQS,IN9175A01010,Industrial Products,Plastic Products - Industrial,19.85,,38.30,0.00,20.42,85.30,1092.49,7.78,,,,,,0.00,,,,,,0.00,,,
Jain Irrigation,500219,JISLJALEQS,INE175A01038,Industrial Products,Plastic Products - Industrial,28.75,,2054.50,0.00,-17.80,-207.18,1508.37,-2.41,5.30,7.89,0.74,-0.48,1.10,40.77,4.00,,0.31,618.77,1947.34,5.34,12.02,8.81,59.20
Jasch Gauging,544112,,INE0QXV01014,Industrial Manufacturing,Industrial Products,549.30,16.44,248.94,1.82,3.69,7.89,14.68,15.96,21.28,7.55,0.00,15.71,186.82,0.00,-4.62,-4.48,18.43,0.79,-0.79,25.48,26.18,12.78,0.00
Jash Engineering,544402,JASH,INE039O01029,Industrial Manufacturing,Industrial Products,593.85,43.58,3752.76,0.27,5.09,195.48,149.88,17.45,17.68,27.75,0.20,15.99,9.67,0.00,22.35,13.77,19.81,56.08,169.29,22.57,15.06,1.36,22.74
Jauss Polymers,526001,,INE593O01017,Industrial Products,Packaging,21.23,,9.82,0.00,-0.05,-115.62,0.00,,-76.09,-2.18,0.13,-82.02,,0.00,,,-24.02,-4.02,-4.01,-27.85,,,0.00
Jay Bee Laminati,,JAYBEE,INE0SMY01017,Industrial Products,Iron & Steel Products,99.60,12.31,224.77,0.00,14.58,32.91,329.24,53.65,16.49,7.08,0.19,11.65,3.81,0.00,30.53,10.08,20.00,30.15,11.44,28.92,6.22,49.13,0.49
Jayaswal Neco,522285,JAYNECOIND,INE854B01010,Industrial Products,Iron & Steel Products,88.55,15.04,8598.19,0.00,193.92,108.47,2106.56,27.72,20.69,7.31,0.74,18.05,3.02,99.87,4.01,19.97,11.31,1367.46,3437.07,15.80,18.56,22.18,116.92
Jaykay Enter.,500306,JAYKAY,INE903A01025,Aerospace & Defense,Aerospace & Defense,203.75,75.41,3073.75,0.00,4.51,-78.19,74.57,34.48,4.76,59.03,0.06,3.56,5.05,0.00,72.17,121.57,1.74,43.12,10.85,2.64,10.68,117.55,60.41
JD Cables,544524,,INE14VP01014,Industrial Products,Cables - Electricals,189.60,13.48,427.57,0.00,19.80,69.09,243.34,70.11,33.64,10.05,0.39,36.01,10.65,0.00,107.41,362.80,52.41,-73.51,-104.47,48.72,13.03,45.53,5.66
Jigar Cables,540651,,INE943X01015,Electrical Equipment,Other Electrical Equipment,59.95,30.02,54.03,0.00,1.21,30.11,31.72,-26.90,8.57,18.00,0.39,7.02,6.43,0.00,26.74,20.45,7.38,-1.43,4.43,11.07,5.76,-44.73,14.43
Jindal Poly Film,500227,JINDALPOLY,INE197D01010,Industrial Products,Packaging,694.10,51.92,3039.21,0.85,107.19,39.13,695.80,-23.84,-1.99,-1481.38,1.31,-0.97,-1.08,0.00,-14.85,,0.51,-109.65,244.85,2.17,-25.48,-49.74,316.76
Jindal Saw,500378,JINDALSAW,INE324A01032,Industrial Products,Iron & Steel Products,285.50,27.94,18257.96,0.70,90.79,-75.43,4452.31,9.00,10.43,10.97,0.37,8.20,2.52,0.00,0.05,14.34,13.89,1771.39,6699.45,17.04,10.58,-8.57,452.88
Jindal Supreme,544935,JSIPL,INE1DLO01028,Industrial Products,Iron & Steel Products,138.91,31.56,708.77,0.00,8.28,,190.94,,19.70,19.73,1.27,26.20,4.50,,10.09,230.88,18.33,-5.69,20.25,16.13,6.16,15.18,7.19
Jinkushal Indus.,544547,JKIPL,INE1FF001016,"Agricultural, Commercial & Construction Vehicles","Dealers-Commercial Vehicles, Tractors, Construction Vehicles",96.28,43.28,369.58,0.00,2.20,-59.36,56.57,15.87,9.75,23.21,0.52,8.64,3.43,0.00,,,19.76,-109.51,-144.59,16.58,2.92,-3.77,1.26
Jiwanram Sheo,,JIWANRAM,INE0N5H01017,Industrial Products,Other Industrial Products,4.40,10.78,10.89,0.00,0.36,-66.97,42.77,21.75,2.77,15.45,0.68,1.55,1.74,0.00,8.38,-37.00,2.95,2.95,1.67,3.75,-0.87,-0.06,0.60
JMG Corporation,523712,,INE745F01011,Industrial Products,Plastic Products - Industrial,5.67,,13.13,0.00,-0.08,77.78,0.01,-95.65,-13.43,-18.50,0.13,-16.05,-14.80,0.00,-42.57,,-3.93,-0.42,-0.22,-2.62,-168.09,-58.04,0.00
JNK,544167,JNKINDIA,INE0OAF01028,Industrial Manufacturing,Industrial Products,420.40,31.24,2352.30,0.07,9.63,915.04,179.96,81.59,17.35,17.80,0.16,12.12,6.41,0.00,26.22,11.94,15.10,-2.18,-77.63,26.19,11.62,84.36,8.36
John Cockerill,500147,COCKERILL,INE515A01019,Industrial Manufacturing,Industrial Products,7956.00,,3928.52,0.09,-31.37,-108.72,298.56,17.89,,127.44,,,0.83,0.00,,,,,,0.00,-3.16,,2.65
Josts Engg. Co.,505750,,INE636D01041,Industrial Manufacturing,Industrial Products,222.55,66.63,263.20,0.56,2.52,320.00,48.94,23.55,6.51,21.70,0.02,-6.70,4.28,0.00,7.96,,7.35,-24.24,-12.00,20.56,4.38,2.56,0.00
JSL Industries,504080,,INE581L01018,Electrical Equipment,Other Electrical Equipment,850.45,30.07,99.83,0.00,0.43,7.50,14.52,19.11,9.93,16.41,0.05,7.10,17.36,0.00,4.81,-1.57,12.62,8.53,6.31,16.56,7.17,13.13,0.00
JTL Defence,537254,,INE140B01048,Industrial Products,"Aluminium, Copper & Zinc Products",743.60,1397.75,782.74,0.00,-2.67,10.10,21.24,,0.68,82.54,0.30,1.29,1.28,0.00,-5.72,26.32,,-15.48,-19.07,-5.81,20.87,4668.24,4.40
JTL Industries,534600,JTLIND,INE391J01032,Industrial Products,Iron & Steel Products,91.16,30.36,3482.69,0.14,35.36,99.45,721.61,32.68,9.61,18.28,0.16,7.31,12.75,5.00,11.29,2.82,10.45,-67.37,-334.67,15.31,8.20,19.01,158.97
JUJHAR LOGISTICS,534796,,INE198N01017,Industrial Products,Plastic Products - Industrial,212.85,25.83,196.58,0.00,5.24,615.38,45.49,17396.15,28.84,8.16,0.61,17.18,6.96,0.00,13.77,155.61,6.69,34.58,28.50,8.02,20.64,606.53,0.37
Jumbo Bag,516078,,INE699D01015,Industrial Products,Packaging,89.95,7.18,75.29,0.00,5.54,145.13,43.08,40.60,14.63,5.97,0.86,14.16,5.84,0.00,1.86,51.54,10.48,11.52,23.04,11.58,14.37,0.92,0.00
Jupiter Wagons,533272,JWL,INE209L01016,Industrial Manufacturing,Railway Wagons,226.73,54.46,9689.77,0.44,26.18,-13.61,670.74,46.02,9.14,25.73,0.33,6.37,4.62,0.00,12.13,14.84,14.26,9.45,94.54,20.55,11.49,-11.73,269.61
Jyoti,504076,,INE511D01012,Electrical Equipment,Heavy Electrical Equipment,61.88,8.54,142.90,0.00,5.23,-20.93,74.90,8.38,12.81,10.91,,,51.67,97.41,21.40,17.01,,15.87,55.29,8.89,8.96,4.27,0.00
Jyoti CNC Auto.,544081,JYOTICNC,INE980O01024,Industrial Manufacturing,Industrial Products,1065.10,75.29,24222.83,0.00,57.14,-19.99,508.47,23.97,21.32,43.05,0.43,18.22,6.42,20.92,31.08,156.89,19.78,54.39,-99.29,22.31,24.43,17.44,114.95
Jyoti Global,,JYOTIGLOBL,INE1M3T01017,Industrial Products,Packaging,44.80,13.06,88.79,0.00,3.52,14.01,51.60,8.06,19.10,8.17,0.39,18.06,4.93,0.00,4.66,43.11,23.44,7.28,21.26,20.21,11.86,9.38,13.13
Jyoti Structures,513250,JYOTISTRUC,INE197A01024,Electrical Equipment,Heavy Electrical Equipment,9.03,16.76,1077.87,0.00,19.46,74.37,251.46,61.00,2.25,35.64,4.39,10.81,13.98,0.00,48.51,150.75,,-268.98,-465.75,1.67,7.39,49.51,3.07
Kabra Extrusion,524109,KABRAEXTRU,INE900B01029,Industrial Manufacturing,Industrial Products,846.40,4228.71,2960.10,0.30,-1.74,77.14,124.49,44.81,0.06,78.20,0.33,-1.91,0.60,0.00,-12.36,,3.26,8.96,85.25,5.98,4.00,3.14,12.21
Kahan Packaging,543979,,INE04T901017,Industrial Products,Packaging,11.63,10.81,12.65,0.00,0.60,3.45,15.45,8.57,14.32,6.08,0.60,11.20,2.59,0.00,13.24,4.68,13.06,4.26,4.72,15.08,10.42,7.56,0.00
Kaira Can,504840,,INE375D01012,Industrial Products,Packaging,1323.00,53.98,122.00,0.91,1.50,45.63,86.74,18.85,3.68,16.06,0.07,1.99,7.47,23.08,-1.06,-39.34,3.54,-1.09,5.81,5.29,2.95,7.12,0.29
Kaka Industries,543939,,INE0P3N01018,Industrial Products,Plastic Products - Industrial,218.00,15.87,297.79,0.00,9.92,56.22,138.34,35.19,19.36,10.91,1.25,25.46,4.91,0.00,19.58,37.76,26.68,15.87,31.61,21.32,13.45,33.09,26.11
Kalana Ispat,,KALANA,INE0T0L01014,Industrial Products,Iron & Steel Products,17.90,24.06,23.34,0.00,0.96,92.00,26.97,-2.18,3.49,10.38,0.05,2.23,6.67,0.00,-14.53,24.72,5.81,-0.25,4.75,11.77,2.22,-6.07,15.58
Kalyani Cast-Tec,544023,,INE0N6U01018,Industrial Manufacturing,Industrial Products,1392.05,66.90,999.56,0.00,7.53,20.87,57.59,-16.57,27.74,45.02,0.01,20.43,140.67,0.00,33.26,22.94,23.46,19.38,18.80,30.83,14.49,7.56,3.60
Kalyani Commerc.,,KALYANI,INE610E01010,"Agricultural, Commercial & Construction Vehicles","Dealers-Commercial Vehicles, Tractors, Construction Vehicles",144.99,5.75,14.50,0.00,0.41,-34.92,84.93,-10.65,11.89,8.52,4.11,12.59,1.40,0.00,20.89,-5.86,12.86,-29.41,-29.77,13.22,1.68,35.94,0.00
Kalyani Forge,513509,KALYANIFRG,INE314G01014,Industrial Products,Castings & Forgings,974.25,28.62,354.63,0.41,4.48,217.73,66.80,4.16,12.18,12.68,1.11,10.10,3.60,0.00,-3.91,244.70,8.61,7.46,39.29,11.12,13.76,-2.75,10.28
Kalyani Steels,500235,KSL,INE907A01026,Industrial Products,Iron & Steel Products,964.70,15.74,4211.21,1.04,67.61,10.89,464.58,4.93,14.66,9.22,0.23,13.02,47.33,0.00,-0.95,16.11,14.11,141.73,841.84,15.63,19.67,-4.88,559.80
Kamdhenu,532741,KAMDHENU,INE390H01020,Industrial Products,Iron & Steel Products,39.96,13.16,1126.40,1.00,28.69,33.94,213.35,8.97,29.52,9.18,0.02,22.08,119.07,0.00,1.41,24.34,22.77,65.97,236.96,30.54,12.88,2.93,10.76
Kanishk Steel,513456,,INE791E01018,Industrial Products,Iron & Steel Products,45.27,18.82,128.75,0.00,1.49,2.76,87.39,-13.65,9.10,9.21,0.26,4.78,1.88,0.00,0.36,60.62,2.88,5.99,40.82,6.71,3.81,2.95,1.79
Kanohar Elect.,544911,KANOHAR,INE877D01025,Electrical Equipment,Heavy Electrical Equipment,862.55,52.57,6830.26,0.00,30.67,,165.58,,54.32,35.71,0.10,42.19,14.47,0.00,28.13,79.94,30.67,25.84,88.90,36.36,27.64,45.10,14.04
Kanoria Chem.,506525,KANORICHEM,INE138C01024,Industrial Manufacturing,Industrial Products,198.55,14.24,867.66,0.00,26.36,8534.71,460.37,128.61,5.95,9.02,0.51,22.08,2.85,29.57,-14.65,114.12,0.86,66.26,117.08,2.69,7.92,25.33,32.40
Kanpur Plastipa.,507779,KANPRPLA,INE694E01014,Industrial Products,Packaging,257.45,14.57,632.62,0.47,12.14,75.54,203.16,13.18,17.15,9.10,0.42,15.61,6.27,0.00,14.59,84.80,7.90,55.87,88.29,11.09,9.24,11.94,8.63
Karamtara Engg.,544917,KARAMTARA,INE590T01012,Electrical Equipment,Heavy Electrical Equipment,358.70,50.31,11543.78,0.00,58.99,51.57,1413.10,34.23,23.41,24.84,0.91,20.83,3.22,0.00,39.15,74.62,19.57,675.15,817.69,24.11,11.60,36.52,484.72
Karnawati Innovation,531671,,INE214D01021,Industrial Products,Packaging,1.16,1.67,6.27,0.00,1.85,18600.00,71.47,,20.72,1.27,0.00,13.51,5.35,0.00,-14.92,95.74,19.00,0.04,-0.26,22.09,3.49,4791.44,0.00
Kasturi Metal,544688,,INE0T1301023,Industrial Products,Iron & Steel Products,64.00,17.06,66.53,0.00,1.50,970.59,32.33,28.50,19.30,8.19,0.38,14.23,5.09,0.00,,,14.99,2.54,7.20,17.82,12.51,12.99,12.59
Kataria Indust.,,KATARIA,INE0SVY01018,Industrial Manufacturing,Industrial Products,155.80,27.68,335.46,0.32,7.75,37.66,160.89,-23.14,12.92,15.76,0.19,10.52,16.76,0.00,-0.03,19.79,14.06,19.73,88.02,14.85,6.40,-5.58,1.40
Kavveri Defence,590041,KAVDEFENCE,INE641C01019,Aerospace & Defense,Aerospace & Defense,82.34,,495.06,0.00,-1.21,-212.04,1.44,-63.17,1.14,-633.86,0.04,1.25,-33.67,5.08,44.00,-66.88,3.04,-22.87,-33.56,2.49,-65.71,-70.86,0.01
Kaycee Inds.,504084,,INE813G01023,Electrical Equipment,Other Electrical Equipment,835.95,55.85,265.29,0.24,1.16,-17.14,14.99,7.84,22.62,31.33,0.02,15.86,18.92,0.00,12.90,12.46,19.27,4.54,16.57,26.42,12.71,12.22,0.00
Kaynes Tech,543664,KAYNES,INE918Z01012,Industrial Manufacturing,Industrial Products,3650.00,70.65,24536.21,0.00,56.43,-24.37,946.02,40.47,12.69,32.75,0.19,8.69,4.97,0.00,47.68,51.37,9.70,-600.40,-595.01,13.83,15.61,34.85,510.73
KEI Industries,517569,KEI,INE878B01027,Industrial Products,Cables - Electricals,4673.50,44.82,44678.94,0.10,274.14,40.05,3185.34,22.97,20.05,28.84,0.04,14.73,20.89,0.00,19.34,24.33,16.18,839.95,1418.24,22.85,11.07,20.29,1002.31
Kennametal India,505890,KENNAMET,INE717A01029,Industrial Manufacturing,Industrial Products,4207.20,47.18,9246.69,0.95,88.80,183.71,477.60,47.68,33.21,29.26,0.00,24.48,888.67,0.00,11.94,31.85,17.27,18.30,277.40,23.19,20.10,29.09,6.60
Kilburn Engg.,522101,KLBRENG-B,INE338F01015,Industrial Manufacturing,Industrial Products,521.75,33.21,2921.82,0.57,13.09,-38.57,116.99,-9.49,23.18,19.50,0.14,17.08,9.20,0.00,,,17.70,-17.76,-1.61,22.43,21.78,31.68,4.63
Kingfa Science,524019,KINGFA,INE473D01015,Industrial Products,Plastic Products - Industrial,6237.50,37.46,8452.67,0.32,80.21,101.58,688.57,49.06,23.20,23.91,0.01,17.41,94.34,0.00,12.44,31.55,20.47,66.21,142.23,27.94,14.15,24.13,60.82
Kirl. Brothers,500241,KIRLOSBROS,INE732A01036,Industrial Products,"Compressors, Pumps & Diesel Engines",1771.90,34.76,14070.47,0.40,67.60,-0.46,1104.90,12.86,20.35,22.29,0.10,17.30,16.24,0.00,6.75,18.67,19.88,334.22,1089.29,25.08,11.75,5.04,58.45
Kirl. Electric,533193,KECL,INE134B01017,Electrical Equipment,Other Electrical Equipment,126.17,57.48,881.70,0.00,-5.99,-1526.19,103.85,-21.47,14.59,21.33,0.76,6.78,1.65,75.33,7.56,-28.99,5.12,25.42,97.76,13.68,5.04,3.38,0.00
Kirl.Pneumatic,505283,KIRLPNU,INE811A01038,Industrial Products,"Compressors, Pumps & Diesel Engines",691.95,32.91,8990.26,0.87,34.10,21.35,300.30,10.40,30.30,22.29,0.00,22.73,1826.00,0.00,12.39,35.91,20.32,227.65,626.12,26.76,20.77,9.99,6.70
Kirloskar Indus.,500243,KIRLOSIND,INE250A01039,Industrial Products,Iron & Steel Products,3597.50,12.34,3780.82,0.36,82.34,-55.27,1771.51,4.32,7.01,4.98,0.18,3.77,5.45,0.00,2.35,3.17,3.77,871.19,2047.06,8.13,12.26,3.67,753.37
Kirloskar Oil,533293,KIRLOSENG,INE146L01010,Industrial Products,"Compressors, Pumps & Diesel Engines",2137.20,54.58,31100.50,0.33,111.06,-17.08,1999.53,13.49,14.55,24.47,1.48,17.51,2.52,0.00,15.33,22.16,16.51,932.21,-276.06,14.39,17.51,22.68,148.64
Kisan Mouldings,530145,,INE017C01012,Industrial Products,Plastic Products - Industrial,23.00,,274.77,0.00,-6.69,-11250.00,65.24,6.10,-3.14,-53.96,0.16,-5.29,-3.27,0.00,-2.88,21.79,-7.58,-2.78,-32.83,-5.99,-3.49,-4.79,0.00
Kkalpana Plastic,523652,,INE465K01016,Industrial Products,Plastic Products - Industrial,54.40,,30.08,0.00,-0.08,,0.00,,1.11,-3003.00,0.00,0.95,,0.00,,28.56,0.53,-0.47,-1.44,0.64,,,0.00
Knack Packaging,544814,KNACK,INE17QZ01016,Industrial Products,Packaging,181.98,21.85,2226.80,0.00,31.51,58.98,256.82,40.32,34.07,14.43,0.88,41.96,8.64,0.00,16.45,58.08,39.77,91.83,216.99,30.56,17.97,11.42,12.83
KP Green Engg.,544150,,INE0QVH01025,Electrical Equipment,Heavy Electrical Equipment,295.20,10.87,1476.00,0.19,77.44,66.47,713.50,65.06,36.69,7.29,0.76,34.75,5.45,0.00,122.06,123.42,29.34,155.41,135.60,32.08,19.66,79.33,12.92
KPT Industries,505299,,INE731D01024,Industrial Manufacturing,Industrial Products,499.50,13.83,169.83,0.60,2.88,-6.19,39.53,1.96,20.66,8.35,0.32,17.11,5.82,0.00,5.31,14.52,20.83,2.04,27.88,23.91,12.95,9.75,0.07
Krishanveer Forg,513369,,INE013J01016,Industrial Products,Castings & Forgings,137.00,16.63,149.88,2.19,2.00,-3.38,22.14,-6.35,26.60,10.75,-0.04,16.92,172.14,0.00,3.47,69.45,14.05,1.78,7.45,21.04,13.87,7.24,3.97
Krishca Strapp.,,KRISHCA,INE0NR701018,Industrial Products,Iron & Steel Products,206.85,28.60,329.47,0.00,5.43,-13.81,141.10,64.80,12.92,13.31,0.62,10.05,3.66,0.00,47.85,7.24,17.33,44.27,22.78,26.60,12.35,56.60,88.19
Krishna Defence,,KRISHNADEF,INE0J5601015,Aerospace & Defense,Aerospace & Defense,1006.80,36.70,1504.94,0.12,11.67,32.92,57.60,-15.18,31.07,25.22,0.01,23.71,159.88,0.00,56.93,93.00,19.78,86.05,71.91,24.14,23.28,29.10,3.04
Krishna Fil. Ind,500248,,INE073A01019,Industrial Products,Plastic Products - Industrial,4.71,91.75,3.67,0.00,0.10,600.00,0.00,,0.00,162.00,,,,0.12,,,,0.02,0.02,0.00,,,0.00
Kriti Industries,526423,KRITI,INE479D01038,Industrial Products,Plastic Products - Industrial,61.21,,322.55,0.00,-2.21,-130.44,173.11,-22.74,6.97,13.81,0.41,1.32,0.79,0.00,-7.09,28.31,3.86,20.35,112.55,10.73,4.68,-22.13,7.50
Kritika Wires,,KRITIKA,INE00Z501029,Industrial Products,Iron & Steel Products,5.04,17.05,134.21,0.00,1.60,15.94,161.86,-21.75,8.91,10.62,0.55,7.72,2.94,0.00,34.98,7.97,10.44,18.83,39.44,13.25,2.05,-17.13,0.57
KRN Heat Exchan,544263,KRN,INE0Q3J01015,Industrial Products,Other Industrial Products,1381.80,93.31,9045.05,0.00,32.90,164.90,252.32,118.88,16.06,59.93,0.33,14.26,15.80,0.00,,,17.21,-113.80,-75.44,18.40,19.53,64.04,33.34
Krupalu Metals,544509,,INE0XZB01017,Industrial Products,"Aluminium, Copper & Zinc Products",31.10,6.59,18.26,0.00,3.05,312.16,42.77,157.19,19.06,6.45,0.63,20.44,6.17,0.00,22.85,87.53,29.48,-11.05,-10.26,22.25,7.68,28.66,4.12
KSB,500249,KSB,INE999A01023,Industrial Products,"Compressors, Pumps & Diesel Engines",819.10,54.40,14255.55,0.54,57.20,-18.75,690.70,3.60,24.70,33.86,0.00,18.39,101.80,0.00,13.95,16.98,17.83,92.58,421.23,24.00,12.72,4.63,102.00
KSH Internationa,544664,KSHINTL,INE987S01020,Industrial Products,Cables - Electricals,1035.50,53.60,7016.10,0.00,42.22,86.16,1164.24,108.38,21.46,28.79,0.40,20.13,4.17,0.00,43.59,61.23,20.94,-64.97,-91.66,20.16,6.09,80.67,52.08
Kunststoff Inds.,523594,,INE638D01021,Industrial Products,Plastic Products - Industrial,27.26,12.04,18.78,0.00,0.29,-35.56,4.18,36.60,17.11,5.38,0.00,13.93,,0.00,-1.29,7.93,10.72,1.27,4.40,17.20,10.77,9.19,0.00
KVS Castings,544554,,INE163701019,Industrial Products,Castings & Forgings,82.32,21.90,154.38,0.00,3.36,-15.79,27.49,2.04,15.79,15.75,0.38,14.16,22.44,0.00,-3.49,13.36,19.02,4.75,20.48,25.27,21.58,2.57,0.78
Kwick Forensic,544895,,INE1SFA01019,Industrial Manufacturing,Industrial Products,172.93,27.38,370.70,0.00,,,,,51.41,18.69,0.00,39.08,46.63,0.00,73.10,95.58,41.24,7.62,9.66,49.75,18.01,62.56,1.37
L. T. Elevator,544518,,INE0TJ801010,Industrial Manufacturing,Industrial Products,335.20,41.88,712.74,0.00,10.57,34.48,64.45,74.33,30.38,26.13,0.21,24.68,10.33,0.00,47.84,149.19,25.70,-16.99,-24.31,28.18,24.48,103.31,0.00
L.K.Mehta Poly.,544366,,INE0FFF01017,Industrial Products,Plastic Products - Industrial,40.90,24.94,15.71,0.00,0.33,-5.71,13.92,17.37,7.98,15.11,0.89,5.63,2.36,0.00,20.31,302.07,8.60,-7.83,-11.30,13.03,4.66,53.77,0.01
Lak. Electrical,504258,,INE284C01018,Electrical Equipment,Other Electrical Equipment,792.45,168.05,194.94,0.38,0.52,-8.77,65.92,25.83,0.82,30.57,0.06,0.44,2.68,0.00,-13.00,-60.81,2.21,3.69,24.73,3.33,0.35,17.73,3.39
Lakshmi Engg.,505302,,INE718M01022,Industrial Manufacturing,Industrial Products,2528.95,83.31,169.12,0.40,0.60,150.00,4.03,33.00,11.47,29.64,0.44,7.41,3.05,0.00,4.10,-8.16,7.02,4.07,11.50,10.15,30.16,21.92,0.00
Laser Power,544822,LASERPOWER,INE17IR01028,Industrial Products,Cables - Electricals,272.10,34.77,3819.42,0.00,20.73,3.75,521.55,14.84,20.51,14.11,1.20,16.78,2.19,0.00,20.97,71.55,15.68,-119.05,112.10,19.02,12.96,-9.50,27.54
Latteys Industri,,LATTEYS,INE262Z01023,Industrial Products,"Compressors, Pumps & Diesel Engines",20.67,28.16,118.84,0.00,1.27,92.42,38.69,64.22,16.32,18.30,0.91,16.40,4.77,0.00,30.34,39.62,11.89,-11.19,-0.55,13.69,5.76,56.93,0.00
Laxmipati Engg,537669,,INE920P01019,Industrial Manufacturing,Ship Building & Allied Services,450.00,,258.75,0.00,24.16,-30.42,43.55,64.34,21.84,21.21,0.47,-3.58,4.70,0.00,67.90,22.38,22.27,5.20,10.24,17.39,17.50,43.78,6.93
Lead Reclaim,,LRRPL,INE0H4B01011,Industrial Products,Rubber,93.50,19.66,80.79,0.00,3.10,219.59,17.92,-18.25,21.34,10.63,0.52,18.58,7.57,0.00,65.65,70.45,12.18,5.34,5.36,14.35,21.45,29.03,5.96
Lexoraa Ind,531944,,INE185D01015,Industrial Manufacturing,Industrial Products,16.35,,6.42,0.00,-0.28,-600.00,11.13,622.73,,-49.85,,,-1.63,0.00,408.31,-54.33,,1.37,0.31,-161.15,-0.51,417.35,0.00
Liotech Ind.,544796,,INE0TKX01011,Industrial Products,Other Industrial Products,109.06,6.73,42.54,0.00,2.45,17.22,33.98,50.82,48.41,4.63,0.34,46.50,19.09,0.00,102.03,157.54,50.68,6.48,8.58,51.68,14.25,72.30,0.00
Lippi Systems,526604,,INE845B01018,Industrial Manufacturing,Industrial Products,231.60,40.63,162.12,0.00,0.00,100.00,0.00,,20.89,27.36,0.12,16.42,134.75,0.00,,63.03,3.28,-15.24,-14.56,3.64,,-100.00,0.00
Lloyds Engineeri,539992,LLOYDSENGG,INE093R01011,Industrial Manufacturing,Industrial Products,98.56,68.35,15287.04,0.25,68.23,111.96,527.15,142.92,16.10,53.00,0.06,15.10,17.31,20.31,,,,-252.90,,16.10,14.20,53.85,71.14
LMW,500252,LMW,INE269B01029,Industrial Manufacturing,Industrial Products,17133.00,100.19,18303.18,0.20,55.52,369.17,860.72,24.00,5.58,46.12,0.00,4.05,,0.00,-12.08,-31.55,7.02,177.41,347.03,9.67,6.49,11.24,1.00
Lohia Corp,544839,LCL,INE0QJW01029,Industrial Manufacturing,Industrial Products,594.70,25.32,6283.01,0.00,66.26,295.78,503.02,59.51,43.77,18.97,0.34,44.59,19.57,0.00,,,,325.16,,43.77,18.67,24.70,5.68
Lokesh Mach.,532740,LOKESHMACH,INE397H01017,Industrial Manufacturing,Industrial Products,340.20,167.77,741.53,0.00,1.01,119.57,55.46,15.42,6.38,22.33,0.74,1.76,1.32,15.33,-4.47,-23.44,3.03,-13.39,24.96,7.55,18.16,1.00,10.41
Loyal Equipments,539227,,INE876S01017,Industrial Manufacturing,Industrial Products,144.95,22.03,156.40,0.69,1.38,36.63,18.85,66.37,15.62,12.17,0.31,12.53,5.93,0.00,17.18,4.08,20.40,1.46,12.67,24.07,15.51,17.30,15.90
Lumino Inds,544894,LUMINO,INE185Q01025,Industrial Products,Cables - Electricals,105.26,18.89,3205.73,0.00,40.30,32.87,521.43,19.29,26.59,11.15,0.55,24.55,3.56,0.00,,,23.15,156.10,-174.67,26.17,12.40,6.51,47.83
Lynx Machinery,505320,,INE732D01014,Industrial Manufacturing,Industrial Products,205.70,,21.10,0.00,-0.39,-25.81,0.00,,-4.45,-78.89,,,-0.37,0.00,100.00,,,-5.36,-14.97,-6.79,,,0.00
M E T S,538401,,INE318N01011,Industrial Manufacturing,Industrial Products,175.60,12.90,96.76,0.00,1.53,0.66,9.66,-7.38,23.47,6.47,0.04,19.37,25.89,0.00,16.77,36.33,16.92,1.66,14.54,21.14,19.38,25.41,6.39
M P K Steels,544553,,INE1PJP01015,Industrial Products,Iron & Steel Products,96.00,16.13,97.74,0.00,4.40,55.48,166.27,68.29,18.96,8.88,0.32,15.88,6.38,0.00,23.45,49.60,19.82,7.36,-4.95,21.56,4.11,25.30,0.01
M Tek Copper,,MCL,INE813V01022,Industrial Products,"Aluminium, Copper & Zinc Products",59.36,35.65,161.12,0.00,1.05,0.96,80.26,73.72,12.65,15.71,0.82,9.36,3.14,0.00,,45.32,7.93,6.22,8.27,8.24,4.23,83.25,0.00
Macpower CNC,,MACPOWER,INE155Z01011,Industrial Manufacturing,Industrial Products,2062.50,53.04,2063.36,0.07,9.58,110.09,95.24,56.05,29.11,33.26,0.00,21.30,27.59,0.00,18.17,38.03,21.02,14.03,37.85,28.64,16.71,34.80,0.65
Magna Electrocas,517449,,INE437D01010,Industrial Products,Castings & Forgings,1483.90,40.39,628.00,0.34,3.73,-43.99,50.81,4.72,17.40,19.16,0.10,13.42,18.03,0.00,6.06,5.57,15.80,21.28,68.39,20.92,15.49,8.71,4.76
Magnus Steel,517320,,INE898E01011,Electrical Equipment,Other Electrical Equipment,35.33,1.83,11.94,0.00,2.41,487.80,7.30,274.36,170.70,2.08,0.52,464.95,82.38,0.00,,159.88,,-0.17,-0.51,-60.30,23.60,443.19,0.00
Mah. Seamless,500265,MAHSEAMLES,INE271B01025,Industrial Products,Iron & Steel Products,715.65,12.98,9589.11,1.40,266.40,15.67,1091.20,-4.72,14.31,8.79,0.00,10.67,368.00,0.00,-6.49,-2.80,13.61,932.80,2583.84,17.96,14.75,-12.21,73.15
Mahalaxmi Seam.,513460,,INE257F01017,Industrial Products,Iron & Steel Products,8.61,,4.55,0.00,0.16,77.78,0.62,37.78,15.07,16.56,,,0.71,0.00,1.08,,,0.27,0.03,28.94,13.59,10.75,0.00
Mahamaya Steel,513554,MAHASTEEL,INE451L01014,Industrial Products,Iron & Steel Products,1232.10,203.51,2024.88,0.00,2.13,67.72,267.63,29.26,8.40,77.34,0.37,5.67,3.98,0.00,10.76,21.15,4.95,7.67,30.80,7.53,2.60,18.26,0.00
Mahindra EPC,523754,MAHEPC,INE215D01010,Industrial Manufacturing,Industrial Products,99.02,25.02,276.77,0.00,-2.14,-318.37,54.16,-12.70,10.33,15.00,0.24,7.93,5.30,0.00,14.05,47.03,4.57,-16.28,-19.09,6.77,5.75,5.12,0.35
Mahip Industries,542503,,INE00CX01017,Industrial Products,Packaging,17.40,22.78,33.48,0.00,0.26,92.11,1.93,-67.99,,22.51,,,30.60,0.00,,35.09,,-0.88,-22.24,-25.60,19.78,49.43,0.00
Maiden Forgings,543874,,INE0O1T01010,Industrial Products,Iron & Steel Products,100.95,28.41,143.47,0.00,2.93,46.50,122.17,17.67,9.30,12.20,0.85,6.41,2.03,0.00,1.60,-19.30,9.99,6.22,-1.25,12.33,6.45,8.78,3.53
Maks Energy,,MAKS,INE0CDK01019,Industrial Products,"Compressors, Pumps & Diesel Engines",15.00,13.33,10.40,0.00,0.60,26.32,27.97,-13.75,9.34,7.49,0.94,4.53,1.50,0.00,6.85,29.40,4.20,2.20,2.73,9.33,5.45,-18.65,0.00
Mallcom (India),539400,MALLCOM,INE389C01015,Industrial Products,Other Industrial Products,946.85,22.08,590.83,0.32,6.57,-33.30,109.49,-10.57,11.57,12.37,0.38,9.88,5.62,0.00,9.54,-6.18,11.36,34.90,42.97,14.26,10.72,3.93,0.00
Malpani Pipes,544351,,INE0YON01014,Industrial Products,Plastic Products - Industrial,65.90,7.86,71.02,0.00,5.15,4.89,93.47,12.30,20.40,5.35,0.40,17.65,4.41,0.00,25.51,63.13,26.52,15.76,-6.19,26.57,10.15,15.67,0.00
Mamata Machinery,544318,MAMATA,INE0TO701015,Industrial Manufacturing,Industrial Products,411.90,92.40,1013.60,0.12,-3.47,-230.94,36.28,-6.16,12.60,49.52,0.05,9.64,18.82,0.00,5.07,-8.59,20.35,2.44,114.79,26.74,6.16,-13.28,0.18
Man Industries,513269,MANINDS,INE993A01026,Industrial Products,Iron & Steel Products,1020.35,37.46,7653.60,0.00,61.43,122.41,1053.13,41.91,16.21,14.09,0.30,9.23,2.77,20.05,16.89,42.91,9.17,514.91,927.81,15.54,13.73,10.75,325.78
Manaksia,532932,MANAKSIA,INE015D01022,Industrial Products,Iron & Steel Products,64.11,6.69,420.14,0.00,26.68,70.07,222.76,28.47,9.83,1.97,0.04,6.97,23.30,0.00,-12.38,-14.54,7.88,-10.53,-151.02,12.03,5.72,4.27,50.79
Manaksia Coated,539046,MANAKCOAT,INE830Q01018,Industrial Products,Iron & Steel Products,129.91,33.97,1385.28,0.04,14.10,0.64,262.14,4.94,17.83,15.98,0.37,11.03,2.90,0.00,10.71,77.37,9.53,-13.78,37.77,16.05,9.38,7.07,30.54
Manas Polymers,,MPEL,INE0U4H01011,Industrial Products,Plastic Products - Industrial,25.25,6.91,58.90,0.00,4.08,80.53,31.50,106.15,30.17,5.39,0.54,35.79,13.17,0.00,,,35.84,-7.99,-2.47,31.31,24.09,68.04,13.05
Mangal Electrica,544492,MEIL,INE0PKD01011,Electrical Equipment,Other Electrical Equipment,270.80,15.93,748.22,0.00,7.52,101.61,125.83,40.34,14.62,8.96,0.08,11.31,7.61,0.00,17.83,19.87,17.88,-101.35,-94.88,21.91,11.29,17.36,9.59
Mangalam Alloys,,MAL,INE00C401011,Industrial Products,Iron & Steel Products,41.75,7.02,103.06,0.00,2.91,-76.55,219.13,-6.31,11.88,6.80,1.87,9.75,1.68,54.25,13.11,33.79,10.04,-3.66,6.18,12.23,12.48,1.53,11.11
Manika Plastech,544929,MANIKA,INE0KWF01020,Industrial Products,Plastic Products - Industrial,42.32,21.88,493.08,0.00,,,,,19.15,9.89,0.66,16.52,3.03,0.00,3.24,21.98,14.85,44.30,112.81,16.92,13.38,7.25,6.20
Manugraph India,505324,MANUGRAPH,INE867A01022,Industrial Manufacturing,Industrial Products,19.82,,60.28,0.00,7.46,-140.28,25.71,-18.79,10.80,-47.76,0.05,6.70,-3.34,0.00,3.66,30.08,-14.80,1.19,-4.98,-7.23,-1.72,5.46,0.00
Marco Cables,,MARCO,INE0QP001012,Industrial Products,Cables - Electricals,30.00,13.36,56.10,0.00,1.19,-51.82,48.79,-22.15,14.98,8.59,1.62,12.25,1.94,0.00,22.24,17.64,14.41,-16.47,-9.14,17.34,12.17,-7.72,0.00
Marine Electric.,,MARINE,INE01JE01028,Industrial Manufacturing,Industrial Products,413.75,89.06,5790.20,0.07,17.51,48.75,259.16,55.20,18.22,47.29,0.18,13.22,5.26,0.00,25.58,52.46,12.24,-16.06,32.02,16.56,10.92,21.81,13.50
Marsons,517467,MARSONS,INE415B01044,Electrical Equipment,Heavy Electrical Equipment,122.87,47.84,2114.59,0.04,5.93,-26.15,49.26,4.74,25.39,47.81,0.00,27.23,26.65,0.00,277.36,159.55,29.09,1.60,-37.63,20.77,16.86,33.29,25.45
Master Component,,MASTER,INE0OJM01017,Industrial Products,Plastic Products - Industrial,395.00,21.24,158.00,0.19,4.20,72.84,37.61,52.45,26.62,13.18,0.30,22.45,13.17,0.00,53.11,63.25,17.49,2.24,6.00,22.40,16.56,75.29,0.23
Mauria Udyog,539219,,INE150D01027,Industrial Products,Other Industrial Products,7.42,4.45,98.83,0.00,4.87,-26.77,109.37,-18.26,21.77,5.05,2.46,54.26,6.03,0.00,22.32,66.23,51.06,38.11,173.21,15.86,7.93,-13.01,0.10
Mazagon Dock,543237,MAZDOCK,INE249Z01020,Industrial Manufacturing,Ship Building & Allied Services,2199.60,31.05,88727.46,0.82,550.46,21.51,2942.70,12.08,35.98,20.56,0.05,29.17,52.87,0.00,18.44,32.14,32.32,-2653.88,131.92,41.22,19.30,13.87,251.84
Mazda,523792,MAZDA,INE885E01042,Industrial Manufacturing,Industrial Products,280.05,18.74,560.80,1.43,7.33,49.29,80.34,61.88,15.61,12.32,0.00,11.49,39.49,0.00,3.45,0.75,12.72,-18.77,35.32,17.35,15.90,17.43,0.01
Meera Industries,540519,,INE343X01026,Industrial Manufacturing,Industrial Products,27.92,65.53,59.63,0.90,0.71,26.79,12.35,30.27,4.69,17.18,0.20,2.57,2.27,0.00,25.21,33.53,7.50,6.33,10.40,8.68,7.17,-0.53,0.00
Mega Flex Plast.,,MEGAFLEX,INE0G1D01014,Industrial Products,Packaging,99.00,19.12,120.10,0.00,5.62,74.53,48.70,13.18,14.92,11.89,0.03,10.67,90.20,0.00,14.01,51.95,5.62,17.62,12.01,7.67,10.35,29.46,0.00
Megatherm Indu.,,MEGATHERM,INE531R01010,Industrial Products,Other Industrial Products,244.95,19.03,461.50,0.00,11.64,2.08,187.18,8.47,18.10,11.34,0.30,15.80,9.15,0.00,9.20,20.07,17.92,5.17,44.22,22.09,9.59,8.02,3.38
Merritronix,544773,,INE1RQS01010,Industrial Manufacturing,Industrial Products,437.75,47.54,765.40,0.00,3.81,,55.95,,41.14,28.40,0.81,46.03,6.64,0.00,43.13,273.10,51.28,-23.38,-25.49,40.77,17.46,37.28,0.00
Metal Coatings,531810,,INE161E01014,Industrial Products,Iron & Steel Products,50.89,14.57,37.29,1.97,0.77,26.23,38.25,9.19,7.08,9.91,0.08,5.57,354.00,0.00,-4.47,-4.55,5.95,-1.16,7.30,9.33,2.10,-2.22,0.00
Metalic Technoforge,,METALIC,INE1II801013,Industrial Products,Iron & Steel Products,180.25,35.09,432.32,0.00,,,,,36.06,19.04,0.95,48.48,8.52,,26.76,113.84,58.79,-0.96,2.96,43.63,22.97,28.48,0.00
MFS Intercorp,513721,,INE614F01019,Industrial Products,Iron & Steel Products,13.02,,5.62,0.00,-0.21,-75.00,0.85,,-0.64,-28.94,0.00,-0.64,,0.00,-43.82,,-0.93,-3.72,-3.67,-1.09,-16.22,484.21,0.00
MIC Electronics,532850,MICEL,INE287C01037,Industrial Products,Other Industrial Products,36.10,,1075.36,0.00,2.13,27.54,43.72,276.57,8.67,41.61,0.20,-5.76,3.97,3.70,102.60,,10.67,3.02,-58.52,9.70,11.40,132.71,1.06
Millworks Technologies,544826,,INE1SRC01010,Aerospace & Defense,Aerospace & Defense,1188.35,56.41,2093.25,0.00,,,,,80.99,37.23,0.21,70.03,15.79,0.00,338.04,382.68,65.97,-10.76,-13.10,58.70,34.97,573.17,1.87
Mipco Seaml Ring,505797,,INE860N01012,Industrial Manufacturing,Industrial Products,36.91,52.92,13.23,0.00,0.06,175.00,1.31,,37.04,66.56,,,,0.00,,71.00,,-0.01,-0.57,37.04,4.44,,0.00
Mishra Dhatu Nig,541195,MIDHANI,INE099Z01011,Aerospace & Defense,Aerospace & Defense,405.05,56.51,7588.21,0.21,16.31,27.42,239.49,40.46,11.30,27.78,0.27,8.88,8.57,0.00,11.50,-5.68,8.02,154.67,587.27,10.45,18.79,18.17,15.80
Misquita Engg.,542801,,INE957W01025,Industrial Manufacturing,Industrial Products,55.23,112.57,25.89,0.00,0.08,300.00,9.15,41.42,3.07,47.08,0.17,1.72,2.94,0.00,22.51,-18.19,0.48,-2.80,-8.87,1.12,3.22,50.29,2.16
Mitsu Chem Plast,540078,,INE317V01016,Industrial Products,Packaging,178.70,10.49,242.64,0.11,8.74,567.18,95.15,11.57,16.29,6.66,0.57,15.04,5.76,0.00,4.26,10.07,12.05,32.77,57.28,13.52,12.58,6.70,1.37
Mittal Sections,544575,,INE833Q01012,Industrial Products,Iron & Steel Products,28.20,9.43,32.62,0.00,1.12,9.80,78.33,14.53,12.81,6.59,0.43,10.15,3.32,0.00,-3.86,89.31,18.19,-6.32,1.18,19.09,5.05,8.56,19.90
Miven Mach. Tool,522036,,INE338P01014,Industrial Manufacturing,Industrial Products,69.30,,20.81,0.00,-0.16,5.88,0.03,,,-57.00,,,,0.00,-44.97,-44.97,,-1.18,-2.11,0.00,-255.00,,0.00
Modern Insulator,515008,,INE219W01012,Electrical Equipment,Other Electrical Equipment,450.40,22.55,2123.36,0.00,29.60,94.48,188.30,33.19,19.29,15.58,0.13,15.69,22.32,0.00,18.65,42.22,10.66,46.68,98.13,12.39,14.81,41.77,0.53
Modern Malleable,517336,,INE834C01028,Industrial Products,Iron & Steel Products,35.00,16.73,407.84,0.00,7.50,206.12,55.23,98.53,14.99,12.16,0.06,11.37,33.53,0.00,42.26,34.08,6.84,7.04,2.50,9.87,19.24,129.46,0.00
Modern Steels,513303,,INE001F01019,Industrial Products,Iron & Steel Products,15.18,17.41,20.89,0.00,0.36,56.52,0.00,,5.71,17.39,0.01,5.77,,0.00,,-61.72,12.91,0.02,6.92,12.65,,,0.00
Modison,506261,MODISONLTD,INE737D01021,Electrical Equipment,Other Electrical Equipment,444.05,13.44,1440.94,1.24,33.84,506.77,270.47,101.63,30.98,9.81,0.64,32.04,14.14,0.00,28.51,82.83,18.68,-64.19,-84.18,19.64,18.76,66.70,3.49
Mold-Tek Pack.,533080,MOLDTKPAC,INE893J01029,Industrial Products,Packaging,669.85,29.27,2225.84,0.75,25.57,17.35,300.45,24.90,13.33,13.35,0.31,10.80,6.34,2.27,6.70,-3.72,10.70,125.37,314.61,13.41,19.15,14.71,13.87
Monind,532078,,INE407E01029,Industrial Products,Iron & Steel Products,19.82,,7.30,0.00,-0.78,-6.85,0.00,,,21.69,,,0.69,0.00,,20.35,,-0.27,-0.77,0.00,,,0.00
Monolithisch Ind,,MONOLITH,INE1DV401010,Industrial Products,Electrodes & Refractories,1269.65,95.89,2759.71,0.00,10.07,134.73,47.19,63.85,34.79,66.35,0.05,27.76,117.30,0.00,,,,13.79,,34.79,25.04,38.93,10.98
MPL Plastics,526143,,INE343A01016,Industrial Products,Packaging,6.68,,8.35,0.00,-0.13,13.33,0.00,,-226.67,-80.20,,,,0.00,,,,-0.49,-16.47,-2513.33,,,0.00
MSP Steel & Pow.,532650,MSPL,INE752G01015,Industrial Products,Iron & Steel Products,33.73,13.72,1911.81,0.00,21.98,23.21,826.52,16.27,9.69,11.74,0.35,13.91,2.78,63.53,3.69,67.04,5.35,148.19,507.86,8.01,6.26,4.03,19.09
MSR India,508922,,INE331L01026,Industrial Products,"Aluminium, Copper & Zinc Products",2.76,,17.35,0.00,-0.07,0.00,0.00,,,-56.73,,,,0.00,,,,0.00,-3.69,-3.61,,,0.00
MTAR Technologie,543270,MTARTECH,INE864I01014,Electrical Equipment,Other Electrical Equipment,6900.00,154.59,21224.12,0.00,50.50,349.69,360.72,130.37,15.15,83.48,0.46,12.55,5.66,3.52,15.18,-1.47,9.58,191.66,348.92,12.34,21.06,53.38,34.40
Mukand,500460,MUKANDLTD,INE304A01026,Industrial Products,Iron & Steel Products,167.05,3.82,2413.80,1.20,57.36,97.59,1362.21,20.69,4.44,5.45,1.11,5.57,4.56,0.00,-4.23,29.62,7.92,-440.98,-195.95,8.39,2.56,7.57,97.76
Mukat Pipes,523832,,INE862C01029,Industrial Products,Iron & Steel Products,13.90,,16.44,0.00,-0.13,-550.00,1.60,70.21,,93.40,,,0.57,0.00,16.92,34.20,,0.14,1.16,0.00,-7.24,58.82,0.00
Munish Forge,,MUNISH,INE1K8Y01018,Industrial Products,Castings & Forgings,89.95,20.56,216.51,0.00,3.41,-57.05,100.10,10.61,11.98,11.36,0.45,10.85,3.21,0.00,4.48,74.85,15.51,-30.19,-20.76,15.54,11.73,4.10,0.32
MV Electrosystems,544851,MVELECTRO,INE0OWZ01020,Industrial Manufacturing,Industrial Products,813.80,,2220.27,0.00,-6.89,-20.24,12.77,-5.06,-15.09,-244.89,0.88,-31.39,-3.06,0.00,-10.14,,-15.21,-57.55,-57.73,2.12,-19.53,-21.10,1.95
Nahar Poly,523391,NAHARPOLY,INE308A01027,Industrial Products,Packaging,227.68,7.74,559.82,0.66,11.68,-35.96,159.92,-18.72,10.56,5.32,0.09,9.27,12.12,0.00,-0.88,21.59,5.12,50.28,123.62,5.56,14.16,-3.96,22.29
Narmada Macplast,517431,,INE060D01028,Industrial Products,Plastic Products - Industrial,23.64,49.51,85.65,0.04,0.45,12.50,3.69,19.03,26.92,36.59,0.00,19.51,,0.00,9.93,450.69,4.96,-0.35,-6.12,16.38,16.83,37.90,0.00
Narmadesh Brass,544680,,INE0S1B01014,Industrial Products,Other Industrial Products,331.55,28.80,102.81,0.00,-0.76,,61.95,,10.83,17.20,0.20,11.24,3.58,0.00,16.67,56.58,31.31,-14.22,-16.07,26.88,4.83,8.46,0.00
National Fitting,531289,,INE643C01015,Industrial Products,Iron & Steel Products,305.95,26.64,277.90,0.33,3.94,50.38,27.13,31.83,15.53,13.21,0.14,11.29,15.82,0.00,2.04,30.29,8.37,-3.87,14.32,12.77,14.13,17.21,5.38
National Plastic,531287,,INE896D01017,Industrial Products,Plastic Products - Industrial,230.80,14.48,140.29,0.65,2.56,15.32,95.18,28.50,17.25,7.19,0.86,17.34,4.23,0.00,17.47,16.43,19.06,23.26,49.01,17.51,7.28,14.64,2.72
Natl. Gen. Inds.,531651,,INE654H01011,Industrial Products,Iron & Steel Products,52.98,,23.75,0.00,0.72,112.00,3.21,98.15,-1.32,98.88,0.03,-1.67,-1.75,0.00,-12.70,,1.16,-1.31,-0.08,1.85,-21.33,15.30,0.00
Natl. Plastic,526616,,INE233D01013,Industrial Products,Plastic Products - Industrial,40.98,11.55,37.41,0.00,0.63,-26.74,15.52,-29.36,12.35,5.53,0.53,7.92,4.20,0.00,-2.74,-7.13,7.33,3.53,30.38,10.54,10.66,2.08,0.00
Neetu Yoshi,544434,,INE0UZO01024,Industrial Products,Castings & Forgings,234.05,36.31,908.41,0.00,13.47,58.96,54.20,53.19,31.81,26.56,0.03,27.52,20.09,0.00,82.31,290.55,39.77,4.03,24.21,47.42,31.17,39.33,38.16
Nelcast,532864,NELCAST,INE189I01024,Industrial Products,Castings & Forgings,118.39,25.08,1030.01,0.59,5.14,-58.88,341.05,2.77,11.43,10.72,0.43,8.43,2.85,0.00,1.67,17.32,7.66,91.58,216.86,10.35,7.33,4.22,0.02
Neueon Corporation,532887,NEUEON,INE333I01044,Electrical Equipment,Heavy Electrical Equipment,14.39,,813.68,0.00,-0.91,95.88,0.06,-98.65,-40.43,-4.38,0.19,-43.73,-23401.00,0.00,,,,-38.35,-1285.82,-20.91,-1687.81,17.82,0.00
Newmalayalam St.,,NMSTEEL,INE0TP801012,Industrial Products,Iron & Steel Products,23.30,7.31,40.28,0.00,2.86,466.67,157.69,5.16,8.35,3.88,0.19,6.73,2.99,0.00,-3.36,-2.85,4.93,3.85,7.49,7.28,2.39,5.22,2.01
NIBE,535136,NIBE,INE149O01018,Aerospace & Defense,Aerospace & Defense,1261.40,,1955.39,0.10,-11.99,-680.53,63.01,-23.62,4.79,62.54,0.34,1.94,0.23,0.00,65.17,25.18,8.12,-34.52,8.69,12.27,6.09,-5.17,62.40
Nilachal Refract,502294,,INE416N01013,Industrial Products,Electrodes & Refractories,37.80,,76.96,0.00,-0.55,-52.78,0.00,,-6.32,-28.85,,,-9.35,0.00,,8.43,,-1.40,-2.88,-28.77,-554.44,13.92,6.07
Nitin Castings,508875,,INE861H01020,Industrial Products,Castings & Forgings,469.80,29.60,241.54,0.64,2.68,-53.06,27.47,-23.16,15.52,18.71,0.15,12.72,12.92,0.00,3.32,31.38,15.35,9.35,44.55,19.11,6.85,-5.22,5.30
Noble Polymers,539200,,INE203Q01026,Industrial Products,Plastic Products - Industrial,16.28,,14.25,0.31,1.01,676.92,11.18,,-26.44,-12.95,0.08,-29.01,,0.00,,,,-1.74,1.41,38.74,-10.47,,0.00
Nova Iron &Steel,513566,,INE608C01026,Industrial Products,Iron & Steel Products,14.14,,51.10,0.00,0.86,-201.81,67.49,-40.26,-4.16,109.87,,,-1.43,0.00,-12.56,,,-8.57,16.66,-7.09,0.38,4.05,91.25
NRB Indl Bearing,535458,NIBL,INE047O01014,Industrial Products,Abrasives & Bearings,32.65,,79.18,0.00,-6.59,-29.47,18.90,1.89,-18.17,-43.48,,,-1.20,0.00,-2.16,,,-3.89,-20.35,-18.25,-13.95,11.93,2.56
Om Metallogic,544559,,INE0R8Q01018,Industrial Products,"Aluminium, Copper & Zinc Products",29.00,4.77,22.80,0.00,3.77,69.82,53.07,57.66,22.78,3.47,0.11,19.52,10.49,0.00,26.17,63.18,27.45,-13.51,-10.29,25.71,9.34,25.22,0.00
Omnitech Engg.,544720,OMNI,INE0UH301010,Industrial Manufacturing,Industrial Products,533.95,63.52,6603.15,0.00,29.73,470.63,166.66,61.48,17.55,30.64,0.64,17.96,4.48,0.00,42.33,34.94,21.77,-1.98,-49.67,18.22,33.96,49.11,24.39
Oriana Power Ltd,,ORIANA,INE0OUT01027,Electrical Equipment,Other Electrical Equipment,330.75,13.32,3360.28,0.00,130.41,19.02,1032.49,64.51,39.61,8.42,0.67,39.64,6.51,6.39,137.89,188.03,44.16,337.04,629.66,39.82,21.95,83.72,146.50
Oricon Enterpris,513121,ORICONENT,INE730A01022,Industrial Products,Packaging,51.40,48.69,807.23,0.39,15.49,37.89,7.19,-7.58,2.08,26.10,0.00,1.28,35.83,0.00,-33.88,9.19,4.71,-2.31,23.97,0.38,-129.78,-20.59,16.74
Orient Ceratech,504879,ORIENTCER,INE569C01020,Industrial Products,Electrodes & Refractories,47.80,16.97,571.88,0.73,8.57,177.17,100.65,4.57,11.45,9.68,0.13,9.13,9.72,0.00,9.53,23.41,6.25,51.18,57.57,8.55,12.85,24.40,8.62
Orient Press,526325,ORIENTLTD,INE609C01024,Industrial Products,Packaging,80.48,,80.48,0.00,-1.25,-58.23,21.53,-17.98,3.49,17.01,0.90,-2.22,0.63,0.00,-9.30,16.17,-3.00,9.16,30.45,3.13,2.54,-6.49,0.12
Oriental Rail,531859,ORIRAIL,INE457G01029,Industrial Products,Other Industrial Products,121.12,17.24,812.22,0.08,10.75,83.13,137.58,16.69,12.04,10.66,0.76,11.01,3.49,0.00,20.78,136.83,11.30,-29.73,-47.47,11.80,15.46,-0.67,13.02
Oswal Pumps,544418,OSWALPUMPS,INE0BYP01024,Industrial Products,"Compressors, Pumps & Diesel Engines",274.95,9.31,3134.56,0.00,54.14,-42.82,473.56,-7.86,38.24,6.26,0.14,35.16,14.91,0.00,75.02,122.59,49.74,-77.08,-210.75,63.23,22.11,29.03,43.56
P S Raj Steels,,PSRAJ,INE0XUS01020,Industrial Products,Iron & Steel Products,99.30,43.78,374.28,0.00,4.62,30.51,135.78,7.29,16.10,28.56,0.01,12.35,35.15,0.00,5.95,32.81,15.42,7.52,1.19,19.15,4.92,1.18,0.00
P.M. Telelinnks,513403,,INE092C01015,Industrial Products,Iron & Steel Products,15.56,,15.68,0.00,-0.01,0.00,0.00,-100.00,-1.94,-111.86,0.00,-2.24,,0.00,-54.84,,-0.29,0.00,0.01,-0.18,-11.20,-79.87,0.00
Padmanabh Alloys,531779,,INE630U01014,Industrial Products,Plastic Products - Industrial,20.95,11.81,11.34,0.00,0.54,300.00,15.74,52.37,4.52,9.55,0.48,1.66,2.98,0.00,3.18,-13.28,3.31,1.31,1.61,5.83,3.24,28.19,0.00
Pan Electronics,517397,,INE648E01010,Industrial Manufacturing,Industrial Products,26.64,,10.66,0.00,-0.41,-583.33,0.79,-59.69,-17.10,-40.28,,,-15.40,0.00,20.78,15.62,,-2.03,-6.30,-24.87,-56.48,-64.71,0.06
Panasonic Carbon,508941,,INE013E01017,Industrial Products,Electrodes & Refractories,405.35,10.14,194.57,2.96,4.26,-32.38,11.10,-30.10,16.79,6.87,0.00,11.80,,0.00,2.98,18.26,12.25,10.99,21.46,16.81,30.48,-9.34,0.00
Panchmahal Steel,513511,PANCHMAHQ,INE798F01010,Industrial Products,Iron & Steel Products,290.10,138.38,553.51,1.03,4.34,326.04,93.97,7.35,3.10,26.58,0.23,-1.48,2.84,5.79,-7.70,,0.85,28.56,63.21,4.55,5.00,4.87,0.42
Pankaj Polymers,531280,,INE698B01011,Industrial Products,Packaging,126.60,24.89,70.19,0.00,0.45,364.71,0.96,108.70,15.80,22.23,0.00,14.44,24.23,0.00,-9.95,225.86,4.31,-0.34,-0.46,5.78,-47.22,9.09,0.00
Paramount Comm.,530555,PARACABLES,INE074B01023,Industrial Products,Cables - Electricals,59.81,32.12,1957.22,0.00,19.70,6.49,529.40,17.35,12.35,16.73,0.16,7.99,4.41,0.00,34.09,7.69,12.24,-38.02,-34.86,14.44,4.31,16.77,0.00
Paramount Specia,,PSFL,INE0Q6001012,Industrial Products,Other Industrial Products,34.55,16.19,68.00,0.00,2.07,-27.87,61.61,-1.57,9.40,9.69,0.50,7.76,3.70,0.00,2.82,15.02,14.38,5.92,-1.30,17.04,6.25,9.12,15.07
Paras Defence,543367,PARAS,INE045601023,Aerospace & Defense,Aerospace & Defense,1321.00,115.11,10645.59,0.08,20.74,42.70,127.91,37.26,17.19,72.30,0.04,12.38,24.85,0.00,28.92,32.76,10.78,24.61,23.90,14.37,25.51,36.61,15.58
Parmeshwar Metal,544330,,INE0QQJ01021,Industrial Products,"Aluminium, Copper & Zinc Products",321.00,15.20,491.32,0.39,23.46,250.15,1127.70,50.08,43.41,11.11,0.23,37.41,26.32,0.00,26.62,53.72,29.09,21.64,19.02,30.30,2.18,42.72,0.00
Parth Electrical,,PARTH,INE1H7V01011,Electrical Equipment,Other Electrical Equipment,514.05,50.42,718.02,0.00,8.13,35.73,117.61,12.26,21.05,29.07,0.15,18.73,9.74,0.00,44.57,80.29,25.03,-4.06,3.77,29.04,10.53,13.36,13.11
Patels Airtemp,517417,,INE082C01024,Industrial Manufacturing,Industrial Products,407.20,32.52,222.75,0.74,-0.62,-122.14,15.52,-81.20,9.50,12.41,0.53,6.33,1.93,0.00,-3.50,-2.86,9.25,22.80,73.94,12.54,10.01,-47.91,2.81
Patil Automation,,PATILAUTOM,INE17GV01016,Industrial Manufacturing,Industrial Products,352.05,43.21,768.20,0.00,11.54,,95.31,,,25.06,0.15,12.83,10.13,0.00,,,,-0.62,,0.00,14.80,,0.00
Pennar Industrie,513228,PENIND,INE932A01024,Industrial Manufacturing,Industrial Products,184.90,17.61,2505.33,0.00,35.41,10.86,870.42,2.93,15.15,8.21,1.00,12.39,2.34,8.73,7.74,21.10,12.23,202.12,682.82,15.59,9.93,9.17,135.52
Pentagon Rubber,,PENTAGON,INE0ORS01017,Industrial Products,Rubber,90.50,37.92,69.78,0.00,1.21,-31.25,24.11,-3.64,7.40,17.32,0.92,5.60,3.37,0.00,5.50,-15.96,10.87,-3.62,-10.22,10.80,9.53,3.20,0.00
Perfect Infraeng,,PERFECT,INE925S01012,Electrical Equipment,Other Electrical Equipment,1.70,3.62,2.97,0.00,0.71,-49.29,2.66,-41.41,0.92,6.32,0.24,3.04,1.06,0.00,73.60,34.82,-1.15,-6.15,-7.00,-1.14,23.21,-18.04,0.00
Permanent Magnet,504132,PERMAGN,INE418E01018,Electrical Equipment,Other Electrical Equipment,852.45,55.58,733.11,0.26,3.80,-38.41,63.23,18.08,13.83,18.02,0.56,10.52,4.67,0.00,,,12.40,17.58,79.46,14.31,15.67,15.49,8.08
Phychem Technologies,544902,,INE24YP01017,Industrial Products,Other Industrial Products,51.00,12.77,52.22,0.00,,,,,38.96,8.04,0.43,34.82,6.19,0.00,10.14,45.79,32.96,0.78,5.87,33.61,10.84,12.27,0.03
Pitti Engg.,513519,PITTIENG,INE450D01021,Industrial Manufacturing,Industrial Products,1162.40,35.18,4376.85,0.22,29.50,28.93,529.09,15.89,14.84,14.00,0.82,12.51,2.96,0.00,20.25,26.21,16.23,204.91,573.47,16.99,16.45,12.19,49.81
Pix Transmission,500333,PIXTRANS,INE751B01018,Industrial Products,Rubber,1734.80,17.94,2364.53,0.52,52.75,89.34,149.25,22.80,21.73,11.30,0.03,16.44,60.50,0.00,6.19,17.91,18.34,171.08,415.73,23.73,25.30,4.27,3.44
Plaza Wires,544003,PLAZACABLE,INE0INJ01017,Industrial Products,Cables - Electricals,59.94,24.44,262.25,0.00,4.50,316.67,90.24,38.07,8.38,13.93,0.25,5.70,5.14,0.00,20.34,-1.53,4.09,4.17,-12.07,6.76,6.08,45.13,0.10
Polycab India,542652,POLYCAB,INE455K01017,Industrial Products,Cables - Electricals,8408.50,44.24,126713.13,0.56,796.66,32.46,8209.73,39.01,33.21,27.73,0.02,23.05,15.24,0.00,26.98,27.50,22.56,3810.67,6915.44,31.37,13.74,32.06,1139.26
Polycon Intl.,531397,,INE262C01014,Industrial Products,Packaging,25.20,,12.32,0.00,-0.47,-80.77,4.25,-2.52,-2.65,180.81,31.40,-112.94,-0.55,0.00,-12.39,,-48.66,2.68,1.73,1.21,-0.51,-14.83,2.38
Polymac Thermof.,537573,,INE826P01018,Industrial Products,Plastic Products - Industrial,11.05,528.00,5.28,0.00,-0.33,67.00,8.70,85.11,2.03,19.06,0.43,0.09,1.40,0.00,14.27,-71.89,1.14,-1.65,-3.08,2.66,1.45,53.57,0.00
Polymechplast Ma,526043,,INE809B01014,Industrial Manufacturing,Industrial Products,45.46,10.52,25.47,2.20,-0.71,-184.00,9.93,-17.11,0.32,5.78,0.17,-11.84,9.23,0.00,-0.14,,-1.92,-5.24,-2.61,3.85,-0.78,6.87,0.00
Polyplex Corpn,524051,POLYPLEX,INE633B01018,Industrial Products,Packaging,1086.20,21.96,3409.85,0.28,171.07,571.41,2253.62,29.62,0.89,4.82,0.22,0.54,6.38,0.00,-2.53,-60.43,2.40,536.85,1430.10,3.30,7.79,9.55,70.00
Polysil Irrigati,,POLYSIL,INE517M01028,Industrial Products,Plastic Products - Industrial,60.90,37.71,161.42,0.00,0.20,115.75,5.09,1857.69,8.79,29.79,0.61,6.93,2.43,0.00,1.26,42.55,3.57,-47.58,-51.15,7.96,11.22,228.72,0.00
Polyspin Exports,539354,POLYSPIN,INE914G01029,Industrial Products,Packaging,28.98,5.12,28.98,0.00,1.50,7.14,53.14,-7.36,7.63,5.74,1.02,8.29,1.76,0.00,2.73,0.74,3.75,32.40,30.82,5.92,4.60,-5.26,0.01
Poojawes. Metal.,540727,,INE973X01012,Industrial Products,Other Industrial Products,16.06,11.80,16.29,6.23,0.42,-10.64,16.55,51.70,10.12,7.54,1.51,9.12,2.38,0.00,33.82,7.65,11.44,2.92,1.80,11.34,4.73,45.84,0.00
Power & Instrum.,543912,PIGL,INE557Z01018,Electrical Equipment,Other Electrical Equipment,100.47,15.67,212.68,0.20,2.66,3.10,40.68,-1.50,14.21,10.54,0.16,10.48,4.91,0.00,29.04,55.18,12.08,-7.64,-39.05,17.02,10.26,7.98,0.00
Powerica Ltd,544744,POWERICA,INE921L01032,Electrical Equipment,Heavy Electrical Equipment,582.95,26.24,7377.34,0.00,64.43,28.14,780.11,26.66,15.67,15.73,0.29,17.36,15.23,0.00,8.19,35.91,17.00,452.88,984.88,21.48,12.49,13.50,179.28
Praj Industries,522205,PRAJIND,INE074A01025,Industrial Manufacturing,Industrial Products,315.90,114.94,5806.66,1.14,11.61,117.42,715.82,11.81,6.12,27.21,0.13,1.48,5.64,0.00,-3.53,-56.16,11.74,200.09,442.44,17.77,4.64,2.35,6.19
Prakash Pipes,542684,PPL,INE050001010,Industrial Products,Plastic Products - Industrial,263.05,12.74,629.17,1.29,16.42,59.26,241.45,18.70,12.42,7.02,0.04,9.23,24.56,0.00,3.61,-10.16,17.38,20.04,213.00,22.91,8.27,6.12,18.24
Prakash Steelage,533239,PRAKASHSTL,INE696K01024,Industrial Products,Iron & Steel Products,3.62,102.18,63.35,0.00,0.16,-57.89,16.81,2.31,10.54,32.84,0.05,9.13,13.00,0.10,-1.50,-41.05,,6.61,32.48,15.09,1.90,19.55,0.00
Prec. Electronic,517258,,INE143C01024,Industrial Manufacturing,Industrial Products,193.05,,267.37,0.00,-2.36,-742.86,13.28,-40.34,7.15,53.39,4.82,3.93,0.76,0.00,30.47,34.66,3.35,4.02,12.25,7.55,7.38,12.64,11.51
Prec. Wires (I),523539,PRECWIRE,INE372C01037,Industrial Products,"Aluminium, Copper & Zinc Products",502.60,52.61,9187.93,0.25,46.45,71.47,1779.24,59.49,32.94,27.97,0.38,22.80,4.33,0.00,21.27,38.03,18.63,272.96,500.56,28.35,5.47,46.02,182.98
Premier,500540,PREMIER,INE342A01018,Industrial Manufacturing,Industrial Products,2.80,,8.50,0.00,-1.76,9.28,0.00,,,238.91,,,-3.95,0.00,,16.22,,-1.61,-5.02,0.00,,,3.52
Premier Cap Serv,511016,,INE946K01023,Electrical Equipment,Other Electrical Equipment,5.96,32.97,22.09,0.00,0.25,247.06,0.15,25.00,-1.19,34.00,0.10,-2.59,,0.00,1.82,-41.52,-1.67,-0.14,-0.42,-1.32,-28.33,-10.45,0.00
Premier Energies,544238,PREMIERENE,INE0BS701011,Electrical Equipment,Other Electrical Equipment,896.40,24.44,40692.21,0.11,471.92,50.45,2462.59,35.25,32.71,15.40,0.86,40.99,14.25,0.00,76.27,364.81,44.85,1261.06,2699.26,33.02,30.04,26.70,2143.87
Premier Polyfilm,514354,PREMIERPOL,INE309M01020,Industrial Products,Plastic Products - Industrial,95.40,28.59,999.24,0.16,9.08,51.33,87.92,35.07,28.86,19.41,0.13,24.00,61.65,0.00,5.45,39.65,24.26,26.70,65.33,29.32,16.21,19.36,0.50
Presstonic Engi.,,PRESSTONIC,INE0R1601012,Industrial Manufacturing,Industrial Products,52.50,30.78,80.02,0.00,2.27,-57.09,20.33,13.20,9.80,11.84,0.31,6.54,2.35,0.00,24.41,2.28,7.66,-6.45,-11.03,12.27,17.68,92.49,0.00
Prima Innovation,544855,,INE13LA01027,Industrial Products,Plastic Products - Industrial,27.72,,30.49,0.00,0.46,183.64,15.30,24.19,-2.15,61.79,0.96,-7.32,-0.67,0.00,,,,4.12,,-2.15,1.67,22.97,1.85
Prime Cable Ind.,,PRIMECAB,INE0CQA01020,Industrial Products,Cables - Electricals,171.10,22.02,313.52,0.00,6.76,66.94,144.17,69.73,28.03,14.31,0.85,37.79,4.95,0.00,47.23,356.18,42.80,-13.21,-8.63,23.59,10.09,66.71,1.00
Prince Pipes,542907,PRINCEPIPE,INE689W01016,Industrial Products,Plastic Products - Industrial,261.80,27.79,2894.49,0.38,33.75,600.21,609.42,5.00,6.03,10.33,0.09,4.60,18.29,0.00,-1.40,-15.03,6.11,526.46,678.31,8.22,10.26,5.10,25.93
Prizor Viztech,,PRIZOR,INE0V9N01017,Industrial Manufacturing,Industrial Products,1128.10,58.16,1217.92,0.00,5.92,38.32,42.01,35.39,38.74,36.71,0.56,35.77,8.03,0.00,,,40.70,0.45,-15.47,42.00,22.33,115.36,12.32
Promact Plastics,526494,,INE818D01011,Industrial Products,Packaging,16.20,,10.55,0.00,16.45,206.67,5.12,7214.29,-207.14,-1110.00,,,-0.21,0.00,-53.49,,,4.00,6.03,-39.70,-4.80,466.30,0.00
Prostarm Info,544410,PROSTARM,INE0BX301013,Electrical Equipment,Other Electrical Equipment,141.17,21.76,831.13,0.00,5.01,221.15,75.82,48.72,17.88,15.57,0.31,16.58,11.12,0.00,18.13,19.07,23.14,-48.85,-60.67,27.13,12.83,32.89,21.47
PTC Industries,539006,PTCIL,INE596F01018,Industrial Products,Castings & Forgings,21810.00,260.36,32698.75,0.00,29.19,465.70,191.80,97.43,8.59,158.45,0.17,7.16,15.60,0.07,40.09,58.99,7.06,-68.66,-151.35,8.98,24.65,94.62,310.65
Purple Wave Info,544627,,INE0VDK01019,Industrial Manufacturing,Industrial Products,326.75,22.50,302.11,0.00,6.60,45.05,68.43,-1.30,36.88,15.61,0.29,35.91,12.58,0.00,27.73,173.01,50.27,-10.61,-13.87,49.13,13.54,14.36,0.00
Purv Flexi,,PURVFLEXI,INE0R6C01012,Industrial Products,Plastic Products - Industrial,43.35,20.45,90.96,0.00,-1.58,-92.61,323.39,46.03,8.10,7.78,1.51,3.23,1.75,0.00,25.62,-12.63,4.88,41.36,26.89,8.79,0.18,65.94,23.50
Pyramid Technopl,543969,PYRAMID,INE0MIS01010,Industrial Products,Packaging,162.29,19.04,596.98,0.31,10.45,32.11,222.49,35.82,12.28,11.74,0.66,10.96,5.38,0.00,12.36,-3.25,12.70,-41.37,-10.17,15.76,8.51,19.00,3.42
Quadrant Future,544336,QUADFUTURE,INE0LRY01011,Industrial Products,Cables - Electricals,547.50,,2190.00,0.00,-9.13,32.37,40.59,41.28,-15.48,-74.35,0.09,-15.45,-18.24,0.00,-0.02,,-10.45,-86.23,-136.26,-0.28,-19.79,7.14,1.60
Quality Foils,,QFIL,INE0O1M01015,Industrial Products,Iron & Steel Products,52.35,10.16,14.94,0.00,0.65,8.33,89.75,21.56,7.00,8.47,2.08,4.76,1.46,0.00,-0.42,-6.00,2.35,2.22,15.23,6.00,4.67,22.07,0.00
Quality Power El,544367,QPOWER,INE0SII01026,Electrical Equipment,Heavy Electrical Equipment,1517.80,88.18,11754.47,0.07,46.72,49.59,232.67,31.66,31.53,45.72,0.07,25.11,34.27,0.00,55.23,80.81,24.58,80.28,194.26,29.86,18.59,121.98,73.03
Quality RO Indu.,543460,,INE0KAF01018,Industrial Manufacturing,Industrial Products,30.36,,7.74,0.00,-0.70,-142.94,6.99,-13.70,0.44,34.24,0.63,-3.44,0.11,0.00,41.68,,9.36,-0.68,-6.54,12.94,2.42,-1.88,0.00
Quantum Digital,530281,,INE373C01019,Industrial Products,Packaging,47.43,,14.40,0.00,-0.14,-450.00,0.00,,,-45.73,,,,0.00,144.90,,,0.88,-5.33,0.00,-34.47,,0.00
Quest Flow,543982,,INE0OYE01013,Industrial Products,Other Industrial Products,167.30,,171.61,0.00,-5.40,-290.81,36.14,-3.86,3.71,21.40,0.07,-4.60,4.39,0.00,,,6.29,-8.04,-16.67,8.98,0.10,-7.22,0.00
R M Drip & Sprin,544456,RMDRIP,INE219Y01026,Industrial Products,Plastic Products - Industrial,23.62,28.69,1011.48,0.13,5.35,0.75,40.34,32.35,38.34,19.23,0.48,37.50,12.31,0.00,162.22,954.93,35.98,-11.44,-47.15,35.42,25.53,44.37,2.89
R R Kabel,543981,RRKABEL,INE777K01022,Industrial Products,Cables - Electricals,2528.30,46.76,28596.46,0.38,205.20,117.32,3168.20,53.90,28.10,28.61,0.13,21.33,10.49,0.00,20.19,39.13,19.07,295.29,1128.68,23.19,8.54,37.66,72.19
Raaj Medisafe,524502,,INE548H01015,Industrial Products,Packaging,95.00,66.11,156.03,0.00,1.97,34.93,29.46,86.10,11.89,14.93,1.38,4.91,2.81,0.00,27.47,-18.39,17.37,3.67,7.85,15.50,14.11,42.48,26.76
Raasi Refractor,502271,,INE858D01017,Industrial Manufacturing,Industrial Products,18.90,31.79,8.90,0.00,0.41,46.43,14.48,33.58,10.53,14.73,,,1.17,99.82,-2.22,-48.13,,-7.34,-5.43,13.92,-1.53,60.12,2.68
Raghav Product.,539837,RPEL,INE912T01018,Industrial Products,Electrodes & Refractories,1699.50,124.49,7804.44,0.06,19.57,67.55,86.91,48.72,30.30,89.31,0.02,24.27,118.00,0.00,23.22,28.33,21.27,37.00,96.58,26.27,29.76,33.90,4.24
Raj Packaging,530111,,INE639C01013,Industrial Products,Packaging,34.30,15.36,15.67,0.00,0.79,558.33,13.84,53.44,4.96,8.40,0.29,2.74,4.83,0.00,-11.23,39.25,-4.63,1.64,1.45,-2.27,6.04,19.60,0.00
Rajas. Tube Mfg,530253,,INE497E01020,Industrial Products,Iron & Steel Products,9.20,17.57,41.47,0.00,0.03,102.73,0.06,-99.55,15.03,13.88,0.00,13.21,96.33,0.00,-44.57,8.91,9.45,13.67,25.34,12.25,81.99,-94.31,0.00
Rajasthan Cylind,538707,,INE929D01016,Industrial Manufacturing,Industrial Products,30.70,,10.32,0.00,-0.64,-88.24,0.00,,-9.08,-6.50,0.02,-6.90,-61.00,0.00,,17.78,-6.03,-1.72,-1.63,-7.13,,-100.00,0.00
Rajeshwari Cans,543285,,INE0CQ101015,Industrial Products,Packaging,15.50,7.26,16.26,0.00,0.94,9.30,20.22,-1.80,17.50,4.19,0.53,17.07,5.35,0.00,9.30,28.33,16.38,3.54,11.85,17.72,12.81,5.94,0.00
Rajnandini Metal,,RAJMET,INE00KV01022,Industrial Products,"Aluminium, Copper & Zinc Products",3.11,41.14,85.99,0.00,0.39,119.60,51.95,-29.68,4.87,14.04,0.24,-0.21,2.14,0.00,-36.51,,8.00,21.65,64.35,11.41,2.27,-69.55,0.00
Rajoo Engineers,522257,RAJOOENG,INE535F01024,Industrial Manufacturing,Industrial Products,53.08,19.55,948.41,0.28,17.35,3.40,123.07,44.67,24.70,11.15,0.07,18.90,26.71,0.00,29.16,64.79,20.62,67.81,138.95,26.55,17.24,32.79,12.62
Rajputana Indu.,,RAJINDLTD,INE0PCU01012,Industrial Products,"Aluminium, Copper & Zinc Products",66.55,11.25,147.84,0.00,3.69,32.26,204.08,22.12,19.67,6.71,0.83,17.26,2.75,0.00,39.98,57.62,17.17,8.97,3.77,21.32,4.14,22.42,13.24
Rajputana Stain.,544731,RSL,INE313L01016,Industrial Products,Iron & Steel Products,183.46,26.06,1533.13,0.27,20.20,80.52,306.54,32.41,25.33,13.87,0.19,19.15,5.37,0.00,1.90,28.58,24.71,32.09,70.66,29.55,9.30,8.05,4.35
Rajshree Polypac,,RPPL,INE760W01023,Industrial Products,Packaging,19.00,6.90,141.06,0.00,7.26,77.94,102.91,24.71,11.25,4.68,0.66,9.67,3.61,0.00,9.62,16.57,8.51,18.80,57.76,10.47,13.75,5.71,0.36
Raksan Transformers,544924,,INE1S7M01017,Electrical Equipment,Heavy Electrical Equipment,274.15,17.21,572.79,0.00,,,,,55.36,12.51,0.27,54.53,43.43,0.00,71.69,113.10,53.28,14.86,27.58,52.22,12.95,11.95,3.73
Ram Ratna Wires,522281,RAMRAT,INE207E01023,Electrical Equipment,Other Electrical Equipment,570.00,41.11,5320.90,0.44,35.16,127.75,1853.28,88.63,23.58,18.58,1.17,20.61,2.81,0.02,25.01,35.09,17.03,-92.99,272.69,20.47,5.04,60.51,33.56
Rama Steel Tubes,539309,RAMASTEEL,INE230R01035,Industrial Products,Iron & Steel Products,4.48,56.60,732.95,0.00,5.44,-3.95,223.34,-16.70,5.43,27.46,0.27,2.75,2.26,0.00,-5.61,-24.31,5.02,-108.76,-39.65,8.19,1.99,-1.84,4.03
Rapicut Carbides,500360,,INE350D01015,Industrial Manufacturing,Industrial Products,277.10,12.78,148.80,0.00,8.17,679.43,82.04,690.37,11.29,9.65,0.00,9.98,25.07,0.00,34.50,52.20,0.06,11.77,10.77,3.06,8.81,304.89,1.12
Rappid Valves,,RAPPID,INE0MVO01012,Industrial Products,Other Industrial Products,351.70,28.18,182.60,0.00,3.10,-14.84,24.41,-24.92,16.21,18.62,0.35,13.37,7.51,0.00,48.06,141.51,20.80,-10.83,-26.13,26.20,19.37,2.11,0.00
Rasi Electrodes,531233,,INE822D01021,Industrial Manufacturing,Industrial Products,13.19,11.44,41.06,1.52,1.33,5.56,17.64,-9.17,11.82,5.48,0.00,8.17,164.00,0.00,-6.29,0.22,8.63,6.43,15.40,11.84,5.38,-11.78,0.33
Rathi Bars,532918,,INE575I01016,Industrial Products,Iron & Steel Products,15.62,,25.51,0.00,-15.62,-1959.52,0.00,-100.00,-3.53,-6.23,1.01,-12.70,-3.84,0.00,-8.58,,-1.93,1.42,10.89,2.89,-8.04,-51.04,0.00
Rathi Steel,504903,,INE336C01016,Industrial Products,Iron & Steel Products,21.81,13.02,188.36,0.00,3.48,84.13,193.41,24.55,10.98,7.87,0.38,9.56,2.86,0.00,-0.48,2.33,9.16,-1.32,11.77,12.67,3.96,42.10,4.93
Ratnamani Metals,520111,RATNAMANI,INE703B01027,Industrial Products,Iron & Steel Products,2778.30,44.38,19473.66,0.36,107.02,-37.67,971.63,-15.63,17.91,23.44,0.08,12.63,26.59,0.00,0.15,-1.41,16.30,936.01,1983.46,22.38,16.96,-16.31,302.05
Ratnaveer Precis,543978,RATNAVEER,INE05CZ01011,Industrial Products,Iron & Steel Products,333.95,41.47,2802.72,0.00,18.24,22.01,314.64,18.90,12.29,21.97,0.50,12.37,4.36,0.00,30.60,36.96,14.06,-48.41,58.87,13.15,10.49,17.48,82.38
Ravindra Energy,504341,RELTD,INE206N01018,Electrical Equipment,Other Electrical Equipment,148.77,49.49,2954.01,0.00,1.64,-92.75,119.97,-26.24,15.89,21.60,1.19,21.18,2.88,20.41,29.07,73.10,15.73,171.85,303.63,12.24,28.22,28.23,22.20
Raymond,500330,RAYMOND,INE301A01014,Industrial Manufacturing,Industrial Products,1196.65,47.38,7966.55,0.00,30.85,1.85,605.61,15.51,3.14,25.60,0.37,167.82,2.27,0.00,-35.42,109.14,130.79,41.77,808.17,1.56,11.08,13.45,38.96
RDB Rasayans,533608,,INE123M01017,Industrial Products,Packaging,162.10,7.76,287.16,0.00,11.60,35.36,31.93,14.08,19.60,5.51,0.00,14.44,712.14,0.00,2.47,11.79,13.50,-20.53,-107.97,18.17,19.97,5.74,0.00
Refractory Shap.,,REFRACTORY,INE0TNX01015,Industrial Products,Electrodes & Refractories,37.90,17.25,82.62,0.00,0.15,-95.18,22.61,-35.84,10.70,10.05,0.39,9.96,6.59,0.00,14.53,35.63,15.19,1.44,-0.04,14.87,13.99,-2.94,0.00
Relicab Cable,539760,,INE773T01014,Electrical Equipment,Other Electrical Equipment,34.93,19.81,35.26,0.00,0.42,-22.22,17.19,59.91,18.12,8.50,0.96,13.10,1.70,99.94,22.94,9.43,13.33,0.29,5.43,19.60,6.41,59.12,0.00
Remi Edelstahl,513043,,INE158G01015,Industrial Products,Iron & Steel Products,246.75,111.35,331.83,0.00,0.45,114.29,35.19,32.19,6.24,39.48,0.76,3.72,2.75,0.00,1.66,142.91,4.24,-22.14,-4.41,6.47,5.96,5.63,27.76
Revathi Equip,544246,RVTH,INE0DAB01012,Industrial Manufacturing,Industrial Products,654.60,12.94,200.76,0.00,2.04,257.89,30.02,34.86,14.95,7.99,0.48,10.52,3.13,0.00,,,18.33,-30.16,41.88,20.33,14.48,1.29,0.35
Rex Sealing,543744,,INE0MFT01014,Industrial Products,Packaging,133.15,19.12,34.42,0.00,1.10,52.78,20.91,25.74,11.56,9.34,0.15,8.43,4.30,0.00,15.02,77.84,11.98,4.54,2.37,16.46,10.37,9.74,0.00
Rexnord Electr.,531888,,INE687C01012,Industrial Manufacturing,Industrial Products,104.42,20.98,138.46,0.00,2.48,60.00,34.11,8.11,8.35,7.62,0.22,5.68,4.43,0.00,11.17,-11.71,7.54,16.23,24.81,10.88,15.32,8.77,1.58
RFBL Flexi Pack,,RFBL,INE0V2V01015,Industrial Products,Packaging,102.00,28.83,237.81,0.00,6.89,56.59,133.82,46.03,34.19,19.00,0.38,36.84,13.27,0.00,46.96,130.92,51.03,10.09,2.55,53.52,8.80,9.53,0.00
Rhetan TMT Ltd,543590,RHETAN,INE0KKN01029,Industrial Products,Iron & Steel Products,15.17,95.19,1208.86,0.00,3.16,315.79,4.06,-19.44,11.00,70.82,0.39,10.17,12.47,0.00,-34.26,23.86,6.17,1.34,20.21,7.32,22.89,2.62,5.73
RHI Magnesita,534076,RHIM,INE743M01012,Industrial Products,Electrodes & Refractories,386.45,42.62,7980.25,0.65,64.61,83.19,1013.97,5.59,6.46,16.08,0.13,2.83,8.16,0.00,13.82,-26.86,5.72,409.10,1052.78,7.37,11.72,8.45,47.74
Riddhi Steel,540082,,INE367U01013,Industrial Products,Iron & Steel Products,227.00,24.65,282.28,0.00,5.37,27.25,211.08,-10.76,14.74,12.67,1.87,16.88,2.14,0.00,14.81,49.89,13.07,6.05,27.68,12.11,6.40,17.07,0.00
RIR Power Electr,517035,RIR,INE302D01024,Electrical Equipment,Other Electrical Equipment,188.01,209.82,1496.04,0.05,1.39,-42.80,23.95,-9.49,7.93,116.78,0.10,5.61,8.31,0.00,16.59,6.10,8.26,-21.93,-19.05,10.57,11.22,5.41,45.80
Rish.Digh.Steel,531539,,INE864D01015,Industrial Products,Iron & Steel Products,41.89,109.43,22.98,0.00,0.14,-17.65,0.00,,3.40,37.99,0.16,1.37,5.67,0.00,361.04,36.50,0.25,-0.64,9.21,0.85,-51.02,-6.67,0.00
Rishabh Instrum.,543977,RISHABH,INE0N2P01017,Electrical Equipment,Other Electrical Equipment,711.80,34.06,2754.45,0.28,19.37,-3.40,198.28,4.18,14.50,17.38,0.11,12.02,21.64,0.00,10.82,20.47,8.24,108.48,249.47,9.90,16.78,5.63,52.21
Rishi Laser,526861,,INE988D01012,Industrial Manufacturing,Industrial Products,151.85,55.36,151.70,0.00,0.50,-71.75,42.26,3.00,9.63,14.09,0.48,5.65,1.77,0.00,6.30,-4.83,11.72,8.12,27.91,13.75,7.36,4.85,4.23
Rishi Techtex,523021,,INE989D01010,Industrial Products,Packaging,47.46,12.80,35.08,0.00,0.90,38.46,47.31,56.24,10.46,5.96,0.86,7.07,2.65,0.00,11.21,34.39,6.18,6.58,17.76,9.84,6.48,27.68,0.00
Rishiroop,526492,,INE582D01013,Industrial Products,Rubber,139.45,11.93,127.79,1.08,12.68,46.25,25.05,41.85,5.34,8.55,0.00,3.36,100.93,0.00,-6.72,-17.64,7.25,3.77,12.31,11.12,12.04,6.68,0.00
RMC Switchgears,540358,RMC,INE655V01019,Electrical Equipment,Other Electrical Equipment,219.89,11.46,232.68,0.00,2.08,-48.90,37.24,-55.94,21.98,6.66,0.81,18.77,3.19,0.00,47.53,23.78,27.06,-11.60,7.71,30.02,11.71,26.33,2.85
Rolcon Engg. Co.,505807,,INE775R01013,Industrial Products,Other Industrial Products,522.00,12.92,39.67,0.48,0.74,-17.78,12.60,1.20,12.64,5.73,0.04,11.14,48.00,0.00,2.36,-0.55,12.18,2.93,8.29,15.26,8.82,-4.96,0.01
Rollatainers,502448,ROLLT,INE927A01040,Industrial Products,Packaging,5.79,,144.83,0.00,-0.06,86.05,0.00,,-11.54,-210.85,1.21,-73.85,-37.00,0.00,,19.60,,-0.74,-5.14,-6.70,,,0.00
Rossell Techsys,544294,ROSSTECH,INE0OJW01016,Aerospace & Defense,Aerospace & Defense,1402.70,199.69,5287.68,0.02,7.14,116.36,154.46,77.09,11.50,72.20,2.64,15.72,2.22,0.00,,,10.43,-82.80,-122.67,10.01,12.91,82.91,1.92
Roto Pumps,517500,ROTO,INE535D01037,Industrial Products,"Compressors, Pumps & Diesel Engines",62.80,42.69,1183.44,0.30,9.25,46.83,75.60,14.75,15.16,20.74,0.13,10.73,13.83,0.00,8.03,-9.32,15.74,36.84,111.65,19.53,18.07,-2.58,17.72
Royal Arc Ele.,,ROYALARC,INE0EO401019,Industrial Products,Electrodes & Refractories,156.00,17.23,173.16,0.64,5.73,-8.17,63.22,12.83,17.99,9.14,0.00,13.13,57.75,0.00,6.21,1.02,18.49,7.53,17.30,28.01,13.30,14.04,5.43
RTS Power Corpn.,531215,RTSPOWR,INE005C01017,Electrical Equipment,Other Electrical Equipment,104.59,36.05,95.89,0.00,1.98,29.41,31.04,-12.96,3.52,12.60,0.21,1.11,2.14,0.00,3.79,-43.43,2.00,3.99,21.01,4.35,4.49,-19.09,1.96
Rubfila Intl.,500367,RUBFILA,INE642C01025,Industrial Products,Rubber,63.31,13.04,343.57,3.16,6.00,0.67,110.17,-10.71,12.59,6.91,0.00,9.31,1188.00,0.00,11.33,3.99,8.60,-10.62,32.12,11.48,7.66,3.66,0.17
Rudra Global,539226,RUDRA,INE027T01023,Industrial Products,Iron & Steel Products,19.45,12.42,195.17,0.00,3.62,-7.42,159.56,6.70,11.89,8.54,0.97,10.24,2.44,0.00,11.31,3.74,12.77,32.29,22.37,13.49,5.86,8.72,0.00
Rungta Irrigatn.,530449,,INE347C01013,Industrial Products,Plastic Products - Industrial,48.12,22.40,95.86,0.00,0.13,-90.30,18.25,-49.93,7.69,11.24,0.27,5.78,3.70,0.00,11.66,23.11,6.47,5.84,-11.39,9.00,5.32,-27.69,1.20
S & S Power Swit,517273,S&SPOWER,INE902B01017,Electrical Equipment,Other Electrical Equipment,307.90,47.03,380.00,0.00,-0.26,-114.69,71.21,19.96,9.59,35.68,0.44,12.78,1.74,0.00,22.98,75.24,,-1.66,15.78,10.74,3.11,32.06,1.66
Saakshi Medtech,,SAAKSHI,INE0PSK01027,Electrical Equipment,Other Electrical Equipment,365.70,58.52,719.20,0.00,5.66,349.21,57.19,19.22,14.32,32.64,0.23,11.80,13.35,0.00,-1.82,-0.24,10.58,17.58,28.11,13.16,19.24,24.97,9.88
Saatvik Green,544526,SAATVIKGL,INE13B501022,Electrical Equipment,Other Electrical Equipment,427.45,21.86,5433.10,0.00,5.36,-95.36,511.01,-44.20,32.92,14.13,0.69,42.43,5.14,0.00,95.51,323.65,58.87,-26.72,59.45,45.39,9.68,46.52,384.14
Sabar Flex India,,SABAR,INE0DZ101013,Industrial Products,Packaging,9.50,181.60,18.16,0.00,0.13,186.67,82.42,-4.67,0.90,25.69,0.29,0.13,1.17,0.00,,,,-8.96,,0.90,1.81,-29.36,0.00
Sagardeep Alloys,,SAGARDEEP,INE976T01013,Industrial Products,"Aluminium, Copper & Zinc Products",23.19,13.83,39.56,0.00,0.74,117.65,57.08,61.47,10.59,8.84,0.26,7.54,5.07,0.00,27.05,39.30,4.99,-2.04,4.27,7.89,2.53,53.73,4.79
Sahaj Solar,,SAHAJSOLAR,INE0P4701011,Electrical Equipment,Other Electrical Equipment,90.00,6.69,197.75,0.56,25.22,7.01,308.07,32.98,21.62,6.76,1.27,23.97,4.69,0.00,31.26,67.42,32.16,-78.30,-159.83,31.24,12.35,27.11,11.03
Sahasra Electro.,,SAHASRA,INE0RBQ01018,Industrial Products,Other Industrial Products,428.85,75.53,1071.81,0.23,6.31,384.57,78.12,57.66,6.04,39.91,0.28,6.22,3.52,0.00,,,,-10.13,,6.04,13.18,44.78,2.27
Salasar Techno,540642,SALASAR,INE170V01027,Industrial Manufacturing,Industrial Products,4.70,59.97,821.54,0.00,5.14,-41.36,295.54,-1.54,8.13,10.40,0.51,2.13,1.56,5.14,14.36,-24.83,5.15,72.63,118.82,11.59,6.96,4.03,7.79
Salguti Industri,526554,,INE159C01012,Industrial Products,Packaging,27.90,,21.04,0.00,0.02,-33.33,31.11,37.78,5.65,7.29,4.15,-1.45,0.87,0.00,2.44,,-0.33,4.88,8.08,6.27,6.76,27.68,0.00
Salzer Electron.,517059,SALZERELEC,INE457F01013,Electrical Equipment,Other Electrical Equipment,541.25,21.65,957.08,0.46,8.47,-51.88,485.96,12.38,11.16,11.31,0.92,9.55,2.20,17.20,19.18,13.76,9.57,41.92,41.03,12.15,7.33,20.47,7.31
Sambhv Steel,544430,SAMBHV,INE12NJ01018,Industrial Products,Iron & Steel Products,159.12,28.16,4688.81,0.00,56.61,69.49,732.17,31.07,19.07,16.06,0.36,18.46,6.95,0.00,37.06,33.27,18.10,215.82,485.63,18.40,11.55,48.73,187.24
Sampann Utpadan,534598,SAMPANN,INE735M01018,Industrial Products,Rubber,24.56,17.93,125.53,0.00,2.05,12.02,41.70,27.60,8.30,12.94,2.02,21.29,6.45,0.00,35.21,81.83,0.75,-1.69,2.17,2.35,10.58,37.87,0.00
Sampat Aluminium,544520,,INE10XS01012,Industrial Products,"Aluminium, Copper & Zinc Products",30.65,4.38,25.99,0.00,1.22,-62.58,96.87,37.48,14.74,5.01,0.35,15.06,5.71,0.00,11.26,61.13,29.51,-4.15,-9.54,27.19,5.08,34.15,3.54
Samrat Forgings,543229,,INE412J01010,Industrial Products,Castings & Forgings,214.05,23.37,107.03,0.00,1.24,18.10,48.16,-4.77,10.58,10.75,2.35,11.23,1.86,0.00,4.13,-3.47,11.98,20.81,57.95,10.91,8.37,2.07,26.83
Sarthak Metals,540393,SMLT,INE017W01010,Industrial Products,Iron & Steel Products,59.35,16.65,81.25,0.84,1.33,25.47,55.21,19.45,5.76,8.21,0.04,3.77,12.17,0.00,-22.21,-46.52,6.39,-32.56,-5.95,9.78,3.88,9.36,0.59
Satani Bearings,505703,,INE498D01012,Industrial Manufacturing,Industrial Products,290.80,5287.27,581.60,0.00,-0.21,19.23,5.61,,1.00,3876.53,0.00,0.56,,0.00,1424.63,28.19,-3.80,-17.76,-18.19,-64.81,0.19,,0.00
Sati Poly,,SATIPOLY,INE0RPM01017,Industrial Products,Packaging,33.00,4.87,16.33,0.00,2.63,-76.73,106.90,-31.51,20.07,3.62,0.62,18.72,4.46,0.00,12.28,4.21,52.86,4.40,-0.24,26.37,2.70,-10.61,0.00
Schneider APW,544786,,INE155D01018,Industrial Manufacturing,Industrial Machinery,1996.55,69.58,2415.03,0.00,4.47,-45.09,109.53,16.88,24.02,43.65,0.01,17.82,71.61,0.00,4.82,32.68,21.98,38.42,76.31,29.70,11.34,-9.76,3.42
Schneider Elect.,534139,SCHNEIDER,INE839M01018,Electrical Equipment,Heavy Electrical Equipment,1209.50,149.26,28919.15,0.00,12.44,-69.84,651.36,4.78,29.65,81.98,0.92,38.22,5.84,0.00,17.60,27.16,60.47,224.50,721.80,36.32,11.49,9.56,101.90
Scoda Tubes,544411,SCODATUBES,INE090501011,Industrial Products,Iron & Steel Products,136.61,22.11,818.42,0.00,5.25,-25.85,124.35,27.64,16.54,10.53,0.48,14.37,2.92,0.00,19.34,55.45,20.58,-13.79,16.82,18.94,14.30,11.24,8.96
Sealmatic India,543782,,INE0O4601016,Industrial Products,Other Industrial Products,400.00,42.05,434.40,0.28,3.82,-59.62,49.43,-13.34,13.03,22.95,0.08,9.62,19.30,0.00,20.75,-1.89,12.62,-1.33,-11.80,17.07,15.32,2.08,0.58
Seemax Resources,544813,,INE1EVO01017,"Agricultural, Commercial & Construction Vehicles","Dealers-Commercial Vehicles, Tractors, Construction Vehicles",57.10,14.11,25.12,0.00,1.88,-11.74,8.29,-13.38,23.91,7.66,1.64,26.99,2.41,0.00,6.77,32.22,40.04,2.45,9.89,26.53,26.35,-4.72,0.00
Sejal Glass,532993,SEJALLTD,INE955I01044,Industrial Products,Glass - Industrial,682.70,24.70,778.28,0.00,7.21,63.39,117.95,52.88,18.60,13.14,1.34,31.09,2.63,0.15,104.40,49.68,29.14,51.04,36.15,15.18,15.04,63.22,9.41
Servotech Renew,,SERVOTECH,INE782X01033,Electrical Equipment,Other Electrical Equipment,70.76,42.66,1598.08,0.03,8.06,74.62,215.79,57.81,12.79,21.45,0.73,12.81,3.99,4.24,34.11,44.92,13.78,-1.94,-56.59,14.50,10.29,7.39,0.74
SGN Telecoms,531812,,INE266C01023,Electrical Equipment,Other Electrical Equipment,0.57,,4.61,0.00,-0.09,30.77,0.00,,-115.00,-24.94,0.00,-120.00,-18.00,0.00,,-20.63,-73.17,-0.08,0.17,-77.59,,,0.00
Sh. Bajrang All.,526981,SHBAJRG,INE402H01015,Industrial Products,Iron & Steel Products,165.32,3.32,148.79,0.00,9.65,7.23,104.98,17.51,1.12,28.37,0.27,12.31,3.63,0.00,-19.72,9.02,12.29,-10.27,-33.67,1.28,1.45,-19.76,0.00
Sh. Jagdamba Pol,512453,SHRJAGP,INE564J01026,Industrial Products,Packaging,660.25,12.19,578.25,0.15,18.95,74.98,180.92,28.63,15.34,7.62,0.15,11.55,18.82,0.00,8.31,6.30,14.26,55.93,56.02,19.63,12.91,-8.73,0.59
Sh. Rama Multi.,532310,SHREERAMA,INE879A01019,Industrial Products,Packaging,45.04,23.59,601.14,0.00,8.06,9.66,80.52,45.47,18.16,13.56,0.12,15.37,39.80,0.00,6.89,71.15,24.06,32.44,73.11,14.18,16.16,20.27,1.21
Sh. Steel Wire,513488,,INE387D01025,Industrial Products,Iron & Steel Products,24.95,,8.26,0.00,0.23,221.05,2.43,122.94,-3.84,90.71,0.00,-4.68,,0.00,-35.51,,-2.53,-0.39,0.00,-2.45,-2.74,-37.02,0.00
Shah Alloys,513436,SHAHALLOYS,INE640C01011,Industrial Products,Iron & Steel Products,92.83,,183.80,0.00,-8.41,3.56,2.25,-92.59,0.49,34.32,0.56,-100.74,0.17,0.00,-60.96,,-108.80,-71.01,-70.69,-10.24,13.42,-86.02,0.00
Shah Metacorp,533275,SHAH,INE482J01021,Industrial Products,Iron & Steel Products,3.22,24.26,319.54,0.00,3.52,39.76,57.20,97.92,4.85,23.34,0.78,5.16,7.21,0.00,73.42,94.50,5.79,-57.74,-136.98,5.80,1.41,48.83,0.00
Shakti Polytarp,544933,,INE05UY01016,Industrial Products,Packaging,56.12,9.55,96.12,0.00,,,,,21.59,8.53,2.60,44.06,4.12,0.00,65.13,161.90,34.38,13.40,0.56,17.03,9.27,30.76,7.45
Shakti Pumps,531431,SHAKTIPUMP,INE908D01010,Industrial Products,"Compressors, Pumps & Diesel Engines",466.90,27.13,5761.45,0.21,51.59,-46.72,858.67,37.94,23.64,14.16,0.30,17.99,5.70,0.00,40.74,120.25,27.13,124.05,194.20,36.78,12.30,14.10,12.35
Shantai Indust.,512297,,INE408F01024,Industrial Manufacturing,Industrial Products,90.59,,67.94,0.00,-0.05,-66.67,0.00,-100.00,-15.01,-51.72,0.00,-18.54,,0.00,153.81,,-4.84,2.99,0.07,-4.08,-24.87,-76.61,0.00
Shanthi Gears,522034,SHANTIGEAR,INE631A01022,Industrial Manufacturing,Industrial Products,666.55,75.96,5113.50,0.75,9.85,-56.59,115.49,-14.38,25.55,46.39,0.00,19.00,828.55,0.00,5.19,6.17,22.95,70.10,197.35,31.30,17.74,-16.88,25.79
Sharda Ispat,513548,,INE385M01012,Industrial Products,Iron & Steel Products,160.45,10.78,81.51,0.00,1.64,485.71,71.15,155.75,11.48,8.24,0.48,9.95,5.25,0.00,5.48,16.12,17.14,-0.71,17.98,18.93,4.71,36.40,0.00
Sharp Chucks and,,SCML,INE460Q01014,Industrial Products,Castings & Forgings,75.00,9.88,90.64,0.00,2.64,-22.12,141.11,28.62,12.33,5.85,1.13,9.62,2.02,0.00,16.32,24.69,10.34,19.79,29.52,12.70,12.10,13.33,0.52
Sharvaya Metals,544506,,INE0UJF01018,Industrial Products,"Aluminium, Copper & Zinc Products",146.10,12.56,146.54,0.00,2.28,-71.92,139.86,96.43,28.70,8.36,0.16,23.32,9.56,0.00,48.52,81.56,35.28,-33.53,-28.57,36.89,8.01,104.26,1.63
Shayona Eng.,544686,,INE0UCL01011,Industrial Products,Castings & Forgings,140.05,13.49,54.51,0.00,2.16,9.64,26.66,54.10,19.68,9.69,0.76,22.12,4.32,0.00,47.46,89.89,29.14,-5.80,-8.25,29.19,18.70,73.95,15.98
Shera Energy,,SHERA,INE0MM001019,Industrial Products,"Aluminium, Copper & Zinc Products",177.90,12.71,434.78,0.00,12.64,88.26,487.67,26.10,19.53,6.39,1.35,16.90,2.42,0.00,33.05,56.73,14.34,-4.88,27.16,18.94,5.56,27.31,62.95
Shetron,526137,,INE278C01010,Industrial Products,Packaging,98.60,20.78,88.74,1.01,1.89,16.67,86.37,25.56,12.59,6.31,0.66,6.22,1.94,0.00,0.23,-14.29,7.80,13.26,46.80,13.03,7.14,13.19,0.00
Shilchar Tech.,531201,SHILCTECH,INE024F01011,Electrical Equipment,Other Electrical Equipment,4103.60,34.14,4694.60,0.30,20.86,-49.72,134.61,-15.21,50.74,24.60,0.00,37.78,393.51,0.00,32.50,54.12,46.07,192.02,308.06,65.56,25.49,-6.98,6.41
Shilp Gravures,513709,SHILGRAVQ,INE960A01017,Industrial Products,"Aluminium, Copper & Zinc Products",149.50,10.78,91.94,1.40,3.35,-9.46,25.20,1.49,11.19,5.40,0.00,8.65,34.31,0.00,3.92,7.34,5.51,9.59,28.81,7.15,14.64,5.01,0.00
Shining Tools,544607,,INE0D8001018,Industrial Manufacturing,Industrial Products,174.32,25.36,98.64,0.00,2.05,54.14,10.29,9.58,22.71,14.62,0.24,22.98,5.97,0.00,21.02,256.27,28.94,1.03,5.52,27.09,36.91,24.17,0.00
Shish Industries,540693,,INE145Y01023,Industrial Products,Plastic Products - Industrial,14.25,175.81,601.28,0.00,-2.15,-160.39,35.49,7.16,6.80,48.27,0.26,5.01,2.06,0.00,25.16,2.49,8.62,-13.90,-28.19,12.46,6.83,8.28,22.93
Shivagrico Impl.,522237,,INE092H01014,Industrial Manufacturing,Industrial Products,22.11,24.62,11.08,0.00,0.06,,11.73,-0.42,6.90,8.50,2.12,4.83,1.71,0.00,4.36,135.13,2.95,1.23,5.91,5.87,7.07,0.61,1.37
Shivalic Power,,SPCL,INE0T7B01010,Electrical Equipment,Other Electrical Equipment,65.65,13.45,158.32,0.00,7.96,10.91,101.18,28.32,12.79,8.76,0.30,9.91,11.32,0.00,,,,0.00,,12.79,12.11,17.41,0.00
Shivalik Bimetal,513097,SBCL,INE386D01027,Industrial Products,Iron & Steel Products,1154.50,62.39,6650.40,0.35,33.01,44.07,182.20,33.38,26.57,41.23,0.15,21.82,29.38,0.00,6.67,7.00,22.99,54.89,216.99,28.33,23.03,18.79,34.86
Shree Marutinand,544083,,INE0QIS01011,Industrial Products,Iron & Steel Products,48.05,4.61,16.63,0.00,2.54,20.09,71.32,18.93,16.86,2.77,0.12,12.09,4.68,0.00,46.87,24.96,14.76,2.53,-10.22,19.34,4.31,31.09,6.33
Shree Precoated,533110,,INE318K01025,Industrial Products,Iron & Steel Products,11.90,,4.93,0.00,-0.14,-16.67,0.00,,,-7.90,,,,0.00,-12.64,-4.61,,-0.03,0.00,0.00,,-33.33,0.00
Shree Refrigerat,544458,,INE0FMZ01045,Aerospace & Defense,Aerospace & Defense,407.60,67.77,1459.06,0.00,19.96,343.56,103.16,116.00,13.84,41.92,0.17,13.04,8.06,0.00,44.83,103.10,15.48,13.80,-16.34,18.89,21.37,55.53,17.55
Shree Tirupati,,TIRUPATI,INE238Y01018,Industrial Products,Plastic Products - Industrial,292.50,101.13,296.30,0.00,1.06,-85.44,107.04,3.01,6.89,24.65,1.09,3.13,1.52,0.00,4.80,-31.16,12.62,-2.71,-24.09,13.28,7.34,-3.81,0.00
Shree TirupatiBa,544249,BALAJEE,INE0S2G01011,Industrial Products,Packaging,25.57,22.62,208.58,0.00,3.75,-34.82,139.56,11.28,6.89,10.48,0.76,3.68,1.67,0.00,6.47,-12.28,9.75,-6.71,-73.46,12.23,5.78,3.71,0.00
Shri Balaji,544074,,INE0RNZ01014,Industrial Manufacturing,Industrial Products,146.00,14.37,119.14,0.00,5.19,20.70,55.46,25.93,17.80,8.01,0.43,17.05,8.22,0.00,15.81,8.56,20.49,18.68,34.55,19.03,16.43,19.50,6.36
Shri Kanha Stain,,SHRIKANHA,INE1V4601019,Industrial Products,Iron & Steel Products,23.10,4.14,36.00,0.00,4.48,35.35,95.42,13.55,18.24,4.77,0.91,23.66,3.44,0.00,15.05,129.47,33.44,-31.22,-36.24,43.89,8.75,41.06,0.00
Shri Techtex,,SHRITECH,INE0OMF01015,Industrial Products,Plastic Products - Industrial,62.00,8.09,154.69,0.00,13.25,88.48,47.14,10.29,22.72,5.40,0.02,17.67,52.36,0.00,13.91,28.03,17.67,-2.65,26.06,22.91,27.55,1.77,0.16
Shubhshree Bio.,,SHUBHSHREE,INE0UL701015,Industrial Products,Other Industrial Products,345.40,17.19,181.06,0.00,6.86,59.85,105.78,24.01,32.58,11.90,0.32,29.64,13.20,0.00,,,,-1.13,,32.58,7.36,24.08,0.33
Shyam Metalics,543299,SHYAMMETL,INE810G01011,Industrial Products,Iron & Steel Products,1085.60,26.98,30302.55,0.41,350.73,18.11,5455.09,23.45,13.01,11.49,0.09,9.70,7.69,0.00,13.59,8.60,10.18,2023.56,5531.37,11.98,12.86,22.80,2791.94
Siemens,500550,SIEMENS,INE003A01024,Electrical Equipment,Heavy Electrical Equipment,3877.00,91.84,138067.92,0.46,2143.10,-18.59,4713.70,14.75,21.44,57.01,0.02,19.22,65.70,0.00,15.47,22.52,17.29,-535.40,2519.30,19.69,10.55,13.21,250.30
Siemens Ener.Ind,544390,ENRIN,INE1NPP01017,Electrical Equipment,Heavy Electrical Equipment,3313.00,77.29,117982.72,0.12,440.90,67.83,2485.60,39.28,67.75,51.91,0.04,50.47,68.70,0.00,,,,3670.10,,67.75,21.45,,115.70
Sigma Advanced System,532408,SIGMAADV,INE933B01012,Aerospace & Defense,Aerospace & Defense,946.00,108.04,17967.28,0.00,35.41,-81.87,374.28,7083.88,11.74,77.18,0.71,-4.03,9.12,0.00,529.70,,-5.63,-210.07,-168.20,7.71,14.40,963.82,9.19
Sika Interplant,523606,SIKA,INE438E01032,Aerospace & Defense,Aerospace & Defense,1045.45,63.95,2216.45,0.33,8.40,-18.84,42.86,-36.98,34.56,46.63,0.02,25.13,78.95,0.00,52.12,60.21,22.56,46.91,74.26,29.77,22.04,0.45,0.00
Simplex Castings,513472,,INE658D01029,Industrial Products,Other Industrial Products,137.00,23.38,561.65,0.00,6.86,44.73,60.95,34.85,24.28,14.47,0.44,25.73,6.10,0.00,20.07,74.24,23.79,13.53,19.71,19.62,18.18,15.32,29.61
Siyaram Recycli.,544047,,INE0QSK01017,Industrial Products,Other Industrial Products,35.47,20.39,77.29,0.00,0.71,-89.70,149.84,-43.65,7.34,10.61,0.88,2.95,1.54,0.00,-9.76,-19.11,8.88,-28.29,-75.71,12.49,4.71,-29.26,0.00
SKF India,500472,SKFINDIA,INE640A01023,Industrial Products,Abrasives & Bearings,1539.80,51.26,7612.46,2.60,61.84,32.31,587.79,27.09,13.33,21.08,0.00,15.06,1347.33,0.00,-20.91,-17.39,19.85,362.63,1189.81,18.63,11.57,17.89,28.41
SKF India Indus.,544572,SKFINDUS,INE2J8701016,Industrial Products,Abrasives & Bearings,2918.00,37.53,14426.00,0.69,61.92,-13.84,970.77,18.30,29.89,31.33,0.00,26.65,617.98,0.00,,,,163.83,,29.89,10.70,377.42,134.27
Skipper,538562,SKIPPER,INE439E01022,Electrical Equipment,Heavy Electrical Equipment,551.15,27.45,6224.54,0.02,56.47,26.44,1309.83,4.46,23.52,11.93,0.63,16.29,2.43,0.00,41.01,88.12,13.72,277.38,629.81,22.76,10.44,17.18,273.05
SKP Bearing,,SKP,INE0KZA01016,Industrial Products,Abrasives & Bearings,159.25,448.07,264.36,0.70,0.04,-89.47,22.11,-0.05,11.38,20.78,0.88,1.79,2.66,0.00,,,9.68,0.93,13.75,11.67,9.45,46.04,1.67
Skytech Infinite Platform,,SKYTECH,INE0VFE01017,Industrial Manufacturing,Industrial Products,32.05,8.01,31.48,0.00,,,,,26.11,5.40,0.49,23.23,9.31,,13.71,36.07,22.31,-1.66,2.17,25.37,12.86,14.42,0.00
SM Auto Stamping,543065,,INE0C4I01011,Industrial Manufacturing,Industrial Products,27.97,11.26,38.28,5.36,2.56,-10.18,37.19,4.79,16.12,7.75,0.29,14.06,6.36,0.00,1.27,7.33,15.27,2.51,9.21,18.88,5.82,7.43,0.04
Smarten Power,,SMARTEN,INE14GK01016,Electrical Equipment,Other Electrical Equipment,64.50,13.93,122.56,0.00,2.92,-56.93,127.40,36.18,17.79,9.22,0.07,14.40,12.22,0.00,10.69,19.48,28.98,-8.08,-10.43,41.39,5.01,19.10,6.89
Smiths & Founder,513418,,INE728B01032,Industrial Products,Castings & Forgings,8.50,125.65,86.70,0.00,0.26,0.00,3.22,-0.31,4.86,69.93,0.00,1.36,47.50,0.00,10.15,5.27,3.28,1.92,5.13,5.46,8.23,4.88,0.00
SML Mahindra,505192,SMLMAH,INE294B01019,"Agricultural, Commercial & Construction Vehicles",Commercial Vehicles,6825.50,63.14,9876.50,0.34,63.62,-4.99,957.54,13.20,30.90,36.11,0.56,35.40,12.40,0.00,15.93,100.39,38.16,156.19,283.99,27.21,9.27,18.07,46.89
SMVD Poly Pack,,SMVD,INE702Y01013,Industrial Products,Plastic Products - Industrial,14.60,,14.64,0.00,-1.56,57.09,0.05,-37.50,-7.50,-41.93,0.00,,-0.29,0.00,,,,6.87,-4.09,-11.71,-2262.50,-126.67,0.00
Solex Energy,544862,SOLEX,INE880Y01017,Electrical Equipment,Other Electrical Equipment,705.20,10.34,761.79,0.08,7.15,-68.18,259.42,4.10,34.04,5.81,1.33,44.13,3.65,0.00,112.77,219.77,39.70,213.56,166.42,26.73,10.22,103.88,10.84
Solitaire Mach.,522152,,INE410A01013,Industrial Manufacturing,Industrial Products,92.09,26.80,41.81,1.63,0.26,550.00,3.84,84.62,8.26,13.75,0.21,6.90,14.69,0.00,0.71,-4.44,9.14,5.11,9.90,11.20,14.02,5.52,0.00
Solve Plastic,,BALCO,INE0U0201016,Industrial Products,Plastic Products - Industrial,19.85,19.70,8.67,0.00,0.02,100.70,23.76,11.13,7.89,6.54,1.09,4.31,1.56,0.00,-8.72,-27.40,-14.26,3.23,2.01,0.78,4.61,12.02,3.08
Somi Conv.Belt.,533001,SOMICONVEY,INE323J01019,Industrial Manufacturing,Industrial Products,89.59,23.82,105.53,0.00,0.60,-50.00,15.62,-40.47,9.46,11.14,0.17,6.36,4.83,0.00,2.43,13.17,6.80,18.00,15.37,9.69,10.22,-19.72,0.00
Sona Machinery,,SONAMAC,INE0Q6H01012,Industrial Manufacturing,Industrial Products,31.00,,42.54,0.00,-4.37,-470.34,41.11,-25.38,-5.90,-18.32,0.11,-5.12,-15.29,0.00,1.49,,6.06,7.33,-11.75,12.33,-4.11,-10.97,9.98
SP Refractories,,SPRL,INE0JW501011,Industrial Products,Electrodes & Refractories,126.35,6.41,22.61,0.79,1.33,18.75,11.85,-25.24,28.59,4.46,0.07,24.59,32.60,0.00,1.10,78.56,20.16,1.31,4.40,21.88,18.79,-6.94,0.00
Spectrum Electr.,544386,SPECTRUM,INE01EO01010,Industrial Manufacturing,Industrial Products,3518.80,120.25,6012.74,0.00,13.29,118.23,155.88,84.36,17.78,65.35,0.89,19.87,5.06,0.00,25.81,71.94,16.55,70.79,38.97,16.73,15.24,40.95,116.79
Spel Semiconduct,517166,SPELS,INE252A01019,Electrical Equipment,Other Electrical Equipment,131.46,,606.29,0.00,-1.34,44.86,0.08,-95.85,0.06,720.87,6.84,-64.50,-0.07,0.00,-17.44,,-28.07,12.94,2.44,-5.28,-30.77,-42.30,0.15
SPP Polymer,,SPPPOLY,INE0QR801013,Industrial Products,Packaging,12.00,,18.47,4.17,-3.20,-5433.33,56.96,6.43,-5.50,223.71,0.28,-8.56,-3.45,0.00,18.77,,-1.83,1.70,-1.85,3.47,-2.35,2.89,0.36
Sprayking Ltd,540079,,INE537U01037,Industrial Products,Other Industrial Products,1.19,21.50,25.15,0.00,-0.13,-110.77,16.93,-24.01,7.99,4.71,0.42,4.25,2.44,0.00,88.35,3.78,17.24,-9.27,-40.64,11.77,6.47,8.37,0.00
Sri KPR Inds.,514442,SRIKPRIND,INE009C01019,Industrial Products,Plastic Products - Industrial,27.31,8.65,55.03,3.66,0.95,43.94,3.32,20.29,4.49,5.41,0.01,3.89,,0.00,-1.00,17.53,4.05,-1.43,-12.77,5.11,52.11,15.24,0.00
Srigee DLM,544399,,INE0RJ901010,Industrial Manufacturing,Industrial Products,70.16,10.77,41.91,0.00,5.53,104.81,51.42,46.25,15.47,6.17,0.20,12.68,9.33,0.00,15.33,11.45,19.65,9.35,11.66,26.32,7.99,1.53,3.56
Srivasavi Adhes.,,SRIVASAVI,INE0NPI01014,Industrial Products,Other Industrial Products,85.95,22.11,121.83,0.00,2.92,17.27,54.87,9.74,14.63,15.12,0.38,12.63,20.53,0.00,22.00,15.03,15.34,1.54,2.85,20.01,8.46,19.18,10.58
Standard Engineering Technology,544333,SETL,INE0M4D01010,Industrial Manufacturing,Industrial Products,402.55,93.89,8030.54,0.00,26.75,26.26,247.69,43.12,14.68,54.27,0.10,10.70,11.49,21.38,15.87,14.43,12.78,45.33,-14.45,18.26,15.20,31.60,26.59
Stanpacks(India),530931,,INE457D01018,Industrial Products,Packaging,12.50,108.86,7.62,0.00,0.18,500.00,11.45,48.12,4.48,12.87,1.18,-1.29,1.04,0.00,1.43,24.84,1.35,1.57,7.83,5.28,3.57,15.60,0.00
Star Delta Trans,539255,,INE541K01014,Electrical Equipment,Heavy Electrical Equipment,458.05,11.60,137.42,0.00,1.40,-38.33,37.49,24.02,18.10,7.97,0.11,13.22,12.53,0.00,34.36,27.51,14.19,-11.29,-15.01,20.07,8.93,31.17,0.69
Steel Exchange,534748,STEELXIND,INE503B01021,Industrial Products,Iron & Steel Products,11.29,45.30,1440.06,0.00,15.03,46.92,269.71,-10.10,9.34,13.45,0.54,2.82,1.70,99.95,-8.50,33.00,1.71,-38.01,10.74,9.14,13.01,-12.78,6.18
Steelcast,513517,STEELCAS,INE124E01038,Industrial Products,Castings & Forgings,376.50,42.01,3810.18,0.45,23.71,19.27,124.82,16.99,32.30,28.13,0.00,23.96,435.25,3.29,-3.90,7.28,25.88,86.44,243.78,35.06,26.94,9.25,1.24
Steelco Gujarat,500399,,INE629B01032,Industrial Products,Iron & Steel Products,219.70,,138.32,0.00,-14.98,-222.84,52.18,15712.12,-12.21,-17.74,83.38,-174.28,-1.04,0.00,,,,-99.88,-50.56,-7.52,-18.91,2527.86,3.38
Sterling Powerg.,513575,,INE067E01013,Industrial Manufacturing,Industrial Products,25.05,12.32,13.18,0.00,-0.09,50.00,0.68,-13.92,32.46,9.49,1.72,54.12,11.14,0.00,316.25,38.35,,-0.05,-1.54,5.12,4.01,771.32,0.00
Storage Tech,544171,,INE0RGM01016,Industrial Products,Other Industrial Products,34.85,,44.75,0.86,-1.77,-170.63,37.76,-25.89,-4.46,-497.27,0.36,-7.89,-1.29,0.00,1.48,,8.76,8.46,-5.31,19.90,-0.74,-15.35,0.00
Stovec Inds.,504959,,INE755D01015,Industrial Manufacturing,Industrial Products,1613.35,61.64,337.19,0.74,2.45,-17.23,52.77,-7.01,7.52,24.11,0.00,5.60,355.50,0.00,-5.65,-27.92,7.02,-1.93,27.45,9.41,4.67,-12.53,2.61
Sturdy Industrie,530611,,INE134F01026,Industrial Products,Plastic Products - Industrial,0.22,,3.33,0.00,-0.24,83.56,0.00,-100.00,-10.90,-20.20,,,-1041.00,,-81.17,13.18,,2.52,5.49,-8.74,-2629.41,-64.95,1.64
Subam Papers,544267,,INE0U6201010,Industrial Products,Packaging,225.00,188.50,618.28,0.00,-0.52,-107.58,171.41,16.32,5.02,18.21,0.42,3.00,1.21,0.00,4.74,186.68,8.91,35.39,109.95,11.99,6.77,8.37,33.65
Subros,517168,SUBROS,INE287B01021,Industrial Products,Other Industrial Products,720.90,27.36,4702.85,0.42,41.52,1.69,1032.11,17.52,19.16,13.09,0.06,14.49,24.36,0.00,10.20,52.89,13.28,105.32,445.66,18.39,8.25,13.78,79.07
Sugs Lloyd,544501,,INE0XX801016,Electrical Equipment,Other Electrical Equipment,265.55,20.28,616.45,0.00,7.50,29.53,78.40,31.96,29.04,13.70,0.50,32.99,5.89,0.00,103.30,133.97,41.27,-37.39,-88.05,36.11,14.59,71.64,0.00
Sunflag Iron,500404,SUNFLAG,INE947A01014,Industrial Products,Iron & Steel Products,410.65,34.84,7400.71,0.24,66.05,5.49,1078.95,5.45,4.07,15.47,0.06,2.37,5.80,0.00,4.14,-2.20,2.57,390.10,826.72,4.57,11.92,9.03,213.87
Sungarner Energ.,,SEL,INE0O3O01017,Electrical Equipment,Other Electrical Equipment,343.25,20.78,79.59,0.00,2.81,234.52,48.95,124.85,23.58,12.71,1.81,29.11,3.34,0.00,,,19.79,3.34,-12.19,20.78,11.07,122.33,0.00
Sunita Tools Ltd,544001,,INE0Q1S01010,Industrial Manufacturing,Industrial Products,1132.15,109.22,711.04,0.00,3.42,103.57,31.18,118.19,10.94,72.82,0.60,11.06,11.83,0.00,49.23,29.47,14.64,-3.39,-14.87,18.38,20.59,55.27,19.93
Sunlite Recycli.,,SUNLITE,INE0U2N01013,Industrial Products,"Aluminium, Copper & Zinc Products",612.05,21.05,844.99,0.16,25.80,257.84,1642.41,116.13,46.52,14.30,0.07,36.37,23.61,0.00,33.95,92.83,39.28,-2.02,17.57,38.17,2.16,97.95,0.00
Super Iron,544381,,INE16IQ01014,Industrial Products,Castings & Forgings,37.50,5.33,87.73,0.00,16.31,338.44,179.89,36.17,9.15,5.57,0.64,9.04,3.38,0.00,,,,-25.46,,9.15,13.57,61.30,7.53
Supershakti Met.,541701,,INE00SY01011,Industrial Products,Iron & Steel Products,279.00,11.29,321.56,0.18,17.07,137.09,376.32,-3.44,11.34,8.12,0.00,10.04,20.26,0.00,,,6.90,-3.62,47.69,9.20,1.62,-4.33,1.87
Supreme Engg.,,SUPREMEENG,INE319Z01021,Industrial Products,Iron & Steel Products,3.93,,98.23,0.00,1.49,-1042.86,4.07,-51.55,0.79,206.89,,,-0.52,18.42,11.02,25.87,,1.27,6.67,-19.39,3.03,-4.39,0.00
Supreme Inds.,509930,SUPREMEIND,INE195A01028,Industrial Products,Plastic Products - Industrial,3550.00,43.68,45094.54,1.01,280.72,38.76,2717.66,4.16,20.73,24.49,0.01,15.77,44.76,0.00,6.83,3.32,17.99,1224.77,3641.39,23.78,14.41,8.71,136.34
Supreme Power,,SUPREMEPWR,INE0QHG01026,Electrical Equipment,Other Electrical Equipment,210.50,25.18,526.06,0.00,4.90,10.11,51.06,33.56,21.51,18.14,0.39,19.40,12.12,0.00,36.02,23.70,22.61,27.73,58.46,28.74,15.07,31.27,27.98
Suraj,531638,SURAJLTD,INE713C01016,Industrial Products,Iron & Steel Products,198.08,40.64,363.76,0.76,3.24,109.03,39.03,-22.47,7.10,18.22,0.45,4.92,4.05,0.00,-17.50,-31.19,10.24,17.27,49.08,14.18,9.09,-15.18,0.00
Suraj Products,518075,,INE069E01019,Industrial Products,Iron & Steel Products,255.10,13.86,290.81,0.88,6.73,46.62,87.70,8.67,14.73,7.89,0.04,11.95,38.47,0.00,2.15,-10.18,16.69,39.51,100.85,19.39,10.72,-1.16,1.22
Surana Solar,533298,SURANASOL,INE272L01022,Electrical Equipment,Heavy Electrical Equipment,25.30,19.45,124.49,0.00,5.44,1842.86,17.15,720.57,-0.35,12.25,0.00,-1.88,38.85,0.00,-20.96,,0.14,5.31,6.93,0.83,-2.53,21.57,0.00
Surani Steel Tub,,SURANI,INE01ZJ01015,Industrial Products,Iron & Steel Products,93.10,,144.75,0.00,-0.07,-104.21,41.34,-63.80,0.77,64.64,0.00,-0.43,,0.00,-9.28,19.87,1.02,12.60,-35.33,1.18,-1.73,-58.99,0.86
Surya Roshni,500336,SURYAROSNI,INE335A01020,Industrial Products,Iron & Steel Products,227.45,15.88,4950.13,2.20,59.60,77.22,2046.48,27.54,15.60,7.90,0.03,10.90,16.03,0.00,-1.94,-6.10,13.70,400.66,1341.63,19.00,6.64,11.69,29.56
Susan Electrical,544793,,INE2L0V01019,Industrial Products,Cables - Electricals,294.50,23.90,598.74,0.00,6.39,1621.43,95.36,279.01,37.00,20.34,1.73,64.61,4.76,0.00,50.82,193.70,54.44,-9.71,-33.59,24.48,11.93,98.55,0.00
Suzlon Energy,532667,SUZLON,INE040H01021,Electrical Equipment,Heavy Electrical Equipment,40.80,17.69,55634.99,0.00,305.22,-5.89,3829.09,22.27,34.15,17.18,0.06,39.67,5.77,0.00,40.99,162.85,38.46,1202.06,2373.55,30.53,17.32,45.24,189.97
Swadeshi Inds,506863,,INE716M01034,Industrial Products,Packaging,77.27,108.31,178.71,0.00,0.53,51.43,17.18,84.93,13.93,77.90,0.03,10.68,218.00,0.00,353.58,166.84,8.26,-1.00,-2.91,9.04,3.18,206.86,0.00
Swan Defence,533107,SWANDEF,INE542F01020,Industrial Manufacturing,Ship Building & Allied Services,2679.70,,14117.24,0.00,-41.68,-35.37,30.61,7188.10,-7.60,-112.99,40.03,-123.61,-7.95,0.00,346.86,22.89,-48.86,182.06,15.71,-5.66,-95.78,4092.35,165.93
Swaraj Engines,500407,SWARAJENG,INE277A01016,Industrial Products,"Compressors, Pumps & Diesel Engines",3545.70,21.08,4307.98,3.10,55.53,11.13,588.39,21.54,58.38,14.08,0.00,43.61,723.24,0.00,12.18,14.14,41.58,116.52,435.57,55.41,13.35,20.79,54.81
Swashthik Plas.,544035,,INE0RDR01012,Industrial Products,Plastic Products - Industrial,20.89,5.06,40.67,0.00,2.54,1.60,77.09,6.98,9.95,5.29,0.94,9.00,2.61,0.00,49.54,38.60,10.93,33.52,4.78,12.24,15.55,6.45,30.22
Swastik Pipe,,SWASTIK,INE0DGC01025,Industrial Products,Iron & Steel Products,18.60,,43.21,0.00,-47.88,-396.84,146.07,-61.60,-20.76,-3.18,1.03,-37.22,-3.16,38.09,-18.37,,-11.40,-20.51,29.17,-2.98,-17.46,-46.99,1.03
Swastika Castal,544452,,INE0PTF01017,Industrial Products,Castings & Forgings,120.00,29.87,97.97,0.00,1.96,0.00,18.81,9.62,19.61,17.41,0.40,17.95,5.85,0.00,13.81,78.16,18.51,-7.72,-3.95,18.88,15.22,19.18,0.33
Swelect Energy,532051,SWELECTES,INE409B01013,Electrical Equipment,Heavy Electrical Equipment,587.00,20.70,889.82,0.60,7.66,-65.58,130.77,-26.21,8.00,8.65,0.87,5.34,1.96,0.00,38.81,206.07,1.93,95.49,315.12,6.14,22.61,-10.86,162.16
Switching Tech.,517201,,INE311D01017,Electrical Equipment,Other Electrical Equipment,137.60,,33.71,0.00,-1.69,-0.60,0.93,-53.73,,-3.50,,,,0.00,-10.53,2.02,,0.32,0.59,0.00,-133.19,-8.89,0.00
Synergy Green,541929,SGIL,INE00QT01015,Industrial Products,Castings & Forgings,642.50,,998.64,0.16,-10.11,-399.11,75.15,-10.06,9.24,29.84,2.25,4.55,0.67,0.00,8.14,86.31,14.67,19.27,40.57,17.89,9.15,-2.47,47.46
Syrma SGS Tech.,543573,SYRMA,INE0DYJ01015,Industrial Manufacturing,Industrial Products,1732.60,89.96,33409.81,0.09,105.69,101.19,1588.62,68.29,16.78,51.06,0.14,13.96,12.22,0.00,33.00,39.45,10.36,289.57,356.90,12.70,11.17,53.01,71.81
Systematic Inds.,544541,,INE1KLZ01011,Industrial Products,Cables - Electricals,281.00,29.20,627.51,0.00,11.73,4.17,298.83,6.03,17.45,15.44,0.05,14.90,5.67,0.00,19.91,49.35,19.31,6.07,28.88,18.98,6.63,23.74,1.89
T & I Global,522294,,INE811B01010,Industrial Manufacturing,Industrial Products,177.45,14.48,89.93,0.00,1.83,-29.07,30.28,-12.28,10.46,7.73,0.00,7.16,,0.00,-6.06,-4.49,6.68,18.90,27.09,10.18,3.43,18.26,0.00
T N Steel Tubes,513540,,INE176E01012,Industrial Products,Iron & Steel Products,31.50,538.00,16.14,0.00,0.02,-60.00,21.36,-14.87,5.12,14.76,1.05,0.41,1.73,0.00,-0.07,-57.19,0.81,1.77,2.80,4.24,1.61,12.99,0.00
T R I L,532928,TARIL,INE763I01026,Electrical Equipment,Heavy Electrical Equipment,277.65,32.23,8334.10,0.09,64.29,-8.66,572.34,8.13,23.31,19.43,0.30,19.12,7.51,21.84,21.56,86.58,18.79,-105.38,80.36,22.03,15.22,14.60,138.31
Tainwala Chem.,507785,TAINWALCHM,INE123C01018,Industrial Products,Plastic Products - Industrial,209.20,24.32,195.81,1.43,0.03,-97.51,0.95,-5.94,7.91,18.00,0.00,6.29,,0.00,11.59,71.00,4.56,-2.01,9.01,5.46,2.93,11.90,0.00
Taneja Aerospace,522229,TANAA,INE692C01020,Aerospace & Defense,Aerospace & Defense,345.10,46.03,880.02,0.72,5.73,61.86,10.31,21.01,15.60,29.66,0.00,11.40,43.81,0.00,8.02,14.60,11.39,22.56,61.86,15.44,61.18,4.88,0.00
Tankup Engi.,,TANKUP,INE0Z7N01017,Industrial Products,Other Industrial Products,1652.30,183.03,874.89,0.00,2.74,174.00,35.60,162.73,18.96,113.23,1.21,26.30,4.13,0.00,69.24,82.22,34.23,-34.36,-40.96,33.80,12.61,182.02,0.24
Taparia Tools,505685,,INE614R01014,Industrial Products,Iron & Steel Products,14.73,0.14,22.36,458.25,47.76,38.11,275.99,14.20,49.99,0.07,0.00,37.58,817.63,0.00,10.21,28.84,35.93,137.34,333.03,47.79,19.82,12.12,0.13
Tarapur Trans,533203,TARAPUR,INE747K01017,Electrical Equipment,Heavy Electrical Equipment,12.19,,23.77,0.00,-0.44,-540.00,0.00,,2.60,641.60,16.11,,-0.26,93.31,,23.60,,2.01,27.46,-21.64,,,0.00
Tata Motors,544569,TMCV,INE1TAE01010,"Agricultural, Commercial & Construction Vehicles",Commercial Vehicles,441.50,21.90,162595.15,0.91,2556.00,87.00,20667.00,19.30,35.90,12.73,0.44,34.02,14.08,0.00,,,,14981.00,,35.90,12.87,15.43,2026.00
Taurian MPS,,TAURIAN,INE0XWS01018,Industrial Manufacturing,Industrial Products,589.00,32.28,523.22,0.00,12.54,122.74,67.06,54.80,29.74,21.82,0.28,26.73,15.06,0.00,109.75,291.57,31.14,-37.27,-35.78,33.27,24.79,35.92,3.16
Taylormade Renew,541228,,INE459Z01017,Industrial Manufacturing,Industrial Products,58.72,79.13,72.80,0.00,-1.62,-125.00,1.88,-88.78,3.39,35.33,0.22,1.84,0.68,0.00,,,,-8.44,,3.39,-9.65,-53.01,17.40
TCPL Packaging,523301,TCPLPACK,INE822C01015,Industrial Products,Packaging,4106.80,30.92,3737.19,0.61,37.63,65.55,473.97,15.75,17.88,13.46,0.83,15.47,3.79,0.00,6.63,0.61,19.67,267.01,643.03,19.25,16.30,4.98,9.94
TD Power Systems,533553,TDPOWERSYS,INE419M01035,Electrical Equipment,Heavy Electrical Equipment,751.55,85.74,23576.64,0.14,86.29,72.34,640.05,72.10,34.02,58.13,0.02,24.72,225.94,0.00,28.62,35.59,22.13,129.07,252.59,29.91,18.01,54.29,17.32
Techera Enginee.,,TECHERA,INE0JQS01019,Aerospace & Defense,Aerospace & Defense,152.00,123.70,251.12,0.00,1.69,-86.14,24.20,-24.21,7.99,31.31,0.61,3.97,1.93,0.00,22.43,15.43,8.77,5.87,13.47,13.21,18.02,-2.02,1.07
Technocraf.Inds.,532804,TIIL,INE545H01011,Industrial Products,Iron & Steel Products,3003.40,20.05,6809.55,0.67,137.75,68.38,804.97,27.20,16.34,11.67,0.41,15.30,8.82,0.00,11.61,2.95,15.55,243.48,827.41,16.93,18.21,12.39,14.26
Technocrats Plasma,544877,,INE19QK01022,Industrial Products,Other Industrial Products,390.60,45.75,683.55,0.00,3.55,,30.68,,66.98,26.43,0.38,56.10,20.79,0.00,208.78,114.68,66.02,-11.66,-14.63,44.59,20.03,166.03,0.00
Tega Inds.,543413,TEGA,INE011K01018,Industrial Manufacturing,Industrial Products,2091.60,,15713.71,0.10,-108.25,-406.31,1723.44,383.99,8.14,43.69,0.12,5.94,1.31,0.00,11.70,-8.15,11.13,350.34,797.51,15.05,7.55,84.88,110.81
Tembo Global,,TEMBO,INE869Y01028,Industrial Products,Iron & Steel Products,58.28,10.56,1080.81,0.17,31.21,57.99,302.35,21.86,22.84,7.36,0.85,27.53,6.63,40.65,63.41,135.64,30.24,-90.22,-150.59,26.09,14.29,34.06,68.31
Tempsens Instruments,544886,TEMPSENS,INE1KZI01025,Industrial Manufacturing,Industrial Products,531.05,64.86,4451.94,0.00,16.26,14.20,118.71,33.35,17.84,39.63,0.16,14.39,16.60,0.00,22.81,28.45,17.18,42.02,133.31,22.31,22.63,17.53,0.61
Texel Industries,526638,,INE594V01028,Industrial Products,Plastic Products - Industrial,62.32,15.77,87.82,0.00,1.06,35.90,28.48,10.60,9.85,8.12,0.55,10.28,1.71,0.00,-0.21,34.13,-3.99,-0.59,11.68,4.46,10.11,-13.52,0.00
Texmaco Rail,533326,TEXRAIL,INE621L01012,Industrial Manufacturing,Railway Wagons,125.67,23.55,5113.07,0.60,50.08,66.86,756.68,-16.90,11.15,12.99,0.38,7.30,3.39,0.00,24.96,93.88,7.53,362.67,411.87,11.79,8.91,-14.32,164.68
Texmo Pipes,533164,TEXMOPIPES,INE141K01013,Industrial Products,Plastic Products - Industrial,56.91,10.99,166.15,0.00,6.41,20.70,117.46,11.63,9.20,5.41,0.24,6.30,5.01,0.00,-16.14,30.69,6.53,0.99,41.14,9.43,9.07,2.73,0.00
Thakral Services,509015,,INE190F01028,Industrial Manufacturing,Industrial Products,14.50,567.33,17.02,0.00,-0.01,87.50,0.17,21.43,,831.67,,,,0.00,-65.76,25.80,,-0.10,3.69,-89.15,-57.14,97.44,0.00
The Anup Enginee,542460,ANUP,INE294Z01018,Industrial Manufacturing,Industrial Products,1677.10,39.14,3359.48,0.72,0.57,-97.83,125.25,-28.52,21.00,23.91,0.16,17.10,12.27,0.00,25.97,29.32,,2.16,,21.00,18.55,1.38,1.57
Thejo Engg.,,THEJO,INE121N01019,Industrial Manufacturing,Industrial Products,2185.00,40.97,2370.30,0.23,15.24,71.66,177.61,31.02,19.35,23.74,0.12,15.67,15.70,0.00,10.04,16.09,18.95,38.94,163.45,23.26,13.20,20.86,12.67
Thermax,500411,THERMAX,INE152A01029,Electrical Equipment,Heavy Electrical Equipment,3447.20,74.63,41075.56,0.41,21.79,-83.44,2302.73,6.73,13.94,37.06,0.42,10.55,6.40,0.00,10.02,6.88,11.53,541.55,1868.64,15.06,8.02,4.74,1441.83
Tijaria Polypipe,533629,TIJARIA,INE440L01017,Industrial Products,Plastic Products - Industrial,6.93,,19.84,0.00,-0.36,-33.33,0.00,,-1.88,,,,-1.17,0.00,,23.05,,5.01,3.73,-4.27,,,0.00
TIL,505196,TIL,INE806C01018,"Agricultural, Commercial & Construction Vehicles",Construction Vehicles,251.11,,2073.11,0.00,-4.75,18.97,117.13,86.19,2.90,95.57,3.44,-25.95,0.36,0.00,94.65,19.91,,-88.44,-302.40,-11.82,5.00,21.29,2.62
Time Technoplast,532856,TIMETECHNO,INE508G01029,Industrial Products,Plastic Products - Industrial,181.22,18.26,8945.66,0.83,117.86,22.21,1692.71,25.14,16.52,9.77,0.18,13.14,9.91,0.00,12.49,28.12,13.31,233.24,1070.00,16.50,14.30,15.51,229.77
Timken India,522113,TIMKEN,INE325A01013,Industrial Products,Abrasives & Bearings,3206.10,58.93,24115.88,0.08,115.13,10.47,929.09,14.87,18.26,35.69,0.00,13.69,167.76,0.00,6.80,0.68,15.90,437.43,1164.65,20.85,18.13,11.56,100.72
Tinna Rubber,530475,TINNARUBR,INE015C01016,Industrial Products,Rubber,978.10,28.57,1762.12,0.33,20.57,75.21,156.18,19.89,22.46,17.42,0.43,22.06,8.83,0.00,22.45,35.64,27.86,57.48,152.52,27.71,18.53,14.43,41.72
TIPCO Engineering,544740,,INE1U6D01014,Industrial Manufacturing,Industrial Products,293.05,24.05,608.59,0.00,16.73,156.99,94.97,65.51,36.26,15.14,0.41,38.00,6.69,0.00,59.25,114.63,50.59,3.26,5.26,42.36,26.23,9.12,4.36
Tirupati Forge,,TIRUPATIFL,INE319Y01024,Industrial Products,Castings & Forgings,78.28,166.88,1017.95,0.00,1.22,-13.48,38.10,17.96,7.53,53.37,0.31,5.24,3.54,0.00,20.86,-11.86,8.51,16.09,32.25,12.74,9.83,42.34,66.62
Titagarh Rail,532966,TITAGARH,INE615H01020,Industrial Manufacturing,Railway Wagons,822.60,57.05,11078.26,0.12,52.58,67.47,765.07,12.63,10.92,28.86,0.25,6.78,5.00,0.06,4.65,7.36,9.56,322.43,310.82,16.74,10.73,-10.22,191.69
TMT (I),522171,,INE182E01010,Industrial Manufacturing,Industrial Products,8.87,,4.39,0.00,-0.05,37.50,0.00,,-22.22,-189.33,,,,0.00,,23.55,,-0.19,-0.87,-65.18,-400.00,,0.00
TPI India,500421,,INE578C01021,Industrial Products,Packaging,18.65,26.80,80.13,0.00,0.39,454.55,8.71,27.34,92.14,20.27,,,3.79,0.00,16.87,-46.10,,1.26,-0.37,95.63,12.65,16.68,0.04
TPL Plastech,526582,TPLPLASTEH,INE413G01022,Industrial Products,Packaging,65.85,17.04,513.65,1.97,6.54,19.56,124.38,37.59,22.28,10.60,0.11,18.37,8.62,0.00,16.02,24.37,17.17,16.32,61.92,20.38,10.86,25.92,5.61
Trans Freight,513063,,INE360D01014,Industrial Products,Iron & Steel Products,18.66,9.50,13.58,0.00,0.37,2.78,0.00,,3.66,8.59,0.00,3.71,,0.00,,,3.35,-0.46,0.36,3.50,,,0.00
Trans India,523752,,INE502D01011,Industrial Manufacturing,Industrial Products,2.89,12.52,20.53,0.00,-0.12,-166.67,2.00,-91.52,6.22,9.34,0.24,4.17,2.42,0.00,,,,-51.44,,6.22,7.49,-25.14,0.00
Transrail Light,544317,TRANSRAILL,INE454P01035,Electrical Equipment,Heavy Electrical Equipment,469.25,15.08,6299.96,0.64,107.88,1.95,1736.03,4.59,33.56,7.08,0.30,19.98,3.59,0.00,29.72,56.24,21.39,642.92,965.71,34.60,11.79,14.95,65.28
TRF,505854,TRF,INE391D01019,Industrial Manufacturing,Industrial Products,215.65,45.27,237.22,0.00,1.88,-46.44,26.03,11.14,9.42,31.24,1.54,,1.32,0.00,-21.70,-62.27,,-0.07,127.39,22.94,7.82,-17.73,2.30
Triveni Turbine,533655,TRITURBINE,INE152M01016,Electrical Equipment,Heavy Electrical Equipment,554.20,50.75,17617.93,0.77,51.10,-20.78,442.70,19.23,34.12,34.10,0.02,25.23,197.38,0.00,20.47,24.55,27.26,110.95,568.69,37.93,18.95,17.70,16.99
Trom Industries,,TROM,INE0SYV01018,Electrical Equipment,Heavy Electrical Equipment,53.50,7.11,49.19,0.00,2.54,429.17,83.27,76.87,16.19,4.48,0.59,13.78,5.06,0.00,72.67,187.90,19.78,-4.44,-32.11,33.53,8.54,32.24,0.00
True Colors,544531,,INE1LDV01015,Industrial Manufacturing,Industrial Products,145.80,11.50,359.46,0.00,16.44,-24.13,150.43,6.86,25.69,8.44,0.25,25.78,7.09,0.00,55.15,99.81,38.52,-34.99,-16.54,32.44,15.62,29.08,2.11
Tulsyan NEC,513629,,INE463D01016,Industrial Products,Iron & Steel Products,32.70,,53.83,0.00,-21.41,-108.88,146.70,-42.98,-3.12,19.39,2.19,-42.64,0.02,99.63,-7.54,,-26.40,2.73,57.08,-2.47,-2.76,-18.04,0.12
Uflex,500148,UFLEX,INE516A01017,Industrial Products,Packaging,664.20,6.93,4796.29,0.45,423.08,629.63,5366.03,37.57,7.03,5.74,1.25,4.27,2.02,0.00,1.65,-17.35,4.10,992.37,2952.70,7.05,13.61,10.36,2176.20
Ultracab India,538706,,INE010R01023,Industrial Products,Cables - Electricals,8.06,19.90,99.10,0.00,1.07,-37.06,79.36,31.98,8.41,11.78,0.50,6.22,2.77,0.00,34.40,-1.45,11.40,5.47,-22.15,13.92,3.93,13.61,0.00
Uma Converter,,UMA,INE067901012,Industrial Products,Packaging,17.50,11.41,35.48,0.00,1.05,150.00,129.03,14.16,7.16,6.98,0.97,4.06,1.84,0.00,11.80,42.71,4.53,9.43,33.77,7.75,6.27,9.67,7.97
Umiya Tubes,539798,,INE173U01015,Industrial Products,Iron & Steel Products,24.20,6.62,31.36,0.00,1.75,,13.59,,14.19,6.53,0.00,14.13,238.00,0.00,20.67,39.01,-3.96,-18.03,-13.96,-3.48,17.08,2591.49,0.00
Uni Abex Alloy,504605,,INE361D01012,Industrial Products,Iron & Steel Products,4800.10,20.56,948.02,0.83,7.25,30.40,41.03,4.72,19.25,14.01,0.03,16.95,85.65,0.00,10.30,36.64,23.08,25.28,88.02,31.31,22.22,17.18,0.11
Unimech Aero.,544322,UNIMECH,INE0U3I01011,Aerospace & Defense,Aerospace & Defense,1665.10,117.69,8475.69,0.00,27.86,45.71,107.62,70.85,11.15,61.69,0.17,7.96,6.74,0.00,36.69,34.91,16.14,60.56,188.84,36.27,33.18,15.57,3.24
Unison Metals,538610,,INE099D01026,Industrial Products,Iron & Steel Products,0.87,3.12,25.77,0.00,1.92,100.00,132.14,-3.88,13.06,4.60,0.96,12.60,2.73,0.00,28.15,59.77,12.29,-38.92,-25.27,13.50,4.08,24.25,0.53
United Drilling,522014,UNIDT,INE961D01019,Industrial Manufacturing,Industrial Products,241.71,24.55,490.75,0.74,4.15,42.61,34.10,7.67,10.45,14.24,0.01,6.93,11.54,0.00,15.10,22.60,5.51,37.66,29.62,8.10,16.32,23.39,9.91
United Heat,,UHTL,INE0SMR01011,Industrial Products,Other Industrial Products,199.65,75.73,379.41,0.00,4.17,86.16,51.44,33.92,11.84,34.75,0.30,8.21,3.60,0.00,1.47,33.20,11.58,8.08,4.52,14.56,14.39,9.31,4.30
United Van Der,522091,,INE890G01047,Electrical Equipment,Heavy Electrical Equipment,36.50,58.53,251.67,1.10,1.12,-45.10,9.15,0.66,12.93,24.93,0.62,10.06,3.63,0.00,24.10,31.00,8.15,0.08,14.18,10.90,32.97,-4.28,0.19
Universal Cables,504212,UNIVCABLES,INE279A01012,Industrial Products,Cables - Electricals,1494.00,25.91,5183.49,0.30,70.14,108.75,945.06,57.46,11.68,14.91,0.62,8.90,3.01,0.00,11.13,11.35,6.87,63.48,272.16,10.08,8.74,33.64,137.29
Urja Global,526987,URJA,INE550C01020,Electrical Equipment,Other Electrical Equipment,8.95,362.70,515.03,0.00,0.43,-14.00,13.96,-26.56,1.30,212.82,0.05,0.77,3.74,0.00,18.98,-4.09,0.91,-26.12,-41.27,1.51,3.34,-18.75,55.90
Usha Martin,517146,USHAMART,INE228A01035,Industrial Products,Iron & Steel Products,518.80,29.01,15810.00,0.72,142.04,40.67,1033.00,16.44,19.47,18.32,0.07,15.10,42.14,0.00,4.14,9.40,16.49,655.34,1520.94,20.10,20.03,8.54,89.05
V-Marc India,,VMARCIND,INE0GXK01018,Industrial Products,Cables - Electricals,322.45,40.39,4724.67,0.00,28.55,163.62,555.51,102.42,41.37,24.16,0.74,41.45,3.90,7.19,93.61,111.78,33.72,109.22,188.93,32.22,11.33,98.43,36.30
Vallabh Steels,513397,,INE457E01016,Industrial Products,Iron & Steel Products,9.50,,4.70,0.00,-0.26,13.33,0.00,,-4.94,-170.03,,,,0.00,,23.50,,0.00,0.01,-5.84,,,0.88
Vama Wovenfab,544931,,INE1G7R01010,Industrial Products,Packaging,277.85,12.48,144.18,0.00,,,,,39.23,9.43,0.89,50.38,8.79,,,,45.75,-6.31,-1.71,38.26,8.35,176.86,0.00
Vardhman Special,534392,VSSL,INE050M01012,Industrial Products,Iron & Steel Products,411.50,27.76,3979.25,0.85,41.19,106.98,486.01,12.06,15.28,16.88,0.07,11.63,17.51,0.00,0.37,6.35,12.19,105.88,375.20,16.44,10.69,1.31,26.47
Vdeal System,,VDEAL,INE0U2M01015,Electrical Equipment,Other Electrical Equipment,112.50,13.23,55.02,0.00,2.88,5.11,28.35,16.43,17.17,9.52,0.69,15.01,4.64,0.00,22.77,55.80,23.20,-6.37,-18.80,28.33,16.98,34.34,0.00
Veejay Lak. Eng.,522267,,INE466D01019,Industrial Manufacturing,Industrial Products,39.01,,19.78,0.00,-0.34,79.76,15.81,-22.19,-6.75,89.96,2.95,-39.94,-0.75,0.00,7.84,17.10,-24.76,-0.76,4.31,-4.26,-4.62,-9.85,0.00
Venus Pipes,543528,VENUSPIPES,INE0JA001018,Industrial Products,Iron & Steel Products,2163.20,43.11,4481.31,0.05,26.41,6.66,320.54,15.97,21.27,22.82,0.43,17.04,4.30,0.00,28.31,32.32,19.58,112.42,233.31,24.88,16.29,21.73,123.67
Vesuvius India,520113,VESUVIUS,INE386A01023,Industrial Products,Electrodes & Refractories,389.10,30.83,7897.20,0.39,58.51,-7.13,536.17,2.26,21.34,17.63,0.01,15.02,282.17,0.00,16.16,25.79,17.47,177.46,517.96,24.30,16.70,8.91,46.62
Vibhor Steel,544124,VSTL,INE0QTF01015,Industrial Products,Iron & Steel Products,113.76,25.68,215.72,0.00,1.93,-38.54,293.69,27.16,7.92,8.09,0.98,5.05,1.75,0.00,1.07,-22.71,7.56,61.28,103.07,10.33,3.74,20.89,19.93
Vidya Wires,544633,VIDYAWIRES,INE14UN01029,Industrial Products,"Aluminium, Copper & Zinc Products",90.54,30.73,1925.72,0.00,17.14,41.42,549.71,33.50,20.59,19.46,0.18,17.68,9.14,0.00,22.07,38.48,21.21,-9.29,-23.89,21.82,4.51,31.66,72.34
Vigor Plast,,VIGOR,INE1DM601016,Industrial Products,Plastic Products - Industrial,100.00,10.58,103.52,0.00,2.30,39.39,17.49,53.96,35.25,5.53,0.16,34.59,11.99,0.00,20.88,212.55,45.03,5.03,21.48,30.70,26.67,59.49,1.06
Vijaypd Ceutical,,VIJAYPD,INE0WL901019,Electrical Equipment,Heavy Electrical Equipment,72.85,28.06,142.27,0.00,2.64,50.57,47.62,-4.59,11.57,18.15,0.64,11.94,5.08,0.00,24.65,204.26,16.89,-7.32,-38.89,15.46,4.76,-1.26,1.66
Vikram Solar,544488,VIKRAMSOLR,INE078V01014,Electrical Equipment,Other Electrical Equipment,160.31,16.10,5808.90,0.00,19.78,-85.17,1563.09,37.89,30.56,6.26,0.19,21.37,3.80,9.24,32.32,213.80,20.19,666.94,1108.83,26.35,15.30,33.26,18.93
Vilas Transcore,,VILAS,INE0AZY01017,Industrial Products,Other Industrial Products,395.00,25.04,966.96,0.00,15.18,-26.24,231.91,21.66,15.87,15.91,0.12,12.50,25.00,0.00,17.69,24.79,13.79,-1.70,5.93,19.46,11.17,30.48,23.69
Vinayak Polycon,534639,,INE581M01016,Industrial Products,Packaging,21.00,215.67,6.47,0.00,0.04,-20.00,6.09,20.12,4.23,10.47,0.77,0.60,1.54,0.00,-2.99,-27.89,3.71,-0.32,4.15,6.59,4.40,-5.13,0.00
Vinyas Innovativ,,VINYAS,INE0OLS01010,Industrial Manufacturing,Industrial Products,1527.30,62.26,1922.07,0.00,21.53,73.49,302.39,22.36,18.70,31.41,0.56,16.13,3.70,0.00,29.92,61.49,15.78,-32.30,-52.39,18.15,11.88,29.67,4.50
Visaman Global,,VISAMAN,INE0BHK01012,Industrial Products,Iron & Steel Products,30.20,9.99,60.51,0.00,3.18,283.13,139.49,8.74,11.36,8.54,0.96,10.97,2.26,0.00,-15.20,69.70,11.08,-43.35,-22.17,11.18,5.79,-6.41,8.26
Vivid Electromech,,VIVIDEL,INE24H301028,Electrical Equipment,Other Electrical Equipment,1773.70,49.87,1576.43,0.00,22.16,41.69,129.57,27.96,58.63,34.82,0.45,54.88,43.89,0.00,50.00,508.93,49.78,6.89,17.22,53.21,22.59,28.91,13.37
VMS TMT,544521,VMSTMT,INE0SJA01013,Industrial Products,Iron & Steel Products,46.48,13.63,230.69,0.00,4.47,-47.90,247.76,16.72,13.90,8.38,1.01,13.96,1.95,0.00,-1.66,71.08,19.76,-10.01,3.85,15.03,6.06,8.88,43.03
Volt.Transform.,532757,VOLTAMP,INE540H01012,Electrical Equipment,Heavy Electrical Equipment,10709.00,34.17,10834.42,0.93,91.22,14.67,543.78,28.38,23.50,24.71,0.00,17.35,264.56,0.00,15.85,14.25,20.64,139.71,575.20,28.06,15.96,17.84,108.45
Vruddhi Engineer,544157,,INE0OMZ01013,Industrial Manufacturing,Industrial Products,184.00,15.22,46.43,0.00,2.02,83.64,29.60,64.72,30.73,9.27,0.55,30.53,8.03,0.00,48.73,59.62,28.44,3.00,0.87,26.61,12.98,35.22,0.00
VST Till. Tract.,531266,VSTTILLERS,INE764D01017,"Agricultural, Commercial & Construction Vehicles",Tractors,4473.30,35.13,3870.64,0.56,48.73,9.36,313.40,10.96,13.81,21.81,0.00,10.11,76.50,0.00,7.21,5.16,10.88,131.61,256.77,14.62,13.27,17.02,17.78
W H Brady,501391,WHBRADY,INE855A01019,Industrial Products,Other Industrial Products,491.00,24.89,125.21,0.00,2.49,3.64,19.44,-17.56,7.31,10.75,0.09,4.32,6.98,0.00,5.99,-12.21,6.71,5.14,13.06,13.68,4.83,-19.19,1.30
Waaree Energies,544277,WAAREEENER,INE377N01017,Electrical Equipment,Other Electrical Equipment,2495.00,17.83,71769.01,0.16,891.87,14.09,7931.79,79.22,38.45,9.67,0.22,32.54,19.25,0.00,57.82,99.02,31.03,1626.95,7090.20,39.00,21.14,94.31,3476.71
Waaree Renewab.,534618,WAAREERTL,INE299N01021,Electrical Equipment,Other Electrical Equipment,832.90,17.03,8693.74,0.12,114.49,32.30,811.34,34.53,84.98,11.92,0.12,68.57,41.00,0.00,113.62,100.60,69.49,290.93,721.01,89.98,19.29,80.19,111.45
Walchan. Inds.,507410,WALCHANNAG,INE711A01022,Industrial Manufacturing,Industrial Products,210.99,,1432.72,0.00,1.18,111.36,90.83,83.75,4.17,33.11,0.61,-4.41,0.94,49.20,-5.11,22.00,-15.01,-11.08,15.30,-1.29,7.51,37.98,17.11
Websol Energy,517498,WEBELSOLAR,INE855C01023,Electrical Equipment,Other Electrical Equipment,73.23,10.12,3179.38,0.34,77.79,15.79,372.60,70.33,63.18,6.94,0.21,66.94,24.26,89.39,283.88,153.83,56.37,254.70,456.86,36.01,37.45,76.28,0.06
Welcast Steels,504988,,INE380G01015,Industrial Products,Other Industrial Products,606.20,,38.80,0.00,-0.72,-148.28,1.22,-94.64,-4.26,-29.25,0.00,-6.90,-31.00,0.00,-19.51,,0.84,2.84,2.91,3.70,-12.15,-66.94,0.00
Welspun Corp,532144,WELCORP,INE191B01025,Industrial Products,Iron & Steel Products,2832.40,32.36,74716.06,0.18,1047.88,198.64,4081.12,14.91,22.89,21.29,0.26,19.42,15.90,0.00,19.78,118.60,19.25,3204.28,6013.94,21.44,13.89,20.21,1241.41
Welspun Special.,500365,WELSPLSOL,INE731F01037,Industrial Products,Iron & Steel Products,55.00,127.51,3644.36,0.00,5.16,788.00,193.67,-3.80,9.90,56.25,0.08,4.80,2.38,0.00,28.48,52.58,10.28,128.13,193.37,13.25,6.05,15.15,51.15
Wendt India,505412,WENDT,INE274C01019,Industrial Products,Abrasives & Bearings,8646.00,102.02,1729.20,0.35,6.18,63.49,71.28,36.63,7.82,41.39,0.00,4.89,1312.50,0.00,3.97,-31.56,12.35,21.87,85.32,17.44,14.00,7.85,3.25
Windsor Machines,522029,WINDMACHIN,INE052A01021,Industrial Manufacturing,Industrial Products,299.50,1039.80,3098.61,0.00,-0.91,-37.88,148.87,31.35,2.61,92.79,0.17,0.54,1.68,48.78,14.88,-19.02,-1.85,-51.25,-46.15,2.54,4.91,51.03,16.05
WOL 3D India,,WOL3D,INE0OO201011,Industrial Products,Other Industrial Products,130.70,13.24,84.33,0.00,2.84,6.77,56.06,119.76,20.12,9.06,0.28,16.18,36.52,0.00,61.23,38.26,23.87,-10.84,-11.10,33.09,9.00,102.40,0.00
Worth Peripheral,544577,WORTHPERI,INE196Y01018,Industrial Products,Packaging,144.94,14.77,228.29,0.69,5.25,21.22,82.00,7.57,12.90,6.25,0.22,8.14,19.58,0.00,0.82,-6.67,9.23,30.16,64.99,13.26,11.46,8.74,78.63
WPIL,505872,WPIL,INE765D01022,Industrial Manufacturing,Industrial Products,430.40,24.78,4203.75,0.46,59.01,51.30,500.54,32.22,14.58,10.10,0.32,10.67,8.29,3.18,4.93,-5.88,20.00,-92.89,-332.00,16.85,17.40,8.42,1.77
XPRO India,590013,XPROINDIA,INE445C01015,Industrial Products,Packaging,1197.10,86.03,2809.64,0.17,7.62,244.89,174.42,20.37,3.78,41.21,0.43,2.80,6.07,0.00,-0.20,-24.59,6.11,20.41,77.20,8.97,9.35,-1.22,299.49
Yash Highvoltage,544310,,INE00GK01023,Electrical Equipment,Other Electrical Equipment,1086.40,83.38,3247.00,0.13,23.72,68.89,135.57,46.53,28.58,52.22,0.20,23.50,14.12,0.00,37.55,50.51,24.43,8.83,32.77,33.94,24.12,57.22,51.73
Yashraj Contain.,530063,,INE095C01018,Industrial Products,Packaging,4.35,,7.40,0.00,-0.20,13.04,0.00,,,-181.36,,,,10.56,,23.51,,-3.26,-21.96,0.00,,-100.00,0.00
Yuken India,522108,YUKEN,INE384C01016,Industrial Products,"Compressors, Pumps & Diesel Engines",1127.60,97.94,1531.73,0.13,5.21,28.89,134.33,28.48,7.40,28.65,0.31,4.30,3.09,0.00,7.46,21.40,6.67,41.29,123.11,9.65,10.66,8.91,38.75
Zen Technologies,533339,ZENTEC,INE251B01027,Aerospace & Defense,Aerospace & Defense,1682.40,83.60,15190.45,0.06,31.85,-23.20,141.64,-10.48,16.18,49.20,0.01,10.72,34.94,0.00,46.47,66.68,18.41,244.60,289.05,33.13,32.65,-23.50,15.44
Zenith Steel,531845,ZENITHSTL,INE318D01020,Industrial Products,Iron & Steel Products,5.26,26.92,74.84,0.00,0.44,-53.06,7.18,-62.05,,40.93,,,2.12,0.20,-31.34,30.41,,-1.04,9.95,0.00,-28.06,-61.73,1.29
