TradDt,FinInstrmTp,XpryDt,StrkPric,OptnTp,ClsPric,SttlmPric,UndrlygPric,OpnIntrst,TtlTradgVol,NewBrdLotQty
2026-10-08,IDO,2026-10-27,24650.0,CE,3.7,3.7,22231.8,28795,119,65
2026-10-08,IDO,2026-10-27,25200.0,CE,2.2,2.2,22231.8,150800,780,65
2026-10-08,IDO,2026-11-03,20650.0,CE,2822.75,1670.13,22231.8,0,0,65
2026-10-08,IDO,2026-11-03,22900.0,CE,125.8,125.8,22231.8,22750,668,65
2026-10-08,IDO,2026-11-03,23350.0,CE,48.45,48.45,22231.8,8190,92,65
2026-10-08,IDO,2026-11-03,24250.0,CE,10.8,2.86,22231.8,1365,37,65
2026-10-08,IDO,2026-11-03,24350.0,CE,18.75,2.03,22231.8,975,0,65
2026-10-08,IDO,2026-11-03,24950.0,CE,5.1,5.1,22231.8,1365,3,65
2026-10-08,IDO,2026-11-09,20100.0,CE,2787.75,2233.84,22231.8,0,0,65
2026-10-08,IDO,2026-11-09,21150.0,CE,1764.55,1220.47,22231.8,0,0,65
2026-10-08,IDO,2026-11-09,21550.0,CE,1397.9,874.8,22231.8,0,0,65
2026-10-08,IDO,2026-11-09,22800.0,CE,187.4,187.4,22231.8,3835,108,65
2026-10-08,IDO,2026-11-23,20450.0,CE,4194.15,1940.26,22231.8,0,0,65
2026-10-08,IDO,2026-11-23,20600.0,CE,4048.2,1796.58,22231.8,0,0,65
2026-10-08,IDO,2026-11-23,20700.0,CE,3951.1,1701.89,22231.8,0,0,65
2026-10-08,IDO,2026-11-23,20850.0,CE,3805.95,1561.91,22231.8,0,0,65
2026-10-08,IDO,2026-11-23,24350.0,CE,25.85,25.85,22231.8,11115,37,65
2026-10-08,IDO,2026-11-23,25150.0,CE,11.75,2.65,22231.8,1365,28,65
2026-10-08,IDO,2026-12-29,20600.0,CE,2477.9,1944.92,22231.8,0,0,65
2026-10-08,IDO,2026-12-29,20900.0,CE,2211.65,1679.64,22231.8,0,0,65
2026-10-08,IDO,2026-12-29,21200.0,CE,1472.45,1428.24,22231.8,390,6,65
2026-10-08,IDO,2026-12-29,21650.0,CE,1185.6,1084.42,22231.8,3900,13,65
2026-10-08,IDO,2026-12-29,22150.0,CE,790.25,759.56,22231.8,910,4,65
2026-10-08,IDO,2026-12-29,22700.0,CE,479.05,479.05,22231.8,27885,532,65
2026-10-08,IDO,2026-12-29,22750.0,CE,466.3,459.08,22231.8,12090,116,65
2026-10-08,IDO,2026-12-29,23050.0,CE,339.5,339.5,22231.8,3835,74,65
2026-10-08,IDO,2026-12-29,23450.0,CE,213.0,213.0,22231.8,11375,154,65
2026-10-08,IDO,2026-12-29,24300.0,CE,78.25,78.25,22231.8,54145,638,65
2026-10-08,IDO,2026-12-29,26000.0,CE,16.95,16.95,22231.8,3777060,10248,65
2026-10-08,IDO,2027-03-30,31500.0,CE,10.0,10.0,22231.8,1235,9,65
2026-10-08,IDO,2027-06-29,24000.0,CE,597.15,597.15,22231.8,99790,1647,65
2026-10-08,IDO,2027-12-28,22500.0,CE,2185.05,2185.05,22231.8,7345,76,65
2026-10-08,IDO,2027-12-28,25000.0,CE,830.7,830.7,22231.8,239665,1025,65
2026-10-08,IDO,2030-06-25,16500.0,CE,13374.05,8944.37,22231.8,0,0,65
2026-10-08,IDO,2030-12-31,19500.0,CE,11601.15,7145.7,22231.8,0,0,65
2026-10-08,IDO,2030-12-31,28500.0,CE,5968.3,2383.68,22231.8,0,0,65
2026-10-08,IDO,2031-06-24,30000.0,CE,4459.9,2292.16,22231.8,0,0,65
2026-10-08,IDO,2026-10-13,20050.0,PE,1.0,1.0,22231.8,4296695,122820,65
2026-10-08,IDO,2026-10-13,20150.0,PE,1.15,1.15,22231.8,119795,21038,65
2026-10-08,IDO,2026-10-13,21400.0,PE,6.2,6.2,22231.8,3215745,440259,65
2026-10-08,IDO,2026-10-13,21850.0,PE,30.55,30.55,22231.8,2145325,548321,65
2026-10-08,IDO,2026-10-13,22050.0,PE,68.25,68.25,22231.8,1424735,751745,65
2026-10-08,IDO,2026-10-13,22900.0,PE,660.6,660.6,22231.8,661375,18359,65
2026-10-08,IDO,2026-10-13,23450.0,PE,1212.35,1212.35,22231.8,10205,131,65
2026-10-08,IDO,2026-10-13,23900.0,PE,1656.8,1656.8,22231.8,94900,32,65
2026-10-08,IDO,2026-10-13,24550.0,PE,961.3,2298.87,22231.8,0,0,65
2026-10-08,IDO,2026-10-13,25000.0,PE,2748.8,2748.8,22231.8,80015,226,65
2026-10-08,IDO,2026-10-13,25400.0,PE,2915.0,3148.2,22231.8,13000,1,65
2026-10-08,IDO,2026-10-19,20100.0,PE,4.0,4.0,22231.8,185380,7537,65
2026-10-08,IDO,2026-10-19,21450.0,PE,31.85,31.85,22231.8,49725,3855,65
2026-10-08,IDO,2026-10-19,21750.0,PE,62.35,62.35,22231.8,308945,12731,65
2026-10-08,IDO,2026-10-19,22050.0,PE,131.9,131.9,22231.8,77090,11646,65
2026-10-08,IDO,2026-10-13,22200.0,CE,167.15,167.15,22231.8,3264950,738642,65
2026-10-08,IDO,2026-10-13,21950.0,CE,341.4,341.4,22231.8,53170,4226,65
2026-10-08,IDO,2026-10-13,21850.0,CE,430.1,430.1,22231.8,19240,1247,65
2026-10-08,IDO,2026-10-13,21500.0,CE,751.25,751.25,22231.8,78715,2783,65
2026-10-08,IDO,2026-10-13,21050.0,CE,2704.75,1198.39,22231.8,0,0,65
2026-10-08,IDO,2026-10-13,20800.0,CE,2952.0,1448.18,22231.8,0,0,65
2026-10-08,IDF,2026-12-29,,,22536.4,22536.4,22231.8,351260,3466,65
2026-10-08,IDO,2026-12-29,21100.0,PE,168.35,168.35,22231.8,10595,286,65
2026-10-08,IDO,2026-10-13,21500.0,PE,8.55,8.55,22231.8,9647820,1004025,65
2026-10-08,IDO,2026-11-23,21200.0,CE,1300.5,1300.5,22231.8,130,2,65
2026-10-08,IDO,2026-11-23,20900.0,CE,3757.7,1515.88,22231.8,0,0,65
2026-10-08,IDO,2026-11-23,20400.0,CE,4242.9,1988.52,22231.8,0,0,65
2026-10-08,IDO,2026-11-09,23550.0,CE,48.65,48.65,22231.8,390,7,65
2026-10-08,IDO,2026-11-09,23350.0,CE,76.0,60.31,22231.8,1430,23,65
2026-10-08,IDO,2026-11-09,22350.0,CE,762.6,348.35,22231.8,0,0,65
2026-10-08,IDO,2026-11-09,22200.0,CE,469.1,469.1,22231.8,975,23,65
2026-10-08,IDO,2026-11-09,21350.0,CE,1578.45,1042.67,22231.8,0,0,65
2026-10-08,IDO,2026-11-03,24150.0,CE,11.6,3.99,22231.8,845,26,65
2026-10-08,IDO,2026-11-03,23450.0,CE,37.6,37.6,22231.8,7930,133,65
2026-10-08,IDO,2026-11-03,21600.0,CE,1906.05,795.31,22231.8,0,0,65
2026-10-08,IDO,2026-11-03,21150.0,CE,2334.2,1190.26,22231.8,0,0,65
2026-10-08,IDO,2026-10-27,27100.0,CE,0.7,0.01,22231.8,10400,5,65
2026-10-08,IDO,2026-10-27,26750.0,CE,0.65,0.01,22231.8,975,0,65
2026-10-08,IDO,2026-10-27,26550.0,CE,1.4,0.01,22231.8,975,0,65
2026-10-08,IDO,2026-10-27,26300.0,CE,0.75,0.01,22231.8,38805,3,65
2026-10-08,IDO,2026-10-27,26150.0,CE,4.85,0.01,22231.8,455,0,65
2026-10-08,IDO,2026-11-23,24300.0,PE,1899.8,1911.85,22231.8,17875,83,65
2026-10-08,IDF,2026-11-23,,,22395.8,22395.8,22231.8,2449460,6641,65
2026-10-08,IDO,2026-10-13,20650.0,CE,3100.75,1598.06,22231.8,0,0,65
2026-10-08,IDO,2026-10-13,20700.0,CE,3051.15,1548.1,22231.8,0,0,65
2026-10-08,IDO,2026-10-13,21350.0,CE,1145.85,899.05,22231.8,65,0,65
2026-10-08,IDO,2026-10-13,21700.0,CE,563.75,563.75,22231.8,20085,1245,65
2026-10-08,IDO,2026-10-13,22250.0,CE,138.4,138.4,22231.8,3266185,725559,65
2026-10-08,IDO,2026-10-13,22350.0,CE,92.8,92.8,22231.8,3185325,875597,65
2026-10-08,IDO,2026-10-13,23000.0,CE,6.2,6.2,22231.8,14033630,1326199,65
2026-10-08,IDO,2026-10-13,23350.0,CE,2.45,2.45,22231.8,1557400,526159,65
2026-10-08,IDO,2026-10-13,23800.0,CE,1.45,1.45,22231.8,4553380,335386,65
2026-10-08,IDO,2026-10-13,24100.0,CE,1.05,1.05,22231.8,2507635,175047,65
2026-10-08,IDO,2026-10-19,20650.0,CE,2584.0,1617.63,22231.8,0,0,65
2026-10-08,IDO,2026-10-19,21000.0,CE,1285.05,1269.07,22231.8,2600,5,65
2026-10-08,IDO,2026-10-19,21250.0,CE,1998.25,1022.65,22231.8,0,0,65
2026-10-08,IDO,2026-10-13,25250.0,PE,2904.15,2998.32,22231.8,585,1,65
2026-10-08,IDO,2026-10-19,21750.0,CE,574.3,574.3,22231.8,390,8,65
2026-10-08,IDO,2026-10-19,23250.0,CE,10.55,10.55,22231.8,217165,17407,65
2026-10-08,IDO,2026-10-19,23450.0,CE,6.45,6.45,22231.8,85605,7260,65
2026-10-08,IDO,2026-10-19,24400.0,CE,1.65,1.65,22231.8,114010,1156,65
2026-10-08,IDO,2026-10-27,20150.0,CE,4145.5,2142.1,22231.8,0,0,65
2026-10-08,IDO,2026-10-27,21050.0,CE,1609.9,1252.22,22231.8,65,0,65
2026-10-08,IDO,2026-10-27,21700.0,CE,711.55,711.55,22231.8,5655,153,65
2026-10-08,IDO,2026-10-27,21850.0,CE,584.6,584.6,22231.8,2795,45,65
2026-10-08,IDO,2026-10-27,22550.0,CE,181.35,181.35,22231.8,305435,9330,65
2026-10-08,IDO,2026-10-27,24800.0,CE,3.2,3.2,22231.8,410345,1461,65
2026-10-08,IDO,2026-10-27,25300.0,CE,1.75,1.75,22231.8,31330,70,65
2026-10-08,IDO,2026-10-27,25700.0,CE,1.6,1.6,22231.8,20605,260,65
2026-10-08,IDO,2026-11-03,21050.0,PE,52.75,16.09,22231.8,1625,0,65
2026-10-08,IDO,2031-06-24,25500.0,PE,1262.85,1261.95,22231.8,0,0,65
2026-10-08,IDO,2031-06-24,24000.0,PE,933.85,875.44,22231.8,65,0,65
2026-10-08,IDO,2031-06-24,21000.0,PE,450.5,351.97,22231.8,0,0,65
2026-10-08,IDO,2031-06-24,15000.0,PE,47.5,17.38,22231.8,0,0,65
2026-10-08,IDO,2030-12-31,24000.0,PE,1000.0,934.61,22231.8,520,0,65
2026-10-08,IDO,2030-12-31,18000.0,PE,32.3,99.42,22231.8,0,0,65
2026-10-08,IDO,2029-12-24,31500.0,PE,2240.25,4801.19,22231.8,0,0,65
2026-10-08,IDO,2029-12-24,30000.0,PE,3200.0,3855.82,22231.8,1365,3,65
2026-10-08,IDO,2029-12-24,28500.0,PE,1255.9,2997.1,22231.8,0,0,65
2026-10-08,IDO,2029-12-24,25000.0,PE,1600.0,1407.55,22231.8,2500,1,65
2026-10-08,IDO,2029-12-24,16500.0,PE,10.15,34.01,22231.8,0,0,65
2026-10-08,IDO,2029-06-26,22500.0,PE,224.45,701.1,22231.8,0,0,65
2026-10-08,IDO,2028-12-26,28500.0,PE,1451.15,3637.53,22231.8,0,0,65
2026-10-08,IDO,2028-12-26,25500.0,PE,648.2,1881.33,22231.8,0,0,65
2026-10-08,IDO,2028-06-27,28500.0,PE,1560.85,4043.18,22231.8,0,0,65
2026-10-08,IDO,2028-06-27,25500.0,PE,1034.0,2054.67,22231.8,0,0,65
2026-10-08,IDO,2027-12-28,28500.0,PE,2979.7,4533.73,22231.8,260,0,65
2026-10-08,IDO,2027-12-28,18000.0,PE,137.6,137.6,22231.8,32850,75,65
2026-10-08,IDO,2027-09-28,24000.0,PE,1700.0,1426.94,22231.8,130,0,65
2026-10-08,IDO,2027-06-29,22500.0,PE,681.35,681.35,22231.8,47450,807,65
2026-10-08,IDO,2027-03-30,31500.0,PE,7066.15,8421.46,22231.8,0,0,65
2026-10-08,IDO,2026-12-29,24550.0,PE,1586.75,2061.86,22231.8,780,0,65
2026-10-08,IDO,2026-12-29,23350.0,PE,814.25,1072.37,22231.8,845,2,65
2026-10-08,IDO,2026-12-29,21900.0,PE,333.2,333.2,22231.8,52910,785,65
2026-10-08,IDO,2026-12-29,21250.0,PE,191.15,191.15,22231.8,6045,106,65
2026-10-08,IDO,2026-12-29,20350.0,PE,87.7,31.2,22231.8,1235,20,65
2026-10-08,IDO,2026-11-23,25600.0,PE,2600.0,3184.17,22231.8,195,0,65
2026-10-08,IDO,2026-11-23,25400.0,PE,2300.0,2986.19,22231.8,325,0,65
2026-10-08,IDO,2026-11-23,25000.0,PE,2563.3,2563.3,22231.8,340080,586,65
2026-10-08,IDO,2026-11-23,24200.0,PE,1805.0,1816.99,22231.8,10205,1,65
2026-10-08,IDO,2026-11-23,24100.0,PE,1555.0,1723.0,22231.8,10725,10,65
2026-10-08,IDO,2026-11-23,23950.0,PE,1298.4,1583.96,22231.8,1040,0,65
2026-10-08,IDO,2026-11-23,23850.0,PE,1037.55,1492.78,22231.8,2015,0,65
2026-10-08,IDO,2026-11-23,22700.0,PE,606.6,606.6,22231.8,185770,2918,65
2026-10-08,IDO,2026-11-23,22500.0,PE,495.75,495.75,22231.8,1420120,13419,65
2026-10-08,IDO,2026-11-23,22400.0,PE,446.25,446.25,22231.8,505895,5669,65
2026-10-08,IDO,2026-11-23,21900.0,PE,266.9,266.9,22231.8,129805,3226,65
2026-10-08,IDO,2026-11-23,21800.0,PE,237.65,237.65,22231.8,182975,4399,65
2026-10-08,IDO,2026-11-23,21550.0,PE,180.6,180.6,22231.8,9360,122,65
2026-10-08,IDO,2026-11-23,21400.0,PE,151.35,151.35,22231.8,85410,1259,65
2026-10-08,IDO,2026-11-23,20350.0,PE,4.85,8.2,22231.8,0,0,65
2026-10-08,IDO,2026-11-09,24400.0,PE,1540.5,2049.72,22231.8,0,0,65
2026-10-08,IDO,2026-11-09,23650.0,PE,914.5,1330.06,22231.8,0,0,65
2026-10-08,IDO,2026-11-09,22750.0,PE,366.4,592.28,22231.8,0,0,65
2026-10-08,IDO,2026-11-09,22400.0,PE,298.6,380.12,22231.8,260,3,65
2026-10-08,IDO,2026-11-09,21800.0,PE,192.8,141.35,22231.8,390,3,65
2026-10-08,IDO,2026-11-09,21200.0,PE,75.45,36.82,22231.8,1170,34,65
2026-10-08,IDO,2026-11-03,25200.0,PE,1756.2,2865.27,22231.8,0,0,65
2026-10-08,IDO,2026-11-03,25100.0,PE,1666.4,2765.72,22231.8,0,0,65
2026-10-08,IDO,2026-11-03,24650.0,PE,1280.65,2318.13,22231.8,0,0,65
2026-10-08,IDO,2026-11-03,23400.0,PE,1100.05,1100.05,22231.8,1365,16,65
2026-10-08,IDO,2026-11-03,22750.0,PE,554.9,576.19,22231.8,7475,51,65
2026-10-08,IDO,2026-11-03,22700.0,PE,558.15,558.15,22231.8,17420,255,65
2026-10-08,IDO,2026-11-03,20500.0,PE,26.5,26.5,22231.8,39520,506,65
2026-10-08,IDO,2026-10-27,26500.0,PE,4199.2,4199.2,22231.8,558675,212,65
2026-10-08,IDO,2026-10-27,26400.0,PE,3600.0,4089.3,22231.8,195,0,65
2026-10-08,IDO,2026-10-27,25850.0,PE,3025.0,3540.94,22231.8,455,0,65
2026-10-08,IDO,2026-10-27,25650.0,PE,3005.0,3341.54,22231.8,325,0,65
2026-10-08,IDO,2026-10-27,24300.0,PE,1985.05,1985.05,22231.8,230035,54,65
2026-10-08,IDO,2026-10-27,24000.0,PE,1693.2,1693.2,22231.8,2752035,3426,65
2026-10-08,IDO,2026-10-27,22900.0,PE,672.1,672.1,22231.8,670020,4279,65
2026-10-08,IDO,2026-10-27,22750.0,PE,560.05,560.05,22231.8,267475,2137,65
2026-10-08,IDO,2026-10-27,22700.0,PE,527.35,527.35,22231.8,2429440,24089,65
2026-10-08,IDO,2026-10-27,22550.0,PE,427.4,427.4,22231.8,185770,6272,65
2026-10-08,IDO,2026-10-27,22000.0,PE,180.0,180.0,22231.8,4688515,144758,65
2026-10-08,IDO,2026-10-27,21800.0,PE,128.05,128.05,22231.8,954265,43788,65
2026-10-08,IDO,2026-10-27,21350.0,PE,56.4,56.4,22231.8,280475,3355,65
2026-10-08,IDO,2026-10-27,20400.0,PE,13.45,13.45,22231.8,54080,1224,65
2026-10-08,IDO,2026-10-19,25050.0,PE,1825.8,2774.83,22231.8,0,0,65
2026-10-08,IDO,2026-10-19,24700.0,PE,1505.1,2425.44,22231.8,0,0,65
2026-10-08,IDO,2026-10-19,24400.0,PE,1450.0,2125.96,22231.8,650,0,65
2026-10-08,IDO,2026-10-19,24300.0,PE,1804.2,2026.14,22231.8,1235,2,65
2026-10-08,IDO,2026-10-19,23450.0,PE,1171.4,1180.02,22231.8,2730,18,65
2026-10-08,IDO,2026-10-19,22450.0,PE,310.85,310.85,22231.8,171405,17076,65
2026-10-08,IDO,2026-10-13,25300.0,PE,1583.0,3048.28,22231.8,0,0,65
2026-10-08,IDO,2026-10-27,25800.0,CE,1.25,1.25,22231.8,66820,842,65
2026-10-08,IDO,2026-10-13,25200.0,PE,2570.0,2948.36,22231.8,910,0,65
2026-10-08,IDO,2026-10-13,25050.0,PE,2424.75,2798.48,22231.8,520,0,65
2026-10-08,IDO,2026-10-13,24650.0,PE,1870.0,2398.79,22231.8,130,0,65
2026-10-08,IDO,2026-10-13,23950.0,PE,1465.0,1699.34,22231.8,11050,10,65
2026-10-08,IDO,2026-10-13,22300.0,PE,165.6,165.6,22231.8,5436080,2551818,65
2026-10-08,IDO,2026-10-13,22250.0,PE,141.1,141.1,22231.8,2233725,1681957,65
2026-10-08,IDO,2026-10-13,21950.0,PE,46.1,46.1,22231.8,1710735,595332,65
2026-10-08,IDO,2026-10-13,21700.0,PE,17.15,17.15,22231.8,4965675,820170,65
2026-10-08,IDO,2026-10-13,20250.0,PE,1.25,1.25,22231.8,247715,32161,65
2026-10-08,IDO,2031-06-24,22500.0,CE,8012.75,5646.44,22231.8,0,0,65
2026-10-08,IDO,2030-06-25,19500.0,CE,11140.25,6684.07,22231.8,0,0,65
2026-10-08,IDO,2029-12-24,28500.0,CE,4802.1,1537.4,22231.8,0,0,65
2026-10-08,IDO,2029-06-26,30000.0,CE,5268.4,814.97,22231.8,0,0,65
2026-10-08,IDO,2029-06-26,25500.0,CE,5917.35,2150.85,22231.8,0,0,65
2026-10-08,IDO,2028-12-26,22500.0,CE,7382.9,3153.36,22231.8,0,0,65
2026-10-08,IDO,2028-06-27,28500.0,CE,2990.0,459.54,22231.8,0,0,65
2026-10-08,IDO,2027-09-28,15000.0,CE,8577.25,8047.84,22231.8,0,0,65
2026-10-08,IDO,2027-06-29,25500.0,CE,225.85,225.85,22231.8,77285,733,65
2026-10-08,IDO,2027-06-29,21000.0,CE,3061.8,2343.83,22231.8,0,0,65
2026-10-08,IDO,2027-06-29,18000.0,CE,4066.45,4975.26,22231.8,0,0,65
2026-10-08,IDO,2027-03-30,22500.0,CE,1027.85,1027.85,22231.8,372645,4938,65
2026-10-08,IDO,2027-03-30,21000.0,CE,2046.35,2046.35,22231.8,152685,2464,65
2026-10-08,IDO,2026-12-29,28500.0,CE,5.95,5.95,22231.8,94640,94,65
2026-10-08,IDO,2026-12-29,23800.0,CE,140.75,140.75,22231.8,132925,3332,65
2026-10-08,IDO,2026-12-29,23350.0,CE,243.7,243.7,22231.8,9100,64,65
2026-10-08,IDO,2026-12-29,22200.0,CE,757.95,757.95,22231.8,16055,372,65
2026-10-08,IDO,2026-12-29,21800.0,CE,1036.0,980.19,22231.8,4680,58,65
2026-10-08,IDO,2026-12-29,21450.0,CE,1307.5,1231.76,22231.8,2730,29,65
2026-10-08,IDO,2026-12-29,20250.0,CE,2799.0,2267.56,22231.8,0,0,65
2026-10-08,IDO,2026-11-23,25550.0,CE,9.0,0.93,22231.8,1625,0,65
2026-10-08,IDO,2026-11-23,24300.0,CE,27.65,27.65,22231.8,129870,3245,65
2026-10-08,IDO,2026-11-23,23550.0,CE,86.8,86.8,22231.8,28600,562,65
2026-10-08,IDO,2026-11-23,22300.0,CE,504.65,504.65,22231.8,48230,1963,65
2026-10-08,IDO,2026-11-23,21550.0,CE,3139.0,959.96,22231.8,0,0,65
2026-10-08,IDO,2026-10-27,23050.0,CE,52.2,52.2,22231.8,192595,6952,65
2026-10-08,IDO,2026-10-27,22950.0,CE,68.2,68.2,22231.8,136435,6692,65
2026-10-08,IDO,2026-10-27,21650.0,CE,1000.0,705.76,22231.8,130,0,65
2026-10-08,IDO,2026-10-27,21100.0,CE,1340.0,1204.04,22231.8,65,0,65
2026-10-08,IDO,2026-10-27,20950.0,CE,3376.9,1349.37,22231.8,0,0,65
2026-10-08,IDO,2026-10-19,24150.0,CE,1.75,1.75,22231.8,29575,432,65
2026-10-08,IDO,2026-10-19,24000.0,CE,2.25,2.25,22231.8,983515,36149,65
2026-10-08,IDO,2026-10-19,23300.0,CE,9.0,9.0,22231.8,1199380,61757,65
2026-10-08,IDO,2026-10-19,22950.0,CE,27.85,27.85,22231.8,179010,14478,65
2026-10-08,IDO,2026-10-19,21850.0,CE,487.6,487.6,22231.8,1300,41,65
2026-10-08,IDO,2026-10-19,20800.0,CE,2436.25,1468.05,22231.8,0,0,65
2026-10-08,IDO,2026-10-19,20400.0,CE,2831.2,1867.13,22231.8,0,0,65
2026-10-08,IDO,2026-10-13,25400.0,CE,0.55,0.55,22231.8,785265,50581,65
2026-10-08,IDO,2026-10-27,24300.0,CE,5.4,5.4,22231.8,419055,6756,65
2026-10-08,IDO,2026-10-13,20050.0,CE,2018.5,2018.5,22231.8,130,2,65
2026-10-08,IDO,2026-10-13,20350.0,CE,3398.6,1897.82,22231.8,0,0,65
2026-10-08,IDO,2026-10-13,20600.0,CE,3150.35,1648.02,22231.8,0,0,65
2026-10-08,IDO,2026-10-13,20850.0,CE,2902.5,1398.22,22231.8,0,0,65
2026-10-08,IDO,2026-10-13,21150.0,CE,2606.15,1098.51,22231.8,0,0,65
2026-10-08,IDO,2026-10-13,22100.0,CE,231.05,231.05,22231.8,666770,122065,65
2026-10-08,IDO,2026-10-13,23450.0,CE,2.05,2.05,22231.8,1905345,658619,65
2026-10-08,IDO,2026-10-13,23900.0,CE,1.35,1.35,22231.8,2805595,193745,65
2026-10-08,IDO,2026-10-13,24450.0,CE,0.95,0.95,22231.8,129155,29161,65
2026-10-08,IDO,2026-10-13,24900.0,CE,0.7,0.7,22231.8,149630,11837,65
2026-10-08,IDO,2026-10-13,25100.0,CE,0.65,0.65,22231.8,51350,2340,65
2026-10-08,IDO,2031-06-24,18000.0,PE,173.45,101.25,22231.8,0,0,65
2026-10-08,IDO,2030-06-25,27000.0,PE,1286.05,2052.01,22231.8,0,0,65
2026-10-08,IDO,2030-06-25,24000.0,PE,698.15,1002.61,22231.8,0,0,65
2026-10-08,IDO,2029-12-24,27000.0,PE,1177.9,2239.61,22231.8,0,0,65
2026-10-08,IDO,2029-06-26,21000.0,PE,320.25,389.04,22231.8,0,0,65
2026-10-08,IDO,2029-06-26,15000.0,PE,30.9,7.58,22231.8,0,0,65
2026-10-08,IDO,2028-12-26,21000.0,PE,570.0,385.07,22231.8,11570,2,65
2026-10-08,IDO,2028-12-26,20000.0,PE,400.0,233.62,22231.8,5740,2,65
2026-10-08,IDO,2027-12-28,25500.0,PE,676.05,2260.49,22231.8,0,0,65
2026-10-08,IDO,2027-12-28,22500.0,PE,819.8,819.8,22231.8,5200,62,65
2026-10-08,IDO,2027-06-29,25500.0,PE,667.15,2526.02,22231.8,0,0,65
2026-10-08,IDO,2027-03-30,22500.0,PE,636.85,636.85,22231.8,886600,6394,65
2026-10-08,IDO,2026-12-29,22350.0,PE,485.3,485.3,22231.8,6305,120,65
2026-10-08,IDO,2026-12-29,22300.0,PE,469.4,469.4,22231.8,44005,1031,65
2026-10-08,IDO,2026-12-29,22100.0,PE,394.7,394.7,22231.8,30550,757,65
2026-10-08,IDO,2026-12-29,21700.0,PE,279.9,279.9,22231.8,59930,569,65
2026-10-08,IDO,2026-12-29,20400.0,PE,96.0,96.0,22231.8,1820,42,65
2026-10-08,IDO,2026-12-29,20250.0,PE,36.15,25.85,22231.8,0,0,65
2026-10-08,IDO,2026-12-29,20200.0,PE,32.5,23.48,22231.8,195,0,65
2026-10-08,IDO,2026-12-29,16000.0,PE,13.3,13.3,22231.8,163340,175,65
2026-10-08,IDO,2026-12-29,13000.0,PE,4.85,0.01,22231.8,9305,0,65
2026-10-08,IDO,2026-11-23,24700.0,PE,1961.05,2297.76,22231.8,3705,0,65
2026-10-08,IDO,2026-11-23,24150.0,PE,1300.0,1769.88,22231.8,1300,0,65
2026-10-08,IDO,2026-11-23,23100.0,PE,864.6,864.6,22231.8,156975,2325,65
2026-10-08,IDO,2026-11-23,22550.0,PE,516.7,516.7,22231.8,7800,152,65
2026-10-08,IDO,2026-11-23,21600.0,PE,190.9,190.9,22231.8,94380,2129,65
2026-10-08,IDO,2026-11-23,21050.0,PE,102.2,102.2,22231.8,3965,143,65
2026-10-08,IDO,2026-11-23,20550.0,PE,57.2,14.09,22231.8,3055,62,65
2026-10-08,IDO,2026-11-09,24150.0,PE,1319.3,1805.35,22231.8,0,0,65
2026-10-08,IDO,2026-11-09,23900.0,PE,1109.35,1564.68,22231.8,0,0,65
2026-10-08,IDO,2026-11-09,22650.0,PE,342.0,526.39,22231.8,195,0,65
2026-10-08,IDO,2026-11-09,21900.0,PE,219.35,219.35,22231.8,1300,37,65
2026-10-08,IDO,2026-11-09,21150.0,PE,79.95,32.32,22231.8,130,2,65
2026-10-08,IDO,2026-11-09,20600.0,PE,5.3,6.23,22231.8,0,0,65
2026-10-08,IDO,2026-11-03,24700.0,PE,1321.8,2367.8,22231.8,0,0,65
2026-10-08,IDO,2026-11-03,23900.0,PE,731.5,1579.3,22231.8,0,0,65
2026-10-08,IDO,2026-11-03,23300.0,PE,1035.75,1018.44,22231.8,2080,15,65
2026-10-08,IDO,2026-11-03,21800.0,PE,162.65,162.65,22231.8,16120,558,65
2026-10-08,IDO,2026-11-03,21450.0,PE,93.4,51.54,22231.8,1495,26,65
2026-10-08,IDO,2026-10-27,27050.0,PE,2764.35,4737.36,22231.8,0,0,65
2026-10-08,IDO,2026-10-27,26450.0,PE,3460.0,4139.15,22231.8,195,0,65
2026-10-08,IDO,2026-10-27,25350.0,PE,2416.7,3042.44,22231.8,1495,0,65
2026-10-08,IDO,2026-10-27,24600.0,PE,2293.05,2293.05,22231.8,200525,237,65
2026-10-08,IDO,2026-10-27,24550.0,PE,1893.3,2244.99,22231.8,6500,0,65
2026-10-08,IDO,2026-10-27,24350.0,PE,1643.05,2045.83,22231.8,14885,0,65
2026-10-08,IDO,2026-10-27,24150.0,PE,1832.0,1847.01,22231.8,16900,3,65
2026-10-08,IDO,2026-10-27,23950.0,PE,1669.15,1648.9,22231.8,4420,5,65
2026-10-08,IDO,2026-10-27,23900.0,PE,1599.5,1599.5,22231.8,217815,156,65
2026-10-08,IDO,2026-10-27,23400.0,PE,1118.2,1118.2,22231.8,1272440,647,65
2026-10-08,IDO,2026-10-27,23300.0,PE,1011.6,1011.6,22231.8,2341625,1480,65
2026-10-08,IDO,2026-10-27,23100.0,PE,841.3,841.3,22231.8,1513525,1272,65
2026-10-08,IDO,2026-10-27,22850.0,PE,630.5,630.5,22231.8,96915,539,65
2026-10-08,IDO,2026-10-27,22450.0,PE,369.5,369.5,22231.8,172770,7096,65
2026-10-08,IDO,2026-10-27,22250.0,PE,271.7,271.7,22231.8,499850,14829,65
2026-10-08,IDO,2026-10-27,22150.0,PE,231.2,231.2,22231.8,142415,5474,65
2026-10-08,IDO,2026-10-27,21300.0,PE,51.55,51.55,22231.8,521690,25400,65
2026-10-08,IDO,2026-10-27,20900.0,PE,26.4,26.4,22231.8,109590,3353,65
2026-10-08,IDO,2026-10-27,20850.0,PE,24.5,24.5,22231.8,12220,403,65
2026-10-08,IDO,2026-10-27,20800.0,PE,22.45,22.45,22231.8,331370,7311,65
2026-10-08,IDO,2026-10-27,20500.0,PE,14.9,14.9,22231.8,1149915,23349,65
2026-10-08,IDO,2026-10-27,20050.0,PE,9.45,9.45,22231.8,192270,3395,65
2026-10-08,IDO,2026-10-19,25000.0,PE,2709.85,2709.85,22231.8,1950,5,65
2026-10-08,IDO,2026-10-19,23950.0,PE,1335.0,1676.86,22231.8,260,0,65
2026-10-08,IDO,2026-10-19,23200.0,PE,942.35,942.35,22231.8,24180,571,65
2026-10-08,IDO,2026-10-19,22150.0,PE,165.65,165.65,22231.8,83785,10760,65
2026-10-08,IDO,2026-10-19,22100.0,PE,144.8,144.8,22231.8,289250,37041,65
2026-10-08,IDO,2026-10-19,20500.0,PE,6.5,6.5,22231.8,1315600,31109,65
2026-10-08,IDO,2026-10-19,20450.0,PE,6.2,6.2,22231.8,11180,293,65
2026-10-08,IDO,2026-10-13,24400.0,PE,2142.5,2142.5,22231.8,9880,18,65
2026-10-08,IDO,2026-10-13,24350.0,PE,1700.0,2099.03,22231.8,715,0,65
2026-10-08,IDO,2026-10-13,24150.0,PE,1952.25,1899.19,22231.8,1690,1,65
2026-10-08,IDO,2026-10-13,23700.0,PE,1451.4,1451.4,22231.8,37700,74,65
2026-10-08,IDO,2026-10-13,23350.0,PE,1095.95,1095.95,22231.8,13000,42,65
2026-10-08,IDO,2026-10-13,23250.0,PE,1007.0,1007.0,22231.8,184925,1134,65
2026-10-08,IDO,2026-10-13,22150.0,PE,98.6,98.6,22231.8,2073630,1063345,65
2026-10-08,IDO,2026-10-13,21900.0,PE,37.9,37.9,22231.8,3888885,916470,65
2026-10-08,IDO,2026-10-13,21450.0,PE,7.35,7.35,22231.8,799565,229038,65
2026-10-08,IDO,2026-10-13,21000.0,PE,3.15,3.15,22231.8,11795875,773129,65
2026-10-08,IDO,2026-10-13,20400.0,PE,1.3,1.3,22231.8,541060,53491,65
2026-10-08,IDO,2031-06-24,33000.0,CE,3451.55,1511.34,22231.8,0,0,65
2026-10-08,IDO,2030-06-25,33000.0,CE,4416.45,886.99,22231.8,0,0,65
2026-10-08,IDO,2030-06-25,27000.0,CE,6972.5,2477.04,22231.8,0,0,65
2026-10-08,IDO,2029-12-24,27000.0,CE,2100.0,2026.83,22231.8,260,2,65
2026-10-08,IDO,2029-12-24,15000.0,CE,13369.45,9773.0,22231.8,0,0,65
2026-10-08,IDO,2028-12-26,30000.0,CE,579.0,579.0,22231.8,23895,12,65
2026-10-08,IDO,2028-06-27,19500.0,CE,9209.1,4722.71,22231.8,0,0,65
2026-10-08,IDO,2028-06-27,18000.0,CE,6809.35,5978.88,22231.8,0,0,65
2026-10-08,IDO,2028-06-27,16500.0,CE,11752.8,7299.0,22231.8,0,0,65
2026-10-08,IDO,2027-12-28,31500.0,CE,94.0,43.68,22231.8,1950,3,65
2026-10-08,IDO,2027-09-28,25500.0,CE,908.35,501.37,22231.8,0,0,65
2026-10-08,IDO,2027-06-29,30000.0,CE,46.0,46.0,22231.8,9620,153,65
2026-10-08,IDO,2027-06-29,16500.0,CE,10867.2,6404.8,22231.8,0,0,65
2026-10-08,IDO,2027-03-30,28500.0,CE,24.2,24.2,22231.8,194350,607,65
2026-10-08,IDO,2027-03-30,25500.0,CE,121.55,121.55,22231.8,818415,4462,65
2026-10-08,IDO,2027-03-30,15000.0,CE,8379.85,7635.08,22231.8,0,0,65
2026-10-08,IDO,2026-12-29,24450.0,CE,65.3,65.3,22231.8,37440,409,65
2026-10-08,IDO,2026-12-29,22900.0,CE,396.65,396.65,22231.8,23075,600,65
2026-10-08,IDO,2026-12-29,20750.0,CE,2343.6,1810.76,22231.8,0,0,65
2026-10-08,IDO,2026-12-29,20150.0,CE,2892.45,2361.72,22231.8,0,0,65
2026-10-08,IDO,2026-12-29,19000.0,CE,3460.8,3460.8,22231.8,272740,324,65
2026-10-08,IDO,2026-11-23,25700.0,CE,8.25,8.25,22231.8,7605,342,65
2026-10-08,IDO,2026-11-23,24950.0,CE,13.5,4.36,22231.8,1495,29,65
2026-10-08,IDO,2026-11-23,24000.0,CE,43.9,43.9,22231.8,1846975,34286,65
2026-10-08,IDO,2026-11-23,23750.0,CE,63.7,63.7,22231.8,22035,309,65
2026-10-08,IDO,2026-11-23,23250.0,CE,140.4,140.4,22231.8,39195,642,65
2026-10-08,IDO,2026-11-23,23150.0,CE,162.6,162.6,22231.8,45110,3364,65
2026-10-08,IDO,2026-11-23,22750.0,CE,286.95,286.95,22231.8,47125,675,65
2026-10-08,IDO,2026-11-23,22350.0,CE,471.9,471.9,22231.8,5785,147,65
2026-10-08,IDO,2026-11-23,22000.0,CE,689.5,689.5,22231.8,206375,3005,65
2026-10-08,IDO,2026-11-23,21400.0,CE,3280.1,1079.76,22231.8,0,0,65
2026-10-08,IDO,2026-11-23,21000.0,CE,1471.05,1471.05,22231.8,32435,311,65
2026-10-08,IDO,2026-11-23,20050.0,CE,2500.0,2329.93,22231.8,455,5,65
2026-10-08,IDO,2026-11-09,23300.0,CE,94.65,67.01,22231.8,1040,20,65
2026-10-08,IDO,2026-11-09,20700.0,CE,2196.95,1644.55,22231.8,0,0,65
2026-10-08,IDO,2026-11-03,25150.0,CE,6.15,0.09,22231.8,1625,0,65
2026-10-08,IDO,2026-11-03,23300.0,CE,53.4,53.4,22231.8,53365,1268,65
2026-10-08,IDO,2026-11-03,23050.0,CE,92.3,92.3,22231.8,14560,210,65
2026-10-08,IDO,2026-11-03,22750.0,CE,164.65,164.65,22231.8,13910,272,65
2026-10-08,IDO,2026-11-03,22500.0,CE,263.2,263.2,22231.8,52650,1403,65
2026-10-08,IDO,2026-11-03,21350.0,CE,2142.0,1008.44,22231.8,0,0,65
2026-10-08,IDO,2026-11-03,20500.0,CE,2970.65,1817.75,22231.8,0,0,65
2026-10-08,IDO,2026-11-03,20250.0,CE,3217.9,2065.3,22231.8,0,0,65
2026-10-08,IDO,2026-10-27,27050.0,CE,0.85,0.01,22231.8,10400,11,65
2026-10-08,IDO,2026-10-27,25850.0,CE,1.6,0.01,22231.8,2730,0,65
2026-10-08,IDO,2026-10-27,25750.0,CE,2.25,2.25,22231.8,26715,2,65
2026-10-08,IDO,2026-10-27,23650.0,CE,12.8,12.8,22231.8,126230,2328,65
2026-10-08,IDO,2026-11-23,24600.0,CE,20.35,20.35,22231.8,68835,1115,65
2026-10-08,IDO,2026-11-23,24150.0,CE,35.75,35.75,22231.8,20215,117,65
2026-10-08,IDO,2026-11-23,23900.0,CE,49.65,49.65,22231.8,122785,2439,65
2026-10-08,IDO,2026-12-29,16000.0,CE,6430.0,6437.16,22231.8,1105,0,65
2026-10-08,IDO,2026-10-13,20250.0,CE,3498.0,1997.74,22231.8,0,0,65
2026-10-08,IDO,2026-10-13,21650.0,CE,609.5,609.5,22231.8,2665,66,65
2026-10-08,IDO,2026-10-13,22300.0,CE,114.0,114.0,22231.8,6590090,1356446,65
2026-10-08,IDO,2026-10-13,24250.0,CE,1.05,1.05,22231.8,166660,26005,65
2026-10-08,IDO,2026-10-19,20750.0,CE,2485.4,1517.89,22231.8,0,0,65
2026-10-08,IDO,2026-10-19,20850.0,CE,2387.15,1418.23,22231.8,0,0,65
2026-10-08,IDO,2026-10-19,21300.0,CE,1950.35,973.99,22231.8,0,0,65
2026-10-08,IDO,2026-10-19,21350.0,CE,1902.6,925.66,22231.8,0,0,65
2026-10-08,IDO,2026-10-19,21400.0,CE,1444.1,877.73,22231.8,65,0,65
2026-10-08,IDO,2026-10-19,21800.0,CE,543.1,543.1,22231.8,12350,426,65
2026-10-08,IDO,2026-10-19,22250.0,CE,226.05,226.05,22231.8,114140,14012,65
2026-10-08,IDO,2026-10-19,23600.0,CE,4.7,4.7,22231.8,349635,21867,65
2026-10-08,IDO,2026-10-19,24700.0,CE,1.5,1.5,22231.8,10660,960,65
2026-10-08,IDO,2026-10-27,21200.0,CE,1505.0,1108.63,22231.8,130,0,65
2026-10-08,IDO,2026-10-27,22500.0,CE,201.0,201.0,22231.8,3846050,145764,65
2026-10-08,IDO,2026-10-27,22850.0,CE,88.2,88.2,22231.8,220350,8408,65
2026-10-08,IDO,2026-10-27,23150.0,CE,39.4,39.4,22231.8,320970,9920,65
2026-10-08,IDO,2026-10-27,23750.0,CE,10.8,10.8,22231.8,144690,2907,65
2026-10-08,IDO,2026-10-27,25150.0,CE,2.45,0.01,22231.8,17680,58,65
2026-10-08,IDO,2026-10-27,25350.0,CE,2.85,0.01,22231.8,2275,0,65
2026-10-08,IDO,2026-10-27,26400.0,CE,1.25,0.01,22231.8,4550,5,65
2026-10-08,IDO,2026-11-03,21550.0,CE,1952.8,836.42,22231.8,0,0,65
2026-10-08,IDO,2026-11-03,21900.0,CE,1631.8,568.22,22231.8,0,0,65
2026-10-08,IDO,2026-11-03,22100.0,CE,472.6,472.6,22231.8,4615,104,65
2026-10-08,IDO,2026-11-03,24200.0,CE,11.4,11.4,22231.8,13520,270,65
2026-10-08,IDO,2026-11-03,24850.0,CE,5.65,0.31,22231.8,1755,0,65
2026-10-08,IDO,2026-11-03,24900.0,CE,5.75,5.75,22231.8,1950,38,65
2026-10-08,IDO,2026-11-03,25000.0,CE,6.3,6.3,22231.8,64805,722,65
2026-10-08,IDO,2026-11-03,25200.0,CE,4.25,4.25,22231.8,8645,14,65
2026-10-08,IDO,2026-11-09,20750.0,CE,2148.25,1596.3,22231.8,0,0,65
2026-10-08,IDO,2026-11-09,21400.0,CE,1532.75,999.67,22231.8,0,0,65
2026-10-08,IDO,2026-11-09,21850.0,CE,1140.9,647.1,22231.8,0,0,65
2026-10-08,IDO,2026-11-09,22750.0,CE,214.75,214.75,22231.8,650,12,65
2026-10-08,IDO,2026-11-09,22900.0,CE,159.5,159.5,22231.8,6955,215,65
2026-10-08,IDO,2026-11-09,23650.0,CE,170.65,30.78,22231.8,0,0,65
2026-10-08,IDO,2026-11-09,23750.0,CE,146.75,24.22,22231.8,0,0,65
2026-10-08,IDO,2026-11-09,23850.0,CE,126.25,18.91,22231.8,0,0,65
2026-10-08,IDO,2026-11-09,24050.0,CE,92.15,11.26,22231.8,0,0,65
2026-10-08,IDO,2026-11-09,24150.0,CE,78.2,8.58,22231.8,0,0,65
2026-10-08,IDO,2026-11-23,20100.0,CE,4536.15,2280.86,22231.8,0,0,65
2026-10-08,IDO,2026-11-23,20550.0,CE,4096.8,1844.27,22231.8,0,0,65
2026-10-08,IDO,2026-11-23,21750.0,CE,2952.95,810.3,22231.8,0,0,65
2026-10-08,IDO,2026-11-23,22800.0,CE,270.95,270.95,22231.8,451555,16725,65
2026-10-08,IDO,2026-11-23,22850.0,CE,252.35,252.35,22231.8,20995,491,65
2026-10-08,IDO,2026-11-23,22950.0,CE,220.7,220.7,22231.8,14625,334,65
2026-10-08,IDO,2026-11-23,23450.0,CE,101.1,101.1,22231.8,31785,813,65
2026-10-08,IDO,2030-06-25,18000.0,PE,116.65,95.56,22231.8,0,0,65
2026-10-08,IDO,2029-12-24,25500.0,PE,597.3,1595.53,22231.8,0,0,65
2026-10-08,IDO,2029-12-24,18000.0,PE,96.5,89.46,22231.8,0,0,65
2026-10-08,IDO,2029-06-26,30000.0,PE,2031.05,4242.91,22231.8,0,0,65
2026-10-08,IDO,2029-06-26,25500.0,PE,2550.0,1729.83,22231.8,130,0,65
2026-10-08,IDO,2028-12-26,25000.0,PE,1609.0,1609.0,22231.8,13620,4,65
2026-10-08,IDO,2028-06-27,30000.0,PE,3779.25,5212.54,22231.8,0,0,65
2026-10-08,IDO,2028-06-27,15000.0,PE,127.2,2.26,22231.8,0,0,65
2026-10-08,IDO,2027-12-28,31500.0,PE,3240.0,7174.64,22231.8,0,0,65
2026-10-08,IDO,2027-12-28,19500.0,PE,29.25,118.18,22231.8,0,0,65
2026-10-08,IDO,2027-12-28,17000.0,PE,72.55,10.44,22231.8,17775,0,65
2026-10-08,IDO,2027-06-29,31500.0,PE,3604.7,7988.16,22231.8,0,0,65
2026-10-08,IDO,2027-03-30,33000.0,PE,8415.45,9881.0,22231.8,0,0,65
2026-10-08,IDO,2027-03-30,30000.0,PE,6273.1,6962.67,22231.8,2470,0,65
2026-10-08,IDO,2027-03-30,25500.0,PE,2575.2,2575.2,22231.8,200200,684,65
2026-10-08,IDO,2026-12-29,33000.0,PE,5263.45,10344.65,22231.8,0,0,65
2026-10-08,IDO,2026-12-29,30000.0,PE,7314.65,7314.65,22231.8,507705,158,65
2026-10-08,IDO,2026-12-29,28000.0,PE,5365.15,5365.15,22231.8,1051700,94,65
2026-10-08,IDO,2026-12-29,23800.0,PE,1330.0,1415.96,22231.8,2925,16,65
2026-10-08,IDO,2026-12-29,22500.0,PE,554.05,554.05,22231.8,1805115,16655,65
2026-10-08,IDO,2026-12-29,22400.0,PE,513.6,513.6,22231.8,42445,2180,65
2026-10-08,IDO,2026-12-29,20900.0,PE,141.3,141.3,22231.8,6240,168,65
2026-10-08,IDO,2026-12-29,20700.0,PE,120.2,120.2,22231.8,4940,115,65
2026-10-08,IDO,2026-12-29,20650.0,PE,68.6,53.05,22231.8,1040,0,65
2026-10-08,IDO,2026-12-29,20450.0,PE,100.2,37.44,22231.8,1885,37,65
2026-10-08,IDO,2026-12-29,17000.0,PE,18.6,18.6,22231.8,396445,1886,65
2026-10-08,IDO,2026-11-23,25550.0,PE,1282.8,3134.64,22231.8,0,0,65
2026-10-08,IDO,2026-11-23,25250.0,PE,1090.7,2837.94,22231.8,0,0,65
2026-10-08,IDO,2026-11-23,24400.0,PE,1945.0,2007.46,22231.8,9230,2,65
2026-10-08,IDO,2026-11-23,24350.0,PE,1478.7,1959.57,22231.8,2210,0,65
2026-10-08,IDO,2026-11-23,23350.0,PE,1042.05,1061.67,22231.8,6955,33,65
2026-10-08,IDO,2026-11-23,23000.0,PE,797.4,797.4,22231.8,1000545,6128,65
2026-10-08,IDO,2026-11-23,22950.0,PE,771.0,758.27,22231.8,4290,33,65
2026-10-08,IDO,2026-11-23,22600.0,PE,543.8,543.8,22231.8,92625,2433,65
2026-10-08,IDO,2026-11-23,22300.0,PE,405.95,405.95,22231.8,171340,5501,65
2026-10-08,IDO,2026-11-23,22150.0,PE,349.85,349.85,22231.8,10660,170,65
2026-10-08,IDO,2026-11-23,22000.0,PE,296.5,296.5,22231.8,1754480,33584,65
2026-10-08,IDO,2026-11-23,21850.0,PE,246.95,246.95,22231.8,11700,87,65
2026-10-08,IDO,2026-11-23,21250.0,PE,128.7,128.7,22231.8,5005,99,65
2026-10-08,IDO,2026-11-09,24550.0,PE,1677.55,2197.44,22231.8,0,0,65
2026-10-08,IDO,2026-11-09,24250.0,PE,1406.55,1902.76,22231.8,0,0,65
2026-10-08,IDO,2026-11-09,24000.0,PE,1191.8,1660.37,22231.8,0,0,65
2026-10-08,IDO,2026-11-09,22200.0,PE,302.3,283.02,22231.8,260,4,65
2026-10-08,IDO,2026-11-09,21750.0,PE,78.75,128.23,22231.8,0,0,65
2026-10-08,IDO,2026-11-09,21650.0,PE,65.0,104.72,22231.8,0,0,65
2026-10-08,IDO,2026-11-09,20800.0,PE,9.2,11.87,22231.8,0,0,65
2026-10-08,IDO,2026-11-03,24300.0,PE,1010.0,1971.29,22231.8,65,0,65
2026-10-08,IDO,2026-11-03,22850.0,PE,661.95,661.95,22231.8,6110,37,65
2026-10-08,IDO,2026-11-03,22600.0,PE,491.9,491.9,22231.8,27235,338,65
2026-10-08,IDO,2026-11-03,22050.0,PE,236.4,236.4,22231.8,5460,242,65
2026-10-08,IDO,2026-11-03,21350.0,PE,84.95,84.95,22231.8,1625,38,65
2026-10-08,IDO,2026-10-27,27200.0,PE,4800.0,4886.91,22231.8,57980,1,65
2026-10-08,IDO,2026-10-27,24950.0,PE,2282.85,2643.65,22231.8,845,0,65
2026-10-08,IDO,2026-10-27,24700.0,PE,2382.85,2382.85,22231.8,221065,100,65
2026-10-08,IDO,2026-10-27,23800.0,PE,1501.65,1501.65,22231.8,491530,540,65
2026-10-08,IDO,2026-10-27,23700.0,PE,1399.1,1399.1,22231.8,398840,279,65
2026-10-08,IDO,2026-10-27,23550.0,PE,1078.4,1258.03,22231.8,13130,14,65
2026-10-08,IDO,2026-10-27,22500.0,PE,397.1,397.1,22231.8,4100460,116156,65
2026-10-08,IDO,2026-10-27,21700.0,PE,107.1,107.1,22231.8,667680,33950,65
2026-10-08,IDO,2026-10-27,21050.0,PE,33.5,33.5,22231.8,22035,994,65
2026-10-08,IDO,2026-10-27,20550.0,PE,15.9,15.9,22231.8,30030,1650,65
2026-10-08,IDO,2026-10-19,25150.0,PE,1919.85,2874.66,22231.8,0,0,65
2026-10-08,IDO,2026-10-19,24250.0,PE,1180.0,1976.23,22231.8,65,0,65
2026-10-08,IDO,2026-10-19,24150.0,PE,1040.4,1876.42,22231.8,0,0,65
2026-10-08,IDO,2026-10-19,23500.0,PE,1229.4,1229.4,22231.8,40755,170,65
2026-10-08,IDO,2026-10-19,22950.0,PE,704.9,702.59,22231.8,5135,76,65
2026-10-08,IDO,2026-10-19,22900.0,PE,653.25,653.25,22231.8,62335,1989,65
2026-10-08,IDO,2026-10-19,22350.0,PE,256.8,256.8,22231.8,91195,13932,65
2026-10-08,IDO,2026-10-19,22000.0,PE,118.35,118.35,22231.8,1029730,85806,65
2026-10-08,IDO,2026-10-19,21500.0,PE,35.85,35.85,22231.8,772980,53265,65
2026-10-08,IDO,2026-10-19,21350.0,PE,24.45,24.45,22231.8,73060,6639,65
2026-10-08,IDO,2026-10-19,20750.0,PE,8.2,8.2,22231.8,22685,1448,65
2026-10-08,IDO,2026-10-19,20600.0,PE,6.95,6.95,22231.8,134420,6139,65
2026-10-08,IDO,2026-10-19,20250.0,PE,4.8,4.8,22231.8,5590,258,65
2026-10-08,IDO,2026-10-13,25100.0,PE,2820.0,2848.44,22231.8,650,73,65
2026-10-08,IDO,2026-10-13,24800.0,PE,2355.0,2548.67,22231.8,3250,2,65
2026-10-08,IDO,2026-10-13,24050.0,PE,1458.2,1799.26,22231.8,455,0,65
2026-10-08,IDO,2026-10-13,23500.0,PE,1246.9,1246.9,22231.8,335985,1057,65
2026-10-08,IDO,2026-10-13,23200.0,PE,951.1,951.1,22231.8,261560,2135,65
2026-10-08,IDO,2026-10-13,22500.0,PE,298.3,298.3,22231.8,2937155,2239099,65
2026-10-08,IDO,2026-10-13,20200.0,PE,1.25,1.25,22231.8,582985,65732,65
2026-10-08,IDO,2026-10-19,23300.0,PE,1035.0,1033.03,22231.8,8385,80,65
2026-10-08,IDO,2026-10-19,23550.0,PE,1277.75,1277.75,22231.8,1365,1,65
2026-10-08,IDO,2026-10-19,23800.0,PE,1514.0,1527.32,22231.8,520,3,65
2026-10-08,IDO,2026-10-19,24850.0,PE,1640.7,2575.18,22231.8,0,0,65
2026-10-08,IDO,2026-10-19,25200.0,PE,1967.2,2924.57,22231.8,0,0,65
2026-10-08,IDO,2026-10-27,20450.0,PE,14.45,0.44,22231.8,1820,12,65
2026-10-08,IDO,2026-10-27,20600.0,PE,17.35,17.35,22231.8,270270,5101,65
2026-10-08,IDO,2026-10-27,21000.0,PE,31.25,31.25,22231.8,1802255,44569,65
2026-10-08,IDO,2026-10-27,21200.0,PE,42.9,42.9,22231.8,509730,12599,65
2026-10-08,IDO,2026-10-27,21500.0,PE,73.85,73.85,22231.8,3733795,87391,65
2026-10-08,IDO,2026-10-27,23850.0,PE,1557.0,1550.31,22231.8,10270,16,65
2026-10-08,IDO,2026-10-27,24250.0,PE,1450.0,1946.36,22231.8,11830,0,65
2026-10-08,IDO,2026-10-27,24650.0,PE,2392.85,2392.85,22231.8,2535,5,65
2026-10-08,IDO,2026-10-27,25100.0,PE,2766.6,2793.19,22231.8,42640,17,65
2026-10-08,IDO,2026-10-27,25500.0,PE,3192.65,3192.65,22231.8,820755,276,65
2026-10-08,IDO,2026-10-27,25600.0,PE,2900.0,3291.69,22231.8,9425,0,65
2026-10-08,IDO,2026-10-27,26800.0,PE,3900.0,4488.1,22231.8,585,0,65
2026-10-08,IDO,2026-11-03,20300.0,PE,1.15,0.91,22231.8,0,0,65
2026-10-08,IDO,2026-11-03,20400.0,PE,1.5,1.41,22231.8,0,0,65
2026-10-08,IDO,2026-11-03,20550.0,PE,2.35,2.64,22231.8,0,0,65
2026-10-08,IDO,2026-11-03,20700.0,PE,24.6,4.74,22231.8,1495,32,65
2026-10-08,IDO,2026-11-03,21850.0,PE,177.3,177.3,22231.8,2535,59,65
2026-10-08,IDO,2026-11-03,22250.0,PE,308.1,308.1,22231.8,7670,283,65
2026-10-08,IDO,2026-11-03,22300.0,PE,334.0,334.0,22231.8,15210,784,65
2026-10-08,IDO,2026-11-03,22950.0,PE,712.4,712.4,22231.8,4680,52,65
2026-10-08,IDO,2026-11-03,23750.0,PE,639.9,1434.83,22231.8,0,0,65
2026-10-08,IDO,2026-11-03,24400.0,PE,1082.55,2070.17,22231.8,0,0,65
2026-10-08,IDO,2026-11-03,24600.0,PE,1240.0,2268.47,22231.8,0,0,65
2026-10-08,IDO,2026-11-03,24750.0,PE,1363.45,2417.5,22231.8,0,0,65
2026-10-08,IDO,2026-11-09,21350.0,PE,106.95,53.51,22231.8,195,4,65
2026-10-08,IDO,2026-11-09,21400.0,PE,38.95,60.26,22231.8,0,0,65
2026-10-08,IDO,2026-11-09,21700.0,PE,173.85,173.85,22231.8,520,10,65
2026-10-08,IDO,2026-11-09,22300.0,PE,364.85,364.85,22231.8,130,5,65
2026-10-08,IDO,2026-11-09,22550.0,PE,283.05,464.64,22231.8,0,0,65
2026-10-08,IDO,2026-11-09,22600.0,PE,522.3,494.99,22231.8,780,32,65
2026-10-08,IDO,2026-11-09,23100.0,PE,832.0,832.0,22231.8,195,3,65
2026-10-08,IDO,2026-11-09,23550.0,PE,839.8,1238.6,22231.8,0,0,65
2026-10-08,IDO,2026-11-09,23600.0,PE,876.25,1284.13,22231.8,0,0,65
2026-10-08,IDO,2026-11-09,24050.0,PE,1233.8,1708.52,22231.8,0,0,65
2026-10-08,IDO,2026-11-09,24350.0,PE,1495.5,2000.64,22231.8,0,0,65
2026-10-08,IDO,2026-11-23,20050.0,PE,36.9,36.9,22231.8,3900,108,65
2026-10-08,IDO,2026-11-23,20600.0,PE,62.2,62.2,22231.8,13325,457,65
2026-10-08,IDO,2026-11-23,20800.0,PE,77.05,77.05,22231.8,118235,3043,65
2026-10-08,IDO,2026-11-23,20900.0,PE,86.55,86.55,22231.8,15600,477,65
2026-10-08,IDO,2026-11-23,22100.0,PE,326.0,326.0,22231.8,276120,6135,65
2026-10-08,IDO,2026-11-23,22650.0,PE,578.75,578.75,22231.8,26390,178,65
2026-10-08,IDO,2026-11-23,22900.0,PE,730.7,730.7,22231.8,54795,466,65
2026-10-08,IDO,2026-11-23,24450.0,PE,1837.0,2055.51,22231.8,390,0,65
2026-10-08,IDO,2026-11-23,24500.0,PE,2107.1,2107.1,22231.8,207935,212,65
2026-10-08,IDO,2026-11-23,24900.0,PE,1925.0,2493.34,22231.8,1040,0,65
2026-10-08,IDO,2026-12-29,14000.0,PE,5.55,0.01,22231.8,13640,32,65
2026-10-08,IDO,2026-12-29,19500.0,PE,52.6,52.6,22231.8,161525,1881,65
2026-10-08,IDO,2026-12-29,20500.0,PE,101.3,101.3,22231.8,162305,2883,65
2026-10-08,IDO,2026-12-29,23600.0,PE,1234.05,1258.32,22231.8,2665,40,65
2026-10-08,IDO,2026-12-29,23850.0,PE,1201.65,1456.48,22231.8,5070,2,65
2026-10-08,IDO,2026-12-29,24400.0,PE,1839.55,1927.04,22231.8,17940,4,65
2026-10-08,IDO,2027-03-30,28500.0,PE,2937.15,5508.15,22231.8,65,0,65
2026-10-08,IDO,2027-06-29,19000.0,PE,135.75,135.75,22231.8,3150,37,65
2026-10-08,IDO,2027-06-29,24000.0,PE,1327.65,1327.65,22231.8,34905,210,65
2026-10-08,IDO,2027-09-28,25500.0,PE,2230.25,2382.63,22231.8,0,0,65
2026-10-08,IDO,2027-12-28,15000.0,PE,21.0,0.61,22231.8,2510,0,65
2026-10-08,IDO,2027-12-28,23000.0,PE,960.4,960.4,22231.8,307165,1151,65
2026-10-08,IDO,2028-06-27,24000.0,PE,680.05,1302.96,22231.8,65,0,65
2026-10-08,IDO,2028-12-26,31500.0,PE,2673.4,5827.25,22231.8,0,0,65
2026-10-08,IDO,2029-12-24,15000.0,PE,29.0,10.42,22231.8,65,0,65
2026-10-08,IDO,2030-06-25,22500.0,PE,223.75,639.56,22231.8,0,0,65
2026-10-08,IDO,2030-06-25,25500.0,PE,568.55,1473.16,22231.8,0,0,65
2026-10-08,IDO,2030-06-25,33000.0,PE,3143.9,5307.91,22231.8,0,0,65
2026-10-08,IDO,2030-12-31,19500.0,PE,67.4,201.23,22231.8,0,0,65
2026-10-08,IDO,2030-12-31,30000.0,PE,1450.1,3198.64,22231.8,0,0,65
2026-10-08,IDO,2026-11-23,23000.0,CE,207.1,207.1,22231.8,2051270,32986,65
2026-10-08,IDO,2026-10-13,21000.0,CE,1249.45,1249.45,22231.8,12350,246,65
2026-10-08,IDO,2026-10-13,22750.0,CE,15.3,15.3,22231.8,5411835,745552,65
2026-10-08,IDO,2026-10-13,23700.0,CE,1.55,1.55,22231.8,4458480,430361,65
2026-10-08,IDO,2026-10-13,24400.0,CE,0.9,0.9,22231.8,346710,54735,65
2026-10-08,IDO,2026-10-13,25250.0,CE,0.6,0.6,22231.8,57460,2888,65
2026-10-08,IDO,2026-10-13,25300.0,CE,0.6,0.6,22231.8,162305,9141,65
2026-10-08,IDO,2026-10-19,20050.0,CE,3178.5,2216.51,22231.8,0,0,65
2026-10-08,IDO,2026-10-19,20200.0,CE,3029.55,2066.77,22231.8,0,0,65
2026-10-08,IDO,2026-10-19,20300.0,CE,2930.35,1966.95,22231.8,0,0,65
2026-10-08,IDO,2026-10-19,20350.0,CE,2880.75,1917.04,22231.8,0,0,65
2026-10-08,IDO,2026-10-19,21650.0,CE,913.55,646.86,22231.8,130,0,65
2026-10-08,IDO,2026-10-19,22150.0,CE,288.35,288.35,22231.8,121225,3990,65
2026-10-08,IDO,2026-10-19,22350.0,CE,176.5,176.5,22231.8,129480,11791,65
2026-10-08,IDO,2026-10-19,22550.0,CE,99.5,99.5,22231.8,227240,18745,65
2026-10-08,IDO,2026-10-19,22700.0,CE,61.7,61.7,22231.8,1523600,70581,65
2026-10-08,IDO,2026-10-19,24200.0,CE,1.75,1.75,22231.8,189150,7487,65
2026-10-08,IDO,2026-10-27,20200.0,CE,2200.0,2092.27,22231.8,0,2,65
2026-10-08,IDO,2026-10-27,23000.0,CE,60.3,60.3,22231.8,6427720,165506,65
2026-10-08,IDO,2026-10-27,24150.0,CE,6.2,6.2,22231.8,57525,802,65
2026-10-08,IDO,2026-10-27,24350.0,CE,5.0,5.0,22231.8,40105,728,65
2026-10-08,IDO,2026-10-27,25100.0,CE,2.45,2.45,22231.8,79430,529,65
2026-10-08,IDO,2026-10-27,25400.0,CE,2.0,2.0,22231.8,95940,445,65
2026-10-08,IDO,2026-10-27,25500.0,CE,1.8,1.8,22231.8,924300,4530,65
2026-10-08,IDO,2026-10-27,26050.0,CE,0.85,0.01,22231.8,8450,2,65
2026-10-08,IDO,2026-10-27,26100.0,CE,0.65,0.01,22231.8,10335,0,65
2026-10-08,IDO,2026-10-27,26450.0,CE,1.0,0.01,22231.8,520,0,65
2026-10-08,IDO,2026-10-27,26700.0,CE,0.75,0.01,22231.8,650,0,65
2026-10-08,IDO,2026-10-27,26900.0,CE,0.9,0.9,22231.8,33540,117,65
2026-10-08,IDO,2026-10-27,26950.0,CE,1.9,0.01,22231.8,910,0,65
2026-10-08,IDO,2026-11-03,21800.0,CE,1721.95,639.89,22231.8,0,0,65
2026-10-08,IDO,2026-11-03,22150.0,CE,453.1,453.1,22231.8,4875,84,65
2026-10-08,IDO,2026-11-03,22550.0,CE,240.55,240.55,22231.8,13845,183,65
2026-10-08,IDO,2026-11-03,22600.0,CE,219.85,219.85,22231.8,92300,1191,65
2026-10-08,IDO,2026-11-03,23550.0,CE,32.3,32.3,22231.8,9945,111,65
2026-10-08,IDO,2026-11-03,24100.0,CE,12.95,12.95,22231.8,8320,78,65
2026-10-08,IDO,2026-11-03,24600.0,CE,8.3,8.3,22231.8,18590,342,65
2026-10-08,IDO,2026-11-09,20050.0,CE,2837.3,2283.41,22231.8,0,0,65
2026-10-08,IDO,2026-11-09,20900.0,CE,2003.0,1452.95,22231.8,0,0,65
2026-10-08,IDO,2026-11-09,21250.0,CE,1670.9,1130.48,22231.8,0,0,65
2026-10-08,IDO,2026-11-09,22300.0,CE,797.05,373.26,22231.8,0,0,65
2026-10-08,IDO,2026-11-09,22500.0,CE,312.0,312.0,22231.8,2990,134,65
2026-10-08,IDO,2026-11-09,22600.0,CE,269.1,269.1,22231.8,3055,112,65
2026-10-08,IDO,2026-11-09,22850.0,CE,230.0,158.8,22231.8,0,6,65
2026-10-08,IDO,2026-11-09,23400.0,CE,65.4,65.4,22231.8,13130,216,65
2026-10-08,IDO,2026-11-09,24200.0,CE,71.9,7.47,22231.8,0,0,65
2026-10-08,IDO,2026-11-23,20250.0,CE,4389.4,2134.17,22231.8,0,0,65
2026-10-08,IDO,2026-11-23,22100.0,CE,622.15,622.15,22231.8,11050,192,65
2026-10-08,IDO,2026-11-23,22500.0,CE,397.6,397.6,22231.8,582465,12325,65
2026-10-08,IDO,2026-11-23,23100.0,CE,177.45,177.45,22231.8,473265,8281,65
2026-10-08,IDO,2026-11-23,24250.0,CE,30.8,30.8,22231.8,15470,60,65
2026-10-08,IDO,2026-11-23,25050.0,CE,12.3,3.41,22231.8,1235,9,65
2026-10-08,IDO,2026-11-23,25100.0,CE,13.45,13.45,22231.8,41925,152,65
2026-10-08,IDO,2026-11-23,25200.0,CE,14.5,14.5,22231.8,10465,42,65
2026-10-08,IDO,2026-11-23,25600.0,CE,6.05,0.81,22231.8,975,2,65
2026-10-08,IDO,2026-12-29,19500.0,CE,7586.85,2987.28,22231.8,0,0,65
2026-10-08,IDO,2026-12-29,21300.0,CE,1395.15,1395.15,22231.8,1755,41,65
2026-10-08,IDO,2026-12-29,22450.0,CE,608.2,608.2,22231.8,4095,39,65
2026-10-08,IDO,2026-12-29,23500.0,CE,201.4,201.4,22231.8,931320,16821,65
2026-10-08,IDO,2026-12-29,23750.0,CE,151.0,151.0,22231.8,14625,135,65
2026-10-08,IDO,2026-12-29,23850.0,CE,133.35,133.35,22231.8,24180,128,65
2026-10-08,IDO,2026-12-29,25500.0,CE,23.95,23.95,22231.8,996645,6513,65
2026-10-08,IDO,2026-12-29,27000.0,CE,9.0,9.0,22231.8,1814470,3421,65
2026-10-08,IDO,2026-12-29,34500.0,CE,1.65,0.01,22231.8,1365,0,65
2026-10-08,IDO,2027-03-30,33000.0,CE,7.05,7.05,22231.8,13195,23,65
2026-10-08,IDO,2029-12-24,22500.0,CE,8486.15,4199.6,22231.8,0,0,65
2026-10-08,IDO,2030-12-31,15000.0,CE,14862.95,10487.81,22231.8,0,0,65
2026-10-08,IDO,2031-06-24,16500.0,CE,11849.25,9693.57,22231.8,0,0,65
2026-10-08,IDO,2031-06-24,31500.0,CE,3928.35,1867.39,22231.8,0,0,65
2026-10-08,IDO,2026-10-13,20650.0,PE,1.8,1.8,22231.8,228670,38016,65
2026-10-08,IDO,2026-10-13,21150.0,PE,3.85,3.85,22231.8,459095,200391,65
2026-10-08,IDO,2026-10-13,22850.0,PE,610.65,610.65,22231.8,177645,12283,65
2026-10-08,IDO,2026-10-13,23000.0,PE,761.5,761.5,22231.8,947050,30884,65
2026-10-08,IDO,2026-10-13,23400.0,PE,1149.35,1149.35,22231.8,219115,398,65
2026-10-08,IDO,2026-10-19,20650.0,PE,7.4,7.4,22231.8,10270,397,65
2026-10-08,IDO,2026-10-19,20900.0,PE,10.15,10.15,22231.8,265265,12253,65
2026-10-08,IDO,2026-10-19,21200.0,PE,17.55,17.55,22231.8,283920,19554,65
2026-10-08,IDO,2026-10-19,21400.0,PE,27.7,27.7,22231.8,373750,23269,65
2026-10-08,IDO,2026-10-19,21800.0,PE,72.45,72.45,22231.8,587470,44160,65
2026-10-08,IDO,2026-10-19,22650.0,PE,445.75,445.75,22231.8,153205,5170,65
2026-10-08,IDO,2026-10-19,23000.0,PE,752.4,752.4,22231.8,100165,2901,65
2026-10-08,IDO,2026-10-19,23700.0,PE,1385.1,1427.77,22231.8,2340,8,65
2026-10-08,IDO,2026-10-19,23900.0,PE,777.4,1627.0,22231.8,0,0,65
2026-10-08,IDO,2026-10-19,24650.0,PE,1460.6,2375.52,22231.8,0,0,65
2026-10-08,IDO,2026-10-27,21100.0,PE,36.3,36.3,22231.8,179725,7107,65
2026-10-08,IDO,2026-10-27,21900.0,PE,150.35,150.35,22231.8,702065,22381,65
2026-10-08,IDO,2026-10-27,23350.0,PE,1066.35,1066.35,22231.8,27170,42,65
2026-10-08,IDO,2026-10-27,25250.0,PE,2249.0,2942.74,22231.8,260,0,65
2026-10-08,IDO,2026-10-27,26100.0,PE,3200.0,3790.2,22231.8,195,0,65
2026-10-08,IDO,2026-10-27,26750.0,PE,2501.2,4438.25,22231.8,0,0,65
2026-10-08,IDO,2026-10-27,26900.0,PE,3583.15,4587.81,22231.8,1430,0,65
2026-10-08,IDO,2026-10-27,26950.0,PE,2675.85,4637.66,22231.8,0,0,65
2026-10-08,IDO,2026-11-03,20150.0,PE,0.7,0.45,22231.8,0,0,65
2026-10-08,IDO,2026-11-03,20250.0,PE,0.95,0.72,22231.8,0,0,65
2026-10-08,IDO,2026-11-03,20350.0,PE,1.3,1.14,22231.8,0,0,65
2026-10-08,IDO,2026-11-03,21300.0,PE,77.75,77.75,22231.8,6890,310,65
2026-10-08,IDO,2026-11-03,21550.0,PE,113.55,113.55,22231.8,3120,46,65
2026-10-08,IDO,2026-11-03,21900.0,PE,193.75,193.75,22231.8,12740,253,65
2026-10-08,IDO,2026-11-03,22350.0,PE,357.95,357.95,22231.8,12220,359,65
2026-10-08,IDO,2026-11-03,22800.0,PE,612.55,612.55,22231.8,14560,58,65
2026-10-08,IDO,2026-11-03,23600.0,PE,555.1,1292.64,22231.8,0,0,65
2026-10-08,IDO,2026-11-03,23650.0,PE,1325.75,1339.74,22231.8,195,2,65
2026-10-08,IDO,2026-11-03,24000.0,PE,788.3,1676.56,22231.8,65,0,65
2026-10-08,IDO,2026-11-03,24050.0,PE,829.7,1725.41,22231.8,0,0,65
2026-10-08,IDO,2026-11-03,24200.0,PE,1659.45,1872.66,22231.8,65,0,65
2026-10-08,IDO,2026-11-03,24500.0,PE,1160.15,2169.25,22231.8,0,0,65
2026-10-08,IDO,2026-11-03,25150.0,PE,1711.15,2815.49,22231.8,0,0,65
2026-10-08,IDO,2026-11-09,20700.0,PE,7.0,8.66,22231.8,0,0,65
2026-10-08,IDO,2026-11-09,22000.0,PE,247.75,247.75,22231.8,3965,94,65
2026-10-08,IDO,2026-11-09,22900.0,PE,438.2,698.42,22231.8,0,0,65
2026-10-08,IDO,2026-11-09,23200.0,PE,605.95,933.79,22231.8,0,0,65
2026-10-08,IDO,2026-11-09,24450.0,PE,1585.85,2098.89,22231.8,0,0,65
2026-10-08,IDO,2026-11-23,20250.0,PE,4.0,6.16,22231.8,0,0,65
2026-10-08,IDO,2026-11-23,20450.0,PE,60.8,10.8,22231.8,2470,48,65
2026-10-08,IDO,2026-11-23,20650.0,PE,61.6,18.21,22231.8,1820,1,65
2026-10-08,IDO,2026-11-23,21150.0,PE,115.75,115.75,22231.8,2665,98,65
2026-10-08,IDO,2026-11-23,21450.0,PE,161.15,161.15,22231.8,9555,248,65
2026-10-08,IDO,2026-11-23,21750.0,PE,223.25,223.25,22231.8,12610,244,65
2026-10-08,IDO,2026-11-23,21950.0,PE,278.9,278.9,22231.8,19890,96,65
2026-10-08,IDO,2026-11-23,22200.0,PE,365.25,365.25,22231.8,371280,12707,65
2026-10-08,IDO,2026-11-23,23300.0,PE,1003.35,1003.35,22231.8,50245,238,65
2026-10-08,IDO,2026-11-23,23400.0,PE,1107.85,1107.85,22231.8,97955,243,65
2026-10-08,IDO,2026-11-23,23800.0,PE,1455.35,1447.71,22231.8,58500,98,65
2026-10-08,IDO,2026-11-23,24050.0,PE,1132.55,1676.38,22231.8,1040,0,65
2026-10-08,IDO,2026-11-23,24600.0,PE,2050.0,2200.5,22231.8,3575,0,65
2026-10-08,IDO,2026-11-23,24750.0,PE,2770.25,2770.25,22231.8,130,2,65
2026-10-08,IDO,2026-11-23,25900.0,PE,3176.5,3481.54,22231.8,65,0,65
2026-10-08,IDO,2026-11-23,26100.0,PE,1675.5,3679.94,22231.8,0,0,65
2026-10-08,IDO,2026-12-29,12000.0,PE,3.45,3.45,22231.8,23935,25,65
2026-10-08,IDO,2026-12-29,20050.0,PE,53.35,17.45,22231.8,3315,0,65
2026-10-08,IDO,2026-12-29,21550.0,PE,243.35,243.35,22231.8,5915,199,65
2026-10-08,IDO,2026-12-29,21800.0,PE,305.7,305.7,22231.8,88205,2095,65
2026-10-08,IDO,2026-12-29,23250.0,PE,788.6,1001.79,22231.8,2015,2,65
2026-10-08,IDO,2026-12-29,23450.0,PE,1100.75,1145.17,22231.8,1235,3,65
2026-10-08,IDO,2026-12-29,23650.0,PE,923.35,1297.03,22231.8,2275,0,65
2026-10-08,IDO,2026-12-29,23700.0,PE,1264.05,1336.21,22231.8,3055,6,65
2026-10-08,IDO,2027-03-30,15000.0,PE,24.5,24.5,22231.8,20410,361,65
2026-10-08,IDO,2027-06-29,18000.0,PE,70.0,10.21,22231.8,230,0,65
2026-10-08,IDO,2027-06-29,28500.0,PE,1807.05,5145.42,22231.8,0,0,65
2026-10-08,IDO,2027-09-28,19500.0,PE,134.1,93.96,22231.8,65,0,65
2026-10-08,IDO,2027-12-28,20000.0,PE,315.0,315.0,22231.8,111115,294,65
2026-10-08,IDO,2028-06-27,22000.0,PE,650.0,597.93,22231.8,2210,0,65
2026-10-08,IDO,2028-12-26,30000.0,PE,3500.0,4690.7,22231.8,325,0,65
2026-10-08,IDO,2029-06-26,18000.0,PE,118.45,80.56,22231.8,0,0,65
2026-10-08,IDO,2029-06-26,27000.0,PE,1252.35,2449.81,22231.8,0,0,65
2026-10-08,IDO,2029-12-24,19500.0,PE,61.2,198.61,22231.8,0,0,65
2026-10-08,IDO,2030-06-25,30000.0,PE,2100.85,3512.16,22231.8,0,0,65
2026-10-08,IDO,2030-12-31,22500.0,PE,219.35,605.6,22231.8,0,0,65
2026-10-08,IDO,2026-10-27,23600.0,CE,14.0,14.0,22231.8,1227590,34208,65
2026-10-08,IDO,2026-10-27,23900.0,CE,8.55,8.55,22231.8,522405,13510,65
2026-10-08,IDO,2026-10-27,25650.0,CE,1.35,0.01,22231.8,5850,0,65
2026-10-08,IDO,2026-10-27,25950.0,CE,1.5,0.01,22231.8,3445,40,65
2026-10-08,IDO,2026-10-27,26200.0,CE,1.3,1.3,22231.8,19435,167,65
2026-10-08,IDO,2026-10-27,26350.0,CE,1.05,0.01,22231.8,1170,0,65
2026-10-08,IDO,2026-10-27,26500.0,CE,0.65,0.65,22231.8,746980,3480,65
2026-10-08,IDO,2026-10-27,26800.0,CE,1.1,0.01,22231.8,2925,1,65
2026-10-08,IDO,2026-11-03,20150.0,CE,3316.95,2164.62,22231.8,0,0,65
2026-10-08,IDO,2026-11-03,20850.0,CE,2626.3,1475.23,22231.8,0,0,65
2026-10-08,IDO,2026-11-03,20950.0,CE,2528.5,1379.02,22231.8,0,0,65
2026-10-08,IDO,2026-11-03,21000.0,CE,1357.5,1331.32,22231.8,65,1,65
2026-10-08,IDO,2026-11-03,21650.0,CE,1859.6,755.05,22231.8,0,0,65
2026-10-08,IDO,2026-11-03,21750.0,CE,1767.5,677.3,22231.8,0,0,65
2026-10-08,IDO,2026-11-03,22850.0,CE,138.25,138.25,22231.8,15405,203,65
2026-10-08,IDO,2026-11-03,23150.0,CE,73.7,73.7,22231.8,10725,165,65
2026-10-08,IDO,2026-11-03,23200.0,CE,65.8,65.8,22231.8,65910,1467,65
2026-10-08,IDO,2026-11-09,20450.0,CE,2441.95,1888.33,22231.8,0,0,65
2026-10-08,IDO,2026-11-09,20500.0,CE,2392.8,1839.3,22231.8,0,0,65
2026-10-08,IDO,2026-11-09,20650.0,CE,2245.75,1692.99,22231.8,0,0,65
2026-10-08,IDO,2026-11-09,21300.0,CE,1624.5,1086.29,22231.8,0,0,65
2026-10-08,IDO,2026-11-09,22400.0,CE,360.0,360.0,22231.8,65,1,65
2026-10-08,IDO,2026-11-09,22550.0,CE,289.45,289.45,22231.8,65,6,65
2026-10-08,IDO,2026-11-09,22650.0,CE,573.6,222.08,22231.8,0,0,65
2026-10-08,IDO,2026-11-09,23700.0,CE,157.95,27.33,22231.8,0,0,65
2026-10-08,IDO,2026-11-23,20300.0,CE,4340.55,2085.49,22231.8,0,0,65
2026-10-08,IDO,2026-11-23,21300.0,CE,3374.8,1162.82,22231.8,0,0,65
2026-10-08,IDO,2026-11-23,21850.0,CE,2860.95,740.21,22231.8,0,0,65
2026-10-08,IDO,2026-11-23,22150.0,CE,550.7,550.7,22231.8,1040,21,65
2026-10-08,IDO,2026-11-23,24200.0,CE,32.55,32.55,22231.8,192465,4707,65
2026-10-08,IDO,2026-11-23,25450.0,CE,8.3,1.21,22231.8,1105,9,65
2026-10-08,IDO,2026-11-23,25650.0,CE,8.8,8.8,22231.8,1365,25,65
2026-10-08,IDO,2026-12-29,18000.0,CE,4419.4,4419.4,22231.8,20215,92,65
2026-10-08,IDO,2026-12-29,20000.0,CE,2535.35,2535.35,22231.8,868620,640,65
2026-10-08,IDO,2026-12-29,20100.0,CE,2939.35,2409.07,22231.8,0,0,65
2026-10-08,IDO,2026-12-29,20350.0,CE,2706.3,2174.19,22231.8,0,0,65
2026-10-08,IDO,2026-12-29,20650.0,CE,2432.9,1899.88,22231.8,0,0,65
2026-10-08,IDO,2026-12-29,20800.0,CE,2299.35,1766.69,22231.8,0,0,65
2026-10-08,IDO,2026-12-29,21000.0,CE,1641.7,1641.7,22231.8,874205,877,65
2026-10-08,IDO,2026-12-29,21100.0,CE,2039.8,1510.29,22231.8,0,0,65
2026-10-08,IDO,2026-12-29,21600.0,CE,1191.65,1120.38,22231.8,3380,4,65
2026-10-08,IDO,2026-12-29,21950.0,CE,1215.3,881.67,22231.8,1755,0,65
2026-10-08,IDO,2026-12-29,22000.0,CE,881.25,881.25,22231.8,788745,4626,65
2026-10-08,IDO,2026-12-29,22650.0,CE,512.9,512.9,22231.8,22230,385,65
2026-10-08,IDO,2026-12-29,23900.0,CE,126.35,126.35,22231.8,60450,3066,65
2026-10-08,IDO,2026-12-29,24150.0,CE,93.95,93.95,22231.8,10790,82,65
2026-10-08,IDO,2026-12-29,28000.0,CE,6.55,6.55,22231.8,1667160,970,65
2026-10-08,IDO,2026-12-29,31000.0,CE,4.95,0.01,22231.8,122740,30,65
2026-10-08,IDO,2027-03-30,18000.0,CE,4681.7,4681.7,22231.8,1040,24,65
2026-10-08,IDO,2027-03-30,30000.0,CE,14.0,14.0,22231.8,175240,194,65
2026-10-08,IDO,2027-06-29,19000.0,CE,7800.0,4043.08,22231.8,75,0,65
2026-10-08,IDO,2027-12-28,19500.0,CE,8684.7,4173.03,22231.8,0,0,65
2026-10-08,IDO,2027-12-28,33000.0,CE,49.3,49.3,22231.8,11765,94,65
2026-10-08,IDO,2028-12-26,18000.0,CE,9380.3,6456.23,22231.8,0,0,65
2026-10-08,IDO,2028-12-26,19500.0,CE,9716.4,5244.98,22231.8,0,0,65
2026-10-08,IDO,2028-12-26,31500.0,CE,336.75,332.65,22231.8,1105,6,65
2026-10-08,IDO,2028-12-26,33000.0,CE,2477.5,209.93,22231.8,0,0,65
2026-10-08,IDO,2030-06-25,25500.0,CE,7070.45,3109.68,22231.8,0,0,65
2026-10-08,IDO,2030-06-25,31500.0,CE,3984.8,1164.51,22231.8,0,0,65
2026-10-08,IDO,2030-12-31,30000.0,CE,5227.2,1911.48,22231.8,0,0,65
2026-10-08,IDO,2031-06-24,28500.0,CE,5048.95,2793.11,22231.8,0,0,65
2026-10-08,IDO,2026-10-13,21300.0,PE,5.0,5.0,22231.8,2669940,340366,65
2026-10-08,IDO,2026-10-13,22200.0,PE,118.75,118.75,22231.8,6411860,2667019,65
2026-10-08,IDO,2026-10-13,23300.0,PE,1049.4,1049.4,22231.8,218270,684,65
2026-10-08,IDO,2026-10-13,24000.0,PE,1738.5,1738.5,22231.8,320905,393,65
2026-10-08,IDO,2026-10-13,24250.0,PE,1777.65,1999.11,22231.8,1690,2,65
2026-10-08,IDO,2026-10-13,24850.0,PE,2405.15,2598.63,22231.8,195,0,65
2026-10-08,IDO,2026-10-19,20550.0,PE,6.9,6.9,22231.8,20345,812,65
2026-10-08,IDO,2026-10-19,21100.0,PE,14.3,14.3,22231.8,148785,11218,65
2026-10-08,IDO,2026-10-19,21650.0,PE,50.1,50.1,22231.8,112710,8876,65
2026-10-08,IDO,2026-10-19,21700.0,PE,56.85,56.85,22231.8,463190,31632,65
2026-10-08,IDO,2026-10-19,22800.0,PE,571.75,571.75,22231.8,207220,9510,65
2026-10-08,IDO,2026-10-19,23400.0,PE,1151.25,1151.25,22231.8,12025,102,65
2026-10-08,IDO,2026-10-19,23750.0,PE,746.7,1477.53,22231.8,0,0,65
2026-10-08,IDO,2026-10-19,24750.0,PE,1549.95,2475.35,22231.8,0,0,65
2026-10-08,IDO,2026-10-27,20700.0,PE,19.65,19.65,22231.8,125905,4909,65
2026-10-08,IDO,2026-10-27,20750.0,PE,21.3,21.3,22231.8,23985,1261,65
2026-10-08,IDO,2026-10-27,22300.0,PE,295.15,295.15,22231.8,3771105,85543,65
2026-10-08,IDO,2026-10-27,22350.0,PE,317.9,317.9,22231.8,212420,9281,65
2026-10-08,IDO,2026-10-27,22800.0,PE,596.95,596.95,22231.8,1500850,16246,65
2026-10-08,IDO,2026-10-27,23650.0,PE,1345.25,1345.25,22231.8,20670,13,65
2026-10-08,IDO,2026-10-27,25050.0,PE,2430.0,2743.35,22231.8,910,0,65
2026-10-08,IDO,2026-10-27,25900.0,PE,3200.0,3590.79,22231.8,1690,0,65
2026-10-08,IDO,2026-10-27,25950.0,PE,1842.3,3640.65,22231.8,0,0,65
2026-10-08,IDO,2026-10-27,26050.0,PE,3580.0,3740.35,22231.8,130,0,65
2026-10-08,IDO,2026-10-27,26650.0,PE,2415.2,4338.55,22231.8,0,0,65
2026-10-08,IDO,2026-11-03,22400.0,PE,379.55,379.55,22231.8,15925,977,65
2026-10-08,IDO,2026-11-03,23050.0,PE,792.05,792.05,22231.8,4615,50,65
2026-10-08,IDO,2026-11-03,23450.0,PE,927.35,1153.52,22231.8,260,2,65
2026-10-08,IDO,2026-11-03,23500.0,PE,1202.75,1202.75,22231.8,9490,62,65
2026-10-08,IDO,2026-11-03,24100.0,PE,863.85,1774.39,22231.8,0,0,65
2026-10-08,IDO,2026-11-03,24250.0,PE,970.25,1921.94,22231.8,0,0,65
2026-10-08,IDO,2026-11-03,24350.0,PE,1045.45,2020.7,22231.8,0,0,65
2026-10-08,IDO,2026-11-03,24450.0,PE,1121.05,2119.69,22231.8,0,0,65
2026-10-08,IDO,2026-11-09,20200.0,PE,1.55,1.45,22231.8,0,0,65
2026-10-08,IDO,2026-11-09,20300.0,PE,2.15,2.13,22231.8,0,0,65
2026-10-08,IDO,2026-11-09,22100.0,PE,279.9,241.18,22231.8,975,11,65
2026-10-08,IDO,2026-11-09,22850.0,PE,413.4,662.11,22231.8,0,0,65
2026-10-08,IDO,2026-11-09,22950.0,PE,463.95,735.62,22231.8,0,0,65
2026-10-08,IDO,2026-11-23,22250.0,PE,385.1,385.1,22231.8,20410,374,65
2026-10-08,IDO,2026-11-23,22350.0,PE,431.8,431.8,22231.8,12610,390,65
2026-10-08,IDO,2026-11-23,22750.0,PE,638.05,638.05,22231.8,32695,123,65
2026-10-08,IDO,2026-11-23,22850.0,PE,692.7,692.7,22231.8,10790,43,65
2026-10-08,IDO,2026-11-23,24800.0,PE,2223.6,2395.39,22231.8,5070,0,65
2026-10-08,IDO,2026-11-23,26000.0,PE,3526.8,3526.8,22231.8,356590,481,65
2026-10-08,IDO,2026-12-29,20750.0,PE,125.85,125.85,22231.8,1885,2,65
2026-10-08,IDO,2026-12-29,21850.0,PE,317.6,317.6,22231.8,10465,68,65
2026-10-08,IDO,2026-12-29,22550.0,PE,579.7,579.7,22231.8,9945,147,65
2026-10-08,IDO,2026-12-29,23050.0,PE,588.15,867.66,22231.8,4745,0,65
2026-10-08,IDO,2026-12-29,24250.0,PE,1750.45,1794.69,22231.8,3185,38,65
2026-10-08,IDO,2026-12-29,25000.0,PE,2434.9,2434.9,22231.8,1590520,1756,65
2026-10-08,IDO,2026-12-29,31500.0,PE,4059.3,8863.91,22231.8,0,0,65
2026-10-08,IDO,2027-03-30,18000.0,PE,59.1,59.1,22231.8,193895,1801,65
2026-10-08,IDO,2027-06-29,15000.0,PE,1173.2,0.03,22231.8,0,0,65
2026-10-08,IDO,2027-06-29,21000.0,PE,327.35,327.35,22231.8,76555,548,65
2026-10-08,IDO,2027-09-28,28500.0,PE,4441.5,4821.73,22231.8,0,0,65
2026-10-08,IDO,2027-12-28,33000.0,PE,4155.55,8548.23,22231.8,0,0,65
2026-10-08,IDO,2028-12-26,33000.0,PE,3315.4,7024.83,22231.8,0,0,65
2026-10-08,IDO,2029-06-26,19500.0,PE,56.0,191.1,22231.8,0,0,65
2026-10-08,IDO,2029-12-24,33000.0,PE,2953.7,5818.24,22231.8,0,0,65
2026-10-08,IDO,2030-06-25,15000.0,PE,29.65,13.08,22231.8,0,0,65
2026-10-08,IDO,2030-06-25,28500.0,PE,1167.6,2734.53,22231.8,0,0,65
2026-10-08,IDO,2030-06-25,31500.0,PE,2056.3,4373.94,22231.8,0,0,65
2026-10-08,IDO,2030-12-31,15000.0,PE,4.95,15.49,22231.8,0,0,65
2026-10-08,IDO,2031-06-24,16500.0,PE,95.65,45.46,22231.8,0,0,65
2026-10-08,IDO,2026-10-19,23350.0,CE,8.05,8.05,22231.8,144885,9124,65
2026-10-08,IDO,2026-10-19,23150.0,CE,14.55,14.55,22231.8,504400,27863,65
2026-10-08,IDO,2026-10-19,21550.0,CE,743.25,743.25,22231.8,390,9,65
2026-10-08,IDO,2026-10-19,20700.0,CE,2534.65,1567.75,22231.8,0,0,65
2026-10-08,IDO,2026-10-19,20600.0,CE,2633.35,1667.52,22231.8,0,0,65
2026-10-08,IDO,2026-10-19,20150.0,CE,3079.15,2116.69,22231.8,0,0,65
2026-10-08,IDO,2026-10-13,23850.0,CE,1.4,1.4,22231.8,1237275,66559,65
2026-10-08,IDO,2026-10-13,23750.0,CE,1.55,1.55,22231.8,617045,79731,65
2026-10-08,IDO,2026-10-13,23550.0,CE,1.85,1.85,22231.8,1115725,177489,65
2026-10-08,IDO,2026-10-13,23250.0,CE,3.2,3.2,22231.8,3004820,403546,65
2026-10-08,IDO,2026-10-13,23100.0,CE,4.45,4.45,22231.8,6163495,837912,65
2026-10-08,IDO,2026-10-13,22650.0,CE,24.15,24.15,22231.8,5501730,822962,65
2026-10-08,IDO,2026-10-13,22500.0,CE,47.55,47.55,22231.8,12519715,2561753,65
2026-10-08,IDO,2026-10-13,22000.0,CE,302.65,302.65,22231.8,1049815,115220,65
2026-10-08,IDO,2026-10-13,20900.0,CE,2853.0,1348.26,22231.8,0,0,65
2026-10-08,IDO,2026-10-13,20150.0,CE,3597.35,2097.66,22231.8,0,0,65
2026-10-08,IDO,2026-10-27,23700.0,CE,11.65,11.65,22231.8,853320,26571,65
2026-10-08,IDO,2026-10-27,20300.0,CE,3999.95,1992.66,22231.8,0,0,65
2026-10-08,IDO,2026-10-27,20500.0,CE,1785.25,1785.25,22231.8,69095,396,65
2026-10-08,IDO,2026-10-27,20650.0,CE,3662.6,1644.76,22231.8,0,0,65
2026-10-08,IDO,2026-10-27,20700.0,CE,1997.6,1595.25,22231.8,65,0,65
2026-10-08,IDO,2026-10-27,21250.0,CE,1356.25,1061.5,22231.8,65,0,65
2026-10-08,IDO,2026-10-27,21400.0,CE,948.8,948.8,22231.8,2925,18,65
2026-10-08,IDO,2026-10-27,22250.0,CE,319.9,319.9,22231.8,270595,7328,65
2026-10-08,IDO,2026-10-27,22700.0,CE,128.35,128.35,22231.8,3305380,54165,65
2026-10-08,IDO,2026-10-27,22750.0,CE,114.25,114.25,22231.8,416325,15533,65
2026-10-08,IDO,2026-10-27,21350.0,CE,1174.0,968.67,22231.8,65,0,65
2026-10-08,IDO,2030-12-31,31500.0,CE,4554.55,1519.59,22231.8,0,0,65
2026-10-08,IDO,2029-12-24,25500.0,CE,6500.6,2629.67,22231.8,0,0,65
2026-10-08,IDO,2029-12-24,24000.0,CE,4200.0,4200.0,22231.8,130,1,65
2026-10-08,IDO,2029-06-26,28500.0,CE,4213.3,1148.33,22231.8,0,0,65
2026-10-08,IDO,2029-06-26,15000.0,CE,13671.85,9409.51,22231.8,0,0,65
2026-10-08,IDO,2028-12-26,21000.0,CE,7512.5,4132.61,22231.8,0,0,65
2026-10-08,IDO,2028-06-27,22500.0,CE,6796.05,2593.46,22231.8,0,0,65
2026-10-08,IDO,2027-12-28,26000.0,CE,536.1,536.1,22231.8,234820,937,65
2026-10-08,IDO,2027-12-28,16500.0,CE,11316.4,6856.91,22231.8,0,0,65
2026-10-08,IDO,2027-09-28,22500.0,CE,2265.0,1684.42,22231.8,715,0,65
2026-10-08,IDO,2027-09-28,16500.0,CE,7170.5,6631.96,22231.8,0,0,65
2026-10-08,IDO,2027-06-29,31500.0,CE,769.15,3.14,22231.8,0,0,65
2026-10-08,IDO,2027-03-30,27000.0,CE,45.05,45.05,22231.8,1190475,2507,65
2026-10-08,IDO,2026-12-29,24200.0,CE,89.15,89.15,22231.8,50050,973,65
2026-10-08,IDO,2026-12-29,22500.0,CE,586.65,586.65,22231.8,537355,9111,65
2026-10-08,IDO,2026-12-29,22350.0,CE,668.1,668.1,22231.8,8840,46,65
2026-10-08,IDO,2026-12-29,22050.0,CE,1130.85,819.27,22231.8,1105,0,65
2026-10-08,IDO,2026-12-29,21750.0,CE,1125.0,1014.31,22231.8,4225,28,65
2026-10-08,IDO,2026-12-29,21150.0,CE,1997.6,1469.04,22231.8,0,0,65
2026-10-08,IDO,2026-12-29,21050.0,CE,2082.3,1552.0,22231.8,0,0,65
2026-10-08,IDO,2026-12-29,20950.0,CE,2168.25,1636.69,22231.8,0,0,65
2026-10-08,IDO,2026-12-29,20700.0,CE,2388.15,1855.16,22231.8,0,0,65
2026-10-08,IDO,2026-11-23,25250.0,CE,11.5,11.5,22231.8,1235,23,65
2026-10-08,IDO,2029-06-26,21000.0,CE,9799.75,4659.02,22231.8,0,0,65
2026-10-08,IDO,2028-12-26,28000.0,CE,978.0,978.0,22231.8,11645,14,65
2026-10-08,IDO,2028-12-26,27000.0,CE,1330.75,1330.75,22231.8,7150,14,65
2026-10-08,IDO,2028-12-26,16500.0,CE,12176.65,7729.26,22231.8,0,0,65
2026-10-08,IDO,2028-06-27,30000.0,CE,2278.45,270.19,22231.8,0,0,65
2026-10-08,IDO,2028-06-27,15000.0,CE,8633.05,8646.99,22231.8,0,0,65
2026-10-08,IDO,2027-12-28,18000.0,CE,6285.7,5484.29,22231.8,0,0,65
2026-10-08,IDO,2027-09-28,30000.0,CE,153.4,41.8,22231.8,130,0,65
2026-10-08,IDO,2027-09-28,24000.0,CE,1493.15,964.09,22231.8,65,0,65
2026-10-08,IDO,2027-06-29,15000.0,CE,5367.85,7842.87,22231.8,0,0,65
2026-10-08,IDO,2027-03-30,24000.0,CE,378.35,378.35,22231.8,909935,7199,65
2026-10-08,IDO,2027-03-30,16500.0,CE,6995.9,6175.5,22231.8,0,0,65
2026-10-08,IDO,2026-12-29,22100.0,CE,817.95,789.08,22231.8,4810,36,65
2026-10-08,IDF,2026-10-27,,,22293.2,22293.2,22231.8,19137105,66176,65
2026-10-08,IDO,2026-10-13,20100.0,CE,3647.1,2147.63,22231.8,0,0,65
2026-10-08,IDO,2026-10-13,20400.0,CE,3348.95,1847.86,22231.8,0,0,65
2026-10-08,IDO,2026-10-13,21100.0,CE,2655.45,1148.44,22231.8,0,0,65
2026-10-08,IDO,2026-10-13,21450.0,CE,798.7,799.81,22231.8,325,5,65
2026-10-08,IDO,2026-10-13,21600.0,CE,660.45,660.45,22231.8,12610,458,65
2026-10-08,IDO,2026-10-13,21800.0,CE,470.2,470.2,22231.8,90610,5262,65
2026-10-08,IDO,2026-10-13,23650.0,CE,1.65,1.65,22231.8,486395,70576,65
2026-10-08,IDO,2026-10-13,24300.0,CE,1.0,1.0,22231.8,593710,48528,65
2026-10-08,IDO,2026-10-13,24550.0,CE,0.9,0.9,22231.8,62855,7983,65
2026-10-08,IDO,2026-10-19,20500.0,CE,2732.2,1767.31,22231.8,0,0,65
2026-10-08,IDO,2026-10-19,21150.0,CE,2094.65,1120.72,22231.8,0,0,65
2026-10-08,IDO,2026-10-19,22050.0,CE,351.55,351.55,22231.8,46670,1227,65
2026-10-08,IDO,2026-10-19,22800.0,CE,45.1,45.1,22231.8,1156870,95448,65
2026-10-08,IDO,2026-10-19,22850.0,CE,38.25,38.25,22231.8,212680,17966,65
2026-10-08,IDO,2026-10-19,23400.0,CE,7.25,7.25,22231.8,516035,32972,65
2026-10-08,IDO,2026-10-19,24550.0,CE,1.5,1.5,22231.8,2145,28,65
2026-10-08,IDO,2026-10-19,25000.0,CE,1.0,1.0,22231.8,1119560,21964,65
2026-10-08,IDO,2026-10-19,25100.0,CE,0.95,0.95,22231.8,11960,189,65
2026-10-08,IDO,2026-10-27,20050.0,CE,4242.8,2241.76,22231.8,0,0,65
2026-10-08,IDO,2026-10-27,20250.0,CE,4048.4,2042.46,22231.8,0,0,65
2026-10-08,IDO,2026-10-27,21000.0,CE,1318.2,1318.2,22231.8,320450,1330,65
2026-10-08,IDO,2026-10-27,21600.0,CE,780.85,780.85,22231.8,1885,40,65
2026-10-08,IDO,2026-10-27,22350.0,CE,268.35,268.35,22231.8,142870,5948,65
2026-10-08,IDO,2026-10-27,22800.0,CE,100.85,100.85,22231.8,3483545,75209,65
2026-10-08,IDO,2026-10-27,23400.0,CE,22.0,22.0,22231.8,2172885,45600,65
2026-10-08,IDO,2026-10-27,23450.0,CE,19.8,19.8,22231.8,358215,8646,65
2026-10-08,IDO,2026-10-27,24000.0,CE,7.85,7.85,22231.8,6008145,61157,65
2026-10-08,IDO,2026-10-27,24600.0,CE,3.9,3.9,22231.8,298675,2195,65
2026-10-08,IDO,2026-10-27,25050.0,CE,2.6,2.6,22231.8,154960,147,65
2026-10-08,IDO,2026-10-27,26600.0,CE,0.7,0.01,22231.8,2405,0,65
2026-10-08,IDO,2026-10-27,26650.0,CE,1.9,0.01,22231.8,455,0,65
2026-10-08,IDO,2026-11-03,20200.0,CE,3267.45,2114.94,22231.8,0,0,65
2026-10-08,IDO,2026-11-03,20300.0,CE,3168.4,2015.68,22231.8,0,0,65
2026-10-08,IDO,2026-11-03,20400.0,CE,3069.5,1916.6,22231.8,0,0,65
2026-10-08,IDO,2026-11-03,22800.0,CE,150.35,150.35,22231.8,40560,1062,65
2026-10-08,IDO,2026-11-03,22950.0,CE,115.5,115.5,22231.8,12935,223,65
2026-10-08,IDO,2026-11-03,23100.0,CE,82.55,82.55,22231.8,20410,868,65
2026-10-08,IDO,2026-11-03,23400.0,CE,43.3,43.3,22231.8,30355,876,65
2026-10-08,IDO,2026-11-03,23600.0,CE,29.35,29.35,22231.8,48295,724,65
2026-10-08,IDO,2026-11-03,23800.0,CE,20.15,20.15,22231.8,138320,1584,65
2026-10-08,IDO,2026-11-03,24400.0,CE,8.65,8.65,22231.8,2145,16,65
2026-10-08,IDO,2026-11-03,24550.0,CE,7.55,0.99,22231.8,1820,8,65
2026-10-08,IDO,2026-11-09,20150.0,CE,2738.25,2184.31,22231.8,0,0,65
2026-10-08,IDO,2026-11-09,21200.0,CE,1717.6,1175.22,22231.8,0,0,65
2026-10-08,IDO,2026-11-09,21450.0,CE,1487.4,957.33,22231.8,0,0,65
2026-10-08,IDO,2029-12-24,16500.0,CE,12984.85,8549.68,22231.8,0,0,65
2026-10-08,IDO,2026-11-09,21900.0,CE,1100.0,612.42,22231.8,0,0,65
2026-10-08,IDO,2026-11-09,24100.0,CE,84.95,9.84,22231.8,0,0,65
2026-10-08,IDO,2026-11-09,24550.0,CE,12.15,12.15,22231.8,7540,244,65
2026-10-08,IDO,2026-11-23,20150.0,CE,4487.2,2231.87,22231.8,0,0,65
2026-10-08,IDO,2026-11-23,20500.0,CE,2340.0,1892.17,22231.8,130,0,65
2026-10-08,IDO,2026-11-23,20650.0,CE,3999.6,1749.11,22231.8,0,0,65
2026-10-08,IDO,2026-11-23,20800.0,CE,3854.3,1608.26,22231.8,0,0,65
2026-10-08,IDO,2026-11-23,21500.0,CE,1051.3,1051.3,22231.8,26195,392,65
2026-10-08,IDO,2026-11-23,22200.0,CE,562.75,562.75,22231.8,58175,1583,65
2026-10-08,IDO,2026-11-23,22400.0,CE,450.6,450.6,22231.8,65390,2609,65
2026-10-08,IDO,2026-11-23,23650.0,CE,74.45,74.45,22231.8,26390,483,65
2026-10-08,IDO,2026-11-23,24450.0,CE,24.25,24.25,22231.8,15925,37,65
2026-10-08,IDO,2026-11-23,24700.0,CE,19.2,19.2,22231.8,41535,648,65
2026-10-08,IDO,2026-11-23,24850.0,CE,22.8,5.55,22231.8,780,0,65
2026-10-08,IDO,2026-11-23,25300.0,CE,10.3,10.3,22231.8,910,12,65
2026-10-08,IDO,2026-11-23,25750.0,CE,6.1,0.53,22231.8,910,8,65
2026-10-08,IDO,2026-11-23,26050.0,CE,5.4,5.4,22231.8,3445,21,65
2026-10-08,IDO,2026-12-29,20300.0,CE,2752.55,2220.77,22231.8,0,0,65
2026-10-08,IDO,2026-12-29,20850.0,CE,2255.35,1722.98,22231.8,0,0,65
2026-10-08,IDO,2026-12-29,21400.0,CE,1356.7,1270.01,22231.8,2210,30,65
2026-10-08,IDO,2031-06-24,19500.0,PE,289.2,198.63,22231.8,0,0,65
2026-10-08,IDO,2030-12-31,21000.0,PE,450.0,364.94,22231.8,845,0,65
2026-10-08,IDO,2030-06-25,19500.0,PE,64.95,201.6,22231.8,0,0,65
2026-10-08,IDO,2030-06-25,16500.0,PE,12.0,38.93,22231.8,0,0,65
2026-10-08,IDO,2029-12-24,24000.0,PE,1133.0,1072.56,22231.8,585,0,65
2026-10-08,IDO,2028-12-26,27000.0,PE,2330.0,2692.82,22231.8,17260,20,65
2026-10-08,IDO,2028-12-26,22000.0,PE,790.0,595.95,22231.8,10970,7,65
2026-10-08,IDO,2028-06-27,27000.0,PE,2752.35,2978.74,22231.8,0,0,65
2026-10-08,IDO,2028-06-27,21000.0,PE,400.05,368.91,22231.8,325,0,65
2026-10-08,IDO,2027-12-28,26000.0,PE,2321.7,2321.7,22231.8,72935,161,65
2026-10-08,IDO,2027-12-28,25000.0,PE,1712.75,1712.75,22231.8,237445,1864,65
2026-10-08,IDO,2027-06-29,16500.0,PE,41.8,0.85,22231.8,780,0,65
2026-10-08,IDO,2026-12-29,24450.0,PE,1964.6,1964.6,22231.8,330720,1074,65
2026-10-08,IDO,2026-12-29,24300.0,PE,1500.0,1838.51,22231.8,2145,0,65
2026-10-08,IDO,2026-12-29,24200.0,PE,1695.0,1751.18,22231.8,1950,2,65
2026-10-08,IDO,2026-12-29,23950.0,PE,1280.15,1538.79,22231.8,2145,2,65
2026-10-08,IDO,2026-12-29,23900.0,PE,1459.7,1497.43,22231.8,2470,1,65
2026-10-08,IDO,2026-12-29,23550.0,PE,1007.85,1220.09,22231.8,1820,2,65
2026-10-08,IDO,2026-12-29,23400.0,PE,1084.8,1108.5,22231.8,4355,36,65
2026-10-08,IDO,2026-12-29,22850.0,PE,731.45,731.45,22231.8,16315,20,65
2026-10-08,IDO,2026-12-29,22600.0,PE,598.3,598.3,22231.8,38740,868,65
2026-10-08,IDO,2026-12-29,22200.0,PE,432.5,432.5,22231.8,56160,1505,65
2026-10-08,IDO,2026-12-29,21400.0,PE,217.7,217.7,22231.8,13390,259,65
2026-10-08,IDO,2026-12-29,20100.0,PE,28.7,19.29,22231.8,0,0,65
2026-10-08,IDO,2026-12-29,15000.0,PE,9.5,9.5,22231.8,158510,411,65
2026-10-08,IDO,2026-11-23,25650.0,PE,1350.35,3233.7,22231.8,0,0,65
2026-10-08,IDO,2026-11-23,25200.0,PE,2423.95,2788.58,22231.8,130,0,65
2026-10-08,IDO,2026-11-23,24250.0,PE,1293.1,1864.32,22231.8,780,0,65
2026-10-08,IDO,2026-11-23,23050.0,PE,815.1,829.87,22231.8,3705,27,65
2026-10-08,IDO,2026-11-23,22450.0,PE,472.55,472.55,22231.8,14105,330,65
2026-10-08,IDO,2026-11-23,21350.0,PE,143.2,143.2,22231.8,20085,114,65
2026-10-08,IDO,2026-11-23,20850.0,PE,83.45,83.45,22231.8,1040,16,65
2026-10-08,IDO,2026-11-23,20200.0,PE,3.65,5.31,22231.8,0,0,65
2026-10-08,IDO,2026-11-09,23700.0,PE,951.5,1376.36,22231.8,0,0,65
2026-10-08,IDO,2026-11-09,23500.0,PE,804.05,1193.49,22231.8,0,0,65
2026-10-08,IDO,2026-11-09,23450.0,PE,769.05,1148.85,22231.8,0,0,65
2026-10-08,IDO,2026-11-09,23250.0,PE,636.9,975.6,22231.8,0,0,65
2026-10-08,IDO,2026-11-09,21500.0,PE,132.6,132.6,22231.8,2665,63,65
2026-10-08,IDO,2026-11-09,20500.0,PE,3.95,4.42,22231.8,0,0,65
2026-10-08,IDO,2026-11-09,20450.0,PE,3.4,3.7,22231.8,0,0,65
2026-10-08,IDO,2026-11-09,20100.0,PE,1.1,0.97,22231.8,0,0,65
2026-10-08,IDO,2026-11-09,20050.0,PE,0.95,0.79,22231.8,0,0,65
2026-10-08,IDO,2026-11-03,23000.0,PE,760.7,760.7,22231.8,15275,185,65
2026-10-08,IDO,2026-11-03,20800.0,PE,38.5,38.5,22231.8,2665,9,65
2026-10-08,IDO,2026-11-03,20750.0,PE,4.05,5.72,22231.8,0,0,65
2026-10-08,IDO,2026-11-03,20450.0,PE,1.75,1.75,22231.8,0,0,65
2026-10-08,IDO,2026-10-27,27150.0,PE,3860.6,4837.06,22231.8,325,0,65
2026-10-08,IDO,2026-10-27,26350.0,PE,2163.0,4039.45,22231.8,0,0,65
2026-10-08,IDO,2026-10-27,26250.0,PE,3000.0,3939.75,22231.8,260,0,65
2026-10-08,IDO,2026-10-27,26200.0,PE,3520.0,3889.9,22231.8,18460,0,65
2026-10-08,IDO,2026-10-27,25750.0,PE,3527.25,3527.25,22231.8,325,2,65
2026-10-08,IDO,2026-10-27,25700.0,PE,3320.0,3391.39,22231.8,7020,1,65
2026-10-08,IDO,2026-10-27,23250.0,PE,967.35,967.35,22231.8,51155,62,65
2026-10-08,IDO,2026-10-27,22950.0,PE,719.6,719.6,22231.8,49530,129,65
2026-10-08,IDO,2026-10-27,21850.0,PE,138.45,138.45,22231.8,58760,2733,65
2026-10-08,IDO,2026-10-27,21600.0,PE,87.55,87.55,22231.8,498355,34819,65
2026-10-08,IDO,2026-10-27,21150.0,PE,39.9,39.9,22231.8,31395,1365,65
2026-10-08,IDO,2026-10-27,20300.0,PE,11.9,11.9,22231.8,88725,2113,65
2026-10-08,IDO,2026-10-19,24950.0,PE,1732.7,2675.0,22231.8,0,0,65
2026-10-08,IDO,2026-10-19,24800.0,PE,2330.0,2525.26,22231.8,1300,2,65
2026-10-08,IDO,2026-10-19,24100.0,PE,1584.7,1826.52,22231.8,1235,2,65
2026-10-08,IDO,2026-10-19,23850.0,PE,815.85,1577.15,22231.8,0,0,65
2026-10-08,IDO,2026-10-19,22300.0,PE,229.15,229.15,22231.8,641095,59032,65
2026-10-08,IDO,2026-10-19,22250.0,PE,207.7,207.7,22231.8,124540,17733,65
2026-10-08,IDO,2026-10-19,22200.0,PE,184.85,184.85,22231.8,699855,67814,65
2026-10-08,IDO,2026-10-19,21300.0,PE,22.0,22.0,22231.8,291980,23243,65
2026-10-08,IDO,2026-10-19,20700.0,PE,7.8,7.8,22231.8,101660,7676,65
2026-10-08,IDO,2026-10-13,25350.0,PE,2725.0,3098.24,22231.8,520,0,65
2026-10-08,IDO,2026-10-13,25150.0,PE,2528.6,2898.4,22231.8,1040,0,65
2026-10-08,IDO,2026-10-13,24750.0,PE,1115.1,2498.71,22231.8,0,0,65
2026-10-08,IDO,2026-10-13,24450.0,PE,1690.0,2198.95,22231.8,195,0,65
2026-10-08,IDO,2026-10-13,23650.0,PE,1384.0,1399.58,22231.8,9685,50,65
2026-10-08,IDO,2026-10-13,23600.0,PE,1349.55,1349.55,22231.8,66040,221,65
2026-10-08,IDO,2026-10-13,21750.0,PE,20.5,20.5,22231.8,1629550,464215,65
2026-10-08,IDO,2026-10-13,21550.0,PE,9.95,9.95,22231.8,1433965,282499,65
2026-10-08,IDO,2026-10-13,21350.0,PE,5.55,5.55,22231.8,712205,166821,65
2026-10-08,IDO,2026-10-13,21100.0,PE,3.55,3.55,22231.8,1591720,309657,65
2026-10-08,IDO,2026-10-13,21050.0,PE,3.35,3.35,22231.8,419055,129533,65
2026-10-08,IDO,2026-10-13,20600.0,PE,1.6,1.6,22231.8,1029730,111114,65
2026-10-08,IDO,2026-10-13,20500.0,PE,1.4,1.4,22231.8,4045860,238087,65
2026-10-08,IDO,2030-12-31,16500.0,CE,13763.55,9339.19,22231.8,0,0,65
2026-10-08,IDO,2029-12-24,21000.0,CE,9463.95,5160.36,22231.8,0,0,65
2026-10-08,IDO,2029-06-26,22500.0,CE,7946.5,3688.09,22231.8,0,0,65
2026-10-08,IDO,2026-11-03,20050.0,CE,3416.1,2264.03,22231.8,0,0,65
2026-10-08,IDO,2026-10-27,27150.0,CE,1.0,0.01,22231.8,5590,0,65
2026-10-08,IDO,2026-10-27,24700.0,CE,3.55,3.55,22231.8,261690,1208,65
2026-10-08,IDO,2026-10-13,20950.0,CE,2803.55,1298.3,22231.8,0,0,65
2026-10-08,IDO,2026-10-13,22050.0,CE,267.45,267.45,22231.8,135200,19730,65
2026-10-08,IDO,2026-10-13,22600.0,CE,30.2,30.2,22231.8,10594415,2024584,65
2026-10-08,IDO,2026-10-13,22900.0,CE,8.4,8.4,22231.8,7274540,968647,65
2026-10-08,IDO,2026-10-13,23150.0,CE,3.9,3.9,22231.8,2458170,390666,65
2026-10-08,IDO,2026-10-13,23300.0,CE,2.75,2.75,22231.8,7329920,918383,65
2026-10-08,IDO,2026-10-13,24150.0,CE,1.0,1.0,22231.8,188045,39822,65
2026-10-08,IDO,2026-10-13,24500.0,CE,0.9,0.9,22231.8,2882425,174100,65
2026-10-08,IDO,2026-10-19,21050.0,CE,2191.7,1219.5,22231.8,0,0,65
2026-10-08,IDO,2026-10-19,21100.0,CE,2143.1,1170.04,22231.8,0,0,65
2026-10-08,IDO,2026-10-19,21200.0,CE,2046.4,1071.57,22231.8,0,0,65
2026-10-08,IDO,2026-10-19,22500.0,CE,115.6,115.6,22231.8,1198470,88423,65
2026-10-08,IDO,2026-10-19,22600.0,CE,85.5,85.5,22231.8,1287780,74518,65
2026-10-08,IDO,2026-10-19,24050.0,CE,2.0,2.0,22231.8,26390,635,65
2026-10-08,IDO,2026-10-19,24300.0,CE,1.65,1.65,22231.8,70330,2804,65
2026-10-08,IDO,2026-10-19,24750.0,CE,1.1,1.1,22231.8,650,8,65
2026-10-08,IDO,2026-10-27,20350.0,CE,3951.55,1942.87,22231.8,0,0,65
2026-10-08,IDO,2026-10-27,24850.0,CE,3.15,3.15,22231.8,35750,124,65
2026-10-08,IDO,2026-10-27,24950.0,CE,3.05,3.05,22231.8,27625,822,65
2026-10-08,IDO,2026-10-27,26850.0,CE,0.55,0.01,22231.8,5070,0,65
2026-10-08,IDO,2026-11-03,20900.0,CE,2577.35,1427.0,22231.8,0,0,65
2026-10-08,IDO,2026-11-03,21100.0,CE,2382.6,1236.9,22231.8,0,0,65
2026-10-08,IDO,2026-11-03,21250.0,CE,2237.75,1098.31,22231.8,0,0,65
2026-10-08,IDO,2026-11-03,21300.0,CE,2189.8,1053.1,22231.8,0,0,65
2026-10-08,IDO,2026-11-03,21500.0,CE,1999.75,878.34,22231.8,0,0,65
2026-10-08,IDO,2026-11-03,21950.0,CE,1587.3,534.03,22231.8,0,0,65
2026-10-08,IDO,2026-11-03,22000.0,CE,537.3,537.3,22231.8,6630,186,65
2026-10-08,IDO,2026-11-03,22050.0,CE,514.55,514.55,22231.8,4030,65,65
2026-10-08,IDO,2026-11-03,22350.0,CE,331.45,331.45,22231.8,8385,191,65
2026-10-08,IDO,2026-11-03,23500.0,CE,35.1,35.1,22231.8,126425,2506,65
2026-10-08,IDO,2026-11-03,24000.0,CE,14.75,14.75,22231.8,144365,2459,65
2026-10-08,IDO,2026-11-03,24450.0,CE,9.0,1.43,22231.8,1365,1,65
2026-10-08,IDO,2026-11-03,24500.0,CE,7.8,7.8,22231.8,41795,749,65
2026-10-08,IDO,2026-11-03,24750.0,CE,7.0,0.47,22231.8,2990,1,65
2026-10-08,IDO,2026-11-03,24800.0,CE,6.6,6.6,22231.8,2015,7,65
2026-10-08,IDO,2026-11-03,25100.0,CE,5.3,5.3,22231.8,27495,181,65
2026-10-08,IDO,2026-11-09,21750.0,CE,1224.45,719.39,22231.8,0,0,65
2026-10-08,IDO,2026-11-09,22050.0,CE,981.15,514.58,22231.8,0,0,65
2026-10-08,IDO,2026-11-09,22950.0,CE,155.8,155.8,22231.8,1950,37,65
2026-10-08,IDO,2026-11-09,23150.0,CE,329.2,90.87,22231.8,0,0,65
2026-10-08,IDO,2026-11-09,23900.0,CE,116.9,16.66,22231.8,0,0,65
2026-10-08,IDO,2026-11-23,20350.0,CE,4291.7,2036.93,22231.8,0,0,65
2026-10-08,IDO,2026-11-23,22650.0,CE,332.0,332.0,22231.8,18915,291,65
2026-10-08,IDO,2026-11-23,23200.0,CE,150.3,150.3,22231.8,358995,7236,65
2026-10-08,IDO,2026-11-23,23300.0,CE,131.0,131.0,22231.8,201760,6157,65
2026-10-08,IDO,2026-11-23,23400.0,CE,109.85,109.85,22231.8,209495,5706,65
2026-10-08,IDO,2026-11-23,24500.0,CE,23.15,23.15,22231.8,909805,11051,65
2026-10-08,IDO,2026-12-29,20200.0,CE,2845.65,2314.55,22231.8,0,0,65
2026-10-08,IDO,2026-12-29,21700.0,CE,1341.0,1049.06,22231.8,3315,0,65
2026-10-08,IDO,2026-12-29,22400.0,CE,640.4,640.4,22231.8,22425,389,65
2026-10-08,IDO,2026-12-29,22950.0,CE,376.8,376.8,22231.8,5850,77,65
2026-10-08,IDO,2026-12-29,23400.0,CE,228.5,228.5,22231.8,40235,1551,65
2026-10-08,IDO,2026-12-29,23950.0,CE,122.75,127.98,22231.8,19240,281,65
2026-10-08,IDO,2026-12-29,24350.0,CE,74.55,74.55,22231.8,19240,112,65
2026-10-08,IDO,2027-06-29,19500.0,CE,8143.4,3591.27,22231.8,0,0,65
2026-10-08,IDO,2027-06-29,33000.0,CE,1122.75,0.78,22231.8,0,0,65
2026-10-08,IDO,2027-09-28,21000.0,CE,3277.85,2675.0,22231.8,0,0,65
2026-10-08,IDO,2028-06-27,33000.0,CE,2004.15,85.0,22231.8,0,0,65
2026-10-08,IDO,2029-12-24,31500.0,CE,3429.3,847.64,22231.8,0,0,65
2026-10-08,IDO,2030-12-31,27000.0,CE,6772.8,2944.33,22231.8,0,0,65
2026-10-08,IDO,2031-06-24,21000.0,CE,8900.75,6568.16,22231.8,0,0,65
2026-10-08,IDO,2026-10-13,20350.0,PE,1.2,1.2,22231.8,198380,11206,65
2026-10-08,IDO,2026-10-13,20450.0,PE,1.3,1.3,22231.8,509015,33411,65
2026-10-08,IDO,2026-10-13,21200.0,PE,4.2,4.2,22231.8,4331015,482522,65
2026-10-08,IDO,2026-10-13,21600.0,PE,11.6,11.6,22231.8,3839355,603418,65
2026-10-08,IDO,2026-10-13,22000.0,PE,56.95,56.95,22231.8,10368670,2177699,65
2026-10-08,IDO,2026-10-13,22350.0,PE,193.25,193.25,22231.8,1179425,1410604,65
2026-10-08,IDO,2026-10-13,22550.0,PE,338.8,338.8,22231.8,761085,908846,65
2026-10-08,IDO,2026-10-13,22950.0,PE,703.4,703.4,22231.8,266890,2975,65
2026-10-08,IDO,2026-10-13,23150.0,PE,898.8,898.8,22231.8,34190,224,65
2026-10-08,IDO,2026-10-13,23550.0,PE,1291.7,1299.67,22231.8,43615,51,65
2026-10-08,IDO,2026-10-13,24100.0,PE,1817.0,1849.23,22231.8,60385,46,65
2026-10-08,IDO,2026-10-13,24300.0,PE,2048.6,2048.6,22231.8,43680,16,65
2026-10-08,IDO,2026-10-19,20050.0,PE,3.8,3.8,22231.8,373100,13235,65
2026-10-08,IDO,2026-10-19,20150.0,PE,4.35,4.35,22231.8,13975,336,65
2026-10-08,IDO,2026-10-19,20350.0,PE,5.1,5.1,22231.8,3445,71,65
2026-10-08,IDO,2026-10-19,20850.0,PE,9.35,9.35,22231.8,29445,1318,65
2026-10-08,IDO,2026-10-19,21150.0,PE,15.95,15.95,22231.8,45760,2699,65
2026-10-08,IDO,2026-10-19,21900.0,PE,91.6,91.6,22231.8,257855,25157,65
2026-10-08,IDO,2026-10-19,22850.0,PE,605.35,605.35,22231.8,71825,1282,65
2026-10-08,IDO,2026-10-19,23100.0,PE,844.7,844.7,22231.8,35880,729,65
2026-10-08,IDO,2026-10-19,23350.0,PE,868.35,1081.81,22231.8,1690,2,65
2026-10-08,IDO,2026-10-19,23650.0,PE,939.3,1378.06,22231.8,1040,0,65
2026-10-08,IDO,2026-10-19,24550.0,PE,1372.75,2275.7,22231.8,0,0,65
2026-10-08,IDO,2026-10-19,24600.0,PE,1500.0,2325.61,22231.8,325,0,65
2026-10-08,IDO,2026-10-27,20100.0,PE,10.05,10.05,22231.8,292890,6207,65
2026-10-08,IDO,2026-10-27,20200.0,PE,10.7,10.7,22231.8,16705,1760,65
2026-10-08,IDO,2026-10-27,20650.0,PE,18.3,18.3,22231.8,14105,976,65
2026-10-08,IDO,2026-10-27,21650.0,PE,96.35,96.35,22231.8,118430,1698,65
2026-10-08,IDO,2026-10-27,21750.0,PE,116.2,116.2,22231.8,76505,3329,65
2026-10-08,IDO,2026-10-27,22050.0,PE,196.05,196.05,22231.8,111865,4703,65
2026-10-08,IDO,2026-10-27,22650.0,PE,488.5,488.5,22231.8,209625,4599,65
2026-10-08,IDO,2026-10-27,23050.0,PE,804.6,804.6,22231.8,44525,133,65
2026-10-08,IDO,2026-10-27,23150.0,PE,887.3,887.3,22231.8,29445,68,65
2026-10-08,IDO,2026-10-27,23450.0,PE,1144.5,1144.5,22231.8,40235,20,65
2026-10-08,IDO,2026-10-27,23500.0,PE,1204.35,1204.35,22231.8,5345730,9404,65
2026-10-08,IDO,2026-10-27,24400.0,PE,2086.2,2086.2,22231.8,148135,58,65
2026-10-08,IDO,2026-10-27,24450.0,PE,1979.0,2145.38,22231.8,8580,3,65
2026-10-08,IDO,2026-10-27,24900.0,PE,2600.0,2593.81,22231.8,141440,17,65
2026-10-08,IDO,2026-10-27,25300.0,PE,2870.0,2992.59,22231.8,10465,1,65
2026-10-08,IDO,2026-10-27,26550.0,PE,2330.1,4238.85,22231.8,0,0,65
2026-10-08,IDO,2026-10-27,27000.0,PE,4684.95,4684.95,22231.8,935870,157,65
2026-10-08,IDO,2026-11-03,20100.0,PE,0.6,0.36,22231.8,0,0,65
2026-10-08,IDO,2026-11-03,20900.0,PE,39.3,39.3,22231.8,2535,46,65
2026-10-08,IDO,2026-11-03,20950.0,PE,36.0,11.58,22231.8,2210,52,65
2026-10-08,IDO,2026-11-03,21100.0,PE,58.3,58.3,22231.8,2080,25,65
2026-10-08,IDO,2026-11-03,21250.0,PE,14.0,29.66,22231.8,0,0,65
2026-10-08,IDO,2026-11-03,21650.0,PE,130.95,130.95,22231.8,2340,23,65
2026-10-08,IDO,2026-11-03,22450.0,PE,399.8,399.8,22231.8,8255,131,65
2026-10-08,IDO,2026-11-03,22500.0,PE,429.1,429.1,22231.8,30680,1285,65
2026-10-08,IDO,2026-11-03,22550.0,PE,461.9,461.9,22231.8,7670,104,65
2026-10-08,IDO,2026-11-03,22650.0,PE,528.7,528.7,22231.8,8515,115,65
2026-10-08,IDO,2026-11-03,22900.0,PE,697.65,686.56,22231.8,6305,39,65
2026-10-08,IDO,2026-11-03,24550.0,PE,1199.8,2218.84,22231.8,0,0,65
2026-10-08,IDO,2026-11-03,25050.0,PE,1622.0,2715.95,22231.8,0,0,65
2026-10-08,IDO,2026-11-09,20400.0,PE,2.9,3.09,22231.8,0,0,65
2026-10-08,IDO,2026-11-09,22150.0,PE,157.4,261.54,22231.8,0,0,65
2026-10-08,IDO,2026-11-09,22450.0,PE,303.9,407.19,22231.8,195,5,65
2026-10-08,IDO,2026-11-09,23300.0,PE,668.75,1018.05,22231.8,0,0,65
2026-10-08,IDO,2026-11-09,23350.0,PE,701.4,1061.1,22231.8,0,0,65
2026-10-08,IDO,2026-11-09,24500.0,PE,1631.55,2148.13,22231.8,0,0,65
2026-10-08,IDO,2026-11-23,20100.0,PE,38.35,38.35,22231.8,18850,549,65
2026-10-08,IDO,2026-11-23,20700.0,PE,70.15,70.15,22231.8,36205,630,65
2026-10-08,IDO,2026-11-23,20750.0,PE,81.2,23.31,22231.8,585,2,65
2026-10-08,IDO,2026-11-23,21000.0,PE,95.5,95.5,22231.8,977015,21230,65
2026-10-08,IDO,2026-11-23,21300.0,PE,135.1,135.1,22231.8,73385,2001,65
2026-10-08,IDO,2026-11-23,22800.0,PE,665.35,665.35,22231.8,303875,1627,65
2026-10-08,IDO,2026-11-23,23200.0,PE,934.9,934.9,22231.8,154960,255,65
2026-10-08,IDO,2026-11-23,23250.0,PE,971.75,971.75,22231.8,12480,47,65
2026-10-08,IDO,2026-11-23,23450.0,PE,1130.0,1130.0,22231.8,5460,14,65
2026-10-08,IDO,2026-11-23,23500.0,PE,1175.2,1175.2,22231.8,489450,955,65
2026-10-08,IDO,2026-11-23,23900.0,PE,1519.9,1538.21,22231.8,12545,3,65
2026-10-08,IDO,2026-11-23,24550.0,PE,2080.45,2152.05,22231.8,195,2,65
2026-10-08,IDO,2026-11-23,25100.0,PE,2203.1,2689.98,22231.8,325,0,65
2026-10-08,IDO,2026-12-29,20300.0,PE,38.95,28.42,22231.8,0,0,65
2026-10-08,IDO,2026-12-29,21600.0,PE,258.45,258.45,22231.8,56745,892,65
2026-10-08,IDO,2026-12-29,21750.0,PE,294.2,294.2,22231.8,14040,118,65
2026-10-08,IDO,2026-12-29,22450.0,PE,530.55,530.55,22231.8,4485,105,65
2026-10-08,IDO,2026-12-29,24050.0,PE,1359.35,1622.67,22231.8,2080,3,65
2026-10-08,IDO,2026-12-29,24500.0,PE,1982.7,1982.7,22231.8,6565,126,65
2026-10-08,IDO,2026-12-29,27000.0,PE,4347.4,4347.4,22231.8,1566795,268,65
2026-10-08,IDO,2027-06-29,33000.0,PE,4691.7,9424.7,22231.8,0,0,65
2026-10-08,IDO,2027-09-28,16500.0,PE,8.0,8.0,22231.8,65,1,65
2026-10-08,IDO,2027-12-28,16500.0,PE,52.05,5.6,22231.8,130,0,65
2026-10-08,IDO,2027-12-28,19000.0,PE,190.9,190.9,22231.8,40075,101,65
2026-10-08,IDO,2027-12-28,22000.0,PE,695.85,695.85,22231.8,120190,527,65
2026-10-08,IDO,2027-12-28,24000.0,PE,1293.4,1293.4,22231.8,248070,867,65
2026-10-08,IDO,2028-06-27,18000.0,PE,396.75,51.57,22231.8,0,0,65
2026-10-08,IDO,2028-12-26,18000.0,PE,250.0,68.09,22231.8,75,0,65
2026-10-08,IDO,2029-12-24,23000.0,PE,901.05,901.05,22231.8,1690,1,65
2026-10-08,IDO,2029-12-24,26000.0,PE,1850.0,1797.03,22231.8,4965,0,65
2026-10-08,IDO,2030-12-31,16500.0,PE,13.65,42.82,22231.8,0,0,65
2026-10-08,IDO,2031-06-24,28500.0,PE,2104.2,2296.77,22231.8,0,0,65
2026-10-08,IDO,2031-06-24,30000.0,PE,2616.25,2939.8,22231.8,0,0,65
2026-10-08,IDO,2026-10-27,23350.0,CE,24.55,24.55,22231.8,156715,5095,65
2026-10-08,IDO,2026-10-27,22900.0,CE,78.0,78.0,22231.8,1456975,44545,65
2026-10-08,IDO,2026-10-27,22200.0,CE,358.5,358.5,22231.8,2278965,66620,65
2026-10-08,IDO,2026-10-27,21150.0,CE,1433.7,1156.16,22231.8,65,0,65
2026-10-08,IDO,2026-10-27,20600.0,CE,3710.55,1694.33,22231.8,0,0,65
2026-10-08,IDO,2026-10-27,20550.0,CE,3758.6,1743.96,22231.8,0,0,65
2026-10-08,IDO,2026-10-27,20400.0,CE,3903.2,1893.1,22231.8,0,0,65
2026-10-08,IDO,2026-10-19,24600.0,CE,1.45,1.45,22231.8,21060,482,65
2026-10-08,IDO,2026-10-19,24100.0,CE,1.85,1.85,22231.8,482625,18760,65
2026-10-08,IDO,2026-10-19,23050.0,CE,19.7,19.7,22231.8,195065,17019,65
2026-10-08,IDO,2026-10-19,22000.0,CE,388.5,388.5,22231.8,189865,8714,65
2026-10-08,IDO,2026-10-19,21950.0,CE,421.9,421.9,22231.8,3120,76,65
2026-10-08,IDO,2026-10-19,21450.0,CE,1807.8,830.26,22231.8,0,0,65
2026-10-08,IDO,2026-10-19,20900.0,CE,2338.15,1368.46,22231.8,0,0,65
2026-10-08,IDO,2026-10-19,20450.0,CE,2781.7,1817.22,22231.8,0,0,65
2026-10-08,IDO,2026-10-13,25350.0,CE,0.6,0.6,22231.8,107835,7003,65
2026-10-08,IDO,2026-10-13,25150.0,CE,0.7,0.7,22231.8,30940,1324,65
2026-10-08,IDO,2026-10-13,24850.0,CE,0.8,0.8,22231.8,24375,1696,65
2026-10-08,IDO,2026-10-13,24650.0,CE,0.85,0.85,22231.8,63960,9030,65
2026-10-08,IDO,2026-10-13,23500.0,CE,2.0,2.0,22231.8,12831260,1350677,65
2026-10-08,IDO,2026-10-13,23200.0,CE,3.5,3.5,22231.8,9961250,971433,65
2026-10-08,IDO,2026-10-13,22450.0,CE,59.95,59.95,22231.8,3816020,1200542,65
2026-10-08,IDO,2026-10-13,21900.0,CE,383.8,383.8,22231.8,87295,9543,65
2026-10-08,IDO,2026-10-13,21250.0,CE,2507.8,998.69,22231.8,0,0,65
2026-10-08,IDO,2026-10-13,20300.0,CE,3448.3,1947.78,22231.8,0,0,65
2026-10-08,IDO,2026-10-27,23550.0,CE,15.85,15.85,22231.8,156130,4347,65
2026-10-08,IDO,2026-10-27,23800.0,CE,9.6,9.6,22231.8,1703780,30738,65
2026-10-08,IDO,2026-10-27,24450.0,CE,4.55,4.55,22231.8,50505,438,65
2026-10-08,IDO,2026-10-27,21500.0,CE,866.0,866.0,22231.8,645060,4286,65
2026-10-08,IDO,2026-10-27,25000.0,CE,2.65,2.65,22231.8,2683460,17244,65
2026-10-08,IDO,2026-10-27,25250.0,CE,3.85,0.01,22231.8,4095,0,65
2026-10-08,IDO,2026-10-27,25900.0,CE,1.4,1.4,22231.8,14690,4,65
2026-10-08,IDO,2026-11-03,20350.0,CE,3118.95,1966.12,22231.8,0,0,65
2026-10-08,IDO,2026-11-03,20450.0,CE,3020.05,1867.14,22231.8,0,0,65
2026-10-08,IDO,2026-11-03,22200.0,CE,413.45,413.45,22231.8,9490,364,65
2026-10-08,IDO,2026-11-03,22700.0,CE,184.6,184.6,22231.8,34970,875,65
2026-10-08,IDO,2026-11-03,23750.0,CE,22.85,13.71,22231.8,1885,30,65
2026-10-08,IDO,2026-11-09,21950.0,CE,1059.7,578.76,22231.8,0,0,65
2026-10-08,IDO,2026-11-09,22000.0,CE,1020.1,546.14,22231.8,0,0,65
2026-10-08,IDO,2026-11-09,22150.0,CE,905.35,454.72,22231.8,0,0,65
2026-10-08,IDO,2026-11-09,22250.0,CE,832.3,399.29,22231.8,0,0,65
2026-10-08,IDO,2026-11-09,23050.0,CE,199.0,110.27,22231.8,325,0,65
2026-10-08,IDO,2026-11-09,23100.0,CE,113.95,113.95,22231.8,3445,147,65
2026-10-08,IDO,2026-11-09,24000.0,CE,99.9,12.85,22231.8,0,0,65
2026-10-08,IDO,2026-11-23,20950.0,CE,3709.55,1470.22,22231.8,0,0,65
2026-10-08,IDO,2026-11-23,21050.0,CE,3613.45,1380.07,22231.8,0,0,65
2026-10-08,IDO,2026-11-23,21450.0,CE,3232.9,1039.16,22231.8,0,0,65
2026-10-08,IDO,2026-11-23,21650.0,CE,3045.65,883.61,22231.8,0,0,65
2026-10-08,IDO,2026-11-23,21900.0,CE,765.05,765.05,22231.8,3055,78,65
2026-10-08,IDO,2026-11-23,22700.0,CE,307.2,307.2,22231.8,191035,4294,65
2026-10-08,IDO,2026-11-23,22900.0,CE,234.8,234.8,22231.8,129415,3064,65
2026-10-08,IDO,2026-11-23,23700.0,CE,67.9,67.9,22231.8,212420,5146,65
2026-10-08,IDO,2026-11-23,24050.0,CE,41.25,31.83,22231.8,35165,161,65
2026-10-08,IDO,2026-11-23,24650.0,CE,21.1,21.1,22231.8,4680,25,65
2026-10-08,IDO,2026-11-23,25800.0,CE,7.3,0.46,22231.8,2015,0,65
2026-10-08,IDO,2026-11-23,25850.0,CE,6.4,6.4,22231.8,845,4,65
2026-10-08,IDO,2026-11-23,25950.0,CE,7.5,0.3,22231.8,1625,0,65
2026-10-08,IDO,2026-12-29,21500.0,CE,1237.25,1237.25,22231.8,32305,542,65
2026-10-08,IDO,2026-12-29,21550.0,CE,1207.0,1156.93,22231.8,3900,9,65
2026-10-08,IDO,2026-12-29,21850.0,CE,1295.25,946.7,22231.8,2535,0,65
2026-10-08,IDO,2026-12-29,22250.0,CE,723.0,723.0,22231.8,2665,35,65
2026-10-08,IDO,2026-12-29,22600.0,CE,536.25,536.25,22231.8,29315,494,65
2026-10-08,IDO,2026-12-29,22800.0,CE,437.9,437.9,22231.8,46020,1346,65
2026-10-08,IDO,2026-12-29,23000.0,CE,357.45,357.45,22231.8,1616495,18643,65
2026-10-08,IDO,2026-12-29,23150.0,CE,299.4,299.4,22231.8,9165,117,65
2026-10-08,IDO,2026-12-29,23250.0,CE,268.5,281.99,22231.8,12740,93,65
2026-10-08,IDO,2026-12-29,23300.0,CE,256.7,256.7,22231.8,57330,1190,65
2026-10-08,IDO,2026-12-29,24000.0,CE,113.05,113.05,22231.8,3455125,29410,65
2026-10-08,IDO,2026-12-29,24050.0,CE,105.35,105.35,22231.8,41015,2731,65
2026-10-08,IDO,2026-12-29,25000.0,CE,36.55,36.55,22231.8,4082375,26009,65
2026-10-08,IDO,2026-12-29,33000.0,CE,3.4,3.4,22231.8,103740,6,65
2026-10-08,IDO,2027-09-28,18000.0,CE,5788.3,5231.15,22231.8,0,0,65
2026-10-08,IDO,2027-09-28,28500.0,CE,291.55,103.63,22231.8,0,0,65
2026-10-08,IDO,2028-06-27,21000.0,CE,5226.55,3578.81,22231.8,0,0,65
2026-10-08,IDO,2028-06-27,25500.0,CE,1225.0,1188.45,22231.8,0,0,65
2026-10-08,IDO,2028-06-27,31500.0,CE,1784.8,153.77,22231.8,0,0,65
2026-10-08,IDO,2029-06-26,31500.0,CE,2878.65,568.57,22231.8,0,0,65
2026-10-08,IDO,2029-12-24,18000.0,CE,11362.4,7358.21,22231.8,0,0,65
2026-10-08,IDO,2029-12-24,33000.0,CE,3816.05,617.77,22231.8,0,0,65
2026-10-08,IDO,2030-12-31,18000.0,CE,12674.15,8219.84,22231.8,0,0,65
2026-10-08,IDO,2030-12-31,24000.0,CE,8563.3,4351.24,22231.8,0,0,65
2026-10-08,IDO,2030-12-31,25500.0,CE,7639.65,3599.35,22231.8,0,0,65
2026-10-08,IDO,2031-06-24,15000.0,CE,12902.2,10809.46,22231.8,0,0,65
2026-10-08,IDO,2031-06-24,24000.0,CE,7181.9,4803.69,22231.8,0,0,65
2026-10-08,IDO,2031-06-24,27000.0,CE,5699.0,3376.43,22231.8,0,0,65
2026-10-08,IDO,2026-10-13,22100.0,PE,83.1,83.1,22231.8,3925285,1500977,65
2026-10-08,IDO,2026-10-13,22400.0,PE,226.45,226.45,22231.8,2957955,2226221,65
2026-10-08,IDO,2026-10-13,22700.0,PE,468.65,468.65,22231.8,2867930,304045,65
2026-10-08,IDO,2026-10-13,22800.0,PE,564.35,564.35,22231.8,1128400,95656,65
2026-10-08,IDO,2026-10-13,23800.0,PE,1548.6,1548.6,22231.8,33020,100,65
2026-10-08,IDO,2026-10-13,24600.0,PE,2339.0,2339.0,22231.8,13195,25,65
2026-10-08,IDO,2026-10-13,24900.0,PE,2284.95,2648.6,22231.8,650,0,65
2026-10-08,IDO,2026-10-19,22600.0,PE,410.0,410.0,22231.8,571480,34612,65
2026-10-08,IDO,2026-10-19,24000.0,PE,1705.55,1705.55,22231.8,14690,88,65
2026-10-08,IDO,2026-10-19,24050.0,PE,962.95,1776.63,22231.8,0,0,65
2026-10-08,IDO,2026-10-27,20250.0,PE,8.9,0.14,22231.8,0,0,65
2026-10-08,IDO,2026-10-27,20950.0,PE,28.65,28.65,22231.8,21710,894,65
2026-10-08,IDO,2026-10-27,21400.0,PE,61.55,61.55,22231.8,491335,14751,65
2026-10-08,IDO,2026-10-27,21450.0,PE,67.65,67.65,22231.8,49530,2018,65
2026-10-08,IDO,2026-10-27,22400.0,PE,341.65,341.65,22231.8,1710865,64557,65
2026-10-08,IDO,2026-10-27,23000.0,PE,760.95,760.95,22231.8,3907020,21684,65
2026-10-08,IDO,2026-10-27,23600.0,PE,1304.8,1304.8,22231.8,695825,389,65
2026-10-08,IDO,2026-10-27,25200.0,PE,2531.1,2892.89,22231.8,33930,0,65
2026-10-08,IDO,2026-10-27,26000.0,PE,3672.5,3672.5,22231.8,1776385,1854,65
2026-10-08,IDO,2026-10-27,26850.0,PE,2588.1,4537.96,22231.8,0,0,65
2026-10-08,IDO,2026-11-03,20850.0,PE,5.3,8.21,22231.8,0,0,65
2026-10-08,IDO,2026-11-03,21200.0,PE,68.45,68.45,22231.8,1690,27,65
2026-10-08,IDO,2026-11-03,21400.0,PE,89.7,89.7,22231.8,19500,327,65
2026-10-08,IDO,2026-11-03,23700.0,PE,610.85,1387.14,22231.8,0,0,65
2026-10-08,IDO,2026-11-03,23800.0,PE,669.7,1482.77,22231.8,0,0,65
2026-10-08,IDO,2026-11-03,24950.0,PE,1534.25,2616.43,22231.8,0,0,65
2026-10-08,IDO,2026-11-09,21050.0,PE,69.95,24.66,22231.8,390,8,65
2026-10-08,IDO,2026-11-09,21300.0,PE,79.95,47.38,22231.8,65,1,65
2026-10-08,IDO,2026-11-09,21450.0,PE,43.3,67.68,22231.8,0,0,65
2026-10-08,IDO,2026-11-09,21550.0,PE,53.3,84.64,22231.8,0,0,65
2026-10-08,IDO,2026-11-09,24300.0,PE,1450.85,1951.64,22231.8,0,0,65
2026-10-08,IDO,2026-11-23,21200.0,PE,120.05,120.05,22231.8,62660,1759,65
2026-10-08,IDO,2026-11-23,21650.0,PE,201.0,201.0,22231.8,25610,83,65
2026-10-08,IDO,2026-11-23,24850.0,PE,860.35,2444.33,22231.8,0,0,65
2026-10-08,IDO,2026-11-23,25350.0,PE,1152.95,2936.75,22231.8,0,0,65
2026-10-08,IDO,2026-11-23,25800.0,PE,2725.0,3382.37,22231.8,585,0,65
2026-10-08,IDO,2026-11-23,25850.0,PE,2901.65,3431.95,22231.8,65,0,65
2026-10-08,IDO,2026-12-29,20800.0,PE,130.3,130.3,22231.8,2145,21,65
2026-10-08,IDO,2026-12-29,21000.0,PE,153.9,153.9,22231.8,2313845,14228,65
2026-10-08,IDO,2026-12-29,21200.0,PE,182.1,182.1,22231.8,18460,402,65
2026-10-08,IDO,2026-12-29,21450.0,PE,224.45,224.45,22231.8,2210,45,65
2026-10-08,IDO,2026-12-29,22250.0,PE,451.9,451.9,22231.8,11440,234,65
2026-10-08,IDO,2026-12-29,24100.0,PE,1579.95,1665.16,22231.8,2145,5,65
2026-10-08,IDO,2026-12-29,25500.0,PE,2915.2,2915.2,22231.8,303485,203,65
2026-10-08,IDO,2026-12-29,28500.0,PE,3320.25,5902.45,22231.8,130,0,65
2026-10-08,IDO,2027-03-30,16500.0,PE,31.45,31.45,22231.8,13325,319,65
2026-10-08,IDO,2027-06-29,19500.0,PE,160.05,160.05,22231.8,4355,75,65
2026-10-08,IDO,2027-12-28,27000.0,PE,2993.0,3327.81,22231.8,57745,68,65
2026-10-08,IDO,2028-06-27,19500.0,PE,40.05,154.1,22231.8,0,0,65
2026-10-08,IDO,2028-06-27,31500.0,PE,2935.6,6454.82,22231.8,0,0,65
2026-10-08,IDO,2028-12-26,22500.0,PE,218.8,726.12,22231.8,0,0,65
2026-10-08,IDO,2028-12-26,26000.0,PE,1909.2,2135.64,22231.8,6940,2,65
2026-10-08,IDO,2029-06-26,28500.0,PE,1349.1,3293.29,22231.8,0,0,65
2026-10-08,IDO,2029-06-26,31500.0,PE,2443.35,5279.51,22231.8,0,0,65
2026-10-08,IDO,2030-12-31,25500.0,PE,538.25,1358.67,22231.8,0,0,65
2026-10-08,IDO,2030-12-31,27000.0,PE,779.5,1879.6,22231.8,0,0,65
2026-10-08,IDO,2030-12-31,33000.0,PE,2387.3,4837.68,22231.8,0,0,65
2026-10-08,IDO,2031-06-24,33000.0,PE,3810.15,4446.92,22231.8,0,0,65
2026-10-08,IDO,2026-10-27,21750.0,CE,904.1,625.07,22231.8,130,0,65
2026-10-08,IDO,2026-10-13,20750.0,CE,3001.55,1498.14,22231.8,0,0,65
2026-10-08,IDO,2026-10-13,21200.0,CE,2556.95,1048.59,22231.8,0,0,65
2026-10-08,IDO,2026-10-13,21750.0,CE,524.2,524.2,22231.8,12090,440,65
2026-10-08,IDO,2026-10-13,22150.0,CE,199.0,199.0,22231.8,441545,112957,65
2026-10-08,IDO,2026-10-13,22400.0,CE,74.2,74.2,22231.8,10679825,1740250,65
2026-10-08,IDO,2026-10-13,23400.0,CE,2.25,2.25,22231.8,6963320,1087987,65
2026-10-08,IDO,2026-10-13,24200.0,CE,1.0,1.0,22231.8,1124630,110556,65
2026-10-08,IDO,2026-10-19,22200.0,CE,257.5,257.5,22231.8,364130,23708,65
2026-10-08,IDO,2026-10-19,23650.0,CE,4.0,4.0,22231.8,54600,2400,65
2026-10-08,IDO,2026-10-19,23750.0,CE,3.4,3.4,22231.8,51155,2065,65
2026-10-08,IDO,2026-10-19,23950.0,CE,2.4,2.4,22231.8,56810,1715,65
2026-10-08,IDO,2026-10-19,24450.0,CE,1.6,1.6,22231.8,41470,1416,65
2026-10-08,IDO,2026-10-19,24800.0,CE,1.45,1.45,22231.8,55380,519,65
2026-10-08,IDO,2026-11-03,23850.0,CE,21.2,10.22,22231.8,3055,29,65
2026-10-08,IDO,2026-11-03,23950.0,CE,18.65,18.65,22231.8,2600,68,65
2026-10-08,IDO,2026-11-03,24300.0,CE,8.65,8.65,22231.8,1495,5,65
2026-10-08,IDO,2026-11-09,20200.0,CE,2688.75,2134.82,22231.8,0,0,65
2026-10-08,IDO,2026-11-09,20250.0,CE,2639.3,2085.38,22231.8,0,0,65
2026-10-08,IDO,2026-11-09,20300.0,CE,2589.9,2036.01,22231.8,0,0,65
2026-10-08,IDO,2026-11-09,20350.0,CE,2540.5,1986.7,22231.8,0,0,65
2026-10-08,IDO,2026-11-09,20400.0,CE,2491.2,1937.47,22231.8,0,0,65
2026-10-08,IDO,2026-11-09,20800.0,CE,2099.65,1548.26,22231.8,0,0,65
2026-10-08,IDO,2026-11-09,21600.0,CE,1353.8,834.69,22231.8,0,0,65
2026-10-08,IDO,2026-11-09,21700.0,CE,1267.05,756.94,22231.8,0,0,65
2026-10-08,IDO,2026-11-09,23000.0,CE,134.95,134.95,22231.8,11505,360,65
2026-10-08,IDO,2026-11-09,23250.0,CE,121.1,74.31,22231.8,520,0,65
2026-10-08,IDO,2026-11-09,23450.0,CE,61.3,48.57,22231.8,455,7,65
2026-10-08,IDO,2026-11-09,24250.0,CE,66.0,6.5,22231.8,0,0,65
2026-10-08,IDO,2026-11-23,21150.0,CE,3517.65,1291.67,22231.8,0,0,65
2026-10-08,IDO,2026-11-23,22450.0,CE,422.4,422.4,22231.8,13910,444,65
2026-10-08,IDO,2026-11-23,23500.0,CE,94.1,94.1,22231.8,1217515,23933,65
2026-10-08,IDO,2026-11-23,23950.0,CE,47.75,47.75,22231.8,34190,85,65
2026-10-08,IDO,2026-11-23,24400.0,CE,25.25,25.25,22231.8,109330,1305,65
2026-10-08,IDO,2026-11-23,25900.0,CE,7.05,0.35,22231.8,1625,0,65
2026-10-08,IDO,2026-12-29,20400.0,CE,2660.2,2127.83,22231.8,0,0,65
2026-10-08,IDO,2026-12-29,20550.0,CE,2523.15,1990.24,22231.8,0,0,65
2026-10-08,IDO,2026-12-29,21250.0,CE,1447.1,1387.93,22231.8,1170,13,65
2026-10-08,IDO,2026-12-29,23650.0,CE,168.15,168.15,22231.8,7085,91,65
2026-10-08,IDO,2026-12-29,23700.0,CE,159.05,159.05,22231.8,46280,1321,65
2026-10-08,IDO,2026-12-29,24550.0,CE,226.15,58.75,22231.8,0,0,65
2026-10-08,IDO,2026-12-29,30000.0,CE,5.3,5.3,22231.8,810150,142,65
2026-10-08,IDO,2026-12-29,31500.0,CE,5.0,0.01,22231.8,34385,0,65
2026-10-08,IDO,2027-06-29,27000.0,CE,109.4,109.4,22231.8,73255,455,65
2026-10-08,IDO,2027-09-28,19500.0,CE,4470.95,3886.36,22231.8,0,0,65
2026-10-08,IDO,2027-12-28,30000.0,CE,132.0,132.0,22231.8,230230,391,65
2026-10-08,IDO,2028-12-26,24000.0,CE,2627.65,2627.65,22231.8,4225,18,65
2026-10-08,IDO,2028-12-26,25500.0,CE,1929.0,1667.96,22231.8,975,0,65
2026-10-08,IDO,2029-06-26,33000.0,CE,4179.45,390.63,22231.8,0,0,65
2026-10-08,IDO,2029-12-24,19500.0,CE,10678.8,6220.43,22231.8,0,0,65
2026-10-08,IDO,2030-06-25,15000.0,CE,14543.9,10130.01,22231.8,0,0,65
2026-10-08,IDO,2030-12-31,22500.0,CE,9536.95,5198.18,22231.8,0,0,65
2026-10-08,IDO,2031-06-24,18000.0,CE,10825.95,8605.39,22231.8,0,0,65
2026-10-08,IDO,2031-06-24,19500.0,CE,9840.6,7558.8,22231.8,0,0,65
2026-10-08,IDO,2031-06-24,25500.0,CE,6409.8,4046.23,22231.8,0,0,65
2026-10-08,IDO,2026-10-13,20900.0,PE,2.7,2.7,22231.8,1031550,236815,65
2026-10-08,IDO,2026-10-13,22650.0,PE,423.05,423.05,22231.8,717405,199060,65
2026-10-08,IDO,2026-10-13,23100.0,PE,851.4,851.4,22231.8,329485,3139,65
2026-10-08,IDO,2026-10-13,24200.0,PE,1965.0,1965.0,22231.8,61100,18,65
2026-10-08,IDO,2026-10-13,24500.0,PE,2244.45,2248.91,22231.8,112190,158,65
2026-10-08,IDO,2026-10-19,20800.0,PE,8.65,8.65,22231.8,147160,9112,65
2026-10-08,IDO,2026-10-19,21000.0,PE,12.0,12.0,22231.8,659035,38452,65
2026-10-08,IDO,2026-10-19,21050.0,PE,13.0,13.0,22231.8,36465,1731,65
2026-10-08,IDO,2026-10-19,23050.0,PE,790.45,790.45,22231.8,3315,124,65
2026-10-08,IDO,2026-10-19,23250.0,PE,785.0,984.51,22231.8,2015,11,65
2026-10-08,IDO,2026-10-19,24500.0,PE,2205.0,2205.0,22231.8,2405,6,65
2026-10-08,IDO,2026-10-19,25100.0,PE,1872.7,2824.74,22231.8,0,0,65
2026-10-08,IDO,2026-10-27,20350.0,PE,12.3,0.25,22231.8,1040,64,65
2026-10-08,IDO,2026-10-27,21250.0,PE,47.3,47.3,22231.8,41600,1326,65
2026-10-08,IDO,2026-10-27,24500.0,PE,2190.5,2190.5,22231.8,1606475,659,65
2026-10-08,IDO,2026-10-27,24800.0,PE,2460.9,2494.13,22231.8,313625,44,65
2026-10-08,IDO,2026-10-27,25550.0,PE,2725.0,3241.84,22231.8,910,0,65
2026-10-08,IDO,2026-10-27,26600.0,PE,3700.0,4288.7,22231.8,455,0,65
2026-10-08,IDO,2026-10-27,26700.0,PE,3900.0,4388.4,22231.8,260,0,65
2026-10-08,IDO,2026-11-03,20050.0,PE,0.5,0.28,22231.8,0,0,65
2026-10-08,IDO,2026-11-03,20600.0,PE,16.75,3.22,22231.8,2470,0,65
2026-10-08,IDO,2026-11-03,20650.0,PE,3.1,3.92,22231.8,0,0,65
2026-10-08,IDO,2026-11-03,21000.0,PE,51.55,51.55,22231.8,57135,1332,65
2026-10-08,IDO,2026-11-03,22000.0,PE,218.3,218.3,22231.8,62855,2786,65
2026-10-08,IDO,2026-11-03,22100.0,PE,248.2,248.2,22231.8,14235,1028,65
2026-10-08,IDO,2026-11-03,22150.0,PE,271.1,271.1,22231.8,5915,181,65
2026-10-08,IDO,2026-11-03,23150.0,PE,699.85,888.49,22231.8,4485,26,65
2026-10-08,IDO,2026-11-03,23200.0,PE,946.4,946.4,22231.8,19630,57,65
2026-10-08,IDO,2026-11-03,22450.0,CE,284.1,284.1,22231.8,10660,223,65
2026-10-08,IDO,2026-11-03,23550.0,PE,528.4,1245.88,22231.8,0,0,65
2026-10-08,IDO,2026-11-03,23850.0,PE,700.25,1530.93,22231.8,0,0,65
2026-10-08,IDO,2026-11-03,24900.0,PE,1490.95,2566.68,22231.8,0,0,65
2026-10-08,IDO,2026-11-03,25000.0,PE,2640.85,2640.85,22231.8,65,1,65
2026-10-08,IDO,2026-11-09,20750.0,PE,8.05,10.16,22231.8,0,0,65
2026-10-08,IDO,2026-11-09,20900.0,PE,11.95,16.06,22231.8,0,0,65
2026-10-08,IDO,2026-11-09,21000.0,PE,65.9,65.9,22231.8,3770,90,65
2026-10-08,IDO,2026-11-09,21250.0,PE,79.95,41.83,22231.8,65,1,65
2026-10-08,IDO,2026-11-09,21950.0,PE,112.9,186.59,22231.8,0,0,65
2026-10-08,IDO,2026-11-09,22050.0,PE,133.75,221.9,22231.8,0,0,65
2026-10-08,IDO,2026-11-09,22350.0,PE,219.95,354.16,22231.8,65,0,65
2026-10-08,IDO,2026-11-09,23150.0,PE,575.8,892.66,22231.8,0,0,65
2026-10-08,IDO,2026-11-09,23400.0,PE,734.8,1104.71,22231.8,0,0,65
2026-10-08,IDO,2026-11-09,23850.0,PE,1069.0,1517.18,22231.8,0,0,65
2026-10-08,IDO,2026-11-09,24100.0,PE,1276.3,1756.86,22231.8,0,0,65
2026-10-08,IDO,2026-11-23,20150.0,PE,3.3,4.58,22231.8,0,0,65
2026-10-08,IDO,2026-11-23,20300.0,PE,4.4,7.11,22231.8,0,0,65
2026-10-08,IDO,2026-11-23,20500.0,PE,58.4,58.4,22231.8,495170,10578,65
2026-10-08,IDO,2026-11-23,23150.0,PE,904.7,904.7,22231.8,5980,2314,65
2026-10-08,IDO,2026-11-23,23750.0,PE,1092.5,1403.01,22231.8,2860,0,65
2026-10-08,IDO,2026-11-23,24650.0,PE,1463.55,2249.08,22231.8,260,0,65
2026-10-08,IDO,2026-11-23,24950.0,PE,915.05,2542.42,22231.8,0,0,65
2026-10-08,IDO,2026-11-23,25050.0,PE,2671.8,2671.8,22231.8,65,2,65
2026-10-08,IDO,2026-12-29,20150.0,PE,31.0,21.3,22231.8,0,0,65
2026-10-08,IDO,2026-12-29,20850.0,PE,105.9,73.58,22231.8,1690,0,65
2026-10-08,IDO,2026-12-29,21150.0,PE,177.3,177.3,22231.8,3120,151,65
2026-10-08,IDO,2026-12-29,21350.0,PE,206.0,206.0,22231.8,1495,83,65
2026-10-08,IDO,2026-12-29,21650.0,PE,266.35,266.35,22231.8,8255,60,65
2026-10-08,IDO,2026-12-29,22000.0,PE,366.1,366.1,22231.8,3508805,21842,65
2026-10-08,IDO,2026-12-29,22050.0,PE,384.6,384.6,22231.8,10465,103,65
2026-10-08,IDO,2026-12-29,22800.0,PE,695.8,695.8,22231.8,93990,731,65
2026-10-08,IDO,2026-12-29,23500.0,PE,1136.05,1136.05,22231.8,122070,3191,65
2026-10-08,IDO,2027-09-28,22500.0,PE,761.85,728.85,22231.8,65,0,65
2026-10-08,IDO,2027-09-28,30000.0,PE,5717.3,6178.31,22231.8,0,0,65
2026-10-08,IDO,2028-12-26,19500.0,PE,49.0,177.14,22231.8,0,0,65
2026-10-08,IDO,2029-06-26,24000.0,PE,850.0,1145.65,22231.8,155,0,65
2026-10-08,IDO,2029-06-26,26000.0,PE,1650.0,1955.2,22231.8,50,0,65
2026-10-08,IDO,2030-12-31,28500.0,PE,1083.1,2494.89,22231.8,0,0,65
2026-10-08,IDO,2030-12-31,31500.0,PE,1885.5,3982.7,22231.8,0,0,65
2026-10-08,IDO,2031-06-24,27000.0,PE,1653.15,1736.12,22231.8,0,0,65
2026-10-08,IDO,2026-11-03,20800.0,CE,2675.3,1523.68,22231.8,0,0,65
2026-10-08,IDO,2026-11-03,20700.0,CE,2773.55,1621.16,22231.8,0,0,65
2026-10-08,IDO,2026-11-03,20100.0,CE,3366.5,2214.31,22231.8,0,0,65
2026-10-08,IDO,2026-10-27,27000.0,CE,0.55,0.55,22231.8,972270,5809,65
2026-10-08,IDO,2026-10-27,26000.0,CE,1.15,1.15,22231.8,1842360,5308,65
2026-10-08,IDO,2026-10-13,25050.0,CE,0.65,0.65,22231.8,68055,2789,65
2026-10-08,IDO,2026-10-13,20500.0,CE,1739.0,1747.94,22231.8,260,5,65
2026-10-08,IDO,2026-10-27,25450.0,CE,2.55,0.01,22231.8,6565,0,65
2026-10-08,IDO,2026-10-27,24750.0,CE,3.35,3.35,22231.8,22685,148,65
2026-10-08,IDO,2026-10-27,24550.0,CE,4.15,4.15,22231.8,30355,298,65
2026-10-08,IDO,2026-10-27,24250.0,CE,5.85,5.85,22231.8,110305,1030,65
2026-10-08,IDO,2026-10-27,24200.0,CE,5.9,5.9,22231.8,830700,8870,65
2026-10-08,IDO,2026-10-27,23950.0,CE,8.25,8.25,22231.8,202995,1697,65
2026-10-08,IDO,2026-10-27,23500.0,CE,17.95,17.95,22231.8,9009000,91993,65
2026-10-08,IDO,2026-10-27,22450.0,CE,220.3,220.3,22231.8,129870,6517,65
2026-10-08,IDO,2026-10-27,22000.0,CE,478.45,478.45,22231.8,1322425,22793,65
2026-10-08,IDO,2026-10-27,21450.0,CE,1084.5,878.09,22231.8,65,0,65
2026-10-08,IDO,2026-10-27,21300.0,CE,1033.25,1033.25,22231.8,975,18,65
2026-10-08,IDO,2026-10-27,20750.0,CE,3566.95,1545.83,22231.8,0,0,65
2026-10-08,IDO,2026-10-19,25200.0,CE,1.05,1.05,22231.8,26325,425,65
2026-10-08,IDO,2026-10-19,23850.0,CE,2.8,2.8,22231.8,148330,4965,65
2026-10-08,IDO,2026-12-29,23200.0,PE,934.05,934.05,22231.8,6955,65,65
2026-10-08,IDO,2026-10-19,23800.0,CE,3.0,3.0,22231.8,344955,17132,65
2026-10-08,IDO,2026-10-19,23550.0,CE,5.25,5.25,22231.8,88660,5164,65
2026-10-08,IDO,2026-10-19,23500.0,CE,5.85,5.85,22231.8,1131195,61559,65
2026-10-08,IDO,2026-10-19,23000.0,CE,23.55,23.55,22231.8,1885455,113401,65
2026-10-08,IDO,2026-10-19,22900.0,CE,32.45,32.45,22231.8,844480,64784,65
2026-10-08,IDO,2026-10-19,21500.0,CE,792.05,792.05,22231.8,7475,291,65
2026-10-08,IDO,2026-11-03,23250.0,PE,724.45,974.5,22231.8,520,2,65
2026-10-08,IDO,2026-11-03,23250.0,CE,60.1,60.1,22231.8,9165,80,65
2026-10-08,IDO,2026-11-03,23650.0,CE,26.55,26.55,22231.8,4680,66,65
2026-10-08,IDO,2026-11-03,23700.0,CE,401.3,15.82,22231.8,0,0,65
2026-10-08,IDO,2026-10-19,22550.0,PE,381.6,381.6,22231.8,60320,10083,65
2026-10-08,IDO,2026-10-19,24200.0,PE,1745.0,1926.32,22231.8,455,3,65
2026-10-08,IDO,2026-10-19,24900.0,PE,1686.55,2625.09,22231.8,0,0,65
2026-10-08,IDO,2026-10-27,20150.0,PE,9.85,9.85,22231.8,2340,185,65
2026-10-08,IDO,2026-10-27,22100.0,PE,211.7,211.7,22231.8,778830,28475,65
2026-10-08,IDO,2026-10-27,23200.0,PE,922.25,922.25,22231.8,1920230,3309,65
2026-10-08,IDO,2026-10-27,23750.0,PE,1452.5,1452.5,22231.8,13910,4,65
2026-10-08,IDO,2026-10-27,24100.0,PE,1797.0,1797.0,22231.8,212290,158,65
2026-10-08,IDO,2026-10-27,24750.0,PE,1810.0,2444.29,22231.8,715,0,65
2026-10-08,IDO,2026-10-27,25800.0,PE,3175.0,3491.09,22231.8,11960,0,65
2026-10-08,IDO,2026-10-27,27100.0,PE,4643.05,4787.21,22231.8,195,1,65
2026-10-08,IDO,2026-11-03,21150.0,PE,11.1,22.01,22231.8,0,0,65
2026-10-08,IDO,2026-11-03,21950.0,PE,199.45,199.45,22231.8,6760,94,65
2026-10-08,IDO,2026-11-03,23350.0,PE,1241.15,1062.96,22231.8,325,4,65
2026-10-08,IDO,2026-11-03,23950.0,PE,1480.0,1627.85,22231.8,390,6,65
2026-10-08,IDO,2026-11-09,20150.0,PE,1.3,1.18,22231.8,0,0,65
2026-10-08,IDO,2026-11-09,20350.0,PE,2.5,2.57,22231.8,0,0,65
2026-10-08,IDO,2026-10-19,22400.0,PE,282.4,282.4,22231.8,392470,46510,65
2026-10-08,IDO,2026-11-09,21100.0,PE,73.7,28.27,22231.8,455,15,65
2026-10-08,IDO,2026-11-09,21850.0,PE,94.6,155.43,22231.8,0,0,65
2026-10-08,IDO,2026-11-09,22250.0,PE,183.85,305.61,22231.8,0,0,65
2026-10-08,IDO,2026-11-09,22500.0,PE,450.0,450.0,22231.8,1365,71,65
2026-10-08,IDO,2026-11-09,23800.0,PE,1029.2,1469.94,22231.8,0,0,65
2026-10-08,IDO,2026-11-09,24200.0,PE,1362.7,1853.99,22231.8,0,0,65
2026-10-08,IDO,2026-11-23,20400.0,PE,5.3,9.42,22231.8,0,0,65
2026-10-08,IDO,2026-11-23,21500.0,PE,170.65,170.65,22231.8,921700,14318,65
2026-10-08,IDO,2026-11-23,21700.0,PE,212.9,212.9,22231.8,142805,2500,65
2026-10-08,IDO,2026-11-23,23550.0,PE,1198.8,1228.4,22231.8,13390,33,65
2026-10-08,IDO,2026-11-23,23700.0,PE,1354.85,1354.85,22231.8,29575,32,65
2026-10-08,IDO,2026-11-23,25150.0,PE,1030.25,2739.26,22231.8,0,0,65
2026-10-08,IDO,2026-11-23,25450.0,PE,1217.0,3035.65,22231.8,0,0,65
2026-10-08,IDO,2026-11-23,25500.0,PE,3049.5,3085.14,22231.8,347230,233,65
2026-10-08,IDO,2026-11-23,25700.0,PE,3216.0,3283.25,22231.8,1300,1,65
2026-10-08,IDO,2026-11-23,25950.0,PE,1562.8,3531.13,22231.8,0,0,65
2026-10-08,IDO,2026-12-29,20950.0,PE,147.4,147.4,22231.8,6955,177,65
2026-10-08,IDO,2026-12-29,22700.0,PE,645.2,645.2,22231.8,43355,795,65
2026-10-08,IDO,2026-12-29,23100.0,PE,872.9,872.9,22231.8,11440,41,65
2026-10-08,IDO,2026-12-29,23150.0,PE,698.75,933.52,22231.8,6955,2,65
2026-10-08,IDO,2026-12-29,24150.0,PE,1611.1,1708.0,22231.8,2015,5,65
2026-10-08,IDO,2026-12-29,24350.0,PE,1379.6,1882.63,22231.8,1365,0,65
2026-10-08,IDO,2026-12-29,29000.0,PE,6331.7,6396.01,22231.8,314160,22,65
2026-10-08,IDO,2027-03-30,24000.0,PE,1394.9,1394.9,22231.8,855400,3088,65
2026-10-08,IDO,2027-06-29,27000.0,PE,3250.0,3781.6,22231.8,195,0,65
2026-10-08,IDO,2027-06-29,30000.0,PE,6000.0,6557.63,22231.8,390,0,65
2026-10-08,IDO,2027-09-28,15000.0,PE,1.15,0.2,22231.8,0,0,65
2026-10-08,IDO,2027-09-28,21000.0,PE,357.75,301.02,22231.8,0,0,65
2026-10-08,IDO,2028-06-27,16500.0,PE,3.8,12.98,22231.8,0,0,65
2026-10-08,IDO,2028-06-27,22500.0,PE,206.95,742.27,22231.8,0,0,65
2026-10-08,IDO,2028-12-26,16500.0,PE,5.9,20.81,22231.8,0,0,65
2026-10-08,IDO,2029-06-26,33000.0,PE,3022.85,6384.55,22231.8,0,0,65
2026-10-08,IDO,2031-06-24,31500.0,PE,3185.85,3659.0,22231.8,0,0,65
2026-10-08,IDO,2026-10-19,21850.0,PE,82.15,82.15,22231.8,62790,5761,65
2026-10-08,IDO,2026-10-19,21600.0,PE,44.75,44.75,22231.8,324870,24717,65
2026-10-08,IDO,2026-10-19,20400.0,PE,5.85,5.85,22231.8,201435,11672,65
2026-10-08,IDO,2026-10-19,20300.0,PE,5.05,5.05,22231.8,55835,2642,65
2026-10-08,IDO,2026-10-13,24950.0,PE,2338.35,2698.56,22231.8,520,0,65
2026-10-08,IDO,2026-10-13,24700.0,PE,1990.0,2448.75,22231.8,1365,0,65
2026-10-08,IDO,2026-10-13,23850.0,PE,1594.0,1599.42,22231.8,1625,10,65
2026-10-08,IDO,2026-10-13,23050.0,PE,809.9,809.9,22231.8,74100,3727,65
2026-10-08,IDO,2026-10-13,22750.0,PE,516.65,516.65,22231.8,424515,60283,65
2026-10-08,IDO,2026-10-13,22450.0,PE,259.95,259.95,22231.8,1178970,1399286,65
2026-10-08,IDO,2026-10-13,20800.0,PE,2.1,2.1,22231.8,1493050,307734,65
2026-10-08,IDO,2026-10-13,20750.0,PE,2.0,2.0,22231.8,316940,83177,65
2026-10-08,IDO,2026-10-13,20700.0,PE,1.75,1.75,22231.8,1287260,113225,65
2026-10-08,IDO,2026-10-13,20550.0,PE,1.7,1.7,22231.8,138840,34605,65
2026-10-08,IDO,2026-10-13,21800.0,PE,25.05,25.05,22231.8,6751355,1000690,65
2026-10-08,IDO,2026-10-13,20300.0,PE,1.15,1.15,22231.8,564330,52102,65
2026-10-08,IDO,2030-12-31,33000.0,CE,3948.25,1198.62,22231.8,0,0,65
2026-10-08,IDO,2030-06-25,28500.0,CE,5382.85,1948.07,22231.8,0,0,65
2026-10-08,IDO,2030-06-25,21000.0,CE,10421.65,5647.94,22231.8,0,0,65
2026-10-08,IDO,2029-06-26,16500.0,CE,12587.95,8146.92,22231.8,0,0,65
2026-10-08,IDO,2028-12-26,28500.0,CE,3608.65,783.55,22231.8,0,0,65
2026-10-08,IDO,2028-06-27,27000.0,CE,1935.0,753.81,22231.8,65,0,65
2026-10-08,IDO,2027-12-28,28500.0,CE,211.9,211.9,22231.8,66885,68,65
2026-10-08,IDO,2027-12-28,27000.0,CE,327.3,327.3,22231.8,240720,462,65
2026-10-08,IDO,2027-12-28,25500.0,CE,2400.0,722.44,22231.8,0,0,65
2026-10-08,IDO,2027-09-28,27000.0,CE,529.1,237.85,22231.8,0,0,65
2026-10-08,IDO,2026-12-29,24400.0,CE,69.65,69.65,22231.8,108160,1046,65
2026-10-08,IDO,2026-12-29,23100.0,CE,317.7,317.7,22231.8,21840,569,65
2026-10-08,IDO,2026-12-29,22850.0,CE,416.55,416.55,22231.8,5330,63,65
2026-10-08,IDO,2026-12-29,21900.0,CE,947.0,947.0,22231.8,2925,68,65
2026-10-08,IDO,2026-12-29,21350.0,CE,1368.45,1308.8,22231.8,2015,19,65
2026-10-08,IDO,2026-12-29,20500.0,CE,2568.65,2035.85,22231.8,0,0,65
2026-10-08,IDO,2026-11-23,26000.0,CE,5.65,5.65,22231.8,546585,1925,65
2026-10-08,IDO,2026-11-23,25400.0,CE,16.15,1.39,22231.8,780,0,65
2026-10-08,IDO,2026-11-23,25000.0,CE,14.45,14.45,22231.8,1024010,8621,65
2026-10-08,IDO,2026-11-23,24800.0,CE,17.7,17.7,22231.8,81185,747,65
2026-10-08,IDO,2026-11-23,23800.0,CE,58.95,58.95,22231.8,449540,10196,65
2026-10-08,IDO,2026-11-23,22550.0,CE,372.9,372.9,22231.8,17615,543,65
2026-10-08,IDO,2026-11-23,22050.0,CE,666.75,666.75,22231.8,195,2,65
2026-10-08,IDO,2026-11-23,21800.0,CE,817.8,817.8,22231.8,4550,107,65
2026-10-08,IDO,2026-11-23,21600.0,CE,3092.25,921.42,22231.8,0,0,65
2026-10-08,IDO,2026-11-23,21350.0,CE,3327.35,1120.99,22231.8,0,0,65
2026-10-08,IDO,2026-11-23,21100.0,CE,3565.5,1335.63,22231.8,0,0,65
2026-10-08,IDO,2026-11-23,20750.0,CE,3902.65,1654.93,22231.8,0,0,65
2026-10-08,IDO,2026-11-09,24400.0,CE,11.6,11.6,22231.8,715,11,65
2026-10-08,IDO,2026-11-09,24350.0,CE,55.5,4.88,22231.8,0,0,65
2026-10-08,IDO,2026-11-09,24300.0,CE,60.55,5.63,22231.8,0,0,65
2026-10-08,IDO,2026-11-09,23950.0,CE,108.1,14.65,22231.8,0,0,65
2026-10-08,IDO,2026-11-09,23800.0,CE,136.2,21.42,22231.8,0,0,65
2026-10-08,IDO,2026-11-09,23500.0,CE,53.15,53.15,22231.8,16445,366,65
2026-10-08,IDO,2026-11-09,22450.0,CE,344.65,301.88,22231.8,845,19,65
2026-10-08,IDO,2026-11-09,22100.0,CE,942.85,484.1,22231.8,0,0,65
2026-10-08,IDO,2026-11-09,21800.0,CE,1182.4,682.77,22231.8,0,0,65
2026-10-08,IDO,2026-11-09,21650.0,CE,1310.2,795.39,22231.8,0,0,65
2026-10-08,IDO,2026-11-09,21000.0,CE,1907.0,1358.84,22231.8,0,0,65
2026-10-08,IDO,2026-11-03,25050.0,CE,11.35,0.14,22231.8,1885,0,65
2026-10-08,IDO,2026-11-03,24650.0,CE,7.5,0.68,22231.8,2470,7,65
2026-10-08,IDO,2026-11-03,22300.0,CE,354.8,354.8,22231.8,11765,438,65
2026-10-08,IDO,2026-11-03,21700.0,CE,1813.4,715.7,22231.8,0,0,65
2026-10-08,IDO,2026-11-03,21400.0,CE,2094.4,964.4,22231.8,0,0,65
2026-10-08,IDO,2026-10-27,26250.0,CE,2.45,0.01,22231.8,2015,0,65
2026-10-08,IDO,2026-10-27,25600.0,CE,1.6,1.6,22231.8,40755,36,65
2026-10-08,IDO,2026-10-27,25550.0,CE,1.6,0.01,22231.8,1365,0,65
2026-10-08,IDO,2026-10-27,24050.0,CE,7.35,7.35,22231.8,219830,1731,65
2026-10-08,IDO,2026-10-27,22300.0,CE,294.65,294.65,22231.8,1463930,49046,65
2026-10-08,IDO,2026-10-27,22150.0,CE,382.9,382.9,22231.8,37310,686,65
2026-10-08,IDO,2026-10-27,21550.0,CE,997.3,790.28,22231.8,65,0,65
2026-10-08,IDO,2026-10-27,20850.0,CE,3471.7,1447.31,22231.8,0,0,65
2026-10-08,IDO,2026-10-27,20450.0,CE,3854.95,1843.36,22231.8,0,0,65
2026-10-08,IDO,2026-10-19,25050.0,CE,1.2,0.01,22231.8,3835,0,65
2026-10-08,IDO,2026-10-19,24950.0,CE,1.25,0.01,22231.8,715,0,65
2026-10-08,IDO,2026-10-19,24900.0,CE,1.5,1.5,22231.8,9035,173,65
2026-10-08,IDO,2026-10-19,24250.0,CE,1.6,1.6,22231.8,40235,1300,65
2026-10-08,IDO,2026-10-19,23700.0,CE,3.6,3.6,22231.8,653640,40526,65
2026-10-08,IDO,2026-10-19,22750.0,CE,53.05,53.05,22231.8,278915,18709,65
2026-10-08,IDO,2026-10-19,22650.0,CE,72.9,72.9,22231.8,376220,20276,65
2026-10-08,IDO,2026-10-19,22100.0,CE,320.65,320.65,22231.8,50180,2555,65
2026-10-08,IDO,2026-10-19,21700.0,CE,620.85,620.85,22231.8,1560,38,65
2026-10-08,IDO,2026-10-19,21600.0,CE,711.45,711.45,22231.8,1300,37,65
2026-10-08,IDO,2026-10-19,20250.0,CE,2979.9,2016.86,22231.8,0,0,65
2026-10-08,IDO,2026-10-13,25200.0,CE,0.7,0.7,22231.8,78780,3984,65
2026-10-08,IDO,2026-10-13,24700.0,CE,0.85,0.85,22231.8,184860,25267,65
2026-10-08,IDO,2026-10-13,24600.0,CE,0.9,0.9,22231.8,251095,26564,65
2026-10-08,IDO,2026-10-13,24350.0,CE,0.95,0.95,22231.8,91325,19070,65
2026-10-08,IDO,2026-10-13,24050.0,CE,1.05,1.05,22231.8,868400,82057,65
2026-10-08,IDO,2026-10-13,23950.0,CE,1.3,1.3,22231.8,893295,53313,65
2026-10-08,IDO,2026-10-13,23600.0,CE,1.65,1.65,22231.8,4393480,426476,65
2026-10-08,IDO,2026-10-13,22550.0,CE,38.0,38.0,22231.8,4750070,1271874,65
2026-10-08,IDO,2026-10-13,21300.0,CE,952.0,952.0,22231.8,2795,56,65
2026-10-08,IDO,2026-10-13,20550.0,CE,3200.0,1697.98,22231.8,0,0,65
2026-10-08,IDO,2026-10-13,20200.0,CE,3547.7,2047.7,22231.8,0,0,65
2026-10-08,IDO,2026-11-09,20950.0,PE,13.6,18.59,22231.8,0,0,65
2026-10-08,IDO,2026-12-29,22950.0,PE,804.55,804.28,22231.8,15665,12,65
2026-10-08,IDO,2026-10-13,20450.0,CE,3299.3,1797.9,22231.8,0,0,65
2026-10-08,IDO,2026-10-13,21400.0,CE,860.65,860.65,22231.8,2470,70,65
2026-10-08,IDO,2026-10-13,21550.0,CE,705.65,705.65,22231.8,4550,123,65
2026-10-08,IDO,2026-10-13,22700.0,CE,18.95,18.95,22231.8,12521535,1688489,65
2026-10-08,IDO,2026-10-13,24000.0,CE,1.25,1.25,22231.8,13889265,549841,65
2026-10-08,IDO,2026-10-13,25000.0,CE,0.7,0.7,22231.8,1317030,47709,65
2026-10-08,IDO,2026-10-19,20550.0,CE,2682.75,1717.41,22231.8,0,0,65
2026-10-08,IDO,2026-10-19,20950.0,CE,2289.2,1318.73,22231.8,0,0,65
2026-10-08,IDO,2026-10-19,22300.0,CE,201.45,201.45,22231.8,597285,50401,65
2026-10-08,IDO,2026-10-19,23100.0,CE,17.1,17.1,22231.8,604110,74471,65
2026-10-08,IDO,2026-10-27,21800.0,CE,621.2,621.2,22231.8,38675,854,65
2026-10-08,IDO,2026-10-27,23250.0,CE,31.25,31.25,22231.8,301860,7661,65
2026-10-08,IDO,2026-10-27,24500.0,CE,4.35,4.35,22231.8,2340455,22824,65
2026-10-08,IDO,2026-10-27,27200.0,CE,0.65,0.65,22231.8,57070,49,65
2026-10-08,IDO,2026-11-03,20550.0,CE,2921.3,1768.44,22231.8,0,0,65
2026-10-08,IDO,2026-11-03,21200.0,CE,2285.9,1144.05,22231.8,0,0,65
2026-10-08,IDO,2026-11-03,23900.0,CE,17.55,17.55,22231.8,8710,85,65
2026-10-08,IDO,2026-11-09,20550.0,CE,2343.7,1790.39,22231.8,0,0,65
2026-10-08,IDO,2026-11-09,20600.0,CE,2294.65,1741.62,22231.8,0,0,65
2026-10-08,IDO,2026-11-09,20950.0,CE,1954.9,1405.73,22231.8,0,0,65
2026-10-08,IDO,2026-11-09,21100.0,CE,1811.8,1266.17,22231.8,0,0,65
2026-10-08,IDO,2026-11-09,21500.0,CE,1442.45,915.7,22231.8,0,0,65
2026-10-08,IDO,2026-11-09,22700.0,CE,228.15,228.15,22231.8,4290,130,65
2026-10-08,IDO,2026-11-23,25500.0,CE,8.5,8.5,22231.8,407160,2886,65
2026-10-08,IDO,2026-11-23,26100.0,CE,4.8,4.8,22231.8,31655,152,65
2026-10-08,IDO,2026-12-29,20050.0,CE,2986.45,2456.58,22231.8,0,0,65
2026-10-08,IDO,2026-12-29,22300.0,CE,690.9,690.9,22231.8,36335,622,65
2026-10-08,IDO,2026-12-29,22550.0,CE,562.75,548.23,22231.8,4680,75,65
2026-10-08,IDO,2026-12-29,23550.0,CE,190.3,190.3,22231.8,14235,169,65
2026-10-08,IDO,2027-06-29,22500.0,CE,1338.25,1338.25,22231.8,19045,359,65
2026-10-08,IDO,2027-06-29,28500.0,CE,1711.9,38.2,22231.8,0,0,65
2026-10-08,IDO,2027-12-28,21000.0,CE,4902.4,2988.71,22231.8,0,0,65
2026-10-08,IDO,2027-12-28,24000.0,CE,1316.2,1316.2,22231.8,169065,693,65
2026-10-08,IDO,2028-06-27,24000.0,CE,3918.85,1795.45,22231.8,0,0,65
2026-10-08,IDO,2030-06-25,24000.0,CE,8591.55,3850.61,22231.8,0,0,65
2026-10-08,IDO,2026-10-13,20950.0,PE,2.95,2.95,22231.8,318500,102713,65
2026-10-08,IDO,2026-10-13,21250.0,PE,4.55,4.55,22231.8,638170,168342,65
2026-10-08,IDO,2026-10-13,23750.0,PE,1477.05,1499.5,22231.8,3770,44,65
2026-10-08,IDO,2026-10-19,22500.0,PE,346.85,346.85,22231.8,691275,51153,65
2026-10-08,IDO,2026-10-19,24350.0,PE,1202.45,2076.05,22231.8,0,0,65
2026-10-08,IDO,2026-10-19,24450.0,PE,1286.65,2175.87,22231.8,0,0,65
2026-10-08,IDO,2026-10-27,22600.0,PE,457.75,457.75,22231.8,1420055,42688,65
2026-10-08,IDO,2026-10-27,25000.0,PE,2678.95,2678.95,22231.8,2198755,2671,65
2026-10-08,IDO,2026-10-27,25150.0,PE,2815.85,2815.85,22231.8,260,2,65
2026-10-08,IDO,2026-11-03,21750.0,PE,150.75,150.75,22231.8,2730,51,65
2026-10-08,IDO,2026-11-03,24800.0,PE,1405.5,2467.21,22231.8,0,0,65
2026-10-08,IDO,2026-11-09,20550.0,PE,4.55,5.26,22231.8,0,0,65
2026-10-08,IDO,2026-11-09,20650.0,PE,6.1,7.36,22231.8,0,0,65
2026-10-08,IDO,2026-11-23,23650.0,PE,1202.5,1314.82,22231.8,8190,8,65
2026-10-08,IDO,2026-11-23,25750.0,PE,1419.55,3332.81,22231.8,0,0,65
2026-10-08,IDO,2026-12-29,19000.0,PE,39.05,39.05,22231.8,1215040,4921,65
2026-10-08,IDO,2026-12-29,20000.0,PE,72.5,72.5,22231.8,1848235,10927,65
2026-10-08,IDO,2026-12-29,20600.0,PE,105.55,105.55,22231.8,1560,1,65
2026-10-08,IDO,2026-12-29,21050.0,PE,161.25,161.25,22231.8,3120,131,65
2026-10-08,IDO,2026-12-29,21500.0,PE,236.4,236.4,22231.8,514150,9397,65
2026-10-08,IDO,2026-12-29,22750.0,PE,653.95,685.29,22231.8,23595,179,65
2026-10-08,IDO,2026-12-29,22900.0,PE,760.35,760.35,22231.8,37180,174,65
2026-10-08,IDO,2026-12-29,24000.0,PE,1541.25,1541.25,22231.8,2077890,3435,65
2026-10-08,IDO,2027-03-30,19500.0,PE,104.0,104.0,22231.8,543790,3176,65
2026-10-08,IDO,2027-03-30,21000.0,PE,254.0,254.0,22231.8,1118780,5385,65
2026-10-08,IDO,2027-09-28,27000.0,PE,3265.0,3537.53,22231.8,0,0,65
2026-10-08,IDO,2027-12-28,30000.0,PE,5389.9,5828.45,22231.8,7280,17,65
2026-10-08,IDO,2028-12-26,24000.0,PE,1346.35,1346.35,22231.8,4920,12,65
2026-10-08,IDO,2030-06-25,21000.0,PE,220.0,376.97,22231.8,65,0,65
2026-10-08,IDO,2031-06-24,22500.0,PE,663.6,574.22,22231.8,0,0,65
2026-10-08,IDO,2026-11-03,20600.0,CE,2872.0,1719.23,22231.8,0,0,65
2026-10-08,IDO,2026-11-03,20750.0,CE,2724.4,1572.33,22231.8,0,0,65
2026-10-08,IDO,2026-11-03,21050.0,CE,2431.1,1283.93,22231.8,0,0,65
2026-10-08,IDO,2026-11-03,21450.0,CE,2046.95,921.01,22231.8,0,0,65
2026-10-08,IDO,2026-11-03,21850.0,CE,1676.7,603.52,22231.8,0,0,65
2026-10-08,IDO,2026-11-03,22250.0,CE,384.6,384.6,22231.8,24765,617,65
2026-10-08,IDO,2026-11-03,22400.0,CE,305.25,305.25,22231.8,13390,520,65
2026-10-08,IDO,2026-11-03,22650.0,CE,200.55,200.55,22231.8,14950,340,65
2026-10-08,IDO,2026-11-03,23000.0,CE,103.9,103.9,22231.8,102310,2963,65
2026-10-08,IDO,2026-11-03,24050.0,CE,12.5,5.51,22231.8,1755,48,65
2026-10-08,IDO,2026-11-03,24700.0,CE,8.0,8.0,22231.8,24830,479,65
2026-10-08,IDO,2026-11-09,20850.0,CE,2051.25,1500.47,22231.8,0,0,65
2026-10-08,IDO,2026-11-09,21050.0,CE,1859.3,1312.31,22231.8,0,0,65
2026-10-08,IDO,2026-11-09,23200.0,CE,309.6,82.25,22231.8,0,0,65
2026-10-08,IDO,2026-11-09,23600.0,CE,182.15,34.6,22231.8,0,0,65
2026-10-08,IDO,2026-11-09,24450.0,CE,10.75,10.75,22231.8,910,24,65
2026-10-08,IDO,2026-11-09,24500.0,CE,11.2,11.2,22231.8,2470,106,65
2026-10-08,IDO,2026-11-23,20200.0,CE,4438.3,2182.97,22231.8,0,0,65
2026-10-08,IDO,2026-11-23,21250.0,CE,3422.3,1205.23,22231.8,0,0,65
2026-10-08,IDO,2026-11-23,21700.0,CE,2999.2,846.56,22231.8,0,0,65
2026-10-08,IDO,2026-11-23,21950.0,CE,2769.65,673.49,22231.8,0,0,65
2026-10-08,IDO,2026-11-23,22250.0,CE,527.85,527.85,22231.8,8060,275,65
2026-10-08,IDO,2026-11-23,22600.0,CE,356.35,356.35,22231.8,587470,14368,65
2026-10-08,IDO,2026-11-23,23050.0,CE,191.15,191.15,22231.8,24050,588,65
2026-10-08,IDO,2026-11-23,23350.0,CE,117.9,117.9,22231.8,35295,663,65
2026-10-08,IDO,2026-11-23,23600.0,CE,80.35,80.35,22231.8,243100,6032,65
2026-10-08,IDO,2026-11-23,23850.0,CE,52.85,52.85,22231.8,21970,268,65
2026-10-08,IDO,2026-11-23,24100.0,CE,37.7,37.7,22231.8,175435,2942,65
2026-10-08,IDO,2026-11-23,24550.0,CE,28.9,28.9,22231.8,6500,36,65
2026-10-08,IDO,2026-11-23,24750.0,CE,18.2,18.2,22231.8,13000,19,65
2026-10-08,IDO,2026-11-23,24900.0,CE,15.5,15.5,22231.8,7475,220,65
2026-10-08,IDO,2026-11-23,25350.0,CE,15.0,1.58,22231.8,455,0,65
2026-10-08,IDO,2026-12-29,15000.0,CE,5977.65,7424.32,22231.8,0,0,65
2026-10-08,IDO,2026-12-29,16500.0,CE,10405.0,5943.57,22231.8,0,0,65
2026-10-08,IDO,2026-12-29,20450.0,CE,2614.3,2081.71,22231.8,0,0,65
2026-10-08,IDO,2026-12-29,23200.0,CE,287.1,287.1,22231.8,66040,1500,65
2026-10-08,IDO,2026-12-29,23600.0,CE,178.9,178.9,22231.8,45370,1404,65
2026-10-08,IDO,2026-12-29,24100.0,CE,99.25,99.25,22231.8,27755,442,65
2026-10-08,IDO,2026-12-29,24250.0,CE,82.0,82.0,22231.8,23790,171,65
2026-10-08,IDO,2026-12-29,24500.0,CE,61.7,61.7,22231.8,143130,6015,65
2026-10-08,IDO,2026-12-29,29000.0,CE,5.6,5.6,22231.8,389965,178,65
2026-10-08,IDO,2027-03-30,19500.0,CE,3350.0,3288.98,22231.8,2470,8,65
2026-10-08,IDO,2027-12-28,15000.0,CE,7931.05,8250.14,22231.8,0,0,65
2026-10-08,IDO,2028-12-26,15000.0,CE,11381.75,9033.49,22231.8,0,0,65
2026-10-08,IDO,2029-06-26,18000.0,CE,11678.65,6916.51,22231.8,0,0,65
2026-10-08,IDO,2029-06-26,19500.0,CE,10206.95,5744.06,22231.8,0,0,65
2026-10-08,IDO,2029-06-26,24000.0,CE,8085.35,2849.65,22231.8,0,0,65
2026-10-08,IDO,2029-06-26,27000.0,CE,6570.4,1587.84,22231.8,0,0,65
2026-10-08,IDO,2029-12-24,30000.0,CE,1340.85,1340.85,22231.8,13605,2,65
2026-10-08,IDO,2030-06-25,18000.0,CE,12423.9,7789.52,22231.8,0,0,65
2026-10-08,IDO,2030-06-25,22500.0,CE,9012.4,4699.05,22231.8,0,0,65
2026-10-08,IDO,2030-06-25,30000.0,CE,5580.35,1514.21,22231.8,0,0,65
2026-10-08,IDO,2030-12-31,21000.0,CE,10552.5,6133.47,22231.8,0,0,65
2026-10-08,IDO,2026-10-13,20100.0,PE,1.1,1.1,22231.8,3567525,89183,65
2026-10-08,IDO,2026-10-13,20850.0,PE,2.45,2.45,22231.8,197665,117811,65
2026-10-08,IDO,2026-10-13,21650.0,PE,13.85,13.85,22231.8,2543840,387798,65
2026-10-08,IDO,2026-10-13,22600.0,PE,379.0,379.0,22231.8,2711540,946676,65
2026-10-08,IDO,2026-10-19,20200.0,PE,4.5,4.5,22231.8,35620,2417,65
2026-10-08,IDO,2026-10-19,20950.0,PE,10.9,10.9,22231.8,20280,1496,65
2026-10-08,IDO,2026-10-19,21250.0,PE,19.35,19.35,22231.8,60320,4918,65
2026-10-08,IDO,2026-10-19,21550.0,PE,39.75,39.75,22231.8,115765,7277,65
2026-10-08,IDO,2026-10-19,21950.0,PE,103.15,103.15,22231.8,85995,7650,65
2026-10-08,IDO,2026-10-19,22700.0,PE,489.1,489.1,22231.8,412945,13482,65
2026-10-08,IDO,2026-10-19,22750.0,PE,529.15,529.15,22231.8,65975,1538,65
2026-10-08,IDO,2026-10-19,23150.0,PE,894.55,894.55,22231.8,10660,152,65
2026-10-08,IDO,2026-10-19,23600.0,PE,1345.1,1345.1,22231.8,3315,2,65
2026-10-08,IDO,2026-10-27,21550.0,PE,80.95,80.95,22231.8,49660,1178,65
2026-10-08,IDO,2026-10-27,21950.0,PE,164.7,164.7,22231.8,93665,3755,65
2026-10-08,IDO,2026-10-27,22200.0,PE,245.45,245.45,22231.8,3292315,106758,65
2026-10-08,IDO,2026-10-27,24050.0,PE,1726.6,1747.83,22231.8,3965,2,65
2026-10-08,IDO,2026-10-27,24200.0,PE,1885.05,1885.05,22231.8,366535,233,65
2026-10-08,IDO,2026-10-27,24850.0,PE,2096.95,2543.97,22231.8,1365,0,65
2026-10-08,IDO,2026-10-27,25400.0,PE,2600.0,3092.29,22231.8,8840,0,65
2026-10-08,IDO,2026-10-27,25450.0,PE,1850.0,3142.14,22231.8,325,0,65
2026-10-08,IDO,2026-10-27,26150.0,PE,2950.0,3840.05,22231.8,195,0,65
2026-10-08,IDO,2026-10-27,26300.0,PE,3650.45,3989.6,22231.8,34970,0,65
2026-10-08,IDO,2026-11-03,20200.0,PE,18.0,0.57,22231.8,65,1,65
2026-10-08,IDO,2026-11-03,21500.0,PE,104.45,104.45,22231.8,28795,916,65
2026-10-08,IDO,2026-11-03,21600.0,PE,122.4,122.4,22231.8,10530,208,65
2026-10-08,IDO,2026-11-03,21700.0,PE,141.15,141.15,22231.8,22165,395,65
2026-10-08,IDO,2026-11-03,22200.0,PE,290.4,290.4,22231.8,15015,515,65
2026-10-08,IDO,2026-11-03,23100.0,PE,864.0,864.0,22231.8,5005,37,65
2026-10-08,IDO,2026-11-03,24150.0,PE,898.65,1823.48,22231.8,0,0,65
2026-10-08,IDO,2026-11-03,24850.0,PE,1448.0,2516.94,22231.8,0,0,65
2026-10-08,IDO,2026-11-09,20250.0,PE,1.85,1.76,22231.8,0,0,65
2026-10-08,IDO,2026-11-09,20850.0,PE,10.5,13.83,22231.8,0,0,65
2026-10-08,IDO,2026-11-09,21600.0,PE,99.9,94.27,22231.8,195,5,65
2026-10-08,IDO,2026-11-09,22700.0,PE,360.0,558.83,22231.8,130,0,65
2026-10-08,IDO,2026-11-09,22800.0,PE,389.45,626.72,22231.8,0,0,65
2026-10-08,IDO,2026-11-09,23000.0,PE,615.0,773.69,22231.8,195,1,65
2026-10-08,IDO,2026-11-09,23050.0,PE,518.1,812.57,22231.8,0,0,65
2026-10-08,IDO,2026-11-09,23750.0,PE,990.05,1422.99,22231.8,0,0,65
2026-10-08,IDO,2026-11-09,23950.0,PE,1150.3,1612.42,22231.8,0,0,65
2026-10-08,IDO,2026-11-23,20950.0,PE,89.65,89.65,22231.8,3380,59,65
2026-10-08,IDO,2026-11-23,21100.0,PE,106.6,106.6,22231.8,39000,745,65
2026-10-08,IDO,2026-11-23,22050.0,PE,315.6,315.6,22231.8,17485,190,65
2026-10-08,IDO,2026-11-23,23600.0,PE,1291.25,1291.25,22231.8,32890,160,65
2026-10-08,IDO,2026-11-23,24000.0,PE,1624.25,1624.25,22231.8,298675,385,65
2026-10-08,IDO,2026-11-23,25300.0,PE,1600.0,2887.33,22231.8,65,0,65
2026-10-08,IDO,2026-11-23,26050.0,PE,1637.9,3630.33,22231.8,0,0,65
2026-10-08,IDO,2026-12-29,16500.0,PE,14.35,14.35,22231.8,7670,75,65
2026-10-08,IDO,2026-12-29,18000.0,PE,28.25,28.25,22231.8,1275840,7852,65
2026-10-08,IDO,2026-12-29,20550.0,PE,108.0,108.0,22231.8,2470,44,65
2026-10-08,IDO,2026-12-29,21300.0,PE,197.8,197.8,22231.8,11635,336,65
2026-10-08,IDO,2026-12-29,21950.0,PE,348.5,348.5,22231.8,10985,94,65
2026-10-08,IDO,2026-12-29,22150.0,PE,408.3,408.3,22231.8,8970,61,65
2026-10-08,IDO,2026-12-29,22650.0,PE,626.7,626.7,22231.8,31330,468,65
2026-10-08,IDO,2026-12-29,23000.0,PE,813.85,813.85,22231.8,2545170,11068,65
2026-10-08,IDO,2026-12-29,23300.0,PE,1005.85,1005.85,22231.8,2730,24,65
2026-10-08,IDO,2026-12-29,23750.0,PE,1285.0,1375.86,22231.8,2730,1,65
2026-10-08,IDO,2026-12-29,26000.0,PE,3393.1,3393.1,22231.8,1579355,1454,65
2026-10-08,IDO,2027-03-30,27000.0,PE,3906.2,3906.2,22231.8,82095,173,65
2026-10-08,IDO,2027-09-28,18000.0,PE,40.2,20.34,22231.8,0,0,65
2026-10-08,IDO,2027-12-28,21000.0,PE,472.45,472.45,22231.8,85735,439,65
2026-10-08,IDO,2028-06-27,33000.0,PE,3707.8,7744.76,22231.8,0,0,65
2026-10-08,IDO,2028-12-26,15000.0,PE,22.25,4.74,22231.8,0,0,65
2026-10-08,IDO,2028-12-26,23000.0,PE,1025.95,1025.95,22231.8,3085,6,65
2026-10-08,IDO,2029-06-26,16500.0,PE,8.1,27.98,22231.8,0,0,65
2026-10-08,IDO,2029-12-24,21000.0,PE,418.05,385.45,22231.8,1885,0,65
2026-10-08,IDO,2029-12-24,22500.0,PE,225.7,671.62,22231.8,0,0,65
2026-10-08,IDO,2026-10-27,24400.0,CE,4.8,4.8,22231.8,301145,4422,65
2026-10-08,IDO,2026-10-27,24100.0,CE,6.85,6.85,22231.8,569855,6958,65
2026-10-08,IDO,2026-10-27,23850.0,CE,9.15,9.15,22231.8,124995,1282,65
2026-10-08,IDO,2026-10-27,23200.0,CE,35.4,35.4,22231.8,2872090,76456,65
2026-10-08,IDO,2026-10-27,22650.0,CE,143.45,143.45,22231.8,300625,8077,65
2026-10-08,IDO,2026-10-27,22600.0,CE,159.05,159.05,22231.8,2205190,60952,65
2026-10-08,IDO,2026-10-27,22100.0,CE,413.4,413.4,22231.8,113295,2972,65
2026-10-08,IDO,2026-10-27,24900.0,CE,2.95,2.95,22231.8,133445,2831,65
2026-10-08,IDO,2026-10-13,22800.0,CE,12.35,12.35,22231.8,10453820,1377271,65
2026-10-08,IDO,2026-10-13,22850.0,CE,9.95,9.95,22231.8,4661800,631447,65
2026-10-08,IDO,2026-10-13,22950.0,CE,7.15,7.15,22231.8,3219970,541043,65
2026-10-08,IDO,2026-10-13,23050.0,CE,5.3,5.3,22231.8,2366780,466221,65
2026-10-08,IDO,2026-10-13,24750.0,CE,0.8,0.8,22231.8,39325,2294,65
2026-10-08,IDO,2026-10-13,24800.0,CE,0.7,0.7,22231.8,511940,49024,65
2026-10-08,IDO,2026-10-13,24950.0,CE,0.75,0.75,22231.8,47320,2289,65
2026-10-08,IDO,2026-10-19,20100.0,CE,3128.8,2166.6,22231.8,0,0,65
2026-10-08,IDO,2026-10-19,21900.0,CE,463.5,463.5,22231.8,18785,651,65
2026-10-08,IDO,2026-10-19,22400.0,CE,154.45,154.45,22231.8,514475,40539,65
2026-10-08,IDO,2026-10-19,22450.0,CE,134.1,134.1,22231.8,198835,15838,65
2026-10-08,IDO,2026-10-19,23200.0,CE,12.35,12.35,22231.8,878215,73957,65
2026-10-08,IDO,2026-10-19,23900.0,CE,2.45,2.45,22231.8,611390,21089,65
2026-10-08,IDO,2026-10-19,24350.0,CE,1.4,1.4,22231.8,975,79,65
2026-10-08,IDO,2026-10-19,24500.0,CE,1.65,1.65,22231.8,517400,13878,65
2026-10-08,IDO,2026-10-19,24650.0,CE,1.55,1.55,22231.8,1105,20,65
2026-10-08,IDO,2026-10-19,24850.0,CE,1.25,1.25,22231.8,1625,22,65
2026-10-08,IDO,2026-10-19,25150.0,CE,0.95,0.95,22231.8,5915,50,65
2026-10-08,IDO,2026-10-27,20100.0,CE,2500.0,2191.93,22231.8,1235,0,65
2026-10-08,IDO,2026-10-27,20800.0,CE,1550.0,1496.51,22231.8,65,1,65
2026-10-08,IDO,2026-10-27,20900.0,CE,1470.0,1398.25,22231.8,260,1,65
2026-10-08,IDO,2026-10-27,21900.0,CE,541.2,541.2,22231.8,65065,390,65
2026-10-08,IDO,2026-10-27,21950.0,CE,514.0,514.0,22231.8,18915,314,65
2026-10-08,IDO,2026-10-27,22050.0,CE,447.95,447.95,22231.8,24050,427,65
2026-10-08,IDO,2026-10-27,22400.0,CE,247.6,247.6,22231.8,1632670,54750,65
2026-10-08,IDO,2026-10-27,23100.0,CE,45.35,45.35,22231.8,1590160,50826,65
2026-10-08,IDO,2026-10-27,23300.0,CE,27.05,27.05,22231.8,3490890,56004,65
