TradDt,FinInstrmTp,XpryDt,StrkPric,OptnTp,ClsPric,SttlmPric,UndrlygPric,OpnIntrst,TtlTradgVol,NewBrdLotQty
2026-10-05,IDO,2026-12-29,20700.0,PE,68.65,36.66,22555.75,0,0,65
2026-10-05,IDO,2026-10-13,22550.0,CE,204.2,204.2,22555.75,450125,76305,65
2026-10-05,IDO,2026-10-27,26500.0,PE,3835.8,3835.8,22555.75,545090,138,65
2026-10-05,IDO,2026-11-03,20500.0,PE,25.05,25.05,22555.75,5265,329,65
2026-10-05,IDO,2026-11-03,21050.0,PE,52.75,7.6,22555.75,1625,7,65
2026-10-05,IDO,2026-11-03,25100.0,PE,1666.4,2435.63,22555.75,0,0,65
2026-10-05,IDO,2026-11-03,24650.0,PE,1280.65,1990.42,22555.75,0,0,65
2026-10-05,IDO,2026-11-03,23400.0,PE,840.75,833.87,22555.75,1105,6,65
2026-10-05,IDO,2026-11-03,22750.0,PE,394.4,394.4,22555.75,4550,113,65
2026-10-05,IDO,2026-11-03,22700.0,PE,374.95,374.95,22555.75,9425,100,65
2026-10-05,IDF,2026-11-23,,,22722.8,22722.8,22555.75,2307370,4899,65
2026-10-05,IDO,2026-10-06,20250.0,CE,3922.8,2308.8,22555.75,0,0,65
2026-10-05,IDO,2026-10-06,20350.0,CE,3823.4,2208.82,22555.75,0,0,65
2026-10-05,IDO,2026-10-06,20450.0,CE,3724.0,2108.83,22555.75,0,0,65
2026-10-05,IDO,2026-10-06,21100.0,CE,3078.7,1458.93,22555.75,0,0,65
2026-10-05,IDO,2026-10-06,21350.0,CE,2831.3,1208.97,22555.75,0,0,65
2026-10-05,IDO,2026-10-06,21550.0,CE,1181.35,1009.0,22555.75,390,0,65
2026-10-05,IDO,2026-10-06,21800.0,CE,755.6,755.6,22555.75,38675,1088,65
2026-10-05,IDO,2026-10-06,22150.0,CE,407.8,407.8,22555.75,131105,12842,65
2026-10-05,IDO,2026-10-06,22450.0,CE,146.55,146.55,22555.75,1791075,3224691,65
2026-10-05,IDO,2026-10-06,23150.0,CE,1.65,1.65,22555.75,2897635,948398,65
2026-10-05,IDO,2026-10-06,23200.0,CE,1.35,1.35,22555.75,8220615,1594560,65
2026-10-05,IDO,2026-10-06,23650.0,CE,0.65,0.65,22555.75,869245,136839,65
2026-10-05,IDO,2026-10-06,23900.0,CE,0.45,0.45,22555.75,1942980,149628,65
2026-10-05,IDO,2026-10-06,25150.0,CE,0.3,0.3,22555.75,33475,1729,65
2026-10-05,IDO,2026-10-06,25750.0,CE,0.35,0.35,22555.75,83590,4070,65
2026-10-05,IDO,2026-10-13,20650.0,CE,3100.75,1930.63,22555.75,0,0,65
2026-10-05,IDO,2026-10-13,20700.0,CE,3051.15,1880.69,22555.75,0,0,65
2026-10-05,IDO,2026-10-13,21350.0,CE,1145.85,1231.74,22555.75,65,0,65
2026-10-05,IDO,2026-10-13,21700.0,CE,890.5,890.5,22555.75,715,29,65
2026-10-05,IDO,2026-10-13,22250.0,CE,404.5,404.5,22555.75,43875,2135,65
2026-10-05,IDO,2026-10-13,22350.0,CE,331.55,331.55,22555.75,80860,8775,65
2026-10-05,IDO,2026-10-13,23000.0,CE,43.4,43.4,22555.75,3958695,277530,65
2026-10-05,IDO,2026-10-13,23350.0,CE,10.9,10.9,22555.75,553020,34984,65
2026-10-05,IDO,2026-10-13,23800.0,CE,3.3,3.3,22555.75,1535300,63703,65
2026-10-05,IDO,2026-10-13,24100.0,CE,1.4,1.4,22555.75,1891565,51769,65
2026-10-05,IDO,2026-10-19,20650.0,CE,2584.0,1949.3,22555.75,0,0,65
2026-10-05,IDO,2026-10-19,21000.0,CE,1591.3,1600.39,22555.75,65,2,65
2026-10-05,IDO,2026-10-19,21250.0,CE,1998.25,1352.19,22555.75,0,0,65
2026-10-05,IDO,2026-10-19,21750.0,CE,1122.75,869.18,22555.75,65,0,65
2026-10-05,IDO,2026-10-19,23250.0,CE,41.8,41.8,22555.75,17940,711,65
2026-10-05,IDO,2026-10-19,23450.0,CE,23.1,23.1,22555.75,38545,1235,65
2026-10-05,IDO,2026-10-19,24400.0,CE,3.5,3.5,22555.75,34580,342,65
2026-10-05,IDO,2026-10-27,20150.0,CE,4145.5,2472.47,22555.75,0,0,65
2026-10-05,IDO,2026-10-27,21050.0,CE,1609.9,1578.66,22555.75,65,0,65
2026-10-05,IDO,2026-10-27,21700.0,CE,975.0,961.09,22555.75,1885,21,65
2026-10-05,IDO,2026-10-27,21850.0,CE,750.15,829.83,22555.75,65,0,65
2026-10-05,IDO,2026-10-27,22550.0,CE,350.55,350.55,22555.75,118885,7941,65
2026-10-05,IDO,2026-10-27,24800.0,CE,6.1,6.1,22555.75,426010,3368,65
2026-10-05,IDO,2026-10-27,25300.0,CE,3.55,3.55,22555.75,34710,285,65
2026-10-05,IDO,2026-10-27,25700.0,CE,2.6,2.6,22555.75,35750,367,65
2026-10-05,IDO,2026-10-27,25800.0,CE,2.0,2.0,22555.75,78650,768,65
2026-10-05,IDO,2026-10-27,26150.0,CE,4.85,0.01,22555.75,455,0,65
2026-10-05,IDO,2026-10-27,26300.0,CE,1.2,1.2,22555.75,38805,51,65
2026-10-05,IDO,2026-10-27,26550.0,CE,1.25,0.01,22555.75,780,0,65
2026-10-05,IDO,2026-10-27,26750.0,CE,0.6,0.01,22555.75,975,1,65
2026-10-05,IDO,2026-10-27,27100.0,CE,0.6,0.6,22555.75,10335,21,65
2026-10-05,IDO,2026-11-03,21150.0,CE,2334.2,1508.55,22555.75,0,0,65
2026-10-05,IDO,2026-11-03,21600.0,CE,1906.05,1089.51,22555.75,0,0,65
2026-10-05,IDO,2026-11-03,23450.0,CE,81.0,81.0,22555.75,3055,87,65
2026-10-05,IDO,2026-11-03,24150.0,CE,242.15,15.57,22555.75,0,0,65
2026-10-05,IDO,2026-11-23,20400.0,CE,4242.9,2310.64,22555.75,0,0,65
2026-10-05,IDO,2026-11-23,20900.0,CE,3757.7,1827.8,22555.75,0,0,65
2026-10-05,IDO,2026-11-23,21200.0,CE,3469.95,1548.28,22555.75,0,0,65
2026-10-05,IDO,2026-11-23,21550.0,CE,3139.0,1238.98,22555.75,0,0,65
2026-10-05,IDO,2026-11-23,22300.0,CE,701.95,701.95,22555.75,18395,229,65
2026-10-05,IDO,2026-11-23,23550.0,CE,138.55,138.55,22555.75,48035,586,65
2026-10-05,IDO,2026-11-23,24300.0,CE,44.95,44.95,22555.75,143975,1673,65
2026-10-05,IDO,2026-11-23,25550.0,CE,11.5,3.05,22555.75,845,2,65
2026-10-05,IDO,2026-12-29,20250.0,CE,2799.0,2579.12,22555.75,0,0,65
2026-10-05,IDO,2026-12-29,21450.0,CE,1498.7,1498.64,22555.75,1040,9,65
2026-10-05,IDO,2026-12-29,21800.0,CE,1232.2,1223.91,22555.75,2990,12,65
2026-10-05,IDO,2026-12-29,22200.0,CE,940.0,943.17,22555.75,4550,30,65
2026-10-05,IDO,2026-12-29,23350.0,CE,331.55,331.55,22555.75,8580,65,65
2026-10-05,IDO,2026-12-29,23800.0,CE,194.05,194.05,22555.75,77025,856,65
2026-10-05,IDO,2026-12-29,28500.0,CE,6.1,6.1,22555.75,98800,280,65
2026-10-05,IDO,2027-03-30,21000.0,CE,2322.4,2322.4,22555.75,48685,220,65
2026-10-05,IDO,2027-03-30,22500.0,CE,1208.4,1208.4,22555.75,300235,982,65
2026-10-05,IDO,2027-06-29,18000.0,CE,4066.45,5272.79,22555.75,0,0,65
2026-10-05,IDO,2027-06-29,21000.0,CE,3061.8,2591.44,22555.75,0,0,65
2026-10-05,IDO,2027-06-29,25500.0,CE,270.55,270.55,22555.75,30875,208,65
2026-10-05,IDO,2027-09-28,15000.0,CE,8577.25,8343.62,22555.75,0,0,65
2026-10-05,IDO,2028-06-27,28500.0,CE,2990.0,509.64,22555.75,0,0,65
2026-10-05,IDO,2028-12-26,22500.0,CE,7382.9,3320.79,22555.75,0,0,65
2026-10-05,IDO,2029-06-26,25500.0,CE,5917.35,2258.95,22555.75,0,0,65
2026-10-05,IDO,2029-06-26,30000.0,CE,5268.4,863.87,22555.75,0,0,65
2026-10-05,IDO,2029-12-24,28500.0,CE,4802.1,1604.16,22555.75,0,0,65
2026-10-05,IDO,2030-06-25,19500.0,CE,11140.25,6856.0,22555.75,0,0,65
2026-10-05,IDO,2031-06-24,22500.0,CE,8012.75,5760.32,22555.75,0,0,65
2026-10-05,IDO,2026-10-06,20750.0,PE,0.4,0.4,22555.75,90610,22541,65
2026-10-05,IDO,2026-10-06,22350.0,PE,22.7,22.7,22555.75,5143060,4626507,65
2026-10-05,IDO,2026-10-06,22550.0,PE,79.35,79.35,22555.75,5216445,7352057,65
2026-10-05,IDO,2026-10-06,23150.0,PE,597.0,597.0,22555.75,87490,1959,65
2026-10-05,IDO,2026-10-06,23650.0,PE,1094.15,1094.15,22555.75,55770,237,65
2026-10-05,IDO,2026-10-06,23700.0,PE,1146.25,1146.25,22555.75,57200,904,65
2026-10-05,IDO,2031-06-24,25500.0,PE,1262.85,1241.99,22555.75,0,0,65
2026-10-05,IDO,2031-06-24,24000.0,PE,933.85,857.77,22555.75,65,0,65
2026-10-05,IDO,2031-06-24,21000.0,PE,450.5,340.87,22555.75,0,0,65
2026-10-05,IDO,2031-06-24,15000.0,PE,47.5,16.15,22555.75,0,0,65
2026-10-05,IDO,2030-12-31,24000.0,PE,1000.0,909.17,22555.75,520,0,65
2026-10-05,IDO,2030-12-31,18000.0,PE,32.3,93.56,22555.75,0,0,65
2026-10-05,IDO,2026-10-06,24050.0,PE,1505.1,1490.63,22555.75,2990,10,65
2026-10-05,IDO,2026-10-13,20250.0,PE,3.25,3.25,22555.75,10660,361,65
2026-10-05,IDO,2026-10-13,21700.0,PE,20.6,20.6,22555.75,1295580,88150,65
2026-10-05,IDO,2026-10-13,21950.0,PE,38.05,38.05,22555.75,215410,21213,65
2026-10-05,IDO,2026-10-13,22250.0,PE,85.1,85.1,22555.75,322530,32503,65
2026-10-05,IDO,2026-10-13,22300.0,PE,96.65,96.65,22555.75,1201005,114787,65
2026-10-05,IDO,2026-10-13,23950.0,PE,1396.6,1365.58,22555.75,390,3,65
2026-10-05,IDO,2029-12-24,31500.0,PE,2240.25,4715.7,22555.75,0,0,65
2026-10-05,IDO,2029-12-24,30000.0,PE,3220.0,3773.34,22555.75,1105,7,65
2026-10-05,IDO,2029-12-24,28500.0,PE,1255.9,2920.23,22555.75,0,0,65
2026-10-05,IDO,2029-12-24,25000.0,PE,1560.1,1352.74,22555.75,2565,30,65
2026-10-05,IDO,2029-12-24,16500.0,PE,10.15,30.46,22555.75,0,0,65
2026-10-05,IDO,2029-06-26,22500.0,PE,224.45,656.77,22555.75,0,0,65
2026-10-05,IDO,2028-12-26,28500.0,PE,1451.15,3502.12,22555.75,0,0,65
2026-10-05,IDO,2028-12-26,25500.0,PE,648.2,1781.22,22555.75,0,0,65
2026-10-05,IDO,2028-06-27,28500.0,PE,1560.85,3868.89,22555.75,0,0,65
2026-10-05,IDO,2028-06-27,25500.0,PE,1034.0,1925.28,22555.75,0,0,65
2026-10-05,IDO,2027-12-28,28500.0,PE,2979.7,4312.68,22555.75,260,0,65
2026-10-05,IDO,2027-12-28,18000.0,PE,132.3,132.3,22555.75,29925,36,65
2026-10-05,IDO,2027-09-28,24000.0,PE,1386.25,1280.61,22555.75,0,0,65
2026-10-05,IDO,2027-06-29,22500.0,PE,579.3,579.3,22555.75,34580,238,65
2026-10-05,IDO,2027-03-30,31500.0,PE,7066.15,8120.1,22555.75,0,0,65
2026-10-05,IDO,2026-12-29,23350.0,PE,639.3,864.38,22555.75,910,0,65
2026-10-05,IDO,2026-12-29,21900.0,PE,242.3,242.3,22555.75,33735,489,65
2026-10-05,IDO,2026-12-29,21250.0,PE,139.05,89.77,22555.75,5395,97,65
2026-10-05,IDO,2026-10-13,24650.0,PE,1036.55,2064.55,22555.75,0,0,65
2026-10-05,IDO,2026-10-13,25050.0,PE,1363.6,2464.07,22555.75,0,0,65
2026-10-05,IDO,2026-10-13,25200.0,PE,2590.0,2613.89,22555.75,65,1,65
2026-10-05,IDO,2026-10-13,25250.0,PE,1538.35,2663.83,22555.75,0,0,65
2026-10-05,IDO,2026-10-13,25300.0,PE,1583.0,2713.77,22555.75,0,0,65
2026-10-05,IDO,2026-10-19,22450.0,PE,187.8,187.8,22555.75,28405,2459,65
2026-10-05,IDO,2026-10-19,23450.0,PE,894.6,866.01,22555.75,3120,11,65
2026-10-05,IDO,2026-12-29,20350.0,PE,41.95,19.1,22555.75,0,0,65
2026-10-05,IDO,2026-11-23,25600.0,PE,2600.0,2858.63,22555.75,195,0,65
2026-10-05,IDO,2026-11-23,25400.0,PE,2300.0,2661.76,22555.75,325,0,65
2026-10-05,IDO,2026-11-23,25000.0,PE,2252.25,2252.25,22555.75,299585,197,65
2026-10-05,IDO,2026-11-23,24300.0,PE,1600.0,1608.9,22555.75,13325,32,65
2026-10-05,IDO,2026-11-23,24200.0,PE,1536.0,1518.24,22555.75,10270,27,65
2026-10-05,IDO,2026-11-23,24100.0,PE,1439.3,1428.98,22555.75,10205,7,65
2026-10-05,IDO,2026-11-23,23950.0,PE,1298.4,1298.11,22555.75,1040,4,65
2026-10-05,IDO,2026-11-23,23850.0,PE,1038.55,1213.13,22555.75,2080,0,65
2026-10-05,IDO,2026-11-23,22700.0,PE,426.35,426.35,22555.75,109850,1879,65
2026-10-05,IDO,2026-11-23,22500.0,PE,344.6,344.6,22555.75,1299415,18606,65
2026-10-05,IDO,2026-11-23,22400.0,PE,308.85,308.85,22555.75,112385,1980,65
2026-10-05,IDO,2026-11-23,21900.0,PE,182.2,182.2,22555.75,77545,987,65
2026-10-05,IDO,2026-11-23,21800.0,PE,159.95,159.95,22555.75,114725,1725,65
2026-10-05,IDO,2026-11-23,21550.0,PE,126.1,126.1,22555.75,4485,90,65
2026-10-05,IDO,2026-10-19,24300.0,PE,1400.0,1693.53,22555.75,975,0,65
2026-10-05,IDO,2026-10-19,24400.0,PE,1450.0,1793.11,22555.75,650,0,65
2026-10-05,IDO,2026-10-19,24700.0,PE,1505.1,2092.25,22555.75,0,0,65
2026-10-05,IDO,2026-10-19,25050.0,PE,1825.8,2441.47,22555.75,0,0,65
2026-10-05,IDO,2026-10-27,20400.0,PE,14.05,14.05,22555.75,33865,2582,65
2026-10-05,IDO,2026-10-27,21350.0,PE,42.15,42.15,22555.75,296725,1523,65
2026-10-05,IDO,2026-10-27,21800.0,PE,84.65,84.65,22555.75,764530,19011,65
2026-10-05,IDO,2026-10-27,22000.0,PE,116.7,116.7,22555.75,4600310,80672,65
2026-10-05,IDO,2026-11-23,21400.0,PE,105.95,105.95,22555.75,76700,1437,65
2026-10-05,IDO,2026-11-23,20350.0,PE,4.85,4.16,22555.75,0,0,65
2026-10-05,IDO,2026-11-03,25200.0,PE,1756.2,2534.95,22555.75,0,0,65
2026-10-05,IDO,2026-10-27,22550.0,PE,276.2,276.2,22555.75,135525,11136,65
2026-10-05,IDO,2026-10-27,22700.0,PE,341.3,341.3,22555.75,1589445,37168,65
2026-10-05,IDO,2026-10-27,22750.0,PE,366.85,366.85,22555.75,262210,6185,65
2026-10-05,IDO,2026-10-27,22900.0,PE,449.6,449.6,22555.75,707655,8433,65
2026-10-05,IDO,2026-10-27,24000.0,PE,1374.85,1374.85,22555.75,2748785,5391,65
2026-10-05,IDO,2026-10-27,24300.0,PE,1653.15,1653.15,22555.75,229385,148,65
2026-10-05,IDO,2026-10-27,25650.0,PE,3005.0,3009.37,22555.75,325,4,65
2026-10-05,IDO,2026-10-27,25850.0,PE,3040.7,3208.7,22555.75,65,0,65
2026-10-05,IDO,2026-10-27,26400.0,PE,3550.0,3756.88,22555.75,195,0,65
2026-10-05,IDO,2026-10-27,20150.0,PE,9.45,9.45,22555.75,1625,67,65
2026-10-05,IDO,2026-10-19,24900.0,PE,1686.55,2291.79,22555.75,0,0,65
2026-10-05,IDO,2026-10-19,24200.0,PE,1460.0,1594.07,22555.75,390,0,65
2026-10-05,IDO,2026-10-19,22550.0,PE,226.35,226.35,22555.75,25480,2736,65
2026-10-05,IDO,2026-10-19,22400.0,PE,173.3,173.3,22555.75,150215,8784,65
2026-10-05,IDO,2026-10-19,21850.0,PE,59.35,59.35,22555.75,16185,887,65
2026-10-05,IDO,2026-10-19,21600.0,PE,36.8,36.8,22555.75,53235,2344,65
2026-10-05,IDO,2026-10-19,20400.0,PE,1.15,0.01,22555.75,0,0,65
2026-10-05,IDO,2030-06-25,28500.0,CE,5382.85,2013.11,22555.75,0,0,65
2026-10-05,IDO,2026-10-06,20800.0,CE,3376.3,1758.88,22555.75,0,0,65
2026-10-05,IDO,2030-12-31,33000.0,CE,3948.25,1228.35,22555.75,0,0,65
2026-10-05,IDO,2026-10-06,21800.0,PE,1.7,1.7,22555.75,6673030,2649884,65
2026-10-05,IDO,2026-10-06,22850.0,PE,303.95,303.95,22555.75,228345,54743,65
2026-10-05,IDO,2026-10-06,23800.0,PE,1245.15,1245.15,22555.75,76115,1127,65
2026-10-05,IDO,2026-10-06,24300.0,PE,1756.7,1756.7,22555.75,30680,650,65
2026-10-05,IDO,2026-10-06,24850.0,PE,2480.0,2290.51,22555.75,325,0,65
2026-10-05,IDO,2026-10-06,24900.0,PE,2440.0,2340.5,22555.75,130,0,65
2026-10-05,IDO,2026-10-06,24950.0,PE,1475.85,2390.49,22555.75,65,0,65
2026-10-05,IDO,2026-10-06,25000.0,PE,2449.5,2449.5,22555.75,47515,1051,65
2026-10-05,IDO,2026-10-13,20300.0,PE,3.4,3.4,22555.75,91715,3893,65
2026-10-05,IDO,2026-10-13,20550.0,PE,4.0,4.0,22555.75,42445,1029,65
2026-10-05,IDO,2026-10-13,20700.0,PE,4.4,4.4,22555.75,238225,15028,65
2026-10-05,IDO,2026-10-27,25550.0,CE,3.35,0.02,22555.75,1365,0,65
2026-10-05,IDO,2026-10-27,24050.0,CE,14.75,14.75,22555.75,218920,1225,65
2026-10-05,IDO,2026-10-27,22300.0,CE,511.25,511.25,22555.75,876655,54306,65
2026-10-05,IDO,2026-10-27,22150.0,CE,618.3,618.3,22555.75,15730,141,65
2026-10-05,IDO,2026-10-27,21550.0,CE,997.3,1097.98,22555.75,65,0,65
2026-10-05,IDO,2026-10-27,20850.0,CE,3471.7,1776.1,22555.75,0,0,65
2026-10-05,IDO,2026-10-27,20450.0,CE,3854.95,2173.61,22555.75,0,0,65
2026-10-05,IDO,2026-10-19,25050.0,CE,1.65,0.01,22555.75,455,16,65
2026-10-05,IDO,2026-10-19,24950.0,CE,2.0,0.01,22555.75,455,53,65
2026-10-05,IDO,2026-11-23,20750.0,CE,3902.65,1970.96,22555.75,0,0,65
2026-10-05,IDO,2026-11-23,21100.0,CE,3565.5,1640.26,22555.75,0,0,65
2026-10-05,IDO,2026-11-23,21350.0,CE,3327.35,1413.08,22555.75,0,0,65
2026-10-05,IDO,2026-11-23,21600.0,CE,3092.25,1196.73,22555.75,0,0,65
2026-10-05,IDO,2026-11-23,21800.0,CE,1126.9,1033.6,22555.75,455,1,65
2026-10-05,IDO,2026-11-23,22050.0,CE,758.55,844.75,22555.75,130,0,65
2026-10-05,IDO,2026-11-23,22550.0,CE,534.8,534.8,22555.75,7995,277,65
2026-10-05,IDO,2026-11-23,23800.0,CE,94.75,94.75,22555.75,319670,2743,65
2026-10-05,IDO,2026-11-23,24800.0,CE,25.6,25.6,22555.75,66105,1100,65
2026-10-05,IDO,2026-11-23,25000.0,CE,21.2,21.2,22555.75,1136330,8823,65
2026-10-05,IDO,2026-11-23,25400.0,CE,16.15,4.36,22555.75,780,0,65
2026-10-05,IDO,2026-11-23,26000.0,CE,7.9,7.9,22555.75,472615,2204,65
2026-10-05,IDO,2026-12-29,20500.0,CE,2568.65,2342.11,22555.75,0,0,65
2026-10-05,IDO,2026-12-29,21350.0,CE,1457.1,1581.45,22555.75,845,0,65
2026-10-05,IDO,2026-12-29,21900.0,CE,1131.9,1150.18,22555.75,2015,1,65
2026-10-05,IDO,2026-10-13,20750.0,PE,4.45,4.45,22555.75,35685,2405,65
2026-10-05,IDO,2026-10-13,20800.0,PE,4.7,4.7,22555.75,281580,18532,65
2026-10-05,IDO,2026-10-13,21800.0,PE,25.8,25.8,22555.75,1784445,104724,65
2026-10-05,IDO,2026-10-13,22450.0,PE,143.45,143.45,22555.75,407680,71287,65
2026-10-05,IDO,2026-10-13,22750.0,PE,289.55,289.55,22555.75,197405,18015,65
2026-10-05,IDO,2026-10-13,23050.0,PE,515.5,515.5,22555.75,36920,1042,65
2026-10-05,IDO,2026-10-13,23850.0,PE,1241.0,1265.89,22555.75,2015,11,65
2026-10-05,IDO,2026-12-29,22850.0,CE,556.55,556.55,22555.75,6435,54,65
2026-10-05,IDO,2026-10-19,24900.0,CE,1.8,1.8,22555.75,1885,130,65
2026-10-05,IDO,2026-10-19,24250.0,CE,121.35,0.63,22555.75,0,0,65
2026-10-05,IDO,2026-10-19,23700.0,CE,12.45,12.45,22555.75,148785,4483,65
2026-10-05,IDO,2026-10-19,22750.0,CE,177.25,177.25,22555.75,42055,1840,65
2026-10-05,IDO,2026-10-19,22650.0,CE,224.2,224.2,22555.75,24895,1670,65
2026-10-05,IDO,2026-10-13,24700.0,PE,2140.0,2114.49,22555.75,1105,17,65
2026-10-05,IDO,2026-10-19,22100.0,CE,606.2,606.2,22555.75,455,10,65
2026-10-05,IDO,2026-10-19,21700.0,CE,755.0,915.81,22555.75,130,0,65
2026-10-05,IDO,2031-06-24,31500.0,PE,3185.85,3643.77,22555.75,0,0,65
2026-10-05,IDO,2029-06-26,33000.0,PE,3022.85,6265.52,22555.75,0,0,65
2026-10-05,IDO,2028-12-26,16500.0,PE,5.9,17.62,22555.75,0,0,65
2026-10-05,IDO,2028-06-27,22500.0,PE,206.95,673.76,22555.75,0,0,65
2026-10-05,IDO,2028-06-27,16500.0,PE,3.8,10.5,22555.75,0,0,65
2026-10-05,IDO,2027-09-28,21000.0,PE,357.75,252.45,22555.75,0,0,65
2026-10-05,IDO,2027-09-28,15000.0,PE,1.15,0.13,22555.75,0,0,65
2026-10-05,IDO,2026-10-27,25600.0,CE,2.75,2.75,22555.75,46475,242,65
2026-10-05,IDO,2026-10-27,26250.0,CE,2.45,0.01,22555.75,2015,0,65
2026-10-05,IDO,2026-11-03,21400.0,CE,2094.4,1271.84,22555.75,0,0,65
2026-10-05,IDO,2026-10-19,21600.0,CE,1667.5,1010.6,22555.75,0,0,65
2026-10-05,IDO,2026-10-19,20250.0,CE,2979.9,2348.43,22555.75,0,0,65
2026-10-05,IDO,2026-10-13,25200.0,CE,0.85,0.85,22555.75,45305,721,65
2026-10-05,IDO,2026-10-13,24700.0,CE,0.9,0.9,22555.75,295360,4189,65
2026-10-05,IDO,2026-10-13,24600.0,CE,1.05,1.05,22555.75,481195,6544,65
2026-10-05,IDO,2026-12-29,23100.0,CE,430.2,430.2,22555.75,17550,257,65
2026-10-05,IDO,2026-12-29,24400.0,CE,96.9,96.9,22555.75,49790,1626,65
2026-10-05,IDO,2027-09-28,27000.0,CE,529.1,284.26,22555.75,0,0,65
2026-10-05,IDO,2026-11-03,21700.0,CE,1813.4,1001.53,22555.75,0,0,65
2026-10-05,IDO,2026-11-03,22300.0,CE,568.95,568.95,22555.75,1820,77,65
2026-10-05,IDO,2026-11-03,24650.0,CE,15.5,3.65,22555.75,2470,0,65
2026-10-05,IDO,2026-11-03,25050.0,CE,11.35,0.98,22555.75,1885,0,65
2026-10-05,IDO,2027-12-28,25500.0,CE,2400.0,816.26,22555.75,0,0,65
2026-10-05,IDO,2027-12-28,27000.0,CE,339.0,339.0,22555.75,233950,410,65
2026-10-05,IDO,2027-12-28,28500.0,CE,205.25,205.25,22555.75,65780,241,65
2026-10-05,IDO,2028-06-27,27000.0,CE,1935.0,828.47,22555.75,65,0,65
2026-10-05,IDO,2028-12-26,28500.0,CE,3608.65,843.92,22555.75,0,0,65
2026-10-05,IDO,2029-06-26,16500.0,CE,12587.95,8377.55,22555.75,0,0,65
2026-10-05,IDO,2026-10-13,24350.0,CE,1.05,1.05,22555.75,45435,2697,65
2026-10-05,IDO,2026-10-13,24050.0,CE,1.75,1.75,22555.75,139100,3544,65
2026-10-05,IDO,2026-10-13,23950.0,CE,2.15,2.15,22555.75,133575,4133,65
2026-10-05,IDO,2026-10-13,23600.0,CE,5.05,5.05,22555.75,1009450,43815,65
2026-10-05,IDO,2026-10-13,24950.0,PE,1278.75,2364.19,22555.75,0,0,65
2026-10-05,IDO,2026-10-13,21300.0,CE,1191.35,1281.59,22555.75,65,0,65
2026-10-05,IDO,2026-10-13,20550.0,CE,3200.0,2030.51,22555.75,0,0,65
2026-10-05,IDO,2026-10-13,20200.0,CE,3547.7,2380.09,22555.75,0,0,65
2026-10-05,IDO,2027-06-29,30000.0,PE,6000.0,6277.09,22555.75,455,0,65
2026-10-05,IDO,2027-06-29,27000.0,PE,2325.1,3524.04,22555.75,195,0,65
2026-10-05,IDO,2027-03-30,24000.0,PE,1160.3,1160.3,22555.75,843245,1899,65
2026-10-05,IDO,2026-12-29,29000.0,PE,6054.9,6075.22,22555.75,314160,41,65
2026-10-05,IDO,2026-12-29,24350.0,PE,1261.6,1609.64,22555.75,390,0,65
2026-10-05,IDO,2026-12-29,24150.0,PE,1408.6,1445.34,22555.75,1170,9,65
2026-10-05,IDO,2026-12-29,23150.0,PE,707.95,741.98,22555.75,6890,1,65
2026-10-05,IDO,2026-12-29,23100.0,PE,670.0,670.0,22555.75,11440,49,65
2026-10-05,IDO,2026-12-29,22700.0,PE,480.15,480.15,22555.75,27820,405,65
2026-10-05,IDO,2026-12-29,20950.0,PE,110.7,110.7,22555.75,10790,311,65
2026-10-05,IDO,2026-10-06,25300.0,CE,0.2,0.2,22555.75,250380,14077,65
2026-10-05,IDO,2026-10-06,24650.0,CE,0.3,0.3,22555.75,65780,5358,65
2026-10-05,IDO,2026-10-19,20300.0,PE,0.85,0.01,22555.75,0,0,65
2026-10-05,IDO,2026-10-06,24500.0,CE,0.3,0.3,22555.75,1858805,141340,65
2026-10-05,IDO,2026-10-06,24150.0,CE,0.35,0.35,22555.75,360490,20411,65
2026-10-05,IDO,2026-10-06,23450.0,CE,0.85,0.85,22555.75,1212315,309950,65
2026-10-05,IDO,2026-10-06,21400.0,CE,1149.55,1158.97,22555.75,1495,10,65
2026-10-05,IDO,2026-10-06,20850.0,CE,3326.65,1708.89,22555.75,0,0,65
2026-10-05,IDO,2030-06-25,21000.0,CE,10421.65,5802.22,22555.75,0,0,65
2026-10-05,IDO,2026-11-23,25950.0,PE,1562.8,3204.47,22555.75,0,0,65
2026-10-05,IDO,2026-11-23,25700.0,PE,2700.0,2957.3,22555.75,1235,0,65
2026-10-05,IDO,2026-11-23,25500.0,PE,2720.75,2720.75,22555.75,283270,549,65
2026-10-05,IDO,2026-11-23,25450.0,PE,1217.0,2710.9,22555.75,0,0,65
2026-10-05,IDO,2026-11-23,25150.0,PE,1030.25,2416.96,22555.75,0,0,65
2026-10-05,IDO,2026-11-23,23700.0,PE,1070.65,1070.65,22555.75,31980,158,65
2026-10-05,IDO,2026-11-23,23550.0,PE,945.15,945.15,22555.75,16055,17,65
2026-10-05,IDO,2026-11-23,21700.0,PE,144.6,144.6,22555.75,112710,1582,65
2026-10-05,IDO,2026-11-23,21500.0,PE,118.6,118.6,22555.75,755430,7953,65
2026-10-05,IDO,2026-11-23,20400.0,PE,5.3,4.82,22555.75,0,0,65
2026-10-05,IDO,2026-11-03,23950.0,PE,763.55,1316.01,22555.75,0,0,65
2026-10-05,IDO,2026-11-03,23350.0,PE,592.95,793.85,22555.75,325,0,65
2026-10-05,IDO,2026-11-03,21950.0,PE,128.85,128.85,22555.75,2795,26,65
2026-10-05,IDO,2026-11-03,21150.0,PE,11.1,10.58,22555.75,0,0,65
2026-10-05,IDO,2026-10-27,27100.0,PE,5006.45,4454.56,22555.75,260,0,65
2026-10-05,IDO,2026-10-27,25800.0,PE,3175.0,3158.87,22555.75,11960,0,65
2026-10-05,IDO,2026-10-27,24750.0,PE,1810.0,2113.03,22555.75,715,0,65
2026-10-05,IDO,2026-10-27,24100.0,PE,1474.3,1474.3,22555.75,218660,150,65
2026-10-05,IDO,2026-10-27,23750.0,PE,1140.0,1138.62,22555.75,13650,1,65
2026-10-05,IDO,2026-10-27,23200.0,PE,654.2,654.2,22555.75,1954290,9368,65
2026-10-05,IDO,2026-10-27,22100.0,PE,136.9,136.9,22555.75,500240,15067,65
2026-10-05,IDO,2026-10-06,22750.0,CE,16.85,16.85,22555.75,6154070,4037622,65
2026-10-05,IDO,2026-10-06,23000.0,CE,3.1,3.1,22555.75,14663025,2736232,65
2026-10-05,IDO,2026-10-06,23050.0,CE,2.35,2.35,22555.75,4538755,1249793,65
2026-10-05,IDO,2026-10-06,23300.0,CE,1.1,1.1,22555.75,6657170,1223215,65
2026-10-05,IDO,2026-10-06,23500.0,CE,0.85,0.85,22555.75,13355550,1412013,65
2026-10-05,IDO,2026-10-06,24100.0,CE,0.35,0.35,22555.75,1501110,103756,65
2026-10-05,IDO,2026-10-06,24300.0,CE,0.3,0.3,22555.75,1702090,184956,65
2026-10-05,IDO,2026-10-06,24400.0,CE,0.3,0.3,22555.75,732615,57325,65
2026-10-05,IDO,2026-10-06,24900.0,CE,0.3,0.3,22555.75,218985,10314,65
2026-10-05,IDO,2026-10-06,25050.0,CE,0.3,0.3,22555.75,46995,1532,65
2026-10-05,IDO,2026-10-13,21000.0,CE,1562.7,1562.7,22555.75,4550,112,65
2026-10-05,IDO,2026-10-13,22750.0,CE,111.35,111.35,22555.75,461500,47870,65
2026-10-05,IDO,2026-10-13,23700.0,CE,4.0,4.0,22555.75,843895,45031,65
2026-10-05,IDO,2026-10-13,24400.0,CE,1.0,1.0,22555.75,657345,23190,65
2026-10-05,IDO,2026-10-13,25250.0,CE,0.8,0.01,22555.75,1430,10,65
2026-10-05,IDO,2026-10-13,25300.0,CE,0.8,0.8,22555.75,48100,413,65
2026-10-05,IDO,2026-10-19,20050.0,CE,3178.5,2548.0,22555.75,0,0,65
2026-10-05,IDO,2026-10-19,20200.0,CE,3029.55,2398.32,22555.75,0,0,65
2026-10-05,IDO,2026-10-19,20300.0,CE,2930.35,2298.53,22555.75,0,0,65
2026-10-05,IDO,2026-10-19,20350.0,CE,2880.75,2248.64,22555.75,0,0,65
2026-10-05,IDO,2026-10-19,21650.0,CE,913.55,962.98,22555.75,130,0,65
2026-10-05,IDO,2026-10-19,22150.0,CE,550.9,524.7,22555.75,2015,54,65
2026-10-05,IDO,2026-10-19,22350.0,CE,405.8,405.8,22555.75,9945,145,65
2026-10-05,IDO,2026-10-19,22550.0,CE,278.95,278.95,22555.75,27885,1874,65
2026-10-05,IDO,2026-10-19,22700.0,CE,198.3,198.3,22555.75,141765,6604,65
2026-10-05,IDO,2026-10-19,24200.0,CE,4.65,4.65,22555.75,20670,472,65
2026-10-05,IDO,2026-10-27,20200.0,CE,4096.9,2422.64,22555.75,0,0,65
2026-10-05,IDO,2026-10-27,23000.0,CE,146.7,146.7,22555.75,5302375,148089,65
2026-10-05,IDO,2026-10-27,24150.0,CE,12.55,12.55,22555.75,101465,1225,65
2026-10-05,IDO,2026-10-27,24350.0,CE,9.75,9.75,22555.75,68835,937,65
2026-10-05,IDO,2026-10-27,25100.0,CE,4.35,4.35,22555.75,85020,169,65
2026-10-05,IDO,2026-10-27,25400.0,CE,3.15,3.15,22555.75,95420,376,65
2026-10-05,IDO,2026-10-27,25500.0,CE,2.85,2.85,22555.75,938210,3084,65
2026-10-05,IDO,2026-10-27,26050.0,CE,1.8,0.01,22555.75,7085,54,65
2026-10-05,IDO,2026-10-27,26100.0,CE,1.35,1.35,22555.75,10335,15,65
2026-10-05,IDO,2026-10-27,26450.0,CE,1.0,0.01,22555.75,520,0,65
2026-10-05,IDO,2026-10-27,26700.0,CE,0.75,0.01,22555.75,715,0,65
2026-10-05,IDO,2026-10-27,26900.0,CE,0.8,0.01,22555.75,31980,0,65
2026-10-05,IDO,2026-10-27,26950.0,CE,1.9,0.01,22555.75,910,2,65
2026-10-05,IDO,2026-11-03,21800.0,CE,1721.95,916.14,22555.75,0,0,65
2026-10-05,IDO,2026-11-03,22150.0,CE,536.65,642.51,22555.75,130,0,65
2026-10-05,IDO,2026-11-03,22550.0,CE,406.55,406.55,22555.75,3705,75,65
2026-10-05,IDO,2026-11-03,22600.0,CE,379.55,379.55,22555.75,69160,775,65
2026-10-05,IDO,2026-11-03,23550.0,CE,67.7,67.7,22555.75,3965,68,65
2026-10-05,IDO,2026-11-03,24100.0,CE,21.45,21.45,22555.75,3250,65,65
2026-10-05,IDO,2026-11-03,24600.0,CE,12.35,12.35,22555.75,20995,57,65
2026-10-05,IDO,2026-11-23,20250.0,CE,4389.4,2457.8,22555.75,0,0,65
2026-10-05,IDO,2026-11-23,22100.0,CE,854.55,809.22,22555.75,5265,51,65
2026-10-05,IDO,2026-11-23,22500.0,CE,564.6,564.6,22555.75,397020,6351,65
2026-10-05,IDO,2026-11-23,23000.0,CE,308.85,308.85,22555.75,1039870,13030,65
2026-10-05,IDO,2026-11-23,23100.0,CE,271.5,271.5,22555.75,273000,1986,65
2026-10-05,IDO,2026-11-23,24250.0,CE,49.35,49.35,22555.75,14365,183,65
2026-10-05,IDO,2026-11-23,25050.0,CE,24.0,9.63,22555.75,780,0,65
2026-10-05,IDO,2026-11-23,25100.0,CE,19.2,19.2,22555.75,39520,114,65
2026-10-05,IDO,2026-11-23,25200.0,CE,18.5,18.5,22555.75,8320,38,65
2026-10-05,IDO,2026-11-23,25600.0,CE,11.0,2.7,22555.75,910,13,65
2026-10-05,IDO,2026-12-29,19500.0,CE,7586.85,3306.82,22555.75,0,0,65
2026-10-05,IDO,2026-12-29,21300.0,CE,1500.55,1623.5,22555.75,195,0,65
2026-10-05,IDO,2026-12-29,22450.0,CE,820.7,788.01,22555.75,3315,8,65
2026-10-05,IDO,2026-12-29,23500.0,CE,278.3,278.3,22555.75,454285,6880,65
2026-10-05,IDO,2026-12-29,23750.0,CE,206.8,206.8,22555.75,11635,249,65
2026-10-05,IDO,2026-12-29,23850.0,CE,186.1,186.1,22555.75,13260,230,65
2026-10-05,IDO,2026-12-29,25500.0,CE,33.95,33.95,22555.75,1052480,6077,65
2026-10-05,IDO,2026-12-29,27000.0,CE,12.2,12.2,22555.75,1871475,3280,65
2026-10-05,IDO,2026-12-29,34500.0,CE,1.65,0.01,22555.75,1365,10,65
2026-10-05,IDO,2027-03-30,33000.0,CE,10.55,10.55,22555.75,12220,60,65
2026-10-05,IDO,2029-12-24,22500.0,CE,8486.15,4346.12,22555.75,0,0,65
2026-10-05,IDO,2030-12-31,15000.0,CE,14862.95,10690.7,22555.75,0,0,65
2026-10-05,IDO,2031-06-24,16500.0,CE,11849.25,9871.5,22555.75,0,0,65
2026-10-05,IDO,2031-06-24,31500.0,CE,3928.35,1902.41,22555.75,0,0,65
2026-10-05,IDO,2026-10-06,20550.0,PE,0.35,0.35,22555.75,131365,26733,65
2026-10-05,IDO,2026-10-06,20800.0,PE,0.35,0.35,22555.75,987545,176414,65
2026-10-05,IDO,2026-10-06,20850.0,PE,0.45,0.45,22555.75,140855,18565,65
2026-10-05,IDO,2026-10-06,21200.0,PE,0.7,0.7,22555.75,1498575,405224,65
2026-10-05,IDO,2026-10-06,21600.0,PE,1.2,1.2,22555.75,4019080,1630935,65
2026-10-05,IDO,2026-10-06,22750.0,PE,213.85,213.85,22555.75,709930,343387,65
2026-10-05,IDO,2026-10-06,23450.0,PE,894.7,894.7,22555.75,46800,1289,65
2026-10-05,IDO,2026-10-06,24250.0,PE,1680.0,1690.6,22555.75,2730,51,65
2026-10-05,IDO,2026-10-06,24450.0,PE,1849.9,1890.57,22555.75,975,5,65
2026-10-05,IDO,2026-10-13,20650.0,PE,4.2,4.2,22555.75,22100,1595,65
2026-10-05,IDO,2026-10-13,21150.0,PE,7.1,7.1,22555.75,143780,8523,65
2026-10-05,IDO,2026-10-13,22850.0,PE,360.6,360.6,22555.75,211900,3840,65
2026-10-05,IDO,2026-10-13,23000.0,PE,466.6,466.6,22555.75,977015,33501,65
2026-10-05,IDO,2026-10-13,23400.0,PE,842.9,842.9,22555.75,120315,2599,65
2026-10-05,IDO,2026-10-19,20650.0,PE,2.6,0.04,22555.75,0,0,65
2026-10-05,IDO,2026-10-19,20900.0,PE,12.45,12.45,22555.75,260,3,65
2026-10-05,IDO,2026-10-19,21200.0,PE,18.8,18.8,22555.75,33475,1565,65
2026-10-05,IDO,2026-10-19,21400.0,PE,26.1,26.1,22555.75,31980,1865,65
2026-10-05,IDO,2026-10-19,21800.0,PE,54.4,54.4,22555.75,84045,4078,65
2026-10-05,IDO,2026-10-19,22650.0,PE,268.85,268.85,22555.75,17030,1269,65
2026-10-05,IDO,2026-10-19,23000.0,PE,490.25,490.25,22555.75,94185,2040,65
2026-10-05,IDO,2026-10-19,23700.0,PE,900.0,1102.39,22555.75,1885,0,65
2026-10-05,IDO,2026-10-19,23900.0,PE,777.4,1297.31,22555.75,0,0,65
2026-10-05,IDO,2026-10-19,24650.0,PE,1460.6,2042.37,22555.75,0,0,65
2026-10-05,IDO,2026-10-27,21100.0,PE,30.6,30.6,22555.75,85670,2879,65
2026-10-05,IDO,2026-10-27,21900.0,PE,99.45,99.45,22555.75,660335,15287,65
2026-10-05,IDO,2026-10-27,23350.0,PE,785.15,785.15,22555.75,29055,106,65
2026-10-05,IDO,2026-10-27,25250.0,PE,2249.0,2610.76,22555.75,260,0,65
2026-10-05,IDO,2026-10-27,26100.0,PE,3200.0,3457.87,22555.75,195,0,65
2026-10-05,IDO,2026-10-27,26750.0,PE,2501.2,4105.72,22555.75,0,0,65
2026-10-05,IDO,2026-10-27,26900.0,PE,3583.15,4255.22,22555.75,1430,0,65
2026-10-05,IDO,2026-10-27,26950.0,PE,2675.85,4305.06,22555.75,0,0,65
2026-10-05,IDO,2026-11-03,20150.0,PE,0.7,0.19,22555.75,0,0,65
2026-10-05,IDO,2026-11-03,20250.0,PE,0.95,0.3,22555.75,0,0,65
2026-10-05,IDO,2026-11-03,20350.0,PE,1.3,0.48,22555.75,0,0,65
2026-10-05,IDO,2026-11-03,21300.0,PE,15.7,16.94,22555.75,0,0,65
2026-10-05,IDO,2026-11-03,21550.0,PE,81.6,81.6,22555.75,975,18,65
2026-10-05,IDO,2026-11-03,21900.0,PE,125.6,125.6,22555.75,5980,136,65
2026-10-05,IDO,2026-11-03,22350.0,PE,228.5,228.5,22555.75,3705,242,65
2026-10-05,IDO,2026-11-03,22800.0,PE,425.55,425.55,22555.75,6565,54,65
2026-10-05,IDO,2026-11-03,23600.0,PE,555.1,1001.22,22555.75,0,0,65
2026-10-05,IDO,2026-11-03,23650.0,PE,463.5,1044.67,22555.75,195,0,65
2026-10-05,IDO,2026-11-03,24000.0,PE,788.3,1362.67,22555.75,65,0,65
2026-10-05,IDO,2026-11-03,24050.0,PE,829.7,1409.67,22555.75,0,0,65
2026-10-05,IDO,2026-11-03,24200.0,PE,1659.45,1552.33,22555.75,65,0,65
2026-10-05,IDO,2026-11-03,24500.0,PE,1160.15,1843.19,22555.75,0,0,65
2026-10-05,IDO,2026-11-03,25150.0,PE,1711.15,2485.28,22555.75,0,0,65
2026-10-05,IDO,2026-11-23,20250.0,PE,4.0,3.08,22555.75,0,0,65
2026-10-05,IDO,2026-11-23,20450.0,PE,5.8,5.57,22555.75,0,0,65
2026-10-05,IDO,2026-11-23,20650.0,PE,42.0,9.67,22555.75,1820,4,65
2026-10-05,IDO,2026-11-23,21150.0,PE,96.45,32.77,22555.75,1105,21,65
2026-10-05,IDO,2026-11-23,21450.0,PE,111.55,111.55,22555.75,2535,49,65
2026-10-05,IDO,2026-11-23,21750.0,PE,152.45,152.45,22555.75,5915,56,65
2026-10-05,IDO,2026-11-23,21950.0,PE,194.75,194.75,22555.75,7020,115,65
2026-10-05,IDO,2026-11-23,22200.0,PE,247.45,247.45,22555.75,572975,13146,65
2026-10-05,IDO,2026-11-23,23300.0,PE,774.05,774.05,22555.75,53170,357,65
2026-10-05,IDO,2026-11-23,23400.0,PE,832.55,832.55,22555.75,89635,193,65
2026-10-05,IDO,2026-11-23,23800.0,PE,1155.0,1171.39,22555.75,59020,61,65
2026-10-05,IDO,2026-11-23,24050.0,PE,1132.55,1384.93,22555.75,1040,0,65
2026-10-05,IDO,2026-11-23,24600.0,PE,2050.0,1887.82,22555.75,3575,0,65
2026-10-05,IDO,2026-11-23,24750.0,PE,2024.7,2030.34,22555.75,65,1,65
2026-10-05,IDO,2026-11-23,25900.0,PE,3176.5,3154.99,22555.75,65,0,65
2026-10-05,IDO,2026-11-23,26100.0,PE,1675.5,3353.0,22555.75,0,0,65
2026-10-05,IDO,2026-12-29,12000.0,PE,2.7,2.7,22555.75,23025,70,65
2026-10-05,IDO,2026-12-29,20050.0,PE,26.5,10.33,22555.75,0,0,65
2026-10-05,IDO,2026-12-29,21550.0,PE,181.55,181.55,22555.75,7670,156,65
2026-10-05,IDO,2026-12-29,21800.0,PE,220.7,220.7,22555.75,71565,514,65
2026-10-05,IDO,2026-12-29,23250.0,PE,848.9,801.92,22555.75,2210,0,65
2026-10-05,IDO,2026-12-29,23450.0,PE,865.0,929.3,22555.75,1040,2,65
2026-10-05,IDO,2026-12-29,23650.0,PE,958.15,1066.19,22555.75,2080,6,65
2026-10-05,IDO,2026-12-29,23700.0,PE,1040.0,1101.83,22555.75,3510,21,65
2026-10-05,IDO,2027-03-30,15000.0,PE,22.95,22.95,22555.75,10400,26,65
2026-10-05,IDO,2027-06-29,18000.0,PE,70.0,7.23,22555.75,230,0,65
2026-10-05,IDO,2027-06-29,28500.0,PE,1807.05,4871.05,22555.75,0,0,65
2026-10-05,IDO,2027-09-28,19500.0,PE,134.1,75.27,22555.75,65,1,65
2026-10-05,IDO,2027-12-28,20000.0,PE,292.75,292.75,22555.75,108190,255,65
2026-10-05,IDO,2028-06-27,22000.0,PE,630.0,539.15,22555.75,2210,0,65
2026-10-05,IDO,2028-12-26,30000.0,PE,3500.0,4544.17,22555.75,325,0,65
2026-10-05,IDO,2029-06-26,18000.0,PE,118.45,72.0,22555.75,0,0,65
2026-10-05,IDO,2029-06-26,27000.0,PE,1252.35,2358.23,22555.75,0,0,65
2026-10-05,IDO,2029-12-24,19500.0,PE,61.2,183.91,22555.75,0,0,65
2026-10-05,IDO,2030-06-25,30000.0,PE,2100.85,3454.71,22555.75,0,0,65
2026-10-05,IDO,2030-12-31,22500.0,PE,219.35,585.48,22555.75,0,0,65
2026-10-05,IDO,2026-10-06,22250.0,CE,314.6,314.6,22555.75,342550,85564,65
2026-10-05,IDO,2026-10-06,21300.0,CE,2880.7,1258.96,22555.75,0,0,65
2026-10-05,IDO,2026-10-06,20500.0,CE,3674.35,2058.84,22555.75,0,0,65
2026-10-05,IDO,2026-10-06,20300.0,CE,3873.1,2258.81,22555.75,0,0,65
2026-10-05,IDO,2026-10-06,22600.0,CE,59.0,59.0,22555.75,10647585,11880242,65
2026-10-05,IDO,2030-06-25,22500.0,PE,223.75,612.44,22555.75,0,0,65
2026-10-05,IDO,2029-12-24,15000.0,PE,29.0,9.12,22555.75,65,0,65
2026-10-05,IDO,2028-12-26,31500.0,PE,2673.4,5673.93,22555.75,0,0,65
2026-10-05,IDO,2028-06-27,24000.0,PE,680.05,1203.56,22555.75,65,0,65
2026-10-05,IDO,2027-12-28,23000.0,PE,880.4,880.4,22555.75,280570,391,65
2026-10-05,IDO,2027-12-28,15000.0,PE,21.7,0.43,22555.75,755,0,65
2026-10-05,IDO,2027-09-28,25500.0,PE,2230.25,2189.59,22555.75,0,0,65
2026-10-05,IDO,2027-06-29,24000.0,PE,1133.7,1133.7,22555.75,26975,88,65
2026-10-05,IDO,2027-06-29,19000.0,PE,105.0,27.74,22555.75,1460,0,65
2026-10-05,IDO,2027-03-30,28500.0,PE,2937.15,5208.08,22555.75,65,0,65
2026-10-05,IDO,2026-12-29,24400.0,PE,1600.0,1651.68,22555.75,17680,813,65
2026-10-05,IDO,2026-12-29,23850.0,PE,1157.7,1157.7,22555.75,4095,6,65
2026-10-05,IDO,2026-12-29,23600.0,PE,964.0,964.0,22555.75,3250,1,65
2026-10-05,IDO,2026-12-29,21100.0,PE,121.15,121.15,22555.75,10660,289,65
2026-10-05,IDO,2026-12-29,20500.0,PE,81.9,81.9,22555.75,26325,1522,65
2026-10-05,IDO,2026-12-29,19500.0,PE,46.2,46.2,22555.75,170235,1377,65
2026-10-05,IDO,2026-12-29,14000.0,PE,5.0,5.0,22555.75,12860,55,65
2026-10-05,IDO,2026-11-23,24900.0,PE,1925.0,2174.37,22555.75,1040,0,65
2026-10-05,IDO,2026-11-23,24500.0,PE,1771.95,1771.95,22555.75,211120,162,65
2026-10-05,IDO,2026-11-23,24450.0,PE,1837.0,1747.2,22555.75,390,0,65
2026-10-05,IDO,2026-11-23,22900.0,PE,524.85,524.85,22555.75,48360,235,65
2026-10-05,IDO,2026-11-23,22650.0,PE,403.0,403.0,22555.75,12025,142,65
2026-10-05,IDO,2026-11-23,22100.0,PE,225.1,225.1,22555.75,88400,1165,65
2026-10-05,IDO,2026-11-23,20900.0,PE,63.95,63.95,22555.75,5720,160,65
2026-10-05,IDO,2026-11-23,20800.0,PE,57.65,57.65,22555.75,34190,298,65
2026-10-05,IDO,2026-11-23,20600.0,PE,49.3,49.3,22555.75,2535,92,65
2026-10-05,IDO,2026-11-23,20050.0,PE,2.75,1.64,22555.75,0,0,65
2026-10-05,IDO,2026-11-03,24750.0,PE,1363.45,2088.99,22555.75,0,0,65
2026-10-05,IDO,2026-11-03,24600.0,PE,1240.0,1941.25,22555.75,0,0,65
2026-10-05,IDO,2026-11-03,24400.0,PE,1082.55,1745.6,22555.75,0,0,65
2026-10-05,IDO,2026-11-03,23750.0,PE,639.9,1133.24,22555.75,0,0,65
2026-10-05,IDO,2026-11-03,22950.0,PE,509.15,509.15,22555.75,2665,17,65
2026-10-05,IDO,2026-11-03,22300.0,PE,219.7,219.7,22555.75,8125,178,65
2026-10-05,IDO,2026-11-03,22250.0,PE,201.45,170.1,22555.75,3575,38,65
2026-10-05,IDO,2026-11-03,21850.0,PE,116.7,73.49,22555.75,650,7,65
2026-10-05,IDO,2026-11-03,20700.0,PE,3.55,2.11,22555.75,0,0,65
2026-10-05,IDO,2026-11-03,20550.0,PE,2.35,1.15,22555.75,0,0,65
2026-10-05,IDO,2026-11-03,20400.0,PE,1.5,0.6,22555.75,0,0,65
2026-10-05,IDO,2026-11-03,20300.0,PE,1.15,0.38,22555.75,0,0,65
2026-10-05,IDO,2026-10-27,26800.0,PE,3900.0,4155.55,22555.75,585,0,65
2026-10-05,IDO,2026-10-27,25600.0,PE,2900.0,2959.54,22555.75,9425,3,65
2026-10-05,IDO,2026-10-27,25500.0,PE,2850.7,2850.7,22555.75,849550,709,65
2026-10-05,IDO,2026-10-27,25100.0,PE,2540.0,2461.34,22555.75,43875,5,65
2026-10-05,IDO,2026-10-27,24650.0,PE,2200.0,2013.71,22555.75,2665,0,65
2026-10-05,IDO,2026-10-27,24250.0,PE,1683.6,1618.63,22555.75,11700,44,65
2026-10-05,IDO,2026-10-27,23850.0,PE,1200.7,1232.4,22555.75,10855,9,65
2026-10-05,IDO,2026-10-27,21500.0,PE,53.65,53.65,22555.75,2816515,53384,65
2026-10-05,IDO,2026-10-27,21200.0,PE,35.1,35.1,22555.75,369395,5176,65
2026-10-05,IDO,2026-10-27,21000.0,PE,27.15,27.15,22555.75,1516255,21852,65
2026-10-05,IDO,2026-10-27,20600.0,PE,17.45,17.45,22555.75,255255,4038,65
2026-10-05,IDO,2026-10-27,20450.0,PE,14.15,14.15,22555.75,1040,96,65
2026-10-05,IDO,2026-10-19,25200.0,PE,1967.2,2591.15,22555.75,0,0,65
2026-10-05,IDO,2026-10-19,24850.0,PE,1640.7,2241.9,22555.75,0,0,65
2026-10-05,IDO,2026-10-19,23800.0,PE,1225.0,1199.41,22555.75,260,4,65
2026-10-05,IDO,2026-10-19,23550.0,PE,772.05,959.24,22555.75,3250,0,65
2026-10-05,IDO,2026-10-19,23300.0,PE,729.75,729.75,22555.75,6240,18,65
2026-10-05,IDO,2026-10-19,22050.0,PE,88.7,88.7,22555.75,18330,865,65
2026-10-05,IDO,2026-10-19,21750.0,PE,47.85,47.85,22555.75,25870,826,65
2026-10-05,IDO,2026-10-19,21450.0,PE,29.75,29.75,22555.75,11310,493,65
2026-10-05,IDO,2026-10-19,20100.0,PE,0.45,0.01,22555.75,0,0,65
2026-10-05,IDO,2026-10-13,25400.0,PE,2800.0,2813.65,22555.75,5070,82,65
2026-10-05,IDO,2026-10-13,25000.0,PE,2409.4,2409.4,22555.75,45760,710,65
2026-10-05,IDO,2026-10-13,24550.0,PE,961.3,1964.68,22555.75,0,0,65
2026-10-05,IDO,2026-10-13,23900.0,PE,1329.0,1329.0,22555.75,89115,1361,65
2026-10-05,IDO,2026-10-13,23450.0,PE,876.7,876.7,22555.75,9880,120,65
2026-10-05,IDO,2026-10-13,22900.0,PE,387.75,387.75,22555.75,293085,13370,65
2026-10-05,IDO,2026-10-13,22050.0,PE,49.5,49.5,22555.75,221780,27393,65
2026-10-05,IDO,2026-10-13,21850.0,PE,29.25,29.25,22555.75,311935,27841,65
2026-10-05,IDO,2026-10-13,21500.0,PE,13.85,13.85,22555.75,3328325,130540,65
2026-10-05,IDO,2026-10-13,21400.0,PE,11.1,11.1,22555.75,902330,50428,65
2026-10-05,IDO,2026-10-13,20150.0,PE,3.2,3.2,22555.75,16575,701,65
2026-10-05,IDO,2026-10-13,20050.0,PE,3.1,3.1,22555.75,3384680,87275,65
2026-10-05,IDO,2026-10-06,25600.0,PE,2443.05,3040.39,22555.75,130,0,65
2026-10-05,IDO,2026-10-06,25250.0,PE,2600.0,2690.45,22555.75,650,0,65
2026-10-05,IDO,2026-10-06,23900.0,PE,1354.75,1354.75,22555.75,76960,637,65
2026-10-05,IDO,2026-10-06,23750.0,PE,1203.2,1203.2,22555.75,4030,15,65
2026-10-05,IDO,2026-10-06,23550.0,PE,995.15,995.15,22555.75,47450,528,65
2026-10-05,IDO,2026-10-06,23250.0,PE,694.75,694.75,22555.75,252135,1155,65
2026-10-05,IDO,2026-10-06,22700.0,PE,172.95,172.95,22555.75,2193880,1481080,65
2026-10-05,IDO,2026-10-06,22650.0,PE,135.9,135.9,22555.75,1151605,1820796,65
2026-10-05,IDO,2026-10-06,21950.0,PE,2.85,2.85,22555.75,3301480,1361802,65
2026-10-05,IDO,2026-10-06,21850.0,PE,2.05,2.05,22555.75,3286790,1670310,65
2026-10-05,IDO,2026-10-06,21250.0,PE,0.75,0.75,22555.75,653380,124840,65
2026-10-05,IDO,2026-10-06,21000.0,PE,0.6,0.6,22555.75,3468660,493005,65
2026-10-05,IDO,2026-10-06,20450.0,PE,0.4,0.4,22555.75,42510,13488,65
2026-10-05,IDO,2026-10-06,20350.0,PE,0.4,0.4,22555.75,36790,10609,65
2026-10-05,IDO,2031-06-24,30000.0,CE,4459.9,2336.66,22555.75,0,0,65
2026-10-05,IDO,2030-12-31,28500.0,CE,5968.3,2444.62,22555.75,0,0,65
2026-10-05,IDO,2030-12-31,19500.0,CE,11601.15,7304.18,22555.75,0,0,65
2026-10-05,IDO,2030-06-25,16500.0,CE,13374.05,9146.68,22555.75,0,0,65
2026-10-05,IDO,2027-12-28,25000.0,CE,896.4,896.4,22555.75,269955,909,65
2026-10-05,IDO,2027-12-28,22500.0,CE,2355.0,2355.0,22555.75,2340,30,65
2026-10-05,IDO,2027-06-29,24000.0,CE,726.0,726.0,22555.75,55980,371,65
2026-10-05,IDO,2027-03-30,31500.0,CE,15.1,0.27,22555.75,1040,0,65
2026-10-05,IDO,2026-12-29,26000.0,CE,24.4,24.4,22555.75,4087830,9661,65
2026-10-05,IDO,2026-12-29,24300.0,CE,111.35,111.35,22555.75,12220,320,65
2026-10-05,IDO,2026-12-29,23450.0,CE,294.2,294.2,22555.75,9685,51,65
2026-10-05,IDO,2026-12-29,23050.0,CE,449.3,449.3,22555.75,2730,30,65
2026-10-05,IDO,2026-12-29,22750.0,CE,610.35,610.35,22555.75,5330,104,65
2026-10-05,IDO,2026-12-29,22700.0,CE,632.0,632.0,22555.75,14495,187,65
2026-10-05,IDO,2026-12-29,22150.0,CE,865.35,976.14,22555.75,1105,0,65
2026-10-05,IDO,2026-12-29,21650.0,CE,1362.15,1338.61,22555.75,2275,9,65
2026-10-05,IDO,2026-12-29,21200.0,CE,1955.8,1708.81,22555.75,0,0,65
2026-10-05,IDO,2026-12-29,20900.0,CE,2211.65,1973.41,22555.75,0,0,65
2026-10-05,IDO,2026-12-29,20600.0,CE,2477.9,2248.56,22555.75,0,0,65
2026-10-05,IDO,2026-11-23,25150.0,CE,18.5,7.72,22555.75,1105,9,65
2026-10-05,IDO,2026-11-23,24350.0,CE,42.5,42.5,22555.75,14170,70,65
2026-10-05,IDO,2026-11-23,20850.0,CE,3805.95,1875.32,22555.75,0,0,65
2026-10-05,IDO,2026-11-23,20700.0,CE,3951.1,2019.07,22555.75,0,0,65
2026-10-05,IDO,2026-11-23,20600.0,CE,4048.2,2115.75,22555.75,0,0,65
2026-10-05,IDO,2026-11-23,20450.0,CE,4194.15,2261.75,22555.75,0,0,65
2026-10-05,IDO,2026-11-03,24950.0,CE,10.0,1.38,22555.75,1365,17,65
2026-10-05,IDO,2026-11-03,24350.0,CE,16.5,8.95,22555.75,975,4,65
2026-10-05,IDO,2026-11-03,24250.0,CE,214.4,11.85,22555.75,0,0,65
2026-10-05,IDO,2026-11-03,23350.0,CE,99.85,99.85,22555.75,2600,61,65
2026-10-05,IDO,2026-11-03,22900.0,CE,234.8,234.8,22555.75,5265,170,65
2026-10-05,IDO,2026-11-03,20650.0,CE,2822.75,1997.52,22555.75,0,0,65
2026-10-05,IDO,2026-10-27,25200.0,CE,3.75,3.75,22555.75,168415,682,65
2026-10-05,IDO,2026-10-27,24900.0,CE,5.35,5.35,22555.75,191295,720,65
2026-10-05,IDO,2026-10-27,24650.0,CE,7.15,7.15,22555.75,32825,154,65
2026-10-05,IDO,2026-10-27,23300.0,CE,70.65,70.65,22555.75,3372785,40275,65
2026-10-05,IDO,2026-10-27,23100.0,CE,115.15,115.15,22555.75,1435850,23382,65
2026-10-05,IDO,2026-10-27,22400.0,CE,445.5,445.5,22555.75,711880,24460,65
2026-10-05,IDO,2026-10-27,22050.0,CE,701.8,701.8,22555.75,8840,30,65
2026-10-05,IDO,2026-10-27,21950.0,CE,799.4,746.2,22555.75,7735,33,65
2026-10-05,IDO,2026-10-27,21900.0,CE,823.05,823.05,22555.75,57460,1457,65
2026-10-05,IDO,2026-10-27,20900.0,CE,1700.05,1726.61,22555.75,390,0,65
2026-10-05,IDO,2026-10-27,20800.0,CE,1610.0,1825.65,22555.75,65,0,65
2026-10-05,IDO,2026-10-27,20100.0,CE,2507.85,2507.85,22555.75,780,12,65
2026-10-05,IDO,2026-10-19,25150.0,CE,1.9,0.01,22555.75,1235,21,65
2026-10-05,IDO,2026-10-19,24850.0,CE,2.65,2.65,22555.75,2145,47,65
2026-10-05,IDO,2026-10-19,24650.0,CE,7.0,0.07,22555.75,845,0,65
2026-10-05,IDO,2026-10-19,24500.0,CE,2.65,2.65,22555.75,90220,1493,65
2026-10-05,IDO,2026-10-19,24350.0,CE,4.65,0.37,22555.75,585,54,65
2026-10-05,IDO,2026-10-19,23900.0,CE,7.65,7.65,22555.75,90805,974,65
2026-10-05,IDO,2026-10-19,23200.0,CE,48.9,48.9,22555.75,244205,9074,65
2026-10-05,IDO,2026-10-19,22450.0,CE,338.75,338.75,22555.75,32240,1648,65
2026-10-05,IDO,2026-10-19,22400.0,CE,369.35,369.35,22555.75,25285,1238,65
2026-10-05,IDO,2026-10-19,21900.0,CE,741.4,733.18,22555.75,455,5,65
2026-10-05,IDO,2026-10-19,20100.0,CE,3128.8,2498.11,22555.75,0,0,65
2026-10-05,IDO,2026-10-13,24950.0,CE,0.9,0.9,22555.75,27885,166,65
2026-10-05,IDO,2026-10-13,24800.0,CE,1.0,1.0,22555.75,84565,3437,65
2026-10-05,IDO,2026-10-13,24750.0,CE,1.1,1.1,22555.75,4095,146,65
2026-10-05,IDO,2026-10-13,23050.0,CE,35.55,35.55,22555.75,360490,37666,65
2026-10-05,IDO,2026-10-13,22950.0,CE,52.85,52.85,22555.75,451555,39481,65
2026-10-05,IDO,2026-10-13,22850.0,CE,78.6,78.6,22555.75,796445,61390,65
2026-10-05,IDO,2026-10-13,22800.0,CE,92.9,92.9,22555.75,2212990,187359,65
2026-10-05,IDO,2026-10-13,22200.0,CE,445.65,445.65,22555.75,271245,9863,65
2026-10-05,IDO,2026-10-13,21950.0,CE,662.0,662.0,22555.75,650,18,65
2026-10-05,IDO,2026-10-13,21850.0,CE,641.25,740.45,22555.75,65,0,65
2026-10-05,IDO,2026-10-13,21500.0,CE,1082.55,1082.55,22555.75,34905,690,65
2026-10-05,IDO,2026-10-13,21050.0,CE,2704.75,1531.13,22555.75,0,0,65
2026-10-05,IDO,2026-10-13,20800.0,CE,2952.0,1780.81,22555.75,0,0,65
2026-10-05,IDO,2026-10-06,22200.0,CE,362.3,362.3,22555.75,560300,117195,65
2026-10-05,IDO,2026-10-06,21500.0,CE,1052.6,1052.6,22555.75,17485,500,65
2026-10-05,IDO,2026-10-06,20400.0,CE,3773.7,2158.82,22555.75,0,0,65
2026-10-05,IDO,2026-10-06,20200.0,CE,3972.5,2358.79,22555.75,0,0,65
2026-10-05,IDO,2026-10-06,20150.0,CE,4022.2,2408.79,22555.75,0,0,65
2026-10-05,IDF,2026-12-29,,,22845.8,22845.8,22555.75,231270,1874,65
2026-10-05,IDO,2030-12-31,30000.0,PE,1450.1,3162.91,22555.75,0,0,65
2026-10-05,IDO,2030-12-31,19500.0,PE,67.4,191.4,22555.75,0,0,65
2026-10-05,IDO,2030-06-25,33000.0,PE,3143.9,5251.09,22555.75,0,0,65
2026-10-05,IDO,2030-06-25,25500.0,PE,568.55,1429.97,22555.75,0,0,65
2026-10-05,IDO,2026-10-27,21500.0,CE,1169.5,1169.5,22555.75,489970,1027,65
2026-10-05,IDO,2026-10-06,20100.0,CE,4071.9,2458.78,22555.75,0,0,65
2026-10-05,IDO,2026-10-06,20550.0,CE,3624.65,2008.85,22555.75,0,0,65
2026-10-05,IDO,2026-10-06,20900.0,CE,3277.05,1658.9,22555.75,0,0,65
2026-10-05,IDO,2026-10-06,21650.0,CE,898.9,898.9,22555.75,14300,85,65
2026-10-05,IDO,2026-10-06,22350.0,CE,226.25,226.25,22555.75,593775,455887,65
2026-10-05,IDO,2026-10-06,22550.0,CE,82.6,82.6,22555.75,6475170,8367424,65
2026-10-05,IDO,2026-10-13,20750.0,CE,3001.55,1830.75,22555.75,0,0,65
2026-10-05,IDO,2026-10-13,21200.0,CE,2556.95,1381.36,22555.75,0,0,65
2026-10-05,IDO,2026-10-13,21750.0,CE,859.45,836.6,22555.75,65,1,65
2026-10-05,IDO,2026-10-13,22150.0,CE,484.15,484.15,22555.75,16965,606,65
2026-10-05,IDO,2026-10-13,22400.0,CE,296.9,296.9,22555.75,694980,47231,65
2026-10-05,IDO,2026-10-13,23400.0,CE,9.35,9.35,22555.75,1239095,75048,65
2026-10-05,IDO,2026-10-13,24200.0,CE,1.15,1.15,22555.75,1920750,48839,65
2026-10-05,IDO,2026-10-19,22200.0,CE,513.9,513.9,22555.75,9035,387,65
2026-10-05,IDO,2026-10-19,23650.0,CE,14.45,14.45,22555.75,15015,377,65
2026-10-05,IDO,2026-10-19,23750.0,CE,12.3,12.3,22555.75,4355,21,65
2026-10-05,IDO,2026-10-19,23950.0,CE,186.0,2.73,22555.75,65,0,65
2026-10-05,IDO,2026-10-19,24450.0,CE,3.75,0.22,22555.75,1365,25,65
2026-10-05,IDO,2026-10-19,24800.0,CE,3.6,3.6,22555.75,23140,602,65
2026-10-05,IDO,2026-10-27,21750.0,CE,904.1,916.63,22555.75,130,0,65
2026-10-05,IDO,2026-10-27,25000.0,CE,4.75,4.75,22555.75,3058575,15357,65
2026-10-05,IDO,2026-10-27,25250.0,CE,3.85,3.85,22555.75,4095,33,65
2026-10-05,IDO,2026-10-27,25900.0,CE,1.9,1.9,22555.75,19305,288,65
2026-10-05,IDO,2026-11-03,20350.0,CE,3118.95,2294.97,22555.75,0,0,65
2026-10-05,IDO,2026-11-03,20450.0,CE,3020.05,2195.67,22555.75,0,0,65
2026-10-05,IDO,2026-11-03,22200.0,CE,636.9,636.9,22555.75,1820,162,65
2026-10-05,IDO,2026-11-03,22700.0,CE,323.05,323.05,22555.75,11570,202,65
2026-10-05,IDO,2026-11-03,23750.0,CE,380.65,42.55,22555.75,0,0,65
2026-10-05,IDO,2026-11-23,20950.0,CE,3709.55,1780.52,22555.75,0,0,65
2026-10-05,IDO,2026-11-23,21050.0,CE,3613.45,1686.73,22555.75,0,0,65
2026-10-05,IDO,2026-11-23,21450.0,CE,3232.9,1325.06,22555.75,0,0,65
2026-10-05,IDO,2026-11-23,21650.0,CE,3045.65,1155.04,22555.75,0,0,65
2026-10-05,IDO,2026-11-23,21900.0,CE,976.6,976.6,22555.75,195,3,65
2026-10-05,IDO,2026-11-23,22700.0,CE,450.4,450.4,22555.75,80210,1353,65
2026-10-05,IDO,2026-11-23,22900.0,CE,354.15,354.15,22555.75,71240,695,65
2026-10-05,IDO,2026-11-23,23700.0,CE,109.65,109.65,22555.75,186290,2314,65
2026-10-05,IDO,2026-11-23,24050.0,CE,65.4,65.4,22555.75,30550,487,65
2026-10-05,IDO,2026-11-23,24650.0,CE,30.0,30.0,22555.75,4030,26,65
2026-10-05,IDO,2026-11-23,25800.0,CE,10.0,1.64,22555.75,1690,2,65
2026-10-05,IDO,2026-11-23,25850.0,CE,10.0,10.0,22555.75,845,6,65
2026-10-05,IDO,2026-11-23,25950.0,CE,9.4,1.12,22555.75,1625,0,65
2026-10-05,IDO,2026-12-29,21500.0,CE,1489.8,1489.8,22555.75,18850,139,65
2026-10-05,IDO,2026-12-29,21550.0,CE,1488.15,1417.65,22555.75,2730,27,65
2026-10-05,IDO,2026-12-29,21850.0,CE,1236.5,1186.76,22555.75,975,3,65
2026-10-05,IDO,2026-12-29,22250.0,CE,955.0,910.84,22555.75,1430,20,65
2026-10-05,IDO,2026-12-29,22600.0,CE,694.4,694.4,22555.75,15795,244,65
2026-10-05,IDO,2026-12-29,22800.0,CE,578.55,578.55,22555.75,22750,314,65
2026-10-05,IDO,2026-12-29,23000.0,CE,477.4,477.4,22555.75,1614090,11617,65
2026-10-05,IDO,2026-12-29,23150.0,CE,403.55,442.35,22555.75,5265,53,65
2026-10-05,IDO,2026-12-29,23250.0,CE,371.45,403.56,22555.75,9100,170,65
2026-10-05,IDO,2026-12-29,23300.0,CE,347.9,347.9,22555.75,22815,250,65
2026-10-05,IDO,2026-12-29,24000.0,CE,156.05,156.05,22555.75,3046165,25958,65
2026-10-05,IDO,2026-12-29,24050.0,CE,144.05,144.05,22555.75,111670,2057,65
2026-10-05,IDO,2026-12-29,25000.0,CE,52.5,52.5,22555.75,4359035,21396,65
2026-10-05,IDO,2026-12-29,33000.0,CE,3.8,3.8,22555.75,103870,88,65
2026-10-05,IDO,2027-09-28,18000.0,CE,5788.3,5516.46,22555.75,0,0,65
2026-10-05,IDO,2027-09-28,28500.0,CE,291.55,126.92,22555.75,0,0,65
2026-10-05,IDO,2028-06-27,21000.0,CE,5226.55,3788.31,22555.75,0,0,65
2026-10-05,IDO,2028-06-27,25500.0,CE,1900.0,1293.92,22555.75,195,0,65
2026-10-05,IDO,2028-06-27,31500.0,CE,1784.8,173.38,22555.75,0,0,65
2026-10-05,IDO,2029-06-26,31500.0,CE,2878.65,604.17,22555.75,0,0,65
2026-10-05,IDO,2029-12-24,18000.0,CE,11362.4,7560.4,22555.75,0,0,65
2026-10-05,IDO,2029-12-24,33000.0,CE,3816.05,646.91,22555.75,0,0,65
2026-10-05,IDO,2030-12-31,18000.0,CE,12674.15,8394.26,22555.75,0,0,65
2026-10-05,IDO,2030-12-31,24000.0,CE,8563.3,4458.18,22555.75,0,0,65
2026-10-05,IDO,2030-12-31,25500.0,CE,7639.65,3689.67,22555.75,0,0,65
2026-10-05,IDO,2031-06-24,15000.0,CE,12902.2,11001.84,22555.75,0,0,65
2026-10-05,IDO,2031-06-24,24000.0,CE,7181.9,4901.44,22555.75,0,0,65
2026-10-05,IDO,2031-06-24,27000.0,CE,5699.0,3444.72,22555.75,0,0,65
2026-10-05,IDO,2026-10-06,20500.0,PE,0.3,0.3,22555.75,3751670,231114,65
2026-10-05,IDO,2026-10-06,20650.0,PE,0.4,0.4,22555.75,72475,15415,65
2026-10-05,IDO,2026-10-06,22100.0,PE,5.05,5.05,22555.75,6443385,2963860,65
2026-10-05,IDO,2026-10-06,22600.0,PE,105.15,105.15,22555.75,5071820,6355885,65
2026-10-05,IDO,2026-10-06,23200.0,PE,645.5,645.5,22555.75,359970,4803,65
2026-10-05,IDO,2026-10-06,23400.0,PE,847.55,847.55,22555.75,447720,2967,65
2026-10-05,IDO,2026-10-06,23500.0,PE,944.55,944.55,22555.75,783315,10959,65
2026-10-05,IDO,2026-10-06,23950.0,PE,1393.9,1393.9,22555.75,43680,25,65
2026-10-05,IDO,2026-10-06,24500.0,PE,1948.05,1948.05,22555.75,228735,1567,65
2026-10-05,IDO,2026-10-06,25150.0,PE,1102.0,2590.46,22555.75,0,0,65
2026-10-05,IDO,2026-10-06,25300.0,PE,2700.0,2740.44,22555.75,520,0,65
2026-10-05,IDO,2026-10-13,22100.0,PE,56.95,56.95,22555.75,1342185,113304,65
2026-10-05,IDO,2026-10-13,22400.0,PE,125.6,125.6,22555.75,1587755,153652,65
2026-10-05,IDO,2026-10-13,22700.0,PE,259.95,259.95,22555.75,1464190,123032,65
2026-10-05,IDO,2026-10-13,22800.0,PE,320.4,320.4,22555.75,858130,51843,65
2026-10-05,IDO,2026-10-13,23800.0,PE,1233.3,1233.3,22555.75,24375,263,65
2026-10-05,IDO,2026-10-13,24600.0,PE,2019.85,2019.85,22555.75,11960,164,65
2026-10-05,IDO,2026-10-13,24900.0,PE,1237.05,2314.25,22555.75,0,0,65
2026-10-05,IDO,2026-10-19,22600.0,PE,251.7,251.7,22555.75,144170,10331,65
2026-10-05,IDO,2026-10-19,24000.0,PE,1392.8,1392.8,22555.75,2535,21,65
2026-10-05,IDO,2026-10-19,24050.0,PE,962.95,1445.28,22555.75,0,0,65
2026-10-05,IDO,2026-10-27,20250.0,PE,8.9,0.06,22555.75,0,0,65
2026-10-05,IDO,2026-10-27,20950.0,PE,25.65,25.65,22555.75,32110,615,65
2026-10-05,IDO,2026-10-27,21400.0,PE,45.95,45.95,22555.75,390910,11357,65
2026-10-05,IDO,2026-10-27,21450.0,PE,49.6,49.6,22555.75,47255,2160,65
2026-10-05,IDO,2026-10-27,22400.0,PE,220.4,220.4,22555.75,1150630,47131,65
2026-10-05,IDO,2026-10-27,23000.0,PE,514.4,514.4,22555.75,4172870,73114,65
2026-10-05,IDO,2026-10-27,23600.0,PE,991.65,991.65,22555.75,658255,758,65
2026-10-05,IDO,2026-10-27,25200.0,PE,2472.9,2560.95,22555.75,34255,4,65
2026-10-05,IDO,2026-10-27,26000.0,PE,3345.55,3345.55,22555.75,1832610,1393,65
2026-10-05,IDO,2026-10-27,26850.0,PE,2588.1,4205.39,22555.75,0,0,65
2026-10-05,IDO,2026-11-03,20850.0,PE,5.3,3.74,22555.75,0,0,65
2026-10-05,IDO,2026-11-03,21200.0,PE,12.5,12.42,22555.75,0,0,65
2026-10-05,IDO,2026-11-03,21400.0,PE,71.7,22.78,22555.75,2405,16,65
2026-10-05,IDO,2026-11-03,23700.0,PE,610.85,1088.69,22555.75,0,0,65
2026-10-05,IDO,2026-11-03,23800.0,PE,669.7,1178.28,22555.75,0,0,65
2026-10-05,IDO,2026-11-03,24950.0,PE,1534.25,2286.84,22555.75,0,0,65
2026-10-05,IDO,2026-11-23,21200.0,PE,87.85,87.85,22555.75,44200,1006,65
2026-10-05,IDO,2026-11-23,21650.0,PE,140.1,140.1,22555.75,20410,56,65
2026-10-05,IDO,2026-11-23,24850.0,PE,860.35,2126.21,22555.75,0,0,65
2026-10-05,IDO,2026-11-23,25350.0,PE,1152.95,2612.66,22555.75,0,0,65
2026-10-05,IDO,2026-11-23,25800.0,PE,2725.0,3056.1,22555.75,585,0,65
2026-10-05,IDO,2026-11-23,25850.0,PE,2901.65,3105.54,22555.75,65,0,65
2026-10-05,IDO,2026-12-29,20800.0,PE,94.4,94.4,22555.75,65,1,65
2026-10-05,IDO,2026-12-29,21000.0,PE,116.35,116.35,22555.75,2191255,13424,65
2026-10-05,IDO,2026-12-29,21200.0,PE,135.2,135.2,22555.75,6760,99,65
2026-10-05,IDO,2026-12-29,21450.0,PE,166.0,166.0,22555.75,6175,101,65
2026-10-05,IDO,2026-12-29,22250.0,PE,329.1,329.1,22555.75,9230,155,65
2026-10-05,IDO,2026-12-29,24100.0,PE,1350.0,1405.3,22555.75,1755,18,65
2026-10-05,IDO,2026-12-29,25500.0,PE,2603.9,2603.9,22555.75,305955,495,65
2026-10-05,IDO,2026-12-29,28500.0,PE,3320.25,5581.66,22555.75,130,0,65
2026-10-05,IDO,2027-03-30,16500.0,PE,38.65,0.05,22555.75,3445,2,65
2026-10-05,IDO,2027-06-29,19500.0,PE,17.3,49.56,22555.75,0,0,65
2026-10-05,IDO,2027-12-28,27000.0,PE,2725.0,2725.0,22555.75,56250,135,65
2026-10-05,IDO,2028-06-27,19500.0,PE,40.05,133.47,22555.75,0,0,65
2026-10-05,IDO,2028-06-27,31500.0,PE,2935.6,6260.52,22555.75,0,0,65
2026-10-05,IDO,2028-12-26,22500.0,PE,218.8,670.79,22555.75,0,0,65
2026-10-05,IDO,2028-12-26,26000.0,PE,1814.0,2028.6,22555.75,6940,7,65
2026-10-05,IDO,2029-06-26,28500.0,PE,1349.1,3189.97,22555.75,0,0,65
2026-10-05,IDO,2029-06-26,31500.0,PE,2443.35,5162.57,22555.75,0,0,65
2026-10-05,IDO,2030-12-31,25500.0,PE,538.25,1328.58,22555.75,0,0,65
2026-10-05,IDO,2030-12-31,27000.0,PE,779.5,1846.03,22555.75,0,0,65
2026-10-05,IDO,2030-12-31,33000.0,PE,2387.3,4806.87,22555.75,0,0,65
2026-10-05,IDO,2031-06-24,33000.0,PE,3810.15,4436.81,22555.75,0,0,65
2026-10-05,IDO,2026-11-03,20050.0,CE,3416.1,2593.29,22555.75,0,0,65
2026-10-05,IDO,2026-10-27,27150.0,CE,1.0,0.01,22555.75,2210,0,65
2026-10-05,IDO,2026-10-27,24700.0,CE,6.65,6.65,22555.75,281385,776,65
2026-10-05,IDO,2026-10-27,24400.0,CE,9.3,9.3,22555.75,355550,3876,65
2026-10-05,IDO,2026-10-27,24100.0,CE,13.75,13.75,22555.75,560170,3879,65
2026-10-05,IDO,2026-10-27,23850.0,CE,20.1,20.1,22555.75,144430,1756,65
2026-10-05,IDO,2026-10-27,23200.0,CE,90.9,90.9,22555.75,2557620,41469,65
2026-10-05,IDO,2026-10-27,22650.0,CE,295.85,295.85,22555.75,138515,5334,65
2026-10-05,IDO,2026-10-27,22600.0,CE,321.2,321.2,22555.75,1264445,70013,65
2026-10-05,IDO,2026-10-27,22100.0,CE,654.6,654.6,22555.75,52130,1005,65
2026-10-05,IDO,2026-10-27,21350.0,CE,1174.0,1286.9,22555.75,65,0,65
2026-10-05,IDO,2026-10-27,20350.0,CE,3951.55,2273.2,22555.75,0,0,65
2026-10-05,IDO,2026-10-19,24750.0,CE,2.15,2.15,22555.75,1885,68,65
2026-10-05,IDO,2026-10-19,24300.0,CE,4.35,0.49,22555.75,845,18,65
2026-10-05,IDO,2026-10-19,24050.0,CE,7.15,7.15,22555.75,4680,84,65
2026-10-05,IDO,2026-10-19,22600.0,CE,248.35,248.35,22555.75,238225,11765,65
2026-10-05,IDO,2026-10-19,22500.0,CE,306.95,306.95,22555.75,137540,9805,65
2026-10-05,IDO,2026-10-19,21200.0,CE,2046.4,1401.69,22555.75,0,0,65
2026-10-05,IDO,2026-10-19,21100.0,CE,2143.1,1500.92,22555.75,0,0,65
2026-10-05,IDO,2026-10-19,21050.0,CE,2191.7,1550.64,22555.75,0,0,65
2026-10-05,IDO,2026-10-13,24500.0,CE,1.05,1.05,22555.75,1509755,70036,65
2026-10-05,IDO,2026-10-13,24150.0,CE,1.4,1.4,22555.75,112060,2219,65
2026-10-05,IDO,2026-10-13,23300.0,CE,13.4,13.4,22555.75,1829880,91174,65
2026-10-05,IDO,2029-12-24,22500.0,PE,225.7,636.54,22555.75,0,0,65
2026-10-05,IDO,2029-12-24,21000.0,PE,418.05,361.48,22555.75,1885,0,65
2026-10-05,IDO,2029-06-26,16500.0,PE,8.1,24.45,22555.75,0,0,65
2026-10-05,IDO,2028-12-26,23000.0,PE,950.0,811.0,22555.75,3020,3,65
2026-10-05,IDO,2028-12-26,15000.0,PE,22.25,3.88,22555.75,0,0,65
2026-10-05,IDO,2028-06-27,33000.0,PE,3707.8,7547.64,22555.75,0,0,65
2026-10-05,IDO,2027-12-28,21000.0,PE,418.85,418.85,22555.75,92495,273,65
2026-10-05,IDO,2027-09-28,18000.0,PE,40.2,15.42,22555.75,0,0,65
2026-10-05,IDO,2027-03-30,27000.0,PE,3597.95,3597.95,22555.75,71110,112,65
2026-10-05,IDO,2026-12-29,26000.0,PE,3070.45,3070.45,22555.75,1623415,1019,65
2026-10-05,IDO,2026-12-29,23750.0,PE,1120.0,1138.0,22555.75,2795,1,65
2026-10-05,IDO,2026-12-29,23300.0,PE,781.8,832.84,22555.75,5460,27,65
2026-10-05,IDO,2026-12-29,23000.0,PE,615.0,615.0,22555.75,2676640,8126,65
2026-10-05,IDO,2026-12-29,22650.0,PE,458.55,458.55,22555.75,5590,40,65
2026-10-05,IDO,2026-12-29,22150.0,PE,303.1,303.1,22555.75,7280,137,65
2026-10-05,IDO,2026-12-29,21950.0,PE,256.8,256.8,22555.75,9815,98,65
2026-10-05,IDO,2026-12-29,21300.0,PE,146.7,146.7,22555.75,10010,212,65
2026-10-05,IDO,2026-12-29,20550.0,PE,55.9,27.95,22555.75,0,0,65
2026-10-05,IDO,2026-12-29,18000.0,PE,22.9,22.9,22555.75,990490,8209,65
2026-10-05,IDO,2026-12-29,16500.0,PE,14.5,0.01,22555.75,6110,15,65
2026-10-05,IDO,2026-11-23,26050.0,PE,1637.9,3303.48,22555.75,0,0,65
2026-10-05,IDO,2026-11-23,25300.0,PE,1600.0,2563.63,22555.75,65,0,65
2026-10-05,IDO,2026-11-23,24000.0,PE,1331.95,1331.95,22555.75,290030,315,65
2026-10-05,IDO,2026-11-23,23600.0,PE,993.75,993.75,22555.75,44005,162,65
2026-10-05,IDO,2026-11-23,22050.0,PE,214.8,214.8,22555.75,6110,108,65
2026-10-05,IDO,2026-11-23,21100.0,PE,79.3,79.3,22555.75,28665,426,65
2026-10-05,IDO,2026-11-23,20950.0,PE,81.45,20.65,22555.75,390,0,65
2026-10-05,IDO,2026-11-03,24850.0,PE,1448.0,2187.82,22555.75,0,0,65
2026-10-05,IDO,2026-11-03,24150.0,PE,898.65,1504.52,22555.75,0,0,65
2026-10-05,IDO,2026-11-03,23100.0,PE,624.25,624.25,22555.75,1950,4,65
2026-10-05,IDO,2026-11-03,22200.0,PE,188.45,188.45,22555.75,10595,491,65
2026-10-05,IDO,2026-11-03,21700.0,PE,96.3,96.3,22555.75,6955,131,65
2026-10-05,IDO,2026-11-03,21600.0,PE,82.05,82.05,22555.75,4680,163,65
2026-10-05,IDO,2026-11-03,21500.0,PE,75.6,75.6,22555.75,15535,541,65
2026-10-05,IDO,2026-11-03,20200.0,PE,0.85,0.24,22555.75,0,0,65
2026-10-05,IDO,2026-10-27,26300.0,PE,3662.75,3662.75,22555.75,34970,6,65
2026-10-05,IDO,2026-10-27,26150.0,PE,2950.0,3507.71,22555.75,195,0,65
2026-10-05,IDO,2026-10-27,25450.0,PE,1850.0,2810.05,22555.75,325,0,65
2026-10-05,IDO,2026-10-27,25400.0,PE,2748.05,2760.23,22555.75,8775,1,65
2026-10-05,IDO,2026-10-27,24850.0,PE,2223.6,2212.47,22555.75,1495,0,65
2026-10-05,IDO,2026-10-27,24200.0,PE,1557.35,1557.35,22555.75,383955,255,65
2026-10-05,IDO,2026-10-27,24050.0,PE,1560.0,1423.76,22555.75,4030,0,65
2026-10-05,IDO,2026-10-27,22200.0,PE,161.6,161.6,22555.75,1382615,44483,65
2026-10-05,IDO,2026-10-27,21950.0,PE,108.65,108.65,22555.75,56940,2175,65
2026-10-05,IDO,2026-10-27,21550.0,PE,57.5,57.5,22555.75,37375,1126,65
2026-10-05,IDO,2026-10-19,23600.0,PE,1003.5,1006.57,22555.75,2795,16,65
2026-10-05,IDO,2026-10-19,23150.0,PE,611.1,611.1,22555.75,2015,2,65
2026-10-05,IDO,2026-10-19,22750.0,PE,330.4,330.4,22555.75,15990,460,65
2026-10-05,IDO,2026-10-19,22700.0,PE,299.6,299.6,22555.75,87620,2629,65
2026-10-05,IDO,2026-10-19,21950.0,PE,70.45,70.45,22555.75,19890,1861,65
2026-10-05,IDO,2026-10-19,21550.0,PE,35.65,35.65,22555.75,6305,470,65
2026-10-05,IDO,2026-10-19,21250.0,PE,20.55,20.55,22555.75,4225,156,65
2026-10-05,IDO,2026-10-19,20950.0,PE,25.0,0.28,22555.75,195,0,65
2026-10-05,IDO,2026-10-19,20200.0,PE,0.6,0.01,22555.75,0,0,65
2026-10-05,IDO,2026-10-13,22600.0,PE,205.25,205.25,22555.75,1677455,215242,65
2026-10-05,IDO,2026-10-13,21650.0,PE,18.3,18.3,22555.75,172900,15824,65
2026-10-05,IDO,2026-10-13,20850.0,PE,4.95,4.95,22555.75,40560,2310,65
2026-10-05,IDO,2026-10-13,20100.0,PE,3.1,3.1,22555.75,2890160,69761,65
2026-10-05,IDO,2026-10-06,25350.0,PE,2750.0,2790.43,22555.75,520,0,65
2026-10-05,IDO,2026-10-06,25200.0,PE,2640.0,2640.45,22555.75,910,2,65
2026-10-05,IDO,2026-10-06,24100.0,PE,1556.95,1556.95,22555.75,31005,644,65
2026-10-05,IDO,2026-10-06,22500.0,PE,59.6,59.6,22555.75,12231180,13269393,65
2026-10-05,IDO,2026-10-06,22150.0,PE,6.65,6.65,22555.75,4008160,2346429,65
2026-10-05,IDO,2026-10-06,21750.0,PE,1.6,1.6,22555.75,2292680,1864441,65
2026-10-05,IDO,2026-10-06,21150.0,PE,0.7,0.7,22555.75,200135,57487,65
2026-10-05,IDO,2026-10-06,20600.0,PE,0.3,0.3,22555.75,997685,167353,65
2026-10-05,IDO,2026-10-06,20050.0,PE,0.35,0.35,22555.75,178750,25491,65
2026-10-05,IDO,2030-12-31,21000.0,CE,10552.5,6275.07,22555.75,0,0,65
2026-10-05,IDO,2030-06-25,30000.0,CE,5580.35,1565.68,22555.75,0,0,65
2026-10-05,IDO,2030-06-25,22500.0,CE,9012.4,4834.61,22555.75,0,0,65
2026-10-05,IDO,2030-06-25,18000.0,CE,12423.9,7977.51,22555.75,0,0,65
2026-10-05,IDO,2029-12-24,30000.0,CE,1400.0,1200.86,22555.75,13670,48,65
2026-10-05,IDO,2029-06-26,27000.0,CE,6570.4,1673.27,22555.75,0,0,65
2026-10-05,IDO,2029-06-26,24000.0,CE,8085.35,2982.17,22555.75,0,0,65
2026-10-05,IDO,2029-06-26,19500.0,CE,10206.95,5944.8,22555.75,0,0,65
2026-10-05,IDO,2029-06-26,18000.0,CE,11678.65,7133.95,22555.75,0,0,65
2026-10-05,IDO,2028-12-26,15000.0,CE,11381.75,9289.13,22555.75,0,0,65
2026-10-05,IDO,2027-12-28,15000.0,CE,7931.05,8537.47,22555.75,0,0,65
2026-10-05,IDO,2027-03-30,19500.0,CE,3585.9,3585.9,22555.75,2145,33,65
2026-10-05,IDO,2026-12-29,29000.0,CE,5.55,5.55,22555.75,400300,300,65
2026-10-05,IDO,2026-12-29,24250.0,CE,114.85,114.85,22555.75,22555,395,65
2026-10-05,IDO,2026-12-29,24100.0,CE,137.9,137.9,22555.75,13520,198,65
2026-10-05,IDO,2026-12-29,23600.0,CE,247.4,247.4,22555.75,32890,673,65
2026-10-05,IDO,2026-12-29,23200.0,CE,386.35,386.35,22555.75,28080,343,65
2026-10-05,IDO,2026-12-29,20450.0,CE,2614.3,2389.18,22555.75,0,0,65
2026-10-05,IDO,2026-12-29,16500.0,CE,10405.0,6265.74,22555.75,0,0,65
2026-10-05,IDO,2026-12-29,15000.0,CE,5977.65,7746.65,22555.75,0,0,65
2026-10-05,IDO,2026-11-23,25350.0,CE,15.0,4.9,22555.75,455,0,65
2026-10-05,IDO,2026-11-23,24900.0,CE,22.3,22.3,22555.75,3445,87,65
2026-10-05,IDO,2026-11-23,24750.0,CE,23.95,23.95,22555.75,13455,10,65
2026-10-05,IDO,2026-11-23,24550.0,CE,33.8,33.8,22555.75,6175,144,65
2026-10-05,IDO,2026-11-23,24100.0,CE,60.45,60.45,22555.75,181415,1890,65
2026-10-05,IDO,2026-11-23,23850.0,CE,85.6,85.6,22555.75,13195,58,65
2026-10-05,IDO,2026-11-23,23600.0,CE,127.8,127.8,22555.75,200590,2705,65
2026-10-05,IDO,2026-11-23,23350.0,CE,185.3,185.3,22555.75,33995,268,65
2026-10-05,IDO,2026-11-23,23050.0,CE,288.95,288.95,22555.75,20735,193,65
2026-10-05,IDO,2026-11-23,22600.0,CE,509.0,509.0,22555.75,68055,1890,65
2026-10-05,IDO,2026-11-23,22250.0,CE,761.95,707.46,22555.75,1495,11,65
2026-10-05,IDO,2026-11-23,21950.0,CE,2769.65,918.12,22555.75,0,0,65
2026-10-05,IDO,2026-11-23,21700.0,CE,2999.2,1113.94,22555.75,0,0,65
2026-10-05,IDO,2026-11-23,21250.0,CE,3422.3,1502.82,22555.75,0,0,65
2026-10-05,IDO,2026-11-23,20200.0,CE,4438.3,2506.99,22555.75,0,0,65
2026-10-05,IDO,2026-11-03,24700.0,CE,12.6,12.6,22555.75,21320,94,65
2026-10-05,IDO,2026-11-03,24050.0,CE,272.55,20.28,22555.75,0,0,65
2026-10-05,IDO,2026-10-06,20050.0,CE,4121.65,2508.77,22555.75,0,0,65
2026-10-05,IDO,2026-10-06,21450.0,CE,1094.6,1108.98,22555.75,2145,103,65
2026-10-05,IDO,2026-11-03,23000.0,CE,196.0,196.0,22555.75,29900,882,65
2026-10-05,IDO,2026-11-03,22650.0,CE,352.0,352.0,22555.75,3640,95,65
2026-10-05,IDO,2026-11-03,22400.0,CE,502.8,502.8,22555.75,5265,167,65
2026-10-05,IDO,2026-11-03,22250.0,CE,606.0,606.0,22555.75,390,3,65
2026-10-05,IDO,2026-11-03,21850.0,CE,1676.7,874.51,22555.75,0,0,65
2026-10-05,IDO,2026-11-03,21450.0,CE,2046.95,1225.56,22555.75,0,0,65
2026-10-05,IDO,2026-10-06,21600.0,CE,955.0,955.0,22555.75,4745,24,65
2026-10-05,IDO,2026-10-06,23800.0,CE,0.45,0.45,22555.75,2661490,369139,65
2026-10-05,IDO,2026-10-06,24050.0,CE,0.35,0.35,22555.75,489775,42237,65
2026-10-05,IDO,2026-10-06,24600.0,CE,0.3,0.3,22555.75,273975,42869,65
2026-10-05,IDO,2026-10-06,24750.0,CE,0.35,0.35,22555.75,104325,3480,65
2026-10-05,IDO,2026-10-06,24950.0,CE,0.3,0.3,22555.75,49855,3761,65
2026-10-05,IDO,2026-10-13,20950.0,CE,2803.55,1631.0,22555.75,0,0,65
2026-10-05,IDO,2026-10-13,22050.0,CE,570.15,570.15,22555.75,6435,175,65
2026-10-05,IDO,2026-10-13,22600.0,CE,176.7,176.7,22555.75,1975155,213709,65
2026-10-05,IDO,2026-10-13,22900.0,CE,64.2,64.2,22555.75,1845480,140285,65
2026-10-05,IDO,2026-10-13,23150.0,CE,23.35,23.35,22555.75,606385,40571,65
2026-10-05,IDO,2026-11-03,21050.0,CE,2431.1,1605.13,22555.75,0,0,65
2026-10-05,IDO,2026-11-03,20750.0,CE,2724.4,1898.79,22555.75,0,0,65
2026-10-05,IDO,2026-11-03,20600.0,CE,2872.0,2046.99,22555.75,0,0,65
2026-10-05,IDO,2026-10-06,22200.0,PE,8.6,8.6,22555.75,9113520,4522454,65
2026-10-05,IDO,2026-10-06,22950.0,PE,399.15,399.15,22555.75,361920,13956,65
2026-10-05,IDO,2026-10-06,23000.0,PE,449.05,449.05,22555.75,1046370,67670,65
2026-10-05,IDO,2026-10-13,22950.0,PE,427.75,427.75,22555.75,39975,1564,65
2026-10-05,IDO,2026-10-13,22550.0,PE,181.05,181.05,22555.75,317785,76042,65
2026-10-05,IDO,2026-10-13,22350.0,PE,110.65,110.65,22555.75,356330,40000,65
2026-10-05,IDO,2026-10-13,22000.0,PE,43.75,43.75,22555.75,3235245,211696,65
2026-10-05,IDO,2026-10-13,21600.0,PE,16.25,16.25,22555.75,970840,62226,65
2026-10-05,IDO,2026-10-13,21200.0,PE,7.7,7.7,22555.75,1143545,48912,65
2026-10-05,IDO,2026-10-13,20450.0,PE,3.85,3.85,22555.75,12285,604,65
2026-10-05,IDO,2026-10-13,20350.0,PE,3.55,3.55,22555.75,13390,425,65
2026-10-05,IDO,2026-10-06,25750.0,PE,2830.0,3190.37,22555.75,130,0,65
2026-10-05,IDO,2026-10-06,25700.0,PE,2575.0,3140.38,22555.75,715,0,65
2026-10-05,IDO,2026-10-06,23600.0,PE,1049.05,1049.05,22555.75,110630,1809,65
2026-10-05,IDO,2026-10-06,23100.0,PE,550.95,550.95,22555.75,453895,18247,65
2026-10-05,IDO,2026-10-06,21850.0,CE,704.95,704.95,22555.75,24830,381,65
2026-10-05,IDO,2026-10-06,21950.0,CE,605.2,605.2,22555.75,31785,1600,65
2026-10-05,IDO,2026-10-06,22000.0,CE,558.35,558.35,22555.75,408005,52342,65
2026-10-05,IDO,2026-10-06,22300.0,CE,269.95,269.95,22555.75,978185,497714,65
2026-10-05,IDO,2026-10-06,23700.0,CE,0.6,0.6,22555.75,2565030,297680,65
2026-10-05,IDO,2026-10-06,25350.0,CE,0.35,0.35,22555.75,32825,1260,65
2026-10-05,IDO,2026-10-06,25600.0,CE,0.3,0.3,22555.75,126555,5240,65
2026-10-05,IDO,2026-10-06,25700.0,CE,0.3,0.3,22555.75,121485,8934,65
2026-10-05,IDO,2026-10-13,20300.0,CE,3448.3,2280.21,22555.75,0,0,65
2026-10-05,IDO,2026-10-13,21250.0,CE,2507.8,1331.47,22555.75,0,0,65
2026-10-05,IDO,2026-10-13,21900.0,CE,703.0,703.0,22555.75,16835,468,65
2026-10-05,IDO,2026-10-13,22450.0,CE,264.9,264.9,22555.75,148200,32579,65
2026-10-05,IDO,2026-10-13,23200.0,CE,19.2,19.2,22555.75,2151890,123497,65
2026-10-05,IDO,2026-10-13,23500.0,CE,6.95,6.95,22555.75,2639390,112916,65
2026-10-05,IDO,2026-10-13,24650.0,CE,1.05,1.05,22555.75,33735,352,65
2026-10-05,IDO,2026-10-13,24850.0,CE,0.95,0.95,22555.75,7670,105,65
2026-10-05,IDO,2026-10-13,25150.0,CE,0.9,0.9,22555.75,21125,251,65
2026-10-05,IDO,2026-10-13,25350.0,CE,0.85,0.85,22555.75,4485,53,65
2026-10-05,IDO,2026-10-19,20450.0,CE,2781.7,2148.85,22555.75,0,0,65
2026-10-05,IDO,2026-10-19,20900.0,CE,2338.15,1700.0,22555.75,0,0,65
2026-10-05,IDO,2026-10-19,21450.0,CE,1807.8,1155.6,22555.75,0,0,65
2026-10-05,IDO,2026-10-19,21950.0,CE,656.0,689.43,22555.75,260,0,65
2026-10-05,IDO,2026-10-19,22000.0,CE,676.55,676.55,22555.75,8580,127,65
2026-10-05,IDO,2026-10-19,23050.0,CE,77.85,77.85,22555.75,26195,1668,65
2026-10-05,IDO,2026-10-19,24100.0,CE,5.4,5.4,22555.75,56810,913,65
2026-10-05,IDO,2026-10-19,24600.0,CE,2.7,2.7,22555.75,14430,187,65
2026-10-05,IDO,2026-10-27,20400.0,CE,3903.2,2223.4,22555.75,0,0,65
2026-10-05,IDO,2031-06-24,30000.0,PE,2616.25,2921.02,22555.75,0,0,65
2026-10-05,IDO,2031-06-24,28500.0,PE,2104.2,2276.06,22555.75,0,0,65
2026-10-05,IDO,2030-12-31,16500.0,PE,13.65,39.78,22555.75,0,0,65
2026-10-05,IDO,2029-12-24,26000.0,PE,1850.0,1734.87,22555.75,4965,9,65
2026-10-05,IDO,2029-12-24,23000.0,PE,725.05,752.96,22555.75,1625,0,65
2026-10-05,IDO,2028-12-26,18000.0,PE,250.0,59.29,22555.75,75,0,65
2026-10-05,IDO,2028-06-27,18000.0,PE,396.75,43.31,22555.75,0,0,65
2026-10-05,IDO,2027-12-28,24000.0,PE,1178.35,1178.35,22555.75,258145,351,65
2026-10-05,IDO,2027-12-28,22000.0,PE,630.0,630.0,22555.75,113625,435,65
2026-10-05,IDO,2027-12-28,19000.0,PE,171.1,171.1,22555.75,37020,21,65
2026-10-05,IDO,2026-10-27,20550.0,CE,3758.6,2074.07,22555.75,0,0,65
2026-10-05,IDO,2026-10-27,20600.0,CE,3710.55,2024.32,22555.75,0,0,65
2026-10-05,IDO,2026-10-27,21150.0,CE,1433.7,1480.64,22555.75,65,0,65
2026-10-05,IDO,2026-10-27,22200.0,CE,581.65,581.65,22555.75,221325,5824,65
2026-10-05,IDO,2026-10-27,22900.0,CE,182.85,182.85,22555.75,1247610,27422,65
2026-10-05,IDO,2026-10-27,23350.0,CE,63.1,63.1,22555.75,164970,4135,65
2026-10-05,IDO,2026-10-27,23550.0,CE,38.8,38.8,22555.75,110240,3046,65
2026-10-05,IDO,2026-10-27,23800.0,CE,21.7,21.7,22555.75,1812005,15833,65
2026-10-05,IDO,2026-10-27,24450.0,CE,8.85,8.85,22555.75,61945,1441,65
2026-10-05,IDO,2026-10-27,24850.0,CE,5.55,5.55,22555.75,36920,38,65
2026-10-05,IDO,2026-10-27,24950.0,CE,5.55,5.55,22555.75,62205,66,65
2026-10-05,IDO,2026-10-27,26850.0,CE,0.55,0.01,22555.75,7020,29,65
2026-10-05,IDO,2026-11-03,20900.0,CE,2577.35,1751.37,22555.75,0,0,65
2026-10-05,IDO,2026-11-03,21100.0,CE,2382.6,1556.73,22555.75,0,0,65
2026-10-05,IDO,2026-11-03,21250.0,CE,2237.75,1412.94,22555.75,0,0,65
2026-10-05,IDO,2026-11-03,21300.0,CE,2189.8,1365.57,22555.75,0,0,65
2026-10-05,IDO,2027-12-28,16500.0,PE,52.05,4.22,22555.75,130,0,65
2026-10-05,IDO,2027-09-28,16500.0,PE,8.4,1.94,22555.75,0,0,65
2026-10-05,IDO,2027-06-29,33000.0,PE,4691.7,9144.08,22555.75,0,0,65
2026-10-05,IDO,2026-12-29,27000.0,PE,4025.45,4025.45,22555.75,1531550,225,65
2026-10-05,IDO,2026-12-29,24050.0,PE,1327.0,1365.69,22555.75,1430,9,65
2026-10-05,IDO,2026-12-29,22450.0,PE,386.15,386.15,22555.75,3705,151,65
2026-10-05,IDO,2026-12-29,21750.0,PE,212.55,179.05,22555.75,10465,99,65
2026-10-05,IDO,2026-12-29,21600.0,PE,188.1,188.1,22555.75,23595,263,65
2026-10-05,IDO,2026-12-29,20300.0,PE,38.95,17.3,22555.75,0,0,65
2026-10-05,IDO,2026-11-23,25100.0,PE,2203.1,2368.23,22555.75,325,0,65
2026-10-05,IDO,2026-11-23,24550.0,PE,1567.5,1840.72,22555.75,195,0,65
2026-10-05,IDO,2026-11-23,23900.0,PE,1210.1,1255.38,22555.75,12350,43,65
2026-10-05,IDO,2026-11-23,23500.0,PE,912.95,912.95,22555.75,515125,1310,65
2026-10-05,IDO,2026-11-23,23450.0,PE,898.6,895.4,22555.75,5460,9,65
2026-10-05,IDO,2026-11-23,23250.0,PE,756.65,752.42,22555.75,13780,31,65
2026-10-05,IDO,2026-11-23,23200.0,PE,698.85,698.85,22555.75,164905,204,65
2026-10-05,IDO,2026-11-23,22800.0,PE,471.45,471.45,22555.75,271375,2063,65
2026-10-05,IDO,2026-11-23,21300.0,PE,95.6,95.6,22555.75,59995,1646,65
2026-10-05,IDO,2026-11-23,21000.0,PE,72.25,72.25,22555.75,765115,5789,65
2026-10-05,IDO,2026-11-23,20750.0,PE,70.0,12.57,22555.75,390,0,65
2026-10-05,IDO,2026-11-23,20700.0,PE,54.6,54.6,22555.75,40625,473,65
2026-10-05,IDO,2026-11-23,20100.0,PE,3.0,1.92,22555.75,0,0,65
2026-10-05,IDO,2026-11-03,25050.0,PE,1622.0,2386.0,22555.75,0,0,65
2026-10-05,IDO,2026-11-03,24550.0,PE,1199.8,1892.17,22555.75,0,0,65
2026-10-05,IDO,2026-11-03,22900.0,PE,479.9,474.49,22555.75,3575,18,65
2026-10-05,IDO,2026-11-03,22650.0,PE,344.95,344.95,22555.75,5655,62,65
2026-10-05,IDO,2026-11-03,22550.0,PE,314.75,314.75,22555.75,5005,170,65
2026-10-05,IDO,2026-11-03,22500.0,PE,287.8,287.8,22555.75,15210,454,65
2026-10-05,IDO,2026-11-03,22450.0,PE,268.4,268.4,22555.75,4615,122,65
2026-10-05,IDO,2026-11-03,21500.0,CE,1999.75,1179.72,22555.75,0,0,65
2026-10-05,IDO,2026-11-03,21950.0,CE,1587.3,793.63,22555.75,0,0,65
2026-10-05,IDO,2026-11-03,22000.0,CE,795.0,795.0,22555.75,715,16,65
2026-10-05,IDO,2026-11-03,22050.0,CE,1499.4,716.2,22555.75,0,0,65
2026-10-05,IDO,2026-11-03,22350.0,CE,529.85,507.51,22555.75,520,1,65
2026-10-05,IDO,2026-11-03,23500.0,CE,72.95,72.95,22555.75,45630,711,65
2026-10-05,IDO,2026-11-03,24000.0,CE,29.35,29.35,22555.75,118755,1360,65
2026-10-05,IDO,2026-11-03,24450.0,CE,14.9,6.69,22555.75,780,0,65
2026-10-05,IDO,2026-11-03,24500.0,CE,13.95,13.95,22555.75,5525,100,65
2026-10-05,IDO,2026-11-03,24750.0,CE,12.2,12.2,22555.75,1755,18,65
2026-10-05,IDO,2026-11-03,24800.0,CE,10.45,2.26,22555.75,1495,4,65
2026-10-05,IDO,2026-11-03,25100.0,CE,9.75,9.75,22555.75,23660,116,65
2026-10-05,IDO,2026-11-23,20350.0,CE,4291.7,2359.61,22555.75,0,0,65
2026-10-05,IDO,2026-11-23,22650.0,CE,479.6,479.6,22555.75,6955,171,65
2026-10-05,IDO,2026-11-23,23200.0,CE,234.65,234.65,22555.75,277290,2363,65
2026-10-05,IDO,2026-11-23,23300.0,CE,201.5,201.5,22555.75,158535,1830,65
2026-10-05,IDO,2026-11-23,23400.0,CE,173.55,173.55,22555.75,213655,1788,65
2026-10-05,IDO,2026-11-23,24500.0,CE,35.25,35.25,22555.75,834145,9679,65
2026-10-05,IDO,2026-12-29,20200.0,CE,2845.65,2626.97,22555.75,0,0,65
2026-10-05,IDO,2026-12-29,21700.0,CE,1320.0,1320.0,22555.75,2665,17,65
2026-10-05,IDO,2026-11-03,21650.0,PE,153.55,45.07,22555.75,520,0,65
2026-10-05,IDO,2026-12-29,22400.0,CE,819.35,819.35,22555.75,15470,107,65
2026-10-05,IDO,2026-11-03,21250.0,PE,14.0,14.53,22555.75,0,0,65
2026-10-05,IDO,2026-11-03,21100.0,PE,69.75,8.98,22555.75,585,0,65
2026-10-05,IDO,2026-11-03,20950.0,PE,40.0,5.37,22555.75,1170,1,65
2026-10-05,IDO,2026-11-03,20900.0,PE,41.55,4.49,22555.75,1430,0,65
2026-10-05,IDO,2026-11-03,20100.0,PE,0.6,0.15,22555.75,0,0,65
2026-10-05,IDO,2026-10-27,27000.0,PE,4352.95,4352.95,22555.75,942370,162,65
2026-10-05,IDO,2026-10-27,26550.0,PE,2330.1,3906.38,22555.75,0,0,65
2026-10-05,IDO,2026-10-27,25300.0,PE,2600.0,2660.58,22555.75,10465,0,65
2026-10-05,IDO,2026-10-27,24900.0,PE,2256.7,2256.7,22555.75,142025,8,65
2026-10-05,IDO,2026-10-27,24450.0,PE,1777.0,1815.58,22555.75,8255,3,65
2026-10-05,IDO,2026-10-27,24400.0,PE,1785.0,1766.2,22555.75,150995,41,65
2026-10-05,IDO,2026-10-27,23500.0,PE,909.2,909.2,22555.75,5408910,15451,65
2026-10-05,IDO,2026-12-29,22950.0,CE,503.85,503.85,22555.75,5265,39,65
2026-10-05,IDO,2026-12-29,23400.0,CE,311.35,311.35,22555.75,22750,205,65
2026-10-05,IDO,2026-12-29,23950.0,CE,165.65,165.65,22555.75,13390,53,65
2026-10-05,IDO,2026-12-29,24350.0,CE,98.2,98.2,22555.75,3900,18,65
2026-10-05,IDO,2027-06-29,19500.0,CE,8143.4,3874.28,22555.75,0,0,65
2026-10-05,IDO,2027-06-29,33000.0,CE,1122.75,1.16,22555.75,0,0,65
2026-10-05,IDO,2027-09-28,21000.0,CE,3277.85,2911.03,22555.75,0,0,65
2026-10-05,IDO,2028-06-27,33000.0,CE,2004.15,96.55,22555.75,0,0,65
2026-10-05,IDO,2029-12-24,31500.0,CE,3429.3,886.81,22555.75,0,0,65
2026-10-05,IDO,2030-12-31,27000.0,CE,6772.8,3019.2,22555.75,0,0,65
2026-10-05,IDO,2031-06-24,21000.0,CE,8900.75,6698.54,22555.75,0,0,65
2026-10-05,IDO,2026-10-27,23450.0,PE,847.7,847.7,22555.75,45890,61,65
2026-10-05,IDO,2026-10-27,23150.0,PE,616.55,616.55,22555.75,33735,122,65
2026-10-05,IDO,2026-10-27,23050.0,PE,543.2,543.2,22555.75,55055,365,65
2026-10-05,IDO,2026-10-27,22650.0,PE,322.1,322.1,22555.75,229645,4872,65
2026-10-05,IDO,2026-10-27,22050.0,PE,125.35,125.35,22555.75,75205,1867,65
2026-10-05,IDO,2026-10-27,21750.0,PE,78.25,78.25,22555.75,54535,1688,65
2026-10-05,IDO,2026-10-27,21650.0,PE,67.6,67.6,22555.75,110240,1807,65
2026-10-05,IDO,2026-10-27,20650.0,PE,18.15,18.15,22555.75,8450,491,65
2026-10-05,IDO,2026-10-27,20200.0,PE,8.2,0.04,22555.75,0,0,65
2026-10-05,IDO,2026-10-27,20100.0,PE,10.3,10.3,22555.75,19955,2266,65
2026-10-05,IDO,2026-10-19,24600.0,PE,1500.0,1992.5,22555.75,325,0,65
2026-10-05,IDO,2026-10-19,24550.0,PE,1372.75,1942.64,22555.75,0,0,65
2026-10-05,IDO,2026-10-19,23650.0,PE,958.1,1054.3,22555.75,1040,0,65
2026-10-05,IDO,2026-10-19,23350.0,PE,803.2,775.14,22555.75,2145,7,65
2026-10-05,IDO,2026-10-19,23100.0,PE,565.3,565.3,22555.75,51805,853,65
2026-10-05,IDO,2026-10-19,22850.0,PE,395.65,395.65,22555.75,13585,428,65
2026-10-05,IDO,2026-10-19,21900.0,PE,65.2,65.2,22555.75,94575,3579,65
2026-10-05,IDO,2026-10-19,21150.0,PE,17.9,17.9,22555.75,6240,411,65
2026-10-05,IDO,2026-10-19,20850.0,PE,12.45,12.45,22555.75,4355,172,65
2026-10-05,IDO,2026-10-06,20250.0,PE,0.4,0.4,22555.75,39715,5334,65
2026-10-05,IDO,2026-10-06,20400.0,PE,0.35,0.35,22555.75,72930,18045,65
2026-10-05,IDO,2026-10-06,21450.0,PE,0.95,0.95,22555.75,712985,289099,65
2026-10-05,IDO,2026-10-06,21650.0,PE,1.35,1.35,22555.75,1453660,1415103,65
2026-10-05,IDO,2026-10-19,20350.0,PE,1.0,0.01,22555.75,0,0,65
2026-10-05,IDO,2026-10-19,20150.0,PE,0.5,0.01,22555.75,0,0,65
2026-10-05,IDO,2026-10-19,20050.0,PE,4.25,4.25,22555.75,3445,107,65
2026-10-05,IDO,2026-10-13,24300.0,PE,1729.1,1729.1,22555.75,37635,609,65
2026-10-05,IDO,2026-10-13,24100.0,PE,1513.1,1513.1,22555.75,49855,674,65
2026-10-05,IDO,2026-10-13,23550.0,PE,975.4,975.4,22555.75,19890,287,65
2026-10-05,IDO,2026-10-13,23150.0,PE,608.05,608.05,22555.75,14170,205,65
2026-10-05,IDO,2026-10-06,21700.0,PE,1.45,1.45,22555.75,4664725,2356155,65
2026-10-05,IDO,2030-06-25,27000.0,CE,6972.5,2557.68,22555.75,0,0,65
2026-10-05,IDO,2029-12-24,27000.0,CE,6201.65,2111.19,22555.75,0,0,65
2026-10-05,IDO,2029-12-24,15000.0,CE,13369.45,10000.76,22555.75,0,0,65
2026-10-05,IDO,2028-12-26,30000.0,CE,619.0,619.0,22555.75,21510,24,65
2026-10-05,IDO,2028-06-27,19500.0,CE,9209.1,4957.9,22555.75,0,0,65
2026-10-05,IDO,2028-06-27,18000.0,CE,6809.35,6231.69,22555.75,0,0,65
2026-10-05,IDO,2026-11-23,21600.0,PE,129.95,129.95,22555.75,43615,1220,65
2026-10-05,IDO,2026-10-13,24350.0,PE,1430.0,1764.92,22555.75,520,0,65
2026-10-05,IDO,2026-10-06,21000.0,CE,1550.8,1550.8,22555.75,9555,173,65
2026-10-05,IDO,2026-10-06,21900.0,CE,654.3,654.3,22555.75,34190,1608,65
2026-10-05,IDO,2026-10-06,22400.0,CE,184.85,184.85,22555.75,2307565,2366640,65
2026-10-05,IDO,2026-10-06,22700.0,CE,26.35,26.35,22555.75,11127545,7413468,65
2026-10-05,IDO,2026-10-06,22800.0,CE,10.85,10.85,22555.75,14377545,5342437,65
2026-10-05,IDO,2026-10-06,23250.0,CE,1.25,1.25,22555.75,3334435,623958,65
2026-10-05,IDO,2026-10-06,23550.0,CE,0.75,0.75,22555.75,1122550,223302,65
2026-10-05,IDO,2026-10-06,24000.0,CE,0.45,0.45,22555.75,5315960,554316,65
2026-10-05,IDO,2026-10-06,24350.0,CE,0.3,0.3,22555.75,839735,57976,65
2026-10-05,IDO,2026-10-06,24700.0,CE,0.3,0.3,22555.75,175565,13108,65
2026-10-05,IDO,2026-10-06,25200.0,CE,0.25,0.25,22555.75,283790,26854,65
2026-10-05,IDO,2026-10-13,20050.0,CE,3696.8,2529.9,22555.75,0,0,65
2026-10-05,IDO,2026-10-13,20350.0,CE,3398.6,2230.27,22555.75,0,0,65
2026-10-05,IDO,2026-10-13,20600.0,CE,3150.35,1980.57,22555.75,0,0,65
2026-10-05,IDO,2026-10-13,20850.0,CE,2902.5,1730.87,22555.75,0,0,65
2026-10-05,IDO,2026-10-13,21150.0,CE,2606.15,1431.28,22555.75,0,0,65
2026-10-05,IDO,2026-10-13,22100.0,CE,527.65,527.65,22555.75,73060,2600,65
2026-10-05,IDO,2026-10-13,23450.0,CE,7.9,7.9,22555.75,313170,21712,65
2026-10-05,IDO,2026-10-13,23900.0,CE,2.5,2.5,22555.75,541840,26049,65
2026-10-05,IDO,2026-10-13,24450.0,CE,1.05,1.05,22555.75,30290,1550,65
2026-10-05,IDO,2026-10-13,24900.0,CE,0.95,0.95,22555.75,26325,1093,65
2026-10-05,IDO,2026-10-13,25100.0,CE,0.9,0.9,22555.75,25805,768,65
2026-10-05,IDO,2026-10-13,25400.0,CE,0.75,0.75,22555.75,312390,6426,65
2026-10-05,IDO,2026-10-19,20400.0,CE,2831.2,2198.75,22555.75,0,0,65
2026-10-05,IDO,2026-10-19,20800.0,CE,2436.25,1799.69,22555.75,0,0,65
2026-10-05,IDO,2026-10-19,21850.0,CE,1032.85,777.78,22555.75,65,0,65
2026-10-05,IDO,2026-10-19,22950.0,CE,104.25,104.25,22555.75,25155,2553,65
2026-10-05,IDO,2026-10-19,23300.0,CE,35.95,35.95,22555.75,145795,7556,65
2026-10-05,IDO,2026-10-19,24000.0,CE,6.3,6.3,22555.75,345280,5430,65
2026-10-05,IDO,2026-10-19,24150.0,CE,5.5,5.5,22555.75,5265,73,65
2026-10-05,IDO,2026-10-27,20950.0,CE,3376.9,1677.2,22555.75,0,0,65
2026-10-05,IDO,2026-10-27,21100.0,CE,1340.0,1529.57,22555.75,65,0,65
2026-10-05,IDO,2026-10-27,21650.0,CE,1000.0,1006.16,22555.75,130,1,65
2026-10-05,IDO,2026-10-27,22950.0,CE,163.0,163.0,22555.75,85995,2901,65
2026-10-05,IDO,2026-10-27,23050.0,CE,130.15,130.15,22555.75,142805,2675,65
2026-10-05,IDO,2026-10-27,23650.0,CE,30.2,30.2,22555.75,119145,2356,65
2026-10-05,IDO,2026-10-27,24300.0,CE,10.3,10.3,22555.75,518700,5930,65
2026-10-05,IDO,2026-10-27,25750.0,CE,1.95,1.95,22555.75,35165,145,65
2026-10-05,IDO,2026-10-27,25850.0,CE,2.05,2.05,22555.75,3640,67,65
2026-10-05,IDO,2026-10-27,27050.0,CE,1.3,1.3,22555.75,10270,7,65
2026-10-05,IDO,2026-11-03,20250.0,CE,3217.9,2394.35,22555.75,0,0,65
2026-10-05,IDO,2026-11-03,20500.0,CE,2970.65,2146.07,22555.75,0,0,65
2026-10-05,IDO,2026-11-03,21350.0,CE,2142.0,1318.52,22555.75,0,0,65
2026-10-05,IDO,2026-11-03,22500.0,CE,436.75,436.75,22555.75,11765,632,65
2026-10-05,IDO,2026-11-03,22750.0,CE,299.95,299.95,22555.75,1755,108,65
2026-10-05,IDO,2026-11-03,23050.0,CE,180.05,180.05,22555.75,1755,46,65
2026-10-05,IDO,2026-11-03,23300.0,CE,109.95,109.95,22555.75,18265,564,65
2026-10-05,IDO,2026-11-03,25150.0,CE,10.45,0.69,22555.75,1235,0,65
2026-10-05,IDO,2026-11-23,20050.0,CE,4585.15,2654.88,22555.75,0,0,65
2026-10-05,IDO,2026-11-23,21000.0,CE,1757.0,1757.0,22555.75,17485,76,65
2026-10-05,IDO,2026-11-23,21400.0,CE,3280.1,1368.84,22555.75,0,0,65
2026-10-05,IDO,2026-11-23,22000.0,CE,914.4,914.4,22555.75,132600,977,65
2026-10-05,IDO,2026-11-23,22350.0,CE,659.55,659.55,22555.75,1755,18,65
2026-10-05,IDO,2026-11-23,22750.0,CE,422.75,422.75,22555.75,18785,475,65
2026-10-05,IDO,2026-11-23,23150.0,CE,253.65,253.65,22555.75,136955,247,65
2026-10-05,IDO,2026-11-23,23250.0,CE,215.8,215.8,22555.75,37115,277,65
2026-10-05,IDO,2026-11-23,23750.0,CE,100.95,100.95,22555.75,24115,343,65
2026-10-05,IDO,2026-11-23,24000.0,CE,71.5,71.5,22555.75,1881880,15546,65
2026-10-05,IDO,2026-11-23,24950.0,CE,21.7,11.95,22555.75,910,5,65
2026-10-05,IDO,2026-11-23,25700.0,CE,9.55,2.11,22555.75,1235,10,65
2026-10-05,IDO,2026-12-29,19000.0,CE,3770.7,3770.7,22555.75,260325,215,65
2026-10-05,IDO,2026-12-29,20150.0,CE,2892.45,2674.94,22555.75,0,0,65
2026-10-05,IDO,2031-06-24,18000.0,PE,173.45,96.42,22555.75,0,0,65
2026-10-05,IDO,2030-06-25,27000.0,PE,1286.05,2002.23,22555.75,0,0,65
2026-10-05,IDO,2030-06-25,24000.0,PE,698.15,967.2,22555.75,0,0,65
2026-10-05,IDO,2029-12-24,27000.0,PE,1177.9,2170.84,22555.75,0,0,65
2026-10-05,IDO,2029-06-26,21000.0,PE,320.25,359.77,22555.75,0,0,65
2026-10-05,IDO,2029-06-26,15000.0,PE,30.9,6.45,22555.75,0,0,65
2026-10-05,IDO,2028-12-26,21000.0,PE,520.0,520.0,22555.75,11440,3,65
2026-10-05,IDO,2028-12-26,20000.0,PE,364.5,209.69,22555.75,5610,5,65
2026-10-05,IDO,2027-12-28,25500.0,PE,676.05,2092.32,22555.75,0,0,65
2026-10-05,IDO,2027-12-28,22500.0,PE,721.0,721.0,22555.75,2470,26,65
2026-10-05,IDO,2027-06-29,25500.0,PE,667.15,2302.59,22555.75,0,0,65
2026-10-05,IDO,2027-03-30,22500.0,PE,517.35,517.35,22555.75,782210,3081,65
2026-10-05,IDO,2026-12-29,22350.0,PE,357.15,357.15,22555.75,5980,160,65
2026-10-05,IDO,2026-12-29,22300.0,PE,339.65,339.65,22555.75,32500,471,65
2026-10-05,IDO,2026-12-29,22100.0,PE,287.1,287.1,22555.75,23010,363,65
2026-10-05,IDO,2026-12-29,21700.0,PE,205.6,205.6,22555.75,31200,213,65
2026-10-05,IDO,2026-12-29,20400.0,PE,45.15,21.05,22555.75,0,0,65
2026-10-05,IDO,2026-12-29,20250.0,PE,36.15,15.65,22555.75,0,0,65
2026-10-05,IDO,2026-12-29,20200.0,PE,32.5,14.14,22555.75,195,3,65
2026-10-05,IDO,2026-12-29,16000.0,PE,12.1,12.1,22555.75,147805,179,65
2026-10-05,IDO,2026-12-29,13000.0,PE,4.85,0.01,22555.75,9305,0,65
2026-10-05,IDO,2026-11-23,24700.0,PE,1950.0,1982.64,22555.75,3705,4,65
2026-10-05,IDO,2026-11-23,24150.0,PE,1650.0,1473.42,22555.75,1300,0,65
2026-10-05,IDO,2026-11-23,23100.0,PE,633.7,633.7,22555.75,39455,385,65
2026-10-05,IDO,2026-11-23,22550.0,PE,368.3,368.3,22555.75,9555,467,65
2026-10-05,IDO,2026-11-23,21050.0,PE,86.7,26.13,22555.75,4550,3,65
2026-10-05,IDO,2026-11-23,20550.0,PE,42.0,7.37,22555.75,1690,12,65
2026-10-05,IDO,2026-11-03,24700.0,PE,1321.8,2039.67,22555.75,0,0,65
2026-10-05,IDO,2026-11-03,23900.0,PE,731.5,1269.7,22555.75,0,0,65
2026-10-05,IDO,2026-11-03,23300.0,PE,711.75,754.63,22555.75,1950,29,65
2026-10-05,IDO,2026-11-03,21800.0,PE,111.1,111.1,22555.75,2925,91,65
2026-10-05,IDO,2026-11-03,21450.0,PE,21.85,26.28,22555.75,0,0,65
2026-10-05,IDO,2026-10-27,27050.0,PE,2764.35,4404.73,22555.75,0,0,65
2026-10-05,IDO,2026-10-27,26450.0,PE,3460.0,3806.71,22555.75,195,0,65
2026-10-05,IDO,2026-10-27,25350.0,PE,2416.7,2710.4,22555.75,1495,0,65
2026-10-05,IDO,2026-10-27,24600.0,PE,1950.0,1950.0,22555.75,187785,48,65
2026-10-05,IDO,2026-10-27,24550.0,PE,2083.25,1914.54,22555.75,6565,0,65
2026-10-05,IDO,2026-10-27,24350.0,PE,1710.0,1710.0,22555.75,15015,3,65
2026-10-05,IDO,2026-10-27,24150.0,PE,1478.0,1520.86,22555.75,15470,5,65
2026-10-05,IDO,2026-10-27,23950.0,PE,1317.4,1317.4,22555.75,4420,4,65
2026-10-05,IDO,2026-10-27,23900.0,PE,1291.8,1291.8,22555.75,215475,292,65
2026-10-05,IDO,2026-10-27,23400.0,PE,814.65,814.65,22555.75,1402180,3190,65
2026-10-05,IDO,2026-10-27,23300.0,PE,739.2,739.2,22555.75,2437240,6124,65
2026-10-05,IDO,2026-10-27,23100.0,PE,581.1,581.1,22555.75,1630525,5781,65
2026-10-05,IDO,2026-10-27,22850.0,PE,420.3,420.3,22555.75,88595,747,65
2026-10-05,IDO,2026-10-27,22450.0,PE,238.05,238.05,22555.75,119795,6864,65
2026-10-05,IDO,2026-10-27,22250.0,PE,173.05,173.05,22555.75,338845,7272,65
2026-10-05,IDO,2026-10-27,22150.0,PE,147.85,147.85,22555.75,75335,3129,65
2026-10-05,IDO,2026-10-27,21300.0,PE,40.55,40.55,22555.75,360750,10828,65
2026-10-05,IDO,2026-10-27,20900.0,PE,23.95,23.95,22555.75,99905,1432,65
2026-10-05,IDO,2026-10-27,20850.0,PE,22.05,22.05,22555.75,11635,255,65
2026-10-05,IDO,2026-10-27,20800.0,PE,21.45,21.45,22555.75,359320,3880,65
2026-10-05,IDO,2026-12-29,20750.0,CE,2343.6,2109.85,22555.75,0,0,65
2026-10-05,IDO,2026-12-29,22900.0,CE,522.3,522.3,22555.75,14625,278,65
2026-10-05,IDO,2026-12-29,24450.0,CE,91.65,91.65,22555.75,17745,299,65
2026-10-05,IDO,2027-03-30,15000.0,CE,8379.85,7948.33,22555.75,0,0,65
2026-10-05,IDO,2027-03-30,25500.0,CE,135.75,135.75,22555.75,857740,5277,65
2026-10-05,IDO,2027-03-30,28500.0,CE,27.6,27.6,22555.75,197665,329,65
2026-10-05,IDO,2027-06-29,16500.0,CE,10867.2,6706.97,22555.75,0,0,65
2026-10-05,IDO,2027-06-29,30000.0,CE,52.15,52.15,22555.75,5460,45,65
2026-10-05,IDO,2027-09-28,25500.0,CE,908.35,584.5,22555.75,0,0,65
2026-10-05,IDO,2027-12-28,31500.0,CE,86.0,52.7,22555.75,2080,0,65
2026-10-05,IDO,2028-06-27,16500.0,CE,11752.8,7562.83,22555.75,0,0,65
2026-10-05,IDO,2026-10-27,20500.0,PE,15.15,15.15,22555.75,948415,17334,65
2026-10-05,IDO,2026-10-27,20050.0,PE,9.8,9.8,22555.75,21255,2001,65
2026-10-05,IDO,2026-10-19,25000.0,PE,2375.0,2391.57,22555.75,910,14,65
2026-10-05,IDO,2026-10-19,23950.0,PE,887.9,1346.51,22555.75,0,0,65
2026-10-05,IDO,2026-10-19,23200.0,PE,641.65,641.65,22555.75,43940,570,65
2026-10-05,IDO,2026-10-19,22150.0,PE,106.75,106.75,22555.75,20345,1132,65
2026-10-05,IDO,2026-10-19,22100.0,PE,95.45,95.45,22555.75,75465,4335,65
2026-10-05,IDO,2026-10-19,20500.0,PE,7.95,7.95,22555.75,58305,1712,65
2026-10-05,IDO,2026-10-19,20450.0,PE,1.4,0.01,22555.75,0,0,65
2026-10-05,IDO,2026-10-13,24400.0,PE,1826.35,1826.35,22555.75,2925,28,65
2026-10-05,IDO,2026-10-13,24150.0,PE,1580.3,1580.3,22555.75,650,2,65
2026-10-05,IDO,2026-10-13,23700.0,PE,1124.5,1124.5,22555.75,31655,570,65
2026-10-05,IDO,2026-10-13,23350.0,PE,785.3,785.3,22555.75,11180,135,65
2026-10-05,IDO,2026-10-13,23250.0,PE,690.0,690.0,22555.75,9100,79,65
2026-10-05,IDO,2026-10-13,22150.0,PE,65.35,65.35,22555.75,239395,39902,65
2026-10-05,IDO,2026-10-13,21900.0,PE,33.4,33.4,22555.75,725335,84558,65
2026-10-05,IDO,2026-10-13,21450.0,PE,12.2,12.2,22555.75,274300,16700,65
2026-10-05,IDO,2026-10-13,21000.0,PE,5.8,5.8,22555.75,2370550,103837,65
2026-10-05,IDO,2026-10-13,20400.0,PE,3.6,3.6,22555.75,194285,9360,65
2026-10-05,IDO,2026-10-06,25800.0,PE,3310.0,3240.36,22555.75,4875,83,65
2026-10-05,IDO,2026-10-06,25650.0,PE,3160.0,3090.39,22555.75,260,4,65
2026-10-05,IDO,2026-10-06,25100.0,PE,2550.0,2550.0,22555.75,1170,74,65
2026-10-05,IDO,2026-10-06,24200.0,PE,1648.05,1648.05,22555.75,36075,988,65
2026-10-05,IDO,2026-10-06,22900.0,PE,352.65,352.65,22555.75,505765,72118,65
2026-10-05,IDO,2026-10-06,22450.0,PE,43.45,43.45,22555.75,6060210,8382111,65
2026-10-05,IDO,2026-10-06,22050.0,PE,4.15,4.15,22555.75,3113110,1691764,65
2026-10-05,IDO,2026-10-06,21900.0,PE,2.3,2.3,22555.75,7452120,1819261,65
2026-10-05,IDO,2026-10-06,21500.0,PE,1.1,1.1,22555.75,14726075,1745808,65
2026-10-05,IDO,2026-10-06,21400.0,PE,0.85,0.85,22555.75,2614170,762950,65
2026-10-05,IDO,2026-10-06,20950.0,PE,0.5,0.5,22555.75,210275,59569,65
2026-10-05,IDO,2026-10-06,20900.0,PE,0.45,0.45,22555.75,388375,55502,65
2026-10-05,IDO,2026-10-06,20150.0,PE,0.4,0.4,22555.75,32045,2814,65
2026-10-05,IDO,2031-06-24,33000.0,CE,3451.55,1538.44,22555.75,0,0,65
2026-10-05,IDO,2030-06-25,33000.0,CE,4416.45,917.58,22555.75,0,0,65
2026-10-05,IDO,2027-06-29,31500.0,PE,3604.7,7706.56,22555.75,0,0,65
2026-10-05,IDO,2027-12-28,17000.0,PE,72.55,8.0,22555.75,17775,0,65
2026-10-05,IDO,2027-12-28,19500.0,PE,29.25,97.94,22555.75,0,0,65
2026-10-05,IDO,2027-12-28,31500.0,PE,3240.0,6936.24,22555.75,0,0,65
2026-10-05,IDO,2028-06-27,15000.0,PE,127.2,1.75,22555.75,0,0,65
2026-10-05,IDO,2028-06-27,30000.0,PE,3779.25,5025.42,22555.75,0,0,65
2026-10-05,IDO,2028-12-26,25000.0,PE,1470.0,1470.0,22555.75,13735,5,65
2026-10-05,IDO,2029-06-26,25500.0,PE,624.25,1652.75,22555.75,0,0,65
2026-10-05,IDO,2029-06-26,30000.0,PE,2031.05,4131.13,22555.75,0,0,65
2026-10-05,IDO,2029-12-24,18000.0,PE,96.5,81.59,22555.75,0,0,65
2026-10-05,IDO,2029-12-24,25500.0,PE,597.3,1536.97,22555.75,0,0,65
2026-10-05,IDO,2030-06-25,18000.0,PE,116.65,88.62,22555.75,0,0,65
2026-10-05,IDO,2027-03-30,33000.0,PE,8415.45,9580.61,22555.75,0,0,65
2026-10-05,IDO,2027-03-30,30000.0,PE,6273.1,6660.84,22555.75,2470,0,65
2026-10-05,IDO,2027-03-30,25500.0,PE,2270.4,2270.4,22555.75,216970,519,65
2026-10-05,IDO,2026-12-29,33000.0,PE,5263.45,10024.28,22555.75,0,0,65
2026-10-05,IDO,2026-12-29,30000.0,PE,6948.65,6948.65,22555.75,508550,129,65
2026-10-05,IDO,2026-12-29,28000.0,PE,5016.4,5016.4,22555.75,1054580,70,65
2026-10-05,IDO,2026-12-29,23800.0,PE,1079.55,1174.7,22555.75,2145,6,65
2026-10-05,IDO,2026-12-29,22500.0,PE,405.65,405.65,22555.75,1784575,9198,65
2026-10-05,IDO,2026-12-29,22400.0,PE,370.35,370.35,22555.75,77350,1480,65
2026-10-05,IDO,2026-12-29,20900.0,PE,109.05,109.05,22555.75,5525,121,65
2026-10-05,IDO,2026-12-29,20650.0,PE,64.15,33.54,22555.75,0,0,65
2026-10-05,IDO,2026-12-29,20450.0,PE,48.5,23.17,22555.75,0,0,65
2026-10-05,IDO,2026-12-29,17000.0,PE,15.65,15.65,22555.75,278860,623,65
2026-10-05,IDO,2026-11-23,25550.0,PE,1282.8,2809.34,22555.75,0,0,65
2026-10-05,IDO,2026-11-23,25250.0,PE,1090.7,2514.67,22555.75,0,0,65
2026-10-05,IDO,2026-11-23,24400.0,PE,1701.2,1700.82,22555.75,9230,23,65
2026-10-05,IDO,2026-11-23,24350.0,PE,1661.45,1654.71,22555.75,2210,4,65
2026-10-05,IDO,2026-11-23,23350.0,PE,801.0,801.0,22555.75,7930,29,65
2026-10-05,IDO,2026-11-23,23000.0,PE,583.65,583.65,22555.75,1014065,3924,65
2026-10-05,IDO,2026-11-23,22950.0,PE,559.0,559.0,22555.75,4940,52,65
2026-10-05,IDO,2026-11-23,22600.0,PE,385.15,385.15,22555.75,91065,1396,65
2026-10-05,IDO,2026-11-23,22300.0,PE,277.95,277.95,22555.75,78845,2106,65
2026-10-05,IDO,2026-11-23,22150.0,PE,235.8,235.8,22555.75,5655,96,65
2026-10-05,IDO,2026-11-23,22000.0,PE,202.35,202.35,22555.75,1265420,15729,65
2026-10-05,IDO,2026-11-23,21850.0,PE,169.75,169.75,22555.75,4550,46,65
2026-10-05,IDO,2026-11-23,21250.0,PE,91.8,91.8,22555.75,4745,107,65
2026-10-05,IDO,2026-11-03,24300.0,PE,1010.0,1648.6,22555.75,65,0,65
2026-10-05,IDO,2026-11-03,22850.0,PE,465.0,444.16,22555.75,3965,10,65
2026-10-05,IDO,2026-11-03,22600.0,PE,332.85,332.85,22555.75,13650,341,65
2026-10-05,IDO,2026-11-03,22050.0,PE,156.2,156.2,22555.75,1170,9,65
2026-10-05,IDO,2026-11-03,21350.0,PE,17.55,19.68,22555.75,0,0,65
2026-10-05,IDO,2026-10-27,27200.0,PE,4477.25,4554.23,22555.75,57980,3,65
2026-10-05,IDO,2026-10-27,24950.0,PE,2335.0,2311.98,22555.75,845,4,65
2026-10-05,IDO,2026-10-27,24700.0,PE,2049.35,2049.35,22555.75,217165,19,65
2026-10-05,IDO,2026-10-27,23800.0,PE,1180.2,1180.2,22555.75,520325,472,65
2026-10-05,IDO,2026-10-27,23700.0,PE,1081.35,1081.35,22555.75,381355,323,65
2026-10-05,IDO,2026-10-27,23550.0,PE,948.45,948.45,22555.75,15015,30,65
2026-10-05,IDO,2026-10-27,22500.0,PE,255.55,255.55,22555.75,4357405,161492,65
2026-10-05,IDO,2026-10-27,21700.0,PE,71.5,71.5,22555.75,578695,17124,65
2026-10-05,IDO,2026-10-27,21050.0,PE,28.6,28.6,22555.75,23920,717,65
2026-10-05,IDO,2026-10-27,20550.0,PE,16.2,16.2,22555.75,16965,1526,65
2026-10-05,IDO,2026-10-19,25150.0,PE,1919.85,2541.25,22555.75,0,0,65
2026-10-05,IDO,2026-10-19,24250.0,PE,1180.0,1643.78,22555.75,65,0,65
2026-10-05,IDO,2026-10-19,24150.0,PE,1040.4,1544.41,22555.75,0,0,65
2026-10-05,IDO,2026-10-19,23500.0,PE,907.3,907.3,22555.75,26455,245,65
2026-10-05,IDO,2026-10-19,22950.0,PE,447.85,447.85,22555.75,4745,43,65
2026-10-05,IDO,2026-10-19,22900.0,PE,424.3,424.3,22555.75,23010,386,65
2026-10-05,IDO,2026-10-19,22350.0,PE,156.9,156.9,22555.75,22360,2620,65
2026-10-05,IDO,2026-10-19,22000.0,PE,79.85,79.85,22555.75,412165,13640,65
2026-10-05,IDO,2026-10-19,21500.0,PE,31.3,31.3,22555.75,165295,8442,65
2026-10-05,IDO,2026-10-19,21350.0,PE,23.4,23.4,22555.75,7345,408,65
2026-10-05,IDO,2026-10-19,20750.0,PE,3.5,0.07,22555.75,0,0,65
2026-10-05,IDO,2026-10-19,20600.0,PE,9.5,9.5,22555.75,1755,302,65
2026-10-05,IDO,2026-10-19,20250.0,PE,0.7,0.01,22555.75,0,0,65
2026-10-05,IDO,2026-10-13,25100.0,PE,2490.0,2514.01,22555.75,4810,90,65
2026-10-05,IDO,2026-10-13,24800.0,PE,2229.3,2229.3,22555.75,1235,19,65
2026-10-05,IDO,2026-10-13,24050.0,PE,1543.65,1465.36,22555.75,325,0,65
2026-10-05,IDO,2026-10-13,23500.0,PE,931.5,931.5,22555.75,219505,4826,65
2026-10-05,IDO,2026-10-13,23200.0,PE,644.5,644.5,22555.75,209170,2290,65
2026-10-05,IDO,2026-10-13,22500.0,PE,161.9,161.9,22555.75,1915745,266152,65
2026-10-05,IDO,2026-10-13,20200.0,PE,3.25,3.25,22555.75,425490,16180,65
2026-10-05,IDO,2026-10-06,24350.0,PE,1785.0,1790.58,22555.75,455,10,65
2026-10-05,IDO,2026-10-06,24150.0,PE,1610.2,1610.2,22555.75,1820,6,65
2026-10-05,IDO,2026-10-06,24000.0,PE,1449.5,1449.5,22555.75,302965,3722,65
2026-10-05,IDO,2026-10-06,22000.0,PE,3.4,3.4,22555.75,12783420,3581139,65
2026-10-05,IDO,2026-10-06,20200.0,PE,0.4,0.4,22555.75,55575,12892,65
2026-10-05,IDO,2030-12-31,31500.0,CE,4554.55,1557.97,22555.75,0,0,65
2026-10-05,IDO,2029-12-24,25500.0,CE,6500.6,2733.73,22555.75,0,0,65
2026-10-05,IDO,2029-12-24,24000.0,CE,3915.0,3478.74,22555.75,195,0,65
2026-10-05,IDO,2029-06-26,28500.0,CE,4213.3,1213.86,22555.75,0,0,65
2026-10-05,IDO,2029-06-26,15000.0,CE,13671.85,9650.69,22555.75,0,0,65
2026-10-05,IDO,2028-12-26,21000.0,CE,7512.5,4327.07,22555.75,0,0,65
2026-10-05,IDO,2028-06-27,22500.0,CE,6796.05,2770.3,22555.75,0,0,65
2026-10-05,IDO,2027-12-28,26000.0,CE,568.75,568.75,22555.75,233585,981,65
2026-10-05,IDO,2027-12-28,16500.0,CE,11316.4,7139.39,22555.75,0,0,65
2026-10-05,IDO,2027-09-28,22500.0,CE,2265.0,1872.01,22555.75,715,11,65
2026-10-05,IDO,2027-09-28,16500.0,CE,7170.5,6924.2,22555.75,0,0,65
2026-10-05,IDO,2027-06-29,31500.0,CE,769.15,4.49,22555.75,0,0,65
2026-10-05,IDO,2027-03-30,27000.0,CE,51.25,51.25,22555.75,1160510,2942,65
2026-10-05,IDO,2026-12-29,24200.0,CE,121.35,121.35,22555.75,36465,441,65
2026-10-05,IDO,2026-12-29,22500.0,CE,757.4,757.4,22555.75,421915,3707,65
2026-10-05,IDO,2026-12-29,22350.0,CE,880.8,848.11,22555.75,8320,37,65
2026-10-05,IDO,2026-12-29,22050.0,CE,1060.05,1043.94,22555.75,650,3,65
2026-10-05,IDO,2026-12-29,21750.0,CE,1270.95,1261.61,22555.75,2860,23,65
2026-10-05,IDO,2026-12-29,21150.0,CE,1997.6,1752.05,22555.75,0,0,65
2026-10-05,IDO,2026-12-29,21050.0,CE,2082.3,1839.6,22555.75,0,0,65
2026-10-05,IDO,2026-12-29,20950.0,CE,2168.25,1928.49,22555.75,0,0,65
2026-10-05,IDO,2026-12-29,20700.0,CE,2388.15,2155.85,22555.75,0,0,65
2026-10-05,IDO,2026-12-29,16000.0,CE,6430.0,6759.37,22555.75,1105,0,65
2026-10-05,IDO,2026-11-23,25250.0,CE,16.95,6.16,22555.75,780,3,65
2026-10-05,IDO,2026-11-23,24600.0,CE,31.8,31.8,22555.75,52585,797,65
2026-10-05,IDO,2026-11-23,24150.0,CE,55.9,55.9,22555.75,24895,335,65
2026-10-05,IDO,2026-11-23,23900.0,CE,81.35,81.35,22555.75,129415,1224,65
2026-10-05,IDO,2026-11-23,23450.0,CE,159.5,159.5,22555.75,41990,688,65
2026-10-05,IDO,2026-11-23,22950.0,CE,328.45,328.45,22555.75,10205,82,65
2026-10-05,IDO,2026-11-23,22850.0,CE,378.45,378.45,22555.75,16185,160,65
2026-10-05,IDO,2026-11-23,22800.0,CE,399.05,399.05,22555.75,169520,2308,65
2026-10-05,IDO,2026-11-23,21750.0,CE,2952.95,1073.45,22555.75,0,0,65
2026-10-05,IDO,2026-11-23,20550.0,CE,4096.8,2164.3,22555.75,0,0,65
2026-10-05,IDO,2026-11-23,20100.0,CE,4536.15,2605.54,22555.75,0,0,65
2026-10-05,IDO,2026-11-03,25200.0,CE,8.95,8.95,22555.75,7800,95,65
2026-10-05,IDO,2026-11-03,25000.0,CE,9.35,9.35,22555.75,11245,85,65
2026-10-05,IDO,2026-11-03,24900.0,CE,8.85,1.63,22555.75,1105,0,65
2026-10-05,IDO,2026-11-03,24850.0,CE,8.55,1.92,22555.75,585,1,65
2026-10-05,IDO,2026-11-03,24200.0,CE,24.2,24.2,22555.75,10595,116,65
2026-10-05,IDO,2026-11-03,22100.0,CE,1456.1,678.87,22555.75,0,0,65
2026-10-05,IDO,2026-11-03,21900.0,CE,1631.8,833.66,22555.75,0,0,65
2026-10-05,IDO,2026-11-03,21550.0,CE,1952.8,1134.36,22555.75,0,0,65
2026-10-05,IDO,2026-10-27,26400.0,CE,1.2,1.2,22555.75,4550,4,65
2026-10-05,IDO,2026-10-27,25350.0,CE,3.8,0.05,22555.75,2730,0,65
2026-10-05,IDO,2026-10-27,25150.0,CE,4.65,0.12,22555.75,16640,0,65
2026-10-05,IDO,2026-10-27,23750.0,CE,24.5,24.5,22555.75,115505,1622,65
2026-10-05,IDO,2026-10-27,23150.0,CE,103.2,103.2,22555.75,125320,3921,65
2026-10-05,IDO,2026-10-27,22850.0,CE,202.55,202.55,22555.75,156065,3399,65
2026-10-05,IDO,2026-10-27,22500.0,CE,380.25,380.25,22555.75,2663245,117012,65
2026-10-05,IDO,2026-10-27,21200.0,CE,1313.45,1431.87,22555.75,65,0,65
2026-10-05,IDO,2026-10-19,24700.0,CE,2.5,2.5,22555.75,2405,70,65
2026-10-05,IDO,2026-10-19,23600.0,CE,15.45,15.45,22555.75,137215,3697,65
2026-10-05,IDO,2026-10-19,22250.0,CE,482.7,482.7,22555.75,8125,104,65
2026-10-05,IDO,2026-10-19,21800.0,CE,850.0,823.14,22555.75,1040,16,65
2026-10-05,IDO,2026-10-19,21400.0,CE,1444.1,1204.48,22555.75,65,0,65
2026-10-05,IDO,2026-10-19,21350.0,CE,1902.6,1253.56,22555.75,0,0,65
2026-10-05,IDO,2026-10-19,21300.0,CE,1950.35,1302.81,22555.75,0,0,65
2026-10-05,IDO,2026-10-19,20850.0,CE,2387.15,1749.83,22555.75,0,0,65
2026-10-05,IDO,2026-10-19,20750.0,CE,2485.4,1849.55,22555.75,0,0,65
2026-10-05,IDO,2026-10-13,24250.0,CE,1.15,1.15,22555.75,94510,3577,65
2026-10-05,IDO,2026-10-13,22300.0,CE,367.8,367.8,22555.75,269490,18337,65
2026-10-05,IDO,2026-10-13,21650.0,CE,949.6,934.29,22555.75,65,2,65
2026-10-05,IDO,2026-10-13,20250.0,CE,3498.0,2330.15,22555.75,0,0,65
2026-10-05,IDO,2026-10-06,25250.0,CE,0.3,0.3,22555.75,26000,1500,65
2026-10-05,IDO,2026-10-06,23600.0,CE,0.65,0.65,22555.75,3258645,551654,65
2026-10-05,IDO,2026-10-06,23350.0,CE,1.0,1.0,22555.75,1922440,492489,65
2026-10-05,IDO,2026-10-06,23100.0,CE,1.9,1.9,22555.75,8450260,1747339,65
2026-10-05,IDO,2026-10-06,22650.0,CE,39.75,39.75,22555.75,6505330,6292267,65
2026-10-05,IDO,2026-10-06,21300.0,PE,0.75,0.75,22555.75,1497925,460960,65
2026-10-05,IDO,2026-10-06,20300.0,PE,0.4,0.4,22555.75,50245,5785,65
2026-10-05,IDO,2031-06-24,25500.0,CE,6409.8,4128.65,22555.75,0,0,65
2026-10-05,IDO,2031-06-24,19500.0,CE,9840.6,7705.59,22555.75,0,0,65
2026-10-05,IDO,2031-06-24,18000.0,CE,10825.95,8768.11,22555.75,0,0,65
2026-10-05,IDO,2030-12-31,22500.0,CE,9536.95,5322.41,22555.75,0,0,65
2026-10-05,IDO,2030-06-25,15000.0,CE,14543.9,10345.08,22555.75,0,0,65
2026-10-05,IDO,2029-12-24,19500.0,CE,10678.8,6406.31,22555.75,0,0,65
2026-10-05,IDO,2029-06-26,33000.0,CE,4179.45,415.96,22555.75,0,0,65
2026-10-05,IDO,2026-10-06,21150.0,CE,3029.15,1408.94,22555.75,0,0,65
2026-10-05,IDO,2026-10-06,21200.0,CE,1359.7,1358.94,22555.75,130,2,65
2026-10-05,IDO,2026-10-06,21700.0,CE,856.85,856.85,22555.75,13715,124,65
2026-10-05,IDO,2026-10-06,22050.0,CE,506.4,506.4,22555.75,52000,3712,65
2026-10-05,IDO,2026-10-06,22900.0,CE,5.2,5.2,22555.75,11199565,2958250,65
2026-10-05,IDO,2026-10-06,22950.0,CE,4.0,4.0,22555.75,4714580,1307950,65
2026-10-05,IDO,2026-10-06,23950.0,CE,0.35,0.35,22555.75,878995,52625,65
2026-10-05,IDO,2026-10-06,24200.0,CE,0.3,0.3,22555.75,1263080,130530,65
2026-10-05,IDO,2026-10-06,24250.0,CE,0.4,0.4,22555.75,550875,31335,65
2026-10-05,IDO,2026-10-06,24550.0,CE,0.25,0.25,22555.75,200265,8952,65
2026-10-05,IDO,2026-10-06,25000.0,CE,0.25,0.25,22555.75,1336010,106277,65
2026-10-05,IDO,2026-10-06,25550.0,CE,0.35,0.35,22555.75,40755,1485,65
2026-10-05,IDO,2026-10-06,25650.0,CE,0.25,0.25,22555.75,51870,1968,65
2026-10-05,IDO,2026-10-13,20500.0,CE,3249.65,2080.45,22555.75,0,0,65
2026-10-05,IDO,2026-10-13,25050.0,CE,0.95,0.95,22555.75,8190,233,65
2026-10-05,IDO,2026-10-19,21500.0,CE,1760.75,1106.96,22555.75,0,0,65
2026-10-05,IDO,2026-10-19,22900.0,CE,119.9,119.9,22555.75,87750,5761,65
2026-10-05,IDO,2026-10-19,23000.0,CE,90.45,90.45,22555.75,393705,15877,65
2026-10-05,IDO,2026-10-19,23500.0,CE,20.35,20.35,22555.75,295230,9298,65
2026-10-05,IDO,2026-10-19,23550.0,CE,18.0,18.0,22555.75,21645,453,65
2026-10-05,IDO,2026-10-19,23800.0,CE,9.55,9.55,22555.75,99905,2960,65
2026-10-05,IDO,2026-10-19,23850.0,CE,9.7,9.7,22555.75,16510,101,65
2026-10-05,IDO,2026-10-19,25200.0,CE,1.7,1.7,22555.75,15405,630,65
2026-10-05,IDO,2026-10-27,20750.0,CE,3566.95,1875.26,22555.75,0,0,65
2026-10-05,IDO,2026-10-27,21300.0,CE,1235.6,1334.97,22555.75,1235,0,65
2026-10-05,IDO,2026-10-27,21450.0,CE,1084.5,1191.68,22555.75,65,0,65
2026-10-05,IDO,2026-10-27,22000.0,CE,737.05,737.05,22555.75,1197430,8214,65
2026-10-05,IDO,2026-10-27,22450.0,CE,411.1,411.1,22555.75,87165,4664,65
2026-10-05,IDO,2026-10-27,23500.0,CE,43.9,43.9,22555.75,8617830,84161,65
2026-10-05,IDO,2026-10-27,23950.0,CE,17.3,17.3,22555.75,239395,1742,65
2026-10-05,IDO,2031-06-24,27000.0,PE,1653.15,1715.06,22555.75,0,0,65
2026-10-05,IDO,2030-12-31,31500.0,PE,1885.5,3948.57,22555.75,0,0,65
2026-10-05,IDO,2030-12-31,28500.0,PE,1083.1,2459.37,22555.75,0,0,65
2026-10-05,IDO,2029-06-26,26000.0,PE,1650.0,1873.04,22555.75,50,0,65
2026-10-05,IDO,2029-06-26,24000.0,PE,850.0,1084.82,22555.75,155,0,65
2026-10-05,IDO,2028-12-26,19500.0,PE,49.0,157.91,22555.75,0,0,65
2026-10-05,IDO,2027-09-28,30000.0,PE,5717.3,5921.2,22555.75,0,0,65
2026-10-05,IDO,2027-09-28,22500.0,PE,761.85,634.65,22555.75,65,0,65
2026-10-05,IDO,2026-12-29,23500.0,PE,905.9,905.9,22555.75,91975,1099,65
2026-10-05,IDO,2026-12-29,23200.0,PE,725.95,725.95,22555.75,7800,47,65
2026-10-05,IDO,2026-12-29,22800.0,PE,524.4,524.4,22555.75,78585,488,65
2026-10-05,IDO,2026-12-29,22050.0,PE,278.1,278.1,22555.75,6825,78,65
2026-10-05,IDO,2026-12-29,22000.0,PE,264.75,264.75,22555.75,3401490,15698,65
2026-10-05,IDO,2026-12-29,21650.0,PE,197.45,197.45,22555.75,8710,82,65
2026-10-05,IDO,2026-12-29,21350.0,PE,157.25,103.99,22555.75,2535,86,65
2026-10-05,IDO,2026-12-29,21150.0,PE,143.1,77.13,22555.75,3835,0,65
2026-10-05,IDO,2026-12-29,20850.0,PE,105.9,47.52,22555.75,1690,57,65
2026-10-05,IDO,2026-12-29,20150.0,PE,31.0,12.76,22555.75,0,0,65
2026-10-05,IDO,2026-11-23,25050.0,PE,2152.6,2319.6,22555.75,65,0,65
2026-10-05,IDO,2026-11-23,24950.0,PE,915.05,2222.66,22555.75,0,0,65
2026-10-05,IDO,2026-11-23,24650.0,PE,1463.55,1935.13,22555.75,260,0,65
2026-10-05,IDO,2026-11-23,23750.0,PE,1135.95,1130.19,22555.75,2860,5,65
2026-10-05,IDO,2026-11-23,23150.0,PE,682.05,685.49,22555.75,128765,65,65
2026-10-05,IDO,2026-12-29,20400.0,CE,2660.2,2436.42,22555.75,0,0,65
2026-10-05,IDO,2026-11-23,25900.0,CE,9.35,9.35,22555.75,1755,21,65
2026-10-05,IDO,2026-11-23,24400.0,CE,39.7,39.7,22555.75,100165,946,65
2026-10-05,IDO,2026-11-23,23950.0,CE,76.2,76.2,22555.75,29380,321,65
2026-10-05,IDO,2026-12-29,20550.0,CE,2523.15,2295.23,22555.75,0,0,65
2026-10-05,IDO,2026-12-29,21250.0,CE,1687.1,1665.95,22555.75,455,2,65
2026-10-05,IDO,2026-10-27,24200.0,CE,11.65,11.65,22555.75,834535,6767,65
2026-10-05,IDO,2026-11-23,20500.0,PE,46.6,46.6,22555.75,296985,4838,65
2026-10-05,IDO,2026-11-23,20300.0,PE,4.4,3.58,22555.75,0,0,65
2026-10-05,IDO,2026-11-23,20150.0,PE,3.3,2.26,22555.75,0,0,65
2026-10-05,IDO,2026-11-03,25000.0,PE,1577.95,2336.4,22555.75,0,0,65
2026-10-05,IDO,2026-12-29,23650.0,CE,234.5,272.93,22555.75,7800,96,65
2026-10-05,IDO,2026-12-29,23700.0,CE,219.25,219.25,22555.75,70265,467,65
2026-10-05,IDO,2026-11-23,23500.0,CE,149.75,149.75,22555.75,1058720,11854,65
2026-10-05,IDO,2026-11-03,24900.0,PE,1490.95,2237.31,22555.75,0,0,65
2026-10-05,IDO,2026-10-27,24250.0,CE,11.5,11.5,22555.75,104650,693,65
2026-10-05,IDO,2026-10-27,24550.0,CE,7.7,7.7,22555.75,52520,472,65
2026-10-05,IDO,2026-10-27,24750.0,CE,6.1,6.1,22555.75,23920,201,65
2026-10-05,IDO,2026-11-23,22450.0,CE,593.65,583.6,22555.75,2990,57,65
2026-10-05,IDO,2026-10-27,25450.0,CE,3.3,0.03,22555.75,7670,25,65
2026-10-05,IDO,2026-10-27,26000.0,CE,1.7,1.7,22555.75,1860690,7595,65
2026-10-05,IDO,2026-11-03,23850.0,PE,700.25,1223.78,22555.75,0,0,65
2026-10-05,IDO,2026-11-03,23550.0,PE,528.4,958.37,22555.75,0,0,65
2026-10-05,IDO,2026-11-03,23250.0,PE,670.0,716.27,22555.75,455,0,65
2026-10-05,IDO,2026-11-03,23200.0,PE,665.5,665.5,22555.75,9750,127,65
2026-10-05,IDO,2026-11-03,23150.0,PE,538.0,642.23,22555.75,195,0,65
2026-10-05,IDO,2026-11-03,22150.0,PE,181.45,181.45,22555.75,3120,44,65
2026-10-05,IDO,2026-11-03,22100.0,PE,161.95,161.95,22555.75,6500,90,65
2026-10-05,IDO,2026-11-03,22000.0,PE,144.1,144.1,22555.75,27235,643,65
2026-10-05,IDO,2026-11-03,21000.0,PE,41.15,41.15,22555.75,14430,201,65
2026-10-05,IDO,2026-11-03,20650.0,PE,3.1,1.73,22555.75,0,0,65
2026-10-05,IDO,2026-11-03,20600.0,PE,2.7,1.41,22555.75,0,0,65
2026-10-05,IDO,2026-10-27,27000.0,CE,0.7,0.7,22555.75,980070,1688,65
2026-10-05,IDO,2026-11-03,20050.0,PE,0.5,0.11,22555.75,0,0,65
2026-10-05,IDO,2026-10-27,26700.0,PE,3900.0,4055.89,22555.75,260,0,65
2026-10-05,IDO,2026-10-27,26600.0,PE,3700.0,3956.22,22555.75,455,0,65
2026-10-05,IDO,2026-10-27,25550.0,PE,2725.0,2909.71,22555.75,910,0,65
2026-10-05,IDO,2026-10-27,24800.0,PE,2151.85,2151.85,22555.75,314665,52,65
2026-10-05,IDO,2026-10-27,24500.0,PE,1855.85,1855.85,22555.75,1481090,1430,65
2026-10-05,IDO,2026-10-27,21250.0,PE,39.05,39.05,22555.75,38675,703,65
2026-10-05,IDO,2026-10-27,20350.0,PE,10.55,0.1,22555.75,0,0,65
2026-10-05,IDO,2026-10-19,25100.0,PE,1872.7,2491.36,22555.75,0,0,65
2026-10-05,IDO,2026-10-19,24500.0,PE,1329.5,1892.78,22555.75,0,0,65
2026-10-05,IDO,2026-10-19,23250.0,PE,684.5,684.5,22555.75,3120,23,65
2026-10-05,IDO,2026-10-19,23050.0,PE,537.35,522.91,22555.75,3120,24,65
2026-10-05,IDO,2026-10-19,21050.0,PE,15.0,15.0,22555.75,2340,92,65
2026-10-05,IDO,2026-10-19,21000.0,PE,13.75,13.75,22555.75,219310,10143,65
2026-10-05,IDO,2026-10-19,20800.0,PE,10.0,10.0,22555.75,18330,499,65
2026-10-05,IDO,2026-10-13,24500.0,PE,1917.7,1917.7,22555.75,78780,1111,65
2026-10-05,IDO,2026-10-13,24200.0,PE,1616.15,1616.15,22555.75,49985,736,65
2026-10-05,IDO,2026-11-03,20100.0,CE,3366.5,2543.54,22555.75,0,0,65
2026-10-05,IDO,2026-11-03,20700.0,CE,2773.55,1948.12,22555.75,0,0,65
2026-10-05,IDO,2026-11-03,20800.0,CE,2675.3,1849.55,22555.75,0,0,65
2026-10-05,IDO,2026-11-03,22450.0,CE,463.75,446.62,22555.75,2015,73,65
2026-10-05,IDO,2026-11-03,23250.0,CE,119.45,119.45,22555.75,2795,50,65
2026-10-05,IDO,2026-11-03,23650.0,CE,57.15,53.54,22555.75,1560,2,65
2026-10-05,IDO,2026-11-03,23700.0,CE,401.3,47.78,22555.75,0,0,65
2026-10-05,IDO,2026-11-03,23850.0,CE,42.8,33.52,22555.75,1365,21,65
2026-10-05,IDO,2026-11-03,23950.0,CE,305.7,26.19,22555.75,0,0,65
2026-10-05,IDO,2026-11-23,21150.0,CE,3517.65,1594.1,22555.75,0,0,65
2026-10-05,IDO,2026-11-03,24300.0,CE,22.35,22.35,22555.75,1105,23,65
2026-10-05,IDO,2026-12-29,30000.0,CE,5.55,5.55,22555.75,800975,371,65
2026-10-05,IDO,2026-12-29,31500.0,CE,4.65,0.01,22555.75,33085,0,65
2026-10-05,IDO,2027-06-29,27000.0,CE,133.05,133.05,22555.75,57330,464,65
2026-10-05,IDO,2027-09-28,19500.0,CE,4470.95,4155.08,22555.75,0,0,65
2026-10-05,IDO,2027-12-28,30000.0,CE,121.9,121.9,22555.75,244660,296,65
2026-10-05,IDO,2028-12-26,24000.0,CE,2810.0,2810.0,22555.75,3250,9,65
2026-10-05,IDO,2028-12-26,25500.0,CE,1800.8,1777.12,22555.75,910,3,65
2026-10-05,IDO,2026-10-13,23100.0,PE,552.0,552.0,22555.75,159965,2883,65
2026-10-05,IDO,2026-10-13,22650.0,PE,229.8,229.8,22555.75,229125,33365,65
2026-10-05,IDO,2026-10-13,20900.0,PE,5.1,5.1,22555.75,329680,23089,65
2026-10-05,IDO,2026-10-06,25500.0,PE,2943.05,2943.05,22555.75,44850,417,65
2026-10-05,IDO,2026-10-06,25450.0,PE,1346.9,2890.42,22555.75,0,0,65
2026-10-05,IDO,2026-10-06,25400.0,PE,2840.0,2840.42,22555.75,1430,10,65
2026-10-05,IDO,2026-10-06,24600.0,PE,2050.65,2050.65,22555.75,5525,227,65
2026-10-05,IDO,2026-10-06,24550.0,PE,1790.0,1990.55,22555.75,585,0,65
2026-10-05,IDO,2026-10-06,22800.0,PE,258.25,258.25,22555.75,1304550,356618,65
2026-10-05,IDO,2026-10-06,22250.0,PE,11.6,11.6,22555.75,4799210,3254864,65
2026-10-05,IDO,2026-10-13,23250.0,CE,15.9,15.9,22555.75,666250,37693,65
2026-10-05,IDO,2026-10-13,23550.0,CE,5.9,5.9,22555.75,753740,15628,65
2026-10-05,IDO,2026-10-13,23750.0,CE,3.6,3.6,22555.75,145470,5479,65
2026-10-05,IDO,2026-10-13,23850.0,CE,2.8,2.8,22555.75,108030,4200,65
2026-10-05,IDO,2026-10-19,20150.0,CE,3079.15,2448.21,22555.75,0,0,65
2026-10-05,IDO,2026-10-19,20600.0,CE,2633.35,1999.19,22555.75,0,0,65
2026-10-05,IDO,2026-10-19,20700.0,CE,2534.65,1899.42,22555.75,0,0,65
2026-10-05,IDO,2026-10-19,21550.0,CE,1714.0,1058.61,22555.75,0,0,65
2026-10-05,IDO,2026-10-19,23150.0,CE,56.9,56.9,22555.75,26260,1152,65
2026-10-05,IDO,2026-10-19,23350.0,CE,30.0,30.0,22555.75,31980,1252,65
2026-10-05,IDO,2026-10-27,20300.0,CE,3999.95,2323.01,22555.75,0,0,65
2026-10-05,IDO,2026-10-27,20500.0,CE,2127.6,2127.6,22555.75,51870,643,65
2026-10-05,IDO,2026-10-27,20650.0,CE,3662.6,1974.61,22555.75,0,0,65
2026-10-05,IDO,2026-10-27,20700.0,CE,1997.6,1924.92,22555.75,65,2,65
2026-10-05,IDO,2026-10-27,21250.0,CE,1356.25,1383.31,22555.75,65,0,65
2026-10-05,IDO,2026-10-27,21400.0,CE,1352.0,1239.12,22555.75,2275,1,65
2026-10-05,IDO,2026-10-27,22250.0,CE,549.35,549.35,22555.75,69615,863,65
2026-10-05,IDO,2026-10-27,22700.0,CE,271.1,271.1,22555.75,1704170,48120,65
2026-10-05,IDO,2026-10-27,22750.0,CE,245.65,245.65,22555.75,282685,6674,65
2026-10-05,IDO,2026-10-27,23600.0,CE,34.7,34.7,22555.75,1310855,15788,65
2026-10-05,IDO,2026-10-27,23700.0,CE,27.45,27.45,22555.75,976430,11999,65
2026-10-05,IDO,2026-10-27,23900.0,CE,18.45,18.45,22555.75,512655,10287,65
2026-10-05,IDO,2026-10-27,25650.0,CE,2.65,0.01,22555.75,4290,0,65
2026-10-05,IDO,2026-10-27,25950.0,CE,1.55,0.01,22555.75,4095,33,65
2026-10-05,IDO,2026-10-27,26200.0,CE,0.75,0.75,22555.75,19500,225,65
2026-10-05,IDO,2026-10-27,26350.0,CE,1.05,0.01,22555.75,1170,15,65
2026-10-05,IDO,2026-10-27,26500.0,CE,0.9,0.9,22555.75,728975,1316,65
2026-10-05,IDO,2026-10-27,26800.0,CE,1.4,1.4,22555.75,780,8,65
2026-10-05,IDO,2026-11-03,20150.0,CE,3316.95,2493.8,22555.75,0,0,65
2026-10-05,IDO,2026-11-03,20850.0,CE,2626.3,1800.4,22555.75,0,0,65
2026-10-05,IDO,2026-11-03,20950.0,CE,2528.5,1702.47,22555.75,0,0,65
2026-10-05,IDO,2026-11-03,21000.0,CE,2479.75,1653.72,22555.75,0,0,65
2026-10-05,IDO,2026-11-03,21650.0,CE,1859.6,1045.22,22555.75,0,0,65
2026-10-05,IDO,2026-11-03,21750.0,CE,1767.5,958.49,22555.75,0,0,65
2026-10-05,IDO,2026-11-03,22850.0,CE,254.35,254.35,22555.75,1300,50,65
2026-10-05,IDO,2026-11-03,23150.0,CE,157.2,148.92,22555.75,2470,45,65
2026-10-05,IDO,2026-11-03,23200.0,CE,136.05,136.05,22555.75,8970,445,65
2026-10-05,IDO,2026-11-23,20300.0,CE,4340.55,2408.67,22555.75,0,0,65
2026-10-05,IDO,2026-11-23,21300.0,CE,3374.8,1457.75,22555.75,0,0,65
2026-10-05,IDO,2026-11-23,21850.0,CE,2860.95,994.41,22555.75,0,0,65
2026-10-05,IDO,2026-11-23,22150.0,CE,716.0,774.48,22555.75,520,0,65
2026-10-05,IDO,2026-11-23,24200.0,CE,52.65,52.65,22555.75,200915,2536,65
2026-10-05,IDO,2026-11-23,25450.0,CE,14.0,3.87,22555.75,910,0,65
2026-10-05,IDO,2026-11-23,25650.0,CE,14.4,2.39,22555.75,520,0,65
2026-10-05,IDO,2026-12-29,18000.0,CE,4729.4,4729.4,22555.75,15795,38,65
2026-10-05,IDO,2026-12-29,20000.0,CE,2849.85,2849.85,22555.75,825395,710,65
2026-10-05,IDO,2026-12-29,20100.0,CE,2939.35,2723.04,22555.75,0,0,65
2026-10-05,IDO,2026-12-29,20350.0,CE,2706.3,2483.83,22555.75,0,0,65
2026-10-05,IDO,2026-12-29,20650.0,CE,2432.9,2202.09,22555.75,0,0,65
2026-10-05,IDO,2026-12-29,20800.0,CE,2299.35,2064.1,22555.75,0,0,65
2026-10-05,IDO,2026-12-29,21000.0,CE,1920.6,1920.6,22555.75,859515,1958,65
2026-10-05,IDO,2026-12-29,21100.0,CE,2039.8,1795.65,22555.75,0,0,65
2026-10-05,IDO,2026-12-29,21600.0,CE,1398.25,1377.88,22555.75,2535,15,65
2026-10-05,IDO,2026-12-29,21950.0,CE,1255.95,1114.18,22555.75,975,0,65
2026-10-05,IDO,2026-12-29,22000.0,CE,1093.6,1093.6,22555.75,657140,3498,65
2026-10-05,IDO,2026-12-29,22650.0,CE,668.85,675.8,22555.75,1170,11,65
2026-10-05,IDO,2026-12-29,23900.0,CE,172.55,172.55,22555.75,124020,2494,65
2026-10-05,IDO,2026-12-29,24150.0,CE,130.8,130.8,22555.75,5785,76,65
2026-10-05,IDO,2026-12-29,28000.0,CE,7.45,7.45,22555.75,1661425,1516,65
2026-10-05,IDO,2026-12-29,31000.0,CE,5.05,5.05,22555.75,124625,190,65
2026-10-05,IDO,2027-03-30,18000.0,CE,5643.55,5028.56,22555.75,0,0,65
2026-10-05,IDO,2027-03-30,30000.0,CE,14.45,14.45,22555.75,176280,236,65
2026-10-05,IDO,2027-06-29,19000.0,CE,7800.0,4332.74,22555.75,75,0,65
2026-10-05,IDO,2027-12-28,19500.0,CE,8684.7,4429.37,22555.75,0,0,65
2026-10-05,IDO,2027-12-28,33000.0,CE,45.5,45.5,22555.75,13845,86,65
2026-10-05,IDO,2028-12-26,18000.0,CE,9380.3,6690.44,22555.75,0,0,65
2026-10-05,IDO,2028-12-26,19500.0,CE,9716.4,5462.01,22555.75,0,0,65
2026-10-05,IDO,2028-12-26,31500.0,CE,405.0,361.64,22555.75,715,9,65
2026-10-05,IDO,2028-12-26,33000.0,CE,2477.5,229.14,22555.75,0,0,65
2026-10-05,IDO,2030-06-25,25500.0,CE,7070.45,3207.66,22555.75,0,0,65
2026-10-05,IDO,2030-06-25,31500.0,CE,3984.8,1204.51,22555.75,0,0,65
2026-10-05,IDO,2030-12-31,30000.0,CE,5227.2,1960.24,22555.75,0,0,65
2026-10-05,IDO,2031-06-24,28500.0,CE,5048.95,2848.71,22555.75,0,0,65
2026-10-05,IDO,2026-10-06,21350.0,PE,0.85,0.85,22555.75,688220,217780,65
2026-10-05,IDO,2026-10-06,22300.0,PE,16.5,16.5,22555.75,9539985,6365497,65
2026-10-05,IDO,2026-10-06,23050.0,PE,496.05,496.05,22555.75,232635,12939,65
2026-10-05,IDO,2026-10-06,24650.0,PE,2091.45,2090.54,22555.75,2340,61,65
2026-10-05,IDO,2026-10-06,24750.0,PE,2266.6,2190.52,22555.75,260,0,65
2026-10-05,IDO,2026-10-13,21300.0,PE,9.25,9.25,22555.75,980785,61034,65
2026-10-05,IDO,2026-10-13,22200.0,PE,73.05,73.05,22555.75,1707680,150691,65
2026-10-05,IDO,2026-10-13,23300.0,PE,742.7,742.7,22555.75,151515,2225,65
2026-10-05,IDO,2026-10-13,24000.0,PE,1419.2,1419.2,22555.75,171665,1770,65
2026-10-05,IDO,2026-10-13,24250.0,PE,1650.0,1665.05,22555.75,260,1,65
2026-10-05,IDO,2026-10-13,24850.0,PE,2405.15,2264.31,22555.75,195,0,65
2026-10-05,IDO,2026-10-19,20550.0,PE,20.0,0.02,22555.75,0,0,65
2026-10-05,IDO,2026-10-19,21100.0,PE,17.0,17.0,22555.75,18135,789,65
2026-10-05,IDO,2026-10-19,21650.0,PE,40.2,40.2,22555.75,21060,642,65
2026-10-05,IDO,2026-10-19,21700.0,PE,44.45,44.45,22555.75,67795,3443,65
2026-10-05,IDO,2026-10-19,22800.0,PE,358.85,358.85,22555.75,95160,2033,65
2026-10-05,IDO,2026-10-19,23400.0,PE,816.85,820.24,22555.75,8775,29,65
2026-10-05,IDO,2026-10-19,23750.0,PE,746.7,1150.77,22555.75,0,0,65
2026-10-05,IDO,2026-10-19,24750.0,PE,1549.95,2142.13,22555.75,0,0,65
2026-10-05,IDO,2026-10-27,20700.0,PE,19.2,19.2,22555.75,90740,2698,65
2026-10-05,IDO,2026-10-27,20750.0,PE,20.25,20.25,22555.75,11375,415,65
2026-10-05,IDO,2026-10-27,22300.0,PE,189.25,189.25,22555.75,2508545,98473,65
2026-10-05,IDO,2026-10-27,22350.0,PE,202.45,202.45,22555.75,129285,4635,65
2026-10-05,IDO,2026-10-27,22800.0,PE,394.2,394.2,22555.75,1473550,27815,65
2026-10-05,IDO,2026-10-27,23650.0,PE,1045.5,1045.5,22555.75,21385,22,65
2026-10-05,IDO,2026-10-27,25050.0,PE,2430.0,2411.54,22555.75,910,1,65
2026-10-05,IDO,2026-10-27,25900.0,PE,3210.0,3258.54,22555.75,1820,0,65
2026-10-05,IDO,2026-10-27,25950.0,PE,1842.3,3308.37,22555.75,0,0,65
2026-10-05,IDO,2026-10-27,26050.0,PE,3580.0,3408.04,22555.75,130,0,65
2026-10-05,IDO,2026-10-27,26650.0,PE,2415.2,4006.05,22555.75,0,0,65
2026-10-05,IDO,2026-11-03,22400.0,PE,253.0,253.0,22555.75,6695,258,65
2026-10-05,IDO,2026-11-03,23050.0,PE,508.55,572.03,22555.75,2015,18,65
2026-10-05,IDO,2026-11-03,23450.0,PE,902.6,874.65,22555.75,195,2,65
2026-10-05,IDO,2026-11-03,23500.0,PE,897.75,916.17,22555.75,9295,20,65
2026-10-05,IDO,2026-11-03,24100.0,PE,863.85,1456.96,22555.75,0,0,65
2026-10-05,IDO,2026-11-03,24250.0,PE,970.25,1600.37,22555.75,0,0,65
2026-10-05,IDO,2026-11-03,24350.0,PE,1045.45,1697.02,22555.75,0,0,65
2026-10-05,IDO,2026-11-03,24450.0,PE,1121.05,1794.33,22555.75,0,0,65
2026-10-05,IDO,2026-11-23,22250.0,PE,262.4,262.4,22555.75,12675,164,65
2026-10-05,IDO,2026-11-23,22350.0,PE,291.4,291.4,22555.75,7865,137,65
2026-10-05,IDO,2026-11-23,22750.0,PE,446.95,446.95,22555.75,28925,430,65
2026-10-05,IDO,2026-11-23,22850.0,PE,493.75,493.75,22555.75,14235,200,65
2026-10-05,IDO,2026-11-23,24800.0,PE,2223.6,2078.19,22555.75,5070,0,65
2026-10-05,IDO,2026-11-23,26000.0,PE,3208.0,3208.0,22555.75,221910,703,65
2026-10-05,IDO,2026-12-29,20750.0,PE,73.4,40.03,22555.75,0,0,65
2026-10-05,IDO,2026-12-29,21850.0,PE,239.65,202.94,22555.75,8255,75,65
2026-10-05,IDO,2026-12-29,22550.0,PE,430.0,430.0,22555.75,8190,92,65
2026-10-05,IDO,2026-12-29,23050.0,PE,660.0,684.62,22555.75,4615,3,65
2026-10-05,IDO,2026-12-29,24250.0,PE,1501.8,1526.69,22555.75,2795,15,65
2026-10-05,IDO,2026-12-29,25000.0,PE,2133.8,2133.8,22555.75,1650305,1869,65
2026-10-05,IDO,2026-12-29,31500.0,PE,4059.3,8543.37,22555.75,0,0,65
2026-10-05,IDO,2027-03-30,18000.0,PE,50.9,50.9,22555.75,139425,1138,65
2026-10-05,IDO,2027-06-29,15000.0,PE,1173.2,0.02,22555.75,0,0,65
2026-10-05,IDO,2027-06-29,21000.0,PE,277.25,277.25,22555.75,57055,395,65
2026-10-05,IDO,2027-09-28,28500.0,PE,4441.5,4574.47,22555.75,0,0,65
2026-10-05,IDO,2027-12-28,33000.0,PE,4155.55,8308.72,22555.75,0,0,65
2026-10-05,IDO,2028-12-26,33000.0,PE,3315.4,6868.49,22555.75,0,0,65
2026-10-05,IDO,2029-06-26,19500.0,PE,56.0,174.01,22555.75,0,0,65
2026-10-05,IDO,2029-12-24,33000.0,PE,2953.7,5732.22,22555.75,0,0,65
2026-10-05,IDO,2030-06-25,15000.0,PE,29.65,11.72,22555.75,0,0,65
2026-10-05,IDO,2030-06-25,28500.0,PE,1167.6,2679.9,22555.75,0,0,65
2026-10-05,IDO,2030-06-25,31500.0,PE,2056.3,4315.78,22555.75,0,0,65
2026-10-05,IDO,2030-12-31,15000.0,PE,4.95,14.17,22555.75,0,0,65
2026-10-05,IDO,2031-06-24,16500.0,PE,95.65,42.81,22555.75,0,0,65
2026-10-05,IDO,2026-10-06,20600.0,CE,3574.95,1958.85,22555.75,0,0,65
2026-10-05,IDO,2026-10-06,21050.0,CE,3128.25,1508.92,22555.75,0,0,65
2026-10-05,IDO,2026-10-06,21250.0,CE,2930.15,1308.95,22555.75,0,0,65
2026-10-05,IDO,2026-10-06,22850.0,CE,7.4,7.4,22555.75,6266845,2675128,65
2026-10-05,IDO,2026-10-06,23850.0,CE,0.4,0.4,22555.75,944060,66886,65
2026-10-05,IDO,2026-10-06,24800.0,CE,0.25,0.25,22555.75,248040,13177,65
2026-10-05,IDO,2026-10-06,24850.0,CE,0.3,0.3,22555.75,105105,4668,65
2026-10-05,IDO,2026-10-13,20150.0,CE,3597.35,2430.02,22555.75,0,0,65
2026-10-05,IDO,2026-10-13,20900.0,CE,2853.0,1680.93,22555.75,0,0,65
2026-10-05,IDO,2026-10-13,22000.0,CE,614.45,614.45,22555.75,201890,6017,65
2026-10-05,IDO,2026-10-13,22500.0,CE,232.1,232.1,22555.75,1381185,192503,65
2026-10-05,IDO,2026-10-13,22650.0,CE,153.35,153.35,22555.75,434070,56469,65
2026-10-05,IDO,2026-10-13,23100.0,CE,28.65,28.65,22555.75,1705925,110584,65
2026-10-05,IDO,2026-10-13,21600.0,CE,985.7,985.7,22555.75,390,9,65
2026-10-05,IDO,2026-10-13,21450.0,CE,1078.85,1132.18,22555.75,130,0,65
2026-10-05,IDO,2026-10-13,21100.0,CE,2655.45,1481.2,22555.75,0,0,65
2026-10-05,IDO,2026-10-13,20400.0,CE,3348.95,2180.33,22555.75,0,0,65
2026-10-05,IDF,2026-10-27,,,22620.8,22620.8,22555.75,19015620,56909,65
2026-10-05,IDO,2026-10-06,20700.0,CE,3475.65,1858.87,22555.75,0,0,65
2026-10-05,IDO,2026-10-06,20750.0,CE,3425.95,1808.88,22555.75,0,0,65
2026-10-05,IDO,2026-10-06,20950.0,CE,3227.45,1608.91,22555.75,0,0,65
2026-10-05,IDO,2026-10-06,21750.0,CE,806.35,806.35,22555.75,8515,167,65
2026-10-05,IDO,2026-10-06,23400.0,CE,0.9,0.9,22555.75,4058210,761171,65
2026-10-05,IDO,2026-10-06,24450.0,CE,0.25,0.25,22555.75,166725,11613,65
2026-10-05,IDO,2026-10-06,25100.0,CE,0.3,0.3,22555.75,96590,10407,65
2026-10-05,IDO,2026-10-06,25800.0,CE,0.3,0.3,22555.75,602810,24317,65
2026-10-05,IDO,2026-10-13,20100.0,CE,3647.1,2479.96,22555.75,0,0,65
2026-10-05,IDO,2031-06-24,19500.0,PE,289.2,190.91,22555.75,0,0,65
2026-10-05,IDO,2030-12-31,21000.0,PE,450.0,350.22,22555.75,845,0,65
2026-10-05,IDO,2030-06-25,19500.0,PE,64.95,189.35,22555.75,0,0,65
2026-10-05,IDO,2030-06-25,16500.0,PE,12.0,35.55,22555.75,0,0,65
2026-10-05,IDO,2029-12-24,24000.0,PE,1133.0,1025.57,22555.75,585,0,65
2026-10-05,IDO,2028-12-26,27000.0,PE,2225.8,2573.04,22555.75,17195,16,65
2026-10-05,IDO,2028-12-26,22000.0,PE,750.0,547.75,22555.75,10775,1,65
2026-10-05,IDO,2028-06-27,27000.0,PE,2752.35,2823.77,22555.75,0,0,65
2026-10-05,IDO,2028-06-27,21000.0,PE,400.05,327.82,22555.75,325,0,65
2026-10-05,IDO,2027-12-28,26000.0,PE,2137.4,2137.4,22555.75,70985,55,65
2026-10-05,IDO,2027-12-28,25000.0,PE,1572.4,1572.4,22555.75,178165,357,65
2026-10-05,IDO,2027-06-29,16500.0,PE,41.8,0.55,22555.75,780,0,65
2026-10-05,IDO,2026-12-29,24450.0,PE,1624.1,1624.1,22555.75,416715,1149,65
2026-10-05,IDO,2026-12-29,24300.0,PE,1567.8,1567.97,22555.75,780,0,65
2026-10-05,IDO,2026-12-29,24200.0,PE,1520.0,1485.81,22555.75,715,0,65
2026-10-05,IDO,2026-12-29,23950.0,PE,1250.45,1287.85,22555.75,1755,7,65
2026-10-05,IDO,2026-12-29,23900.0,PE,1140.5,1249.64,22555.75,2080,8,65
2026-10-05,IDO,2026-12-29,23550.0,PE,1015.4,996.6,22555.75,1625,0,65
2026-10-05,IDO,2026-12-29,23400.0,PE,846.9,896.53,22555.75,3510,64,65
2026-10-05,IDO,2026-12-29,22850.0,PE,542.55,542.55,22555.75,13260,33,65
2026-10-05,IDO,2026-12-29,22600.0,PE,440.95,440.95,22555.75,21840,452,65
2026-10-05,IDO,2026-12-29,22200.0,PE,310.55,310.55,22555.75,59605,1376,65
2026-10-05,IDO,2026-12-29,21400.0,PE,161.3,161.3,22555.75,7735,160,65
2026-10-05,IDO,2026-12-29,20100.0,PE,28.7,11.49,22555.75,0,0,65
2026-10-05,IDO,2026-12-29,15000.0,PE,8.55,8.55,22555.75,158965,163,65
2026-10-05,IDO,2026-11-23,25650.0,PE,1350.35,2907.95,22555.75,0,0,65
2026-10-05,IDO,2026-11-23,25200.0,PE,2423.95,2465.77,22555.75,65,0,65
2026-10-05,IDO,2026-11-23,24250.0,PE,1293.1,1563.4,22555.75,780,0,65
2026-10-05,IDO,2026-11-23,23050.0,PE,598.35,621.81,22555.75,4550,31,65
2026-10-05,IDO,2026-11-23,22450.0,PE,325.55,325.55,22555.75,12415,210,65
2026-10-05,IDO,2026-11-23,21350.0,PE,100.55,100.55,22555.75,12285,78,65
2026-10-05,IDO,2026-11-23,20850.0,PE,47.55,16.19,22555.75,195,0,65
2026-10-05,IDO,2026-11-23,20200.0,PE,3.65,2.64,22555.75,0,0,65
2026-10-05,IDO,2026-11-03,23000.0,PE,536.55,536.55,22555.75,6890,209,65
2026-10-05,IDO,2026-11-03,20800.0,PE,46.4,3.1,22555.75,650,0,65
2026-10-05,IDO,2026-11-03,20750.0,PE,4.05,2.57,22555.75,0,0,65
2026-10-05,IDO,2026-11-03,20450.0,PE,1.75,0.75,22555.75,0,0,65
2026-10-05,IDO,2026-10-27,27150.0,PE,3860.6,4504.4,22555.75,325,0,65
2026-10-05,IDO,2026-10-27,26350.0,PE,2163.0,3707.04,22555.75,0,0,65
2026-10-05,IDO,2026-10-27,26250.0,PE,3000.0,3607.38,22555.75,260,0,65
2026-10-05,IDO,2026-10-27,26200.0,PE,3520.0,3557.54,22555.75,18460,1,65
2026-10-05,IDO,2026-10-27,25750.0,PE,1659.3,3109.04,22555.75,325,0,65
2026-10-05,IDO,2026-10-27,25700.0,PE,3020.45,3059.2,22555.75,7085,1,65
2026-10-05,IDO,2026-10-27,23250.0,PE,690.85,690.85,22555.75,48945,299,65
2026-10-05,IDO,2026-10-27,22950.0,PE,481.9,481.9,22555.75,44525,284,65
2026-10-05,IDO,2026-10-27,21850.0,PE,91.7,91.7,22555.75,43095,1345,65
2026-10-05,IDO,2026-10-27,21600.0,PE,61.4,61.4,22555.75,393770,18412,65
2026-10-05,IDO,2026-10-27,21150.0,PE,33.2,33.2,22555.75,30745,760,65
2026-10-05,IDO,2026-10-27,20300.0,PE,12.65,12.65,22555.75,19435,2711,65
2026-10-05,IDO,2026-10-19,24950.0,PE,1732.7,2341.68,22555.75,0,0,65
2026-10-05,IDO,2026-10-19,24800.0,PE,1850.0,2192.01,22555.75,1170,0,65
2026-10-05,IDO,2026-10-19,24100.0,PE,1001.35,1494.8,22555.75,0,0,65
2026-10-05,IDO,2026-10-19,23850.0,PE,815.85,1248.27,22555.75,0,0,65
2026-10-05,IDO,2026-10-19,22300.0,PE,140.65,140.65,22555.75,63830,5271,65
2026-10-05,IDO,2026-10-19,22250.0,PE,128.7,128.7,22555.75,22230,1401,65
2026-10-05,IDO,2026-10-19,22200.0,PE,117.45,117.45,22555.75,105105,4641,65
2026-10-05,IDO,2026-10-19,21300.0,PE,22.7,22.7,22555.75,54210,3107,65
2026-10-05,IDO,2026-10-19,20700.0,PE,9.2,9.2,22555.75,2665,121,65
2026-10-05,IDO,2026-10-13,25350.0,PE,1628.0,2763.71,22555.75,0,0,65
2026-10-05,IDO,2026-10-13,25150.0,PE,1450.15,2563.95,22555.75,0,0,65
2026-10-05,IDO,2026-10-13,24750.0,PE,1115.1,2164.43,22555.75,0,0,65
2026-10-05,IDO,2026-10-13,24450.0,PE,886.75,1864.8,22555.75,0,0,65
2026-10-05,IDO,2026-10-13,23650.0,PE,1065.4,1065.4,22555.75,6955,107,65
2026-10-05,IDO,2026-10-13,23600.0,PE,1024.2,1024.2,22555.75,62270,771,65
2026-10-05,IDO,2026-10-13,21750.0,PE,22.85,22.85,22555.75,187005,19213,65
2026-10-05,IDO,2026-10-13,21550.0,PE,15.1,15.1,22555.75,241020,16247,65
2026-10-05,IDO,2026-10-13,21350.0,PE,10.0,10.0,22555.75,167245,13836,65
2026-10-05,IDO,2026-10-13,21100.0,PE,6.55,6.55,22555.75,401765,30559,65
2026-10-05,IDO,2026-10-13,21050.0,PE,6.1,6.1,22555.75,131040,8306,65
2026-10-05,IDO,2026-10-13,20600.0,PE,4.1,4.1,22555.75,233805,9371,65
2026-10-05,IDO,2026-10-13,20500.0,PE,4.0,4.0,22555.75,4128930,95882,65
2026-10-05,IDO,2026-10-06,25550.0,PE,1432.35,2990.4,22555.75,0,0,65
2026-10-05,IDO,2026-10-06,24800.0,PE,2278.5,2240.51,22555.75,10595,31,65
2026-10-05,IDO,2026-10-06,24700.0,PE,2144.0,2140.53,22555.75,1040,25,65
2026-10-05,IDO,2026-10-06,24400.0,PE,1850.75,1850.75,22555.75,36530,671,65
2026-10-05,IDO,2026-10-06,23850.0,PE,1323.7,1290.66,22555.75,4810,14,65
2026-10-05,IDO,2026-10-06,23350.0,PE,795.95,795.95,22555.75,67600,1015,65
2026-10-05,IDO,2026-10-06,23300.0,PE,746.0,746.0,22555.75,814905,5810,65
2026-10-05,IDO,2026-10-06,22400.0,PE,31.5,31.5,22555.75,11453910,9773160,65
2026-10-05,IDO,2026-10-06,21550.0,PE,1.1,1.1,22555.75,1372085,647309,65
2026-10-05,IDO,2026-10-06,21100.0,PE,0.7,0.7,22555.75,705380,164323,65
2026-10-05,IDO,2026-10-06,21050.0,PE,0.55,0.55,22555.75,197275,51244,65
2026-10-05,IDO,2026-10-06,20100.0,PE,0.35,0.35,22555.75,107315,14651,65
2026-10-05,IDO,2030-12-31,16500.0,CE,13763.55,9528.39,22555.75,0,0,65
2026-10-05,IDO,2029-12-24,21000.0,CE,9463.95,5327.46,22555.75,0,0,65
2026-10-05,IDO,2029-12-24,16500.0,CE,12984.85,8765.68,22555.75,0,0,65
2026-10-05,IDO,2029-06-26,22500.0,CE,7946.5,3845.26,22555.75,0,0,65
2026-10-05,IDO,2029-06-26,21000.0,CE,9799.75,4839.41,22555.75,0,0,65
2026-10-05,IDO,2028-12-26,28000.0,CE,1040.0,1040.0,22555.75,11255,4,65
2026-10-05,IDO,2028-12-26,27000.0,CE,1386.8,1386.8,22555.75,6175,9,65
2026-10-05,IDO,2028-12-26,16500.0,CE,12176.65,7975.82,22555.75,0,0,65
2026-10-05,IDO,2028-06-27,30000.0,CE,2278.45,302.22,22555.75,0,0,65
2026-10-05,IDO,2028-06-27,15000.0,CE,8633.05,8918.03,22555.75,0,0,65
2026-10-05,IDO,2027-12-28,18000.0,CE,6285.7,5758.06,22555.75,0,0,65
2026-10-05,IDO,2027-09-28,30000.0,CE,153.4,52.42,22555.75,130,2,65
2026-10-05,IDO,2027-09-28,24000.0,CE,1478.35,1096.74,22555.75,0,0,65
2026-10-05,IDO,2027-06-29,15000.0,CE,5367.85,8147.28,22555.75,0,0,65
2026-10-05,IDO,2027-03-30,24000.0,CE,460.3,460.3,22555.75,858585,3278,65
2026-10-05,IDO,2027-03-30,16500.0,CE,6995.9,6487.64,22555.75,0,0,65
2026-10-05,IDO,2026-12-29,22100.0,CE,1031.35,1009.73,22555.75,2405,9,65
2026-10-05,IDO,2026-12-29,21400.0,CE,1516.0,1539.82,22555.75,910,12,65
2026-10-05,IDO,2026-12-29,20850.0,CE,2255.35,2018.62,22555.75,0,0,65
2026-10-05,IDO,2026-12-29,20300.0,CE,2752.55,2531.4,22555.75,0,0,65
2026-10-05,IDO,2026-11-23,26050.0,CE,7.95,0.86,22555.75,2275,23,65
2026-10-05,IDO,2026-11-23,25750.0,CE,8.6,1.86,22555.75,650,0,65
2026-10-05,IDO,2026-11-23,25300.0,CE,13.0,5.5,22555.75,325,0,65
2026-10-05,IDO,2026-11-23,24850.0,CE,22.8,14.76,22555.75,780,12,65
2026-10-05,IDO,2026-11-23,24700.0,CE,28.5,28.5,22555.75,52975,949,65
2026-10-05,IDO,2026-11-23,24450.0,CE,37.85,37.85,22555.75,15340,114,65
2026-10-05,IDO,2026-11-23,23650.0,CE,118.0,118.0,22555.75,27495,383,65
2026-10-05,IDO,2026-11-23,22400.0,CE,629.55,629.55,22555.75,22750,408,65
2026-10-05,IDO,2026-11-23,22200.0,CE,764.35,764.35,22555.75,18850,194,65
2026-10-05,IDO,2026-11-23,21500.0,CE,1323.75,1281.77,22555.75,17290,90,65
2026-10-05,IDO,2026-11-23,20800.0,CE,3854.3,1923.04,22555.75,0,0,65
2026-10-05,IDO,2026-11-23,20650.0,CE,3999.6,2067.33,22555.75,0,0,65
2026-10-05,IDO,2026-11-23,20500.0,CE,2523.05,2212.97,22555.75,65,0,65
2026-10-05,IDO,2026-11-23,20150.0,CE,4487.2,2556.24,22555.75,0,0,65
2026-10-05,IDO,2026-11-03,24550.0,CE,12.3,4.96,22555.75,975,15,65
2026-10-05,IDO,2026-11-03,24400.0,CE,19.7,7.75,22555.75,715,10,65
2026-10-05,IDO,2026-11-03,23800.0,CE,42.0,42.0,22555.75,28275,378,65
2026-10-05,IDO,2026-11-03,23600.0,CE,60.15,60.15,22555.75,18655,279,65
2026-10-05,IDO,2026-11-03,23400.0,CE,91.1,91.1,22555.75,7410,371,65
2026-10-05,IDO,2026-11-03,23100.0,CE,162.85,162.85,22555.75,6695,192,65
2026-10-05,IDO,2026-11-03,22950.0,CE,213.55,213.55,22555.75,2405,99,65
2026-10-05,IDO,2026-11-03,22800.0,CE,279.05,279.05,22555.75,13390,306,65
2026-10-05,IDO,2026-11-03,20400.0,CE,3069.5,2245.3,22555.75,0,0,65
2026-10-05,IDO,2026-11-03,20300.0,CE,3168.4,2344.65,22555.75,0,0,65
2026-10-05,IDO,2026-11-03,20200.0,CE,3267.45,2444.07,22555.75,0,0,65
2026-10-05,IDO,2026-10-27,26650.0,CE,6.95,0.01,22555.75,390,0,65
2026-10-05,IDO,2026-10-27,26600.0,CE,0.7,0.01,22555.75,2275,0,65
2026-10-05,IDO,2026-10-27,25050.0,CE,4.3,4.3,22555.75,158990,86,65
2026-10-05,IDO,2026-10-27,24600.0,CE,7.3,7.3,22555.75,282880,3298,65
2026-10-05,IDO,2026-10-27,24000.0,CE,16.05,16.05,22555.75,6258720,45876,65
2026-10-05,IDO,2026-10-27,23450.0,CE,49.15,49.15,22555.75,127595,3806,65
2026-10-05,IDO,2026-10-27,23400.0,CE,55.45,55.45,22555.75,1989975,38831,65
2026-10-05,IDO,2026-10-27,22800.0,CE,224.65,224.65,22555.75,2071290,44803,65
2026-10-05,IDO,2026-10-27,22350.0,CE,478.85,478.85,22555.75,49985,1068,65
2026-10-05,IDO,2026-10-27,21600.0,CE,1100.0,1051.81,22555.75,1040,8,65
2026-10-05,IDO,2026-10-27,21000.0,CE,1638.85,1638.85,22555.75,288470,758,65
2026-10-05,IDO,2026-10-27,20250.0,CE,4048.4,2372.83,22555.75,0,0,65
2026-10-05,IDO,2026-10-27,20050.0,CE,4242.8,2572.12,22555.75,0,0,65
2026-10-05,IDO,2026-10-19,25100.0,CE,1.85,1.85,22555.75,6565,109,65
2026-10-05,IDO,2026-10-19,25000.0,CE,1.95,1.95,22555.75,94185,1263,65
2026-10-05,IDO,2026-10-19,24550.0,CE,3.6,0.12,22555.75,975,14,65
2026-10-05,IDO,2026-10-19,23400.0,CE,26.95,26.95,22555.75,117975,4230,65
2026-10-05,IDO,2026-10-19,22850.0,CE,137.35,137.35,22555.75,60710,1779,65
2026-10-05,IDO,2026-10-19,22800.0,CE,156.4,156.4,22555.75,467350,16311,65
2026-10-05,IDO,2026-10-19,22050.0,CE,555.75,604.83,22555.75,130,0,65
2026-10-05,IDO,2026-10-19,21150.0,CE,2094.65,1451.27,22555.75,0,0,65
2026-10-05,IDO,2026-10-19,20500.0,CE,2732.2,2098.96,22555.75,0,0,65
2026-10-05,IDO,2026-10-13,24550.0,CE,1.05,1.05,22555.75,10335,200,65
2026-10-05,IDO,2026-10-13,24300.0,CE,1.1,1.1,22555.75,501865,22157,65
2026-10-05,IDO,2026-10-13,23650.0,CE,4.55,4.55,22555.75,279890,13403,65
2026-10-05,IDO,2026-10-13,21800.0,CE,799.4,799.4,22555.75,29120,241,65
2026-10-05,IDO,2028-06-27,24000.0,CE,3918.85,1936.15,22555.75,0,0,65
2026-10-05,IDO,2030-06-25,24000.0,CE,8591.55,3967.13,22555.75,0,0,65
2026-10-05,IDO,2026-10-06,20700.0,PE,0.35,0.35,22555.75,316095,53299,65
2026-10-05,IDO,2026-10-06,25050.0,PE,2530.0,2490.48,22555.75,520,1,65
2026-10-05,IDO,2026-10-13,20950.0,PE,5.35,5.35,22555.75,36270,4027,65
2026-10-05,IDO,2026-10-13,21250.0,PE,8.55,8.55,22555.75,229840,11874,65
2026-10-05,IDO,2026-10-13,23750.0,PE,1190.0,1190.0,22555.75,4095,6,65
2026-10-05,IDO,2026-10-19,22500.0,PE,209.35,209.35,22555.75,247130,12547,65
2026-10-05,IDO,2026-10-19,24350.0,PE,1202.45,1743.31,22555.75,0,0,65
2026-10-05,IDO,2026-10-19,24450.0,PE,1286.65,1842.94,22555.75,0,0,65
2026-10-05,IDO,2026-10-27,22600.0,PE,299.0,299.0,22555.75,1316380,74218,65
2026-10-05,IDO,2026-10-27,25000.0,PE,2359.25,2359.25,22555.75,2170805,2164,65
2026-10-05,IDO,2026-10-27,25150.0,PE,2150.0,2511.14,22555.75,260,0,65
2026-10-05,IDO,2026-11-03,21750.0,PE,115.15,57.9,22555.75,1430,8,65
2026-10-05,IDO,2026-11-03,24800.0,PE,1405.5,2138.38,22555.75,0,0,65
2026-10-05,IDO,2026-11-23,23650.0,PE,1052.25,1049.46,22555.75,8775,10,65
2026-10-05,IDO,2026-11-23,25750.0,PE,1419.55,3006.69,22555.75,0,0,65
2026-10-05,IDO,2026-12-29,19000.0,PE,34.1,34.1,22555.75,1108705,6616,65
2026-10-05,IDO,2026-12-29,20000.0,PE,62.05,62.05,22555.75,1874910,10158,65
2026-10-05,IDO,2026-12-29,20600.0,PE,59.9,30.64,22555.75,0,0,65
2026-10-05,IDO,2026-12-29,21050.0,PE,121.1,121.1,22555.75,3900,106,65
2026-10-05,IDO,2026-12-29,21500.0,PE,172.6,172.6,22555.75,280605,4455,65
2026-10-05,IDO,2026-12-29,22750.0,PE,504.6,504.6,22555.75,7540,29,65
2026-10-05,IDO,2026-12-29,22900.0,PE,565.8,565.8,22555.75,25220,296,65
2026-10-05,IDO,2026-12-29,22950.0,PE,580.95,629.9,22555.75,13650,13,65
2026-10-05,IDO,2026-12-29,24000.0,PE,1262.9,1262.9,22555.75,2104115,3546,65
2026-10-05,IDO,2027-03-30,19500.0,PE,83.15,83.15,22555.75,484575,4629,65
2026-10-05,IDO,2027-03-30,21000.0,PE,204.05,204.05,22555.75,1062165,6293,65
2026-10-05,IDO,2027-09-28,27000.0,PE,3265.0,3310.58,22555.75,0,0,65
2026-10-05,IDO,2027-12-28,30000.0,PE,5212.65,5212.65,22555.75,7280,20,65
2026-10-05,IDO,2028-12-26,24000.0,PE,1150.0,1144.89,22555.75,4875,15,65
2026-10-05,IDO,2030-06-25,21000.0,PE,220.0,357.81,22555.75,65,0,65
2026-10-05,IDO,2031-06-24,22500.0,PE,663.6,559.65,22555.75,0,0,65
2026-10-05,IDO,2027-06-29,28500.0,CE,1711.9,50.67,22555.75,0,0,65
2026-10-05,IDO,2027-06-29,22500.0,CE,5539.6,1540.64,22555.75,0,0,65
2026-10-05,IDO,2026-12-29,23550.0,CE,263.35,263.35,22555.75,11700,139,65
2026-10-05,IDO,2026-12-29,22550.0,CE,725.0,730.56,22555.75,910,3,65
2026-10-05,IDO,2026-12-29,22300.0,CE,880.4,880.4,22555.75,18915,53,65
2026-10-05,IDO,2026-12-29,20050.0,CE,2986.45,2771.25,22555.75,0,0,65
2026-10-05,IDO,2026-11-23,26100.0,CE,6.0,6.0,22555.75,30485,319,65
2026-10-05,IDO,2026-11-23,25500.0,CE,12.1,12.1,22555.75,418015,2604,65
2026-10-05,IDO,2026-11-03,23900.0,CE,26.4,26.4,22555.75,3705,85,65
2026-10-05,IDO,2026-11-03,21200.0,CE,2285.9,1460.61,22555.75,0,0,65
2026-10-05,IDO,2026-11-03,20550.0,CE,2921.3,2096.5,22555.75,0,0,65
2026-10-05,IDO,2026-10-27,27200.0,CE,0.9,0.9,22555.75,58630,84,65
2026-10-05,IDO,2026-10-27,24500.0,CE,8.3,8.3,22555.75,2148575,17724,65
2026-10-05,IDO,2026-10-27,23250.0,CE,80.9,80.9,22555.75,198120,3549,65
2026-10-05,IDO,2026-10-27,21800.0,CE,907.0,907.0,22555.75,20345,229,65
2026-10-05,IDO,2026-10-19,23100.0,CE,65.65,65.65,22555.75,166660,6456,65
2026-10-05,IDO,2026-10-19,22300.0,CE,445.9,445.9,22555.75,19825,759,65
2026-10-05,IDO,2026-10-19,20950.0,CE,2289.2,1650.18,22555.75,0,0,65
2026-10-05,IDO,2026-10-19,20550.0,CE,2682.75,2049.07,22555.75,0,0,65
2026-10-05,IDO,2026-10-13,25000.0,CE,0.9,0.9,22555.75,832910,16468,65
2026-10-05,IDO,2026-10-13,24000.0,CE,2.0,2.0,22555.75,3863535,103388,65
2026-10-05,IDO,2026-10-13,22700.0,CE,130.05,130.05,22555.75,2395185,203547,65
2026-10-05,IDO,2026-10-13,21550.0,CE,1068.55,1032.95,22555.75,130,9,65
2026-10-05,IDO,2026-10-13,21400.0,CE,1171.85,1181.93,22555.75,195,6,65
2026-10-05,IDO,2026-10-13,20450.0,CE,3299.3,2130.39,22555.75,0,0,65
2026-10-05,IDO,2026-10-06,25500.0,CE,0.3,0.3,22555.75,791505,19437,65
2026-10-05,IDO,2026-10-06,25450.0,CE,0.25,0.25,22555.75,41080,1581,65
2026-10-05,IDO,2026-10-06,25400.0,CE,0.3,0.3,22555.75,49595,1463,65
2026-10-05,IDO,2026-10-06,23750.0,CE,0.6,0.6,22555.75,698880,77150,65
2026-10-05,IDO,2026-10-06,22500.0,CE,111.9,111.9,22555.75,7877610,9376711,65
2026-10-05,IDO,2026-10-06,22100.0,CE,460.4,460.4,22555.75,182715,19975,65
2026-10-05,IDO,2026-10-06,20650.0,CE,3525.3,1908.86,22555.75,0,0,65
2026-10-05,IDO,2027-12-28,21000.0,CE,4902.4,3215.01,22555.75,0,0,65
2026-10-05,IDO,2027-12-28,24000.0,CE,1465.45,1465.45,22555.75,182130,354,65
