TradDt,FinInstrmTp,XpryDt,StrkPric,OptnTp,ClsPric,SttlmPric,UndrlygPric,OpnIntrst,TtlTradgVol,NewBrdLotQty
2026-10-06,IDO,2026-12-29,23150.0,PE,707.95,622.16,22776.1,6890,0,65
2026-10-06,IDO,2026-10-06,21400.0,CE,1285.15,22776.1,22776.1,1170,13,65
2026-10-06,IDO,2027-12-28,28500.0,CE,209.25,209.25,22776.1,66365,39,65
2026-10-06,IDO,2028-12-26,28500.0,CE,3608.65,916.21,22776.1,0,0,65
2026-10-06,IDO,2029-06-26,16500.0,CE,12587.95,8593.12,22776.1,0,0,65
2026-10-06,IDO,2030-06-25,21000.0,CE,10421.65,5996.75,22776.1,0,0,65
2026-10-06,IDO,2030-06-25,28500.0,CE,5382.85,2126.06,22776.1,0,0,65
2026-10-06,IDO,2030-12-31,33000.0,CE,3948.25,1305.94,22776.1,0,0,65
2026-10-06,IDO,2026-10-06,21800.0,PE,0.1,22776.1,22776.1,6512675,1008861,65
2026-10-06,IDO,2026-12-29,23100.0,PE,554.55,554.55,22776.1,11180,32,65
2026-10-06,IDO,2026-12-29,22700.0,PE,388.45,388.45,22776.1,36400,666,65
2026-10-06,IDO,2026-12-29,20950.0,PE,90.25,39.56,22776.1,11570,41,65
2026-10-06,IDO,2026-11-23,25950.0,PE,1562.8,2988.83,22776.1,0,0,65
2026-10-06,IDO,2026-11-23,25700.0,PE,2700.0,2742.27,22776.1,1235,0,65
2026-10-06,IDO,2026-11-23,25500.0,PE,2564.05,2564.05,22776.1,319215,620,65
2026-10-06,IDO,2026-11-23,25450.0,PE,1217.0,2496.91,22776.1,0,0,65
2026-10-06,IDO,2026-11-23,25150.0,PE,1030.25,2205.07,22776.1,0,0,65
2026-10-06,IDO,2026-11-23,23700.0,PE,912.35,912.35,22776.1,31460,30,65
2026-10-06,IDO,2026-11-23,23550.0,PE,820.3,809.39,22776.1,16250,8,65
2026-10-06,IDO,2026-11-23,21700.0,PE,103.0,103.0,22776.1,110890,1342,65
2026-10-06,IDO,2026-11-23,21500.0,PE,83.9,83.9,22776.1,789880,5664,65
2026-10-06,IDO,2026-11-23,20400.0,PE,5.3,2.51,22776.1,0,0,65
2026-10-06,IDO,2026-11-03,23950.0,PE,763.55,1116.29,22776.1,0,0,65
2026-10-06,IDO,2026-11-03,23350.0,PE,592.95,627.43,22776.1,325,0,65
2026-10-06,IDO,2026-11-03,21950.0,PE,83.85,83.85,22776.1,4225,59,65
2026-10-06,IDO,2026-10-06,22850.0,PE,100.2,22776.1,22776.1,1022320,937656,65
2026-10-06,IDO,2026-10-06,23800.0,PE,1053.65,22776.1,22776.1,35035,1224,65
2026-10-06,IDO,2026-10-06,24300.0,PE,1540.6,22776.1,22776.1,11310,447,65
2026-10-06,IDO,2026-10-06,24850.0,PE,2150.0,22776.1,22776.1,325,2,65
2026-10-06,IDO,2026-10-06,24900.0,PE,2250.0,22776.1,22776.1,65,1,65
2026-10-06,IDO,2026-10-06,24950.0,PE,1475.85,22776.1,22776.1,65,0,65
2026-10-06,IDO,2026-10-06,25000.0,PE,2266.3,22776.1,22776.1,35295,320,65
2026-10-06,IDO,2026-11-03,21150.0,PE,11.1,4.82,22776.1,0,0,65
2026-10-06,IDO,2026-10-27,27100.0,PE,5006.45,4238.28,22776.1,260,0,65
2026-10-06,IDO,2026-10-27,25800.0,PE,3175.0,2942.4,22776.1,11960,0,65
2026-10-06,IDO,2026-10-27,24750.0,PE,1810.0,1897.17,22776.1,715,0,65
2026-10-06,IDO,2026-10-27,24100.0,PE,1297.6,1297.6,22776.1,220090,171,65
2026-10-06,IDO,2026-10-27,23750.0,PE,949.0,949.0,22776.1,13650,10,65
2026-10-06,IDO,2026-10-27,23200.0,PE,503.85,503.85,22776.1,1947465,3646,65
2026-10-06,IDO,2026-10-27,22100.0,PE,79.15,79.15,22776.1,523965,12405,65
2026-10-06,IDO,2026-10-27,20150.0,PE,7.1,0.01,22776.1,2080,57,65
2026-10-06,IDO,2026-10-19,24900.0,PE,1686.55,2075.21,22776.1,0,0,65
2026-10-06,IDO,2026-10-19,24200.0,PE,1460.0,1378.45,22776.1,390,0,65
2026-10-06,IDO,2026-10-19,22550.0,PE,129.7,129.7,22776.1,35035,1765,65
2026-10-06,IDO,2026-10-19,22400.0,PE,90.85,90.85,22776.1,167375,6185,65
2026-10-06,IDO,2026-10-19,21850.0,PE,26.6,26.6,22776.1,16445,575,65
2026-10-06,IDO,2026-10-19,21600.0,PE,15.2,15.2,22776.1,91000,4561,65
2026-10-06,IDO,2026-10-19,20400.0,PE,3.05,3.05,22776.1,910,22,65
2026-10-06,IDO,2026-10-19,20300.0,PE,2.95,2.95,22776.1,780,56,65
2026-10-06,IDO,2026-10-13,24950.0,PE,1278.75,2147.6,22776.1,0,0,65
2026-10-06,IDO,2026-10-13,24700.0,PE,1990.0,1897.86,22776.1,1365,4,65
2026-10-06,IDO,2026-10-13,20300.0,PE,1.6,1.6,22776.1,116805,7908,65
2026-10-06,IDO,2026-10-13,20550.0,PE,1.65,1.65,22776.1,54925,1331,65
2026-10-06,IDO,2026-10-13,20700.0,PE,1.9,1.9,22776.1,318890,16137,65
2026-10-06,IDO,2026-10-13,20750.0,PE,1.95,1.95,22776.1,45955,2250,65
2026-10-06,IDO,2026-10-13,20800.0,PE,2.05,2.05,22776.1,814905,46186,65
2026-10-06,IDO,2026-10-13,21800.0,PE,7.4,7.4,22776.1,2696590,207219,65
2026-10-06,IDO,2026-10-06,20850.0,CE,3326.65,22776.1,22776.1,0,0,65
2026-10-06,IDO,2026-10-06,20800.0,CE,3376.3,22776.1,22776.1,0,0,65
2026-10-06,IDO,2026-10-13,22450.0,PE,55.4,55.4,22776.1,1795430,99406,65
2026-10-06,IDO,2026-10-13,22750.0,PE,154.05,154.05,22776.1,1088490,102171,65
2026-10-06,IDO,2026-10-13,23050.0,PE,343.7,343.7,22776.1,68575,2395,65
2026-10-06,IDO,2027-12-28,25000.0,CE,957.15,957.15,22776.1,263520,459,65
2026-10-06,IDO,2030-06-25,16500.0,CE,13374.05,9361.85,22776.1,0,0,65
2026-10-06,IDO,2030-12-31,19500.0,CE,11601.15,7509.29,22776.1,0,0,65
2026-10-06,IDO,2026-12-29,22700.0,CE,711.75,711.75,22776.1,26390,367,65
2026-10-06,IDO,2026-12-29,22150.0,CE,865.35,1130.68,22776.1,1105,0,65
2026-10-06,IDO,2026-12-29,21650.0,CE,1362.15,1516.72,22776.1,2275,0,65
2026-10-06,IDO,2026-12-29,21200.0,CE,1955.8,1902.87,22776.1,0,0,65
2026-10-06,IDO,2026-12-29,20900.0,CE,2211.65,2175.22,22776.1,0,0,65
2026-10-06,IDO,2026-12-29,20600.0,CE,2477.9,2456.04,22776.1,0,0,65
2026-10-06,IDO,2026-11-23,25150.0,CE,18.5,12.42,22776.1,1105,0,65
2026-10-06,IDO,2026-11-23,24350.0,CE,42.95,42.95,22776.1,15535,44,65
2026-10-06,IDO,2026-11-23,20850.0,CE,3805.95,2085.61,22776.1,0,0,65
2026-10-06,IDO,2026-11-23,20700.0,CE,3951.1,2231.4,22776.1,0,0,65
2026-10-06,IDO,2026-11-23,20600.0,CE,4048.2,2329.15,22776.1,0,0,65
2026-10-06,IDO,2026-11-23,20450.0,CE,4194.15,2476.41,22776.1,0,0,65
2026-10-06,IDO,2026-11-03,24950.0,CE,9.9,9.9,22776.1,2210,16,65
2026-10-06,IDO,2026-11-03,24350.0,CE,18.75,15.74,22776.1,975,10,65
2026-10-06,IDO,2030-12-31,28500.0,CE,5968.3,2568.05,22776.1,0,0,65
2026-10-06,IDO,2031-06-24,30000.0,CE,4459.9,2453.4,22776.1,0,0,65
2026-10-06,IDO,2026-11-03,24250.0,CE,214.4,20.53,22776.1,0,0,65
2026-10-06,IDO,2026-11-03,23350.0,CE,114.35,114.35,22776.1,3770,45,65
2026-10-06,IDO,2026-11-03,22900.0,CE,280.35,280.35,22776.1,8970,217,65
2026-10-06,IDO,2026-11-03,20650.0,CE,2822.75,2213.69,22776.1,0,0,65
2026-10-06,IDO,2026-10-27,25200.0,CE,2.8,2.8,22776.1,161135,1011,65
2026-10-06,IDO,2026-10-27,24900.0,CE,3.7,3.7,22776.1,194285,278,65
2026-10-06,IDO,2026-10-27,24650.0,CE,5.15,5.15,22776.1,29055,233,65
2026-10-06,IDO,2026-10-27,23300.0,CE,82.6,82.6,22776.1,3210675,24590,65
2026-10-06,IDO,2026-10-27,23100.0,CE,138.85,138.85,22776.1,1362140,18965,65
2026-10-06,IDO,2026-10-27,22400.0,CE,531.7,531.7,22776.1,662090,5865,65
2026-10-06,IDO,2026-10-27,22050.0,CE,803.75,843.1,22776.1,8840,2,65
2026-10-06,IDO,2026-10-27,21950.0,CE,900.0,930.74,22776.1,7670,8,65
2026-10-06,IDO,2026-10-27,21900.0,CE,946.95,946.95,22776.1,54925,114,65
2026-10-06,IDO,2026-10-27,20900.0,CE,1929.4,1929.4,22776.1,325,2,65
2026-10-06,IDO,2026-10-27,20800.0,CE,1610.0,2042.13,22776.1,65,0,65
2026-10-06,IDO,2026-10-27,20100.0,CE,2507.85,2739.61,22776.1,780,0,65
2026-10-06,IDO,2026-10-19,25150.0,CE,1.3,0.01,22776.1,1105,23,65
2026-10-06,IDO,2026-10-19,24850.0,CE,2.65,0.05,22776.1,2535,6,65
2026-10-06,IDO,2026-10-19,24650.0,CE,2.0,0.17,22776.1,585,23,65
2026-10-06,IDO,2026-10-19,24500.0,CE,1.8,1.8,22776.1,132535,3573,65
2026-10-06,IDO,2026-10-19,24350.0,CE,2.25,0.9,22776.1,715,36,65
2026-10-06,IDO,2026-10-19,23900.0,CE,4.85,4.85,22776.1,167115,3218,65
2026-10-06,IDO,2026-10-19,23200.0,CE,57.3,57.3,22776.1,398060,11161,65
2026-10-06,IDO,2026-10-19,22450.0,CE,424.75,424.75,22776.1,29900,175,65
2026-10-06,IDO,2026-10-19,22400.0,CE,458.3,458.3,22776.1,21385,732,65
2026-10-06,IDO,2026-10-19,21900.0,CE,741.4,930.69,22776.1,455,0,65
2026-10-06,IDO,2026-10-19,20100.0,CE,3128.8,2715.43,22776.1,0,0,65
2026-10-06,IDO,2026-10-13,24950.0,CE,0.75,0.75,22776.1,27560,73,65
2026-10-06,IDO,2026-10-13,24800.0,CE,0.8,0.8,22776.1,93275,2221,65
2026-10-06,IDO,2026-10-13,24750.0,CE,0.75,0.75,22776.1,14235,451,65
2026-10-06,IDO,2026-10-13,23050.0,CE,42.4,42.4,22776.1,718510,75855,65
2026-10-06,IDO,2026-10-13,22950.0,CE,68.05,68.05,22776.1,858000,86633,65
2026-10-06,IDO,2027-06-29,24000.0,CE,758.45,758.45,22776.1,63585,259,65
2026-10-06,IDO,2027-12-28,22500.0,CE,2479.1,2479.1,22776.1,4095,38,65
2026-10-06,IDO,2026-10-06,22650.0,PE,1.9,22776.1,22776.1,13754585,21910375,65
2026-10-06,IDO,2026-10-06,21950.0,PE,0.1,22776.1,22776.1,4030000,915348,65
2026-10-06,IDO,2026-10-06,21850.0,PE,0.1,22776.1,22776.1,3319030,635457,65
2026-10-06,IDO,2026-11-23,24500.0,PE,1605.75,1605.75,22776.1,210990,79,65
2026-10-06,IDO,2026-11-23,24900.0,PE,1925.0,1965.3,22776.1,1040,0,65
2026-10-06,IDO,2026-10-06,21250.0,PE,0.1,22776.1,22776.1,559455,66753,65
2026-10-06,IDO,2026-10-06,21000.0,PE,0.05,22776.1,22776.1,2567695,226720,65
2026-10-06,IDO,2026-10-06,20450.0,PE,0.05,22776.1,22776.1,45890,2008,65
2026-10-06,IDO,2026-10-06,20350.0,PE,0.05,22776.1,22776.1,40560,898,65
2026-10-06,IDO,2026-12-29,24400.0,PE,1440.0,1440.0,22776.1,18265,18,65
2026-10-06,IDO,2027-03-30,28500.0,PE,2937.15,4995.14,22776.1,65,0,65
2026-10-06,IDO,2027-06-29,19000.0,PE,105.0,22.25,22776.1,1460,0,65
2026-10-06,IDO,2026-12-29,14000.0,PE,5.0,0.01,22776.1,12145,41,65
2026-10-06,IDO,2027-06-29,24000.0,PE,1043.6,1043.6,22776.1,28665,70,65
2026-10-06,IDO,2027-09-28,25500.0,PE,2230.25,2045.55,22776.1,0,0,65
2026-10-06,IDO,2027-12-28,15000.0,PE,21.7,0.34,22776.1,755,0,65
2026-10-06,IDO,2026-12-29,23850.0,PE,1066.55,1054.72,22776.1,4485,6,65
2026-10-06,IDO,2026-12-29,23600.0,PE,833.15,833.15,22776.1,3250,22,65
2026-10-06,IDO,2026-12-29,21100.0,PE,97.2,97.2,22776.1,10920,88,65
2026-10-06,IDO,2026-12-29,20500.0,PE,64.75,64.75,22776.1,61750,1437,65
2026-10-06,IDO,2026-12-29,19500.0,PE,37.1,37.1,22776.1,165945,657,65
2026-10-06,IDO,2026-10-06,22700.0,PE,5.65,22776.1,22776.1,26410735,25605423,65
2026-10-06,IDO,2026-10-06,23250.0,PE,497.35,22776.1,22776.1,156650,6299,65
2026-10-06,IDO,2030-12-31,30000.0,PE,1450.1,3053.33,22776.1,0,0,65
2026-10-06,IDO,2030-12-31,19500.0,PE,67.4,178.49,22776.1,0,0,65
2026-10-06,IDO,2026-10-06,23550.0,PE,796.35,22776.1,22776.1,42640,584,65
2026-10-06,IDO,2026-10-06,23750.0,PE,996.1,22776.1,22776.1,6305,315,65
2026-10-06,IDO,2026-10-06,23900.0,PE,1146.2,22776.1,22776.1,37700,822,65
2026-10-06,IDO,2026-10-06,25250.0,PE,2565.0,22776.1,22776.1,130,8,65
2026-10-06,IDO,2026-10-06,25600.0,PE,2930.55,22776.1,22776.1,0,2,65
2026-10-06,IDO,2026-10-13,20050.0,PE,1.45,1.45,22776.1,3873805,51963,65
2026-10-06,IDO,2026-10-13,20150.0,PE,1.5,1.5,22776.1,17745,1534,65
2026-10-06,IDO,2026-10-13,21400.0,PE,3.55,3.55,22776.1,1566890,90397,65
2026-10-06,IDO,2026-10-13,21500.0,PE,4.3,4.3,22776.1,6908005,256683,65
2026-10-06,IDO,2026-10-13,21850.0,PE,8.35,8.35,22776.1,794105,50668,65
2026-10-06,IDO,2026-10-13,22050.0,PE,14.45,14.45,22776.1,712725,41529,65
2026-10-06,IDO,2030-06-25,33000.0,PE,3143.9,5100.02,22776.1,0,0,65
2026-10-06,IDO,2030-06-25,25500.0,PE,568.55,1361.9,22776.1,0,0,65
2026-10-06,IDO,2030-06-25,22500.0,PE,223.75,576.58,22776.1,0,0,65
2026-10-06,IDO,2029-12-24,15000.0,PE,29.0,8.14,22776.1,65,0,65
2026-10-06,IDO,2028-12-26,31500.0,PE,2673.4,5495.62,22776.1,0,0,65
2026-10-06,IDO,2028-06-27,24000.0,PE,680.05,1121.39,22776.1,65,0,65
2026-10-06,IDO,2027-12-28,23000.0,PE,821.55,821.55,22776.1,286365,514,65
2026-10-06,IDO,2026-10-13,22900.0,PE,237.3,237.3,22776.1,861120,39974,65
2026-10-06,IDO,2026-10-13,22850.0,CE,104.3,104.3,22776.1,1107860,101630,65
2026-10-06,IDO,2026-10-13,22800.0,CE,125.75,125.75,22776.1,4151810,311294,65
2026-10-06,IDO,2026-10-13,22200.0,CE,569.2,569.2,22776.1,275535,4518,65
2026-10-06,IDO,2026-10-13,21950.0,CE,799.4,799.4,22776.1,650,13,65
2026-10-06,IDO,2026-10-13,21850.0,CE,641.25,950.57,22776.1,65,0,65
2026-10-06,IDO,2026-10-13,21500.0,CE,1242.65,1242.65,22776.1,36335,209,65
2026-10-06,IDO,2026-10-13,21050.0,CE,2704.75,1748.29,22776.1,0,0,65
2026-10-06,IDO,2026-10-13,20800.0,CE,2952.0,1998.03,22776.1,0,0,65
2026-10-06,IDO,2026-10-06,22200.0,CE,555.3,22776.1,22776.1,276705,20872,65
2026-10-06,IDO,2026-10-06,21500.0,CE,1243.1,22776.1,22776.1,10140,297,65
2026-10-06,IDO,2026-10-06,20400.0,CE,3773.7,22776.1,22776.1,0,0,65
2026-10-06,IDO,2026-10-06,20200.0,CE,3972.5,22776.1,22776.1,0,0,65
2026-10-06,IDO,2026-10-06,20150.0,CE,4022.2,22776.1,22776.1,0,0,65
2026-10-06,IDF,2026-12-29,,,23022.6,23022.6,22776.1,267995,1573,65
2026-10-06,IDO,2026-10-13,23450.0,PE,704.6,704.6,22776.1,12090,171,65
2026-10-06,IDO,2026-10-13,23900.0,PE,1148.1,1148.1,22776.1,95680,209,65
2026-10-06,IDO,2026-10-13,24550.0,PE,961.3,1748.02,22776.1,0,0,65
2026-10-06,IDO,2026-10-13,25000.0,PE,2235.0,2235.0,22776.1,88205,728,65
2026-10-06,IDO,2026-10-13,25400.0,PE,2642.95,2642.95,22776.1,13260,136,65
2026-10-06,IDO,2026-10-19,20100.0,PE,3.05,3.05,22776.1,10790,216,65
2026-10-06,IDO,2026-10-19,21450.0,PE,11.25,11.25,22776.1,11115,575,65
2026-10-06,IDO,2026-10-19,21750.0,PE,20.25,20.25,22776.1,15535,1502,65
2026-10-06,IDO,2026-10-19,22050.0,PE,39.4,39.4,22776.1,34320,1063,65
2026-10-06,IDO,2026-10-19,23300.0,PE,564.4,564.4,22776.1,6695,45,65
2026-10-06,IDO,2026-10-19,23550.0,PE,792.85,792.85,22776.1,2015,282,65
2026-10-06,IDO,2026-10-19,23800.0,PE,1005.25,988.62,22776.1,390,3,65
2026-10-06,IDO,2026-10-19,24850.0,PE,1640.7,2025.32,22776.1,0,0,65
2026-10-06,IDO,2026-10-19,25200.0,PE,1967.2,2374.59,22776.1,0,0,65
2026-10-06,IDO,2026-10-27,20450.0,PE,8.75,0.04,22776.1,1625,45,65
2026-10-06,IDO,2026-10-27,20600.0,PE,9.85,9.85,22776.1,268970,2411,65
2026-10-06,IDO,2026-10-27,21000.0,PE,15.05,15.05,22776.1,1475175,18854,65
2026-10-06,IDO,2026-10-27,21200.0,PE,19.45,19.45,22776.1,332800,5937,65
2026-10-06,IDO,2026-10-27,21500.0,PE,28.85,28.85,22776.1,2500875,40106,65
2026-10-06,IDO,2026-10-27,23850.0,PE,1053.0,1029.06,22776.1,10855,2,65
2026-10-06,IDO,2026-10-27,24250.0,PE,1450.0,1450.0,22776.1,11830,2,65
2026-10-06,IDO,2026-10-27,24650.0,PE,2200.0,1798.18,22776.1,2665,0,65
2026-10-06,IDO,2026-10-27,25100.0,PE,2281.7,2244.95,22776.1,42835,49,65
2026-10-06,IDO,2026-10-27,25500.0,PE,2674.2,2674.2,22776.1,840515,779,65
2026-10-06,IDO,2026-10-27,25600.0,PE,2900.0,2743.05,22776.1,9425,0,65
2026-10-06,IDO,2026-10-27,26800.0,PE,3900.0,3939.23,22776.1,585,0,65
2026-10-06,IDO,2026-11-03,20300.0,PE,1.15,0.12,22776.1,0,0,65
2026-10-06,IDO,2026-11-03,20400.0,PE,1.5,0.2,22776.1,0,0,65
2026-10-06,IDO,2026-11-03,20550.0,PE,2.35,0.41,22776.1,0,0,65
2026-10-06,IDO,2026-11-03,20700.0,PE,3.55,0.81,22776.1,0,0,65
2026-10-06,IDO,2026-11-03,21850.0,PE,110.3,42.01,22776.1,845,3,65
2026-10-06,IDO,2026-11-03,22250.0,PE,131.7,131.7,22776.1,4095,72,65
2026-10-06,IDO,2026-11-03,22300.0,PE,142.95,142.95,22776.1,10985,118,65
2026-10-06,IDO,2026-11-03,22950.0,PE,374.4,374.4,22776.1,6565,75,65
2026-10-06,IDO,2026-11-03,23750.0,PE,639.9,941.89,22776.1,0,0,65
2026-10-06,IDO,2026-11-03,24400.0,PE,1082.55,1534.9,22776.1,0,0,65
2026-10-06,IDO,2026-11-03,24600.0,PE,1240.0,1728.12,22776.1,0,0,65
2026-10-06,IDO,2026-11-03,24750.0,PE,1363.45,1874.67,22776.1,0,0,65
2026-10-06,IDO,2026-11-23,20050.0,PE,2.75,0.79,22776.1,0,0,65
2026-10-06,IDO,2026-11-23,20600.0,PE,35.15,35.15,22776.1,2730,27,65
2026-10-06,IDO,2026-11-23,20800.0,PE,42.75,42.75,22776.1,37960,562,65
2026-10-06,IDO,2026-11-23,20900.0,PE,45.95,45.95,22776.1,5395,92,65
2026-10-06,IDO,2026-11-23,22100.0,PE,161.3,161.3,22776.1,88270,1138,65
2026-10-06,IDO,2026-11-23,22650.0,PE,306.05,306.05,22776.1,16380,151,65
2026-10-06,IDO,2026-11-23,22900.0,PE,408.55,408.55,22776.1,55705,514,65
2026-10-06,IDO,2026-11-23,24450.0,PE,1837.0,1546.84,22776.1,390,0,65
2026-10-06,IDO,2027-03-30,31500.0,CE,15.1,0.39,22776.1,1040,0,65
2026-10-06,IDO,2026-12-29,26000.0,CE,22.45,22.45,22776.1,3922275,7775,65
2026-10-06,IDO,2026-12-29,24300.0,CE,116.5,116.5,22776.1,28405,441,65
2026-10-06,IDO,2026-12-29,23450.0,CE,328.85,328.85,22776.1,8515,33,65
2026-10-06,IDO,2026-12-29,23050.0,CE,504.95,586.65,22776.1,2860,5,65
2026-10-06,IDO,2026-12-29,22750.0,CE,680.05,680.05,22776.1,6110,65,65
2026-10-06,IDO,2026-11-03,23200.0,CE,157.2,157.2,22776.1,20020,357,65
2026-10-06,IDO,2026-11-03,23150.0,CE,173.65,173.65,22776.1,9035,164,65
2026-10-06,IDO,2026-11-03,22850.0,CE,305.35,305.35,22776.1,3835,65,65
2026-10-06,IDO,2026-11-03,21750.0,CE,1767.5,1149.81,22776.1,0,0,65
2026-10-06,IDO,2026-11-03,21650.0,CE,1859.6,1241.51,22776.1,0,0,65
2026-10-06,IDO,2026-11-03,21000.0,CE,2479.75,1867.27,22776.1,0,0,65
2026-10-06,IDO,2026-11-03,20950.0,CE,2528.5,1916.57,22776.1,0,0,65
2026-10-06,IDO,2026-11-03,20850.0,CE,2626.3,2015.41,22776.1,0,0,65
2026-10-06,IDO,2026-11-03,20150.0,CE,3316.95,2710.99,22776.1,0,0,65
2026-10-06,IDO,2026-10-27,26800.0,CE,0.9,0.9,22776.1,2925,73,65
2026-10-06,IDO,2026-10-27,26500.0,CE,0.75,0.75,22776.1,731380,1536,65
2026-10-06,IDO,2026-10-27,26350.0,CE,1.05,0.01,22776.1,1170,0,65
2026-10-06,IDO,2026-10-27,26200.0,CE,0.75,0.75,22776.1,19500,83,65
2026-10-06,IDO,2026-10-27,25950.0,CE,1.55,0.01,22776.1,4095,0,65
2026-10-06,IDO,2026-10-27,25650.0,CE,2.65,0.03,22776.1,4290,0,65
2026-10-06,IDO,2026-10-27,23900.0,CE,16.7,16.7,22776.1,642915,8591,65
2026-10-06,IDO,2026-10-27,23700.0,CE,27.85,27.85,22776.1,968305,9691,65
2026-10-06,IDO,2026-10-27,23600.0,CE,36.65,36.65,22776.1,1398800,16568,65
2026-10-06,IDO,2026-10-27,22750.0,CE,299.35,299.35,22776.1,318565,4928,65
2026-10-06,IDO,2026-10-27,22700.0,CE,328.05,328.05,22776.1,1975155,40333,65
2026-10-06,IDO,2026-10-27,22250.0,CE,656.7,656.7,22776.1,60645,322,65
2026-10-06,IDO,2026-10-27,21400.0,CE,1421.0,1448.84,22776.1,2340,1,65
2026-10-06,IDO,2026-10-27,21250.0,CE,1356.25,1595.98,22776.1,65,0,65
2026-10-06,IDO,2026-10-27,20700.0,CE,1997.6,2141.68,22776.1,65,0,65
2026-10-06,IDO,2026-10-27,20650.0,CE,3662.6,2191.48,22776.1,0,0,65
2026-10-06,IDO,2026-10-27,20500.0,CE,2281.35,2281.35,22776.1,60775,239,65
2026-10-06,IDO,2026-10-27,20300.0,CE,3999.95,2540.25,22776.1,0,0,65
2026-10-06,IDO,2026-10-19,23350.0,CE,34.3,34.3,22776.1,46800,1048,65
2026-10-06,IDO,2026-10-19,23150.0,CE,68.3,68.3,22776.1,49660,1078,65
2026-10-06,IDO,2026-10-19,21550.0,CE,1714.0,1270.39,22776.1,0,0,65
2026-10-06,IDO,2026-10-19,20700.0,CE,2534.65,2116.62,22776.1,0,0,65
2026-10-06,IDO,2026-10-19,20600.0,CE,2633.35,2216.42,22776.1,0,0,65
2026-10-06,IDO,2026-10-19,20150.0,CE,3079.15,2665.53,22776.1,0,0,65
2026-10-06,IDO,2026-10-13,23850.0,CE,1.5,1.5,22776.1,887055,31114,65
2026-10-06,IDO,2026-10-13,23750.0,CE,1.95,1.95,22776.1,260195,14566,65
2026-10-06,IDO,2026-10-13,23550.0,CE,3.6,3.6,22776.1,985855,30772,65
2026-10-06,IDO,2026-10-13,23250.0,CE,15.05,15.05,22776.1,983580,62315,65
2026-10-06,IDO,2026-10-13,23100.0,CE,32.75,32.75,22776.1,4118075,210485,65
2026-10-06,IDO,2026-10-13,22650.0,CE,208.25,208.25,22776.1,570960,128680,65
2026-10-06,IDO,2026-10-13,22500.0,CE,312.3,312.3,22776.1,1335685,124857,65
2026-10-06,IDO,2026-10-13,22000.0,CE,761.6,761.6,22776.1,258375,4057,65
2026-10-06,IDO,2026-10-13,20900.0,CE,2853.0,1898.13,22776.1,0,0,65
2026-10-06,IDO,2026-10-13,20150.0,CE,3597.35,2647.34,22776.1,0,0,65
2026-10-06,IDO,2026-10-06,24850.0,CE,0.05,22776.1,22776.1,133575,3680,65
2026-10-06,IDO,2026-10-06,24800.0,CE,0.1,22776.1,22776.1,176020,8682,65
2026-10-06,IDO,2026-10-06,23850.0,CE,0.05,22776.1,22776.1,923065,58319,65
2026-10-06,IDO,2026-10-06,22850.0,CE,0.45,22776.1,22776.1,8390980,10025360,65
2026-10-06,IDO,2026-10-06,21250.0,CE,2930.15,22776.1,22776.1,0,0,65
2026-10-06,IDO,2026-10-06,21050.0,CE,3128.25,22776.1,22776.1,0,0,65
2026-10-06,IDO,2026-10-06,20600.0,CE,3574.95,22776.1,22776.1,0,0,65
2026-10-06,IDO,2026-11-23,21300.0,CE,3374.8,1657.76,22776.1,0,0,65
2026-10-06,IDO,2026-11-23,21850.0,CE,2860.95,1170.71,22776.1,0,0,65
2026-10-06,IDO,2026-11-23,22150.0,CE,716.0,932.3,22776.1,520,0,65
2026-10-06,IDO,2026-11-23,24200.0,CE,53.7,53.7,22776.1,217165,1940,65
2026-10-06,IDO,2026-11-23,25450.0,CE,14.0,6.42,22776.1,910,0,65
2026-10-06,IDO,2026-11-23,25650.0,CE,14.4,4.04,22776.1,520,0,65
2026-10-06,IDO,2026-12-29,18000.0,CE,4875.0,5002.51,22776.1,16315,15,65
2026-10-06,IDO,2026-12-29,20000.0,CE,2998.35,2998.35,22776.1,866410,740,65
2026-10-06,IDO,2026-12-29,20100.0,CE,2939.35,2936.31,22776.1,0,0,65
2026-10-06,IDO,2026-12-29,20350.0,CE,2706.3,2694.71,22776.1,0,0,65
2026-10-06,IDO,2026-12-29,20650.0,CE,2432.9,2408.76,22776.1,0,0,65
2026-10-06,IDO,2026-12-29,20800.0,CE,2299.35,2268.02,22776.1,0,0,65
2026-10-06,IDO,2026-12-29,21000.0,CE,2056.9,2056.9,22776.1,871540,1223,65
2026-10-06,IDO,2026-12-29,21100.0,CE,2039.8,1992.54,22776.1,0,0,65
2026-10-06,IDO,2026-12-29,21600.0,CE,1398.25,1558.03,22776.1,2535,0,65
2026-10-06,IDO,2026-12-29,21950.0,CE,1244.9,1278.82,22776.1,1365,6,65
2026-10-06,IDO,2026-12-29,22000.0,CE,1204.45,1204.45,22776.1,699520,2724,65
2026-10-06,IDO,2026-12-29,22650.0,CE,748.85,802.34,22776.1,1365,11,65
2026-10-06,IDO,2026-12-29,23900.0,CE,190.3,190.3,22776.1,135915,471,65
2026-10-06,IDO,2026-12-29,24150.0,CE,138.5,138.5,22776.1,6175,12,65
2026-10-06,IDO,2026-12-29,28000.0,CE,6.9,6.9,22776.1,1663375,1114,65
2026-10-06,IDO,2026-12-29,31000.0,CE,5.1,5.1,22776.1,124040,48,65
2026-10-06,IDO,2027-03-30,18000.0,CE,5643.55,5245.75,22776.1,0,0,65
2026-10-06,IDO,2027-03-30,30000.0,CE,14.3,14.3,22776.1,178490,109,65
2026-10-06,IDO,2027-06-29,19000.0,CE,7800.0,4544.85,22776.1,75,0,65
2026-10-06,IDO,2027-12-28,19500.0,CE,8684.7,4633.91,22776.1,0,0,65
2026-10-06,IDO,2027-12-28,33000.0,CE,46.6,46.6,22776.1,14105,18,65
2026-10-06,IDO,2028-12-26,18000.0,CE,9380.3,6901.99,22776.1,0,0,65
2026-10-06,IDO,2028-12-26,19500.0,CE,9716.4,5664.82,22776.1,0,0,65
2026-10-06,IDO,2028-12-26,31500.0,CE,405.0,399.47,22776.1,715,0,65
2026-10-06,IDO,2028-12-26,33000.0,CE,2477.5,255.31,22776.1,0,0,65
2026-10-06,IDO,2030-06-25,25500.0,CE,7070.45,3356.81,22776.1,0,0,65
2026-10-06,IDO,2030-06-25,31500.0,CE,3984.8,1284.08,22776.1,0,0,65
2026-10-06,IDO,2030-12-31,30000.0,CE,5227.2,2067.42,22776.1,0,0,65
2026-10-06,IDO,2031-06-24,28500.0,CE,5048.95,2980.66,22776.1,0,0,65
2026-10-06,IDO,2026-10-06,21350.0,PE,0.05,22776.1,22776.1,1510145,182923,65
2026-10-06,IDO,2026-10-06,22300.0,PE,0.15,22776.1,22776.1,6766500,3802093,65
2026-10-06,IDO,2026-10-06,23050.0,PE,306.1,22776.1,22776.1,191945,20977,65
2026-10-06,IDO,2026-10-06,24650.0,PE,1969.7,22776.1,22776.1,2405,15,65
2026-10-06,IDO,2026-10-06,24750.0,PE,2266.6,22776.1,22776.1,260,0,65
2026-10-06,IDO,2026-10-13,21300.0,PE,3.05,3.05,22776.1,1264055,64295,65
2026-10-06,IDO,2026-10-13,22200.0,PE,22.95,22.95,22776.1,2913365,224953,65
2026-10-06,IDO,2026-10-13,23300.0,PE,563.0,563.0,22776.1,233415,2363,65
2026-10-06,IDO,2026-10-13,24000.0,PE,1250.85,1250.85,22776.1,317980,2948,65
2026-10-06,IDO,2026-10-13,24250.0,PE,1530.0,1448.38,22776.1,715,7,65
2026-10-06,IDO,2026-10-13,24850.0,PE,2405.15,2047.7,22776.1,195,0,65
2026-10-06,IDO,2026-10-19,20550.0,PE,3.5,3.5,22776.1,975,50,65
2026-10-06,IDO,2026-10-19,21100.0,PE,6.65,6.65,22776.1,22100,938,65
2026-10-06,IDO,2026-10-19,21650.0,PE,16.9,16.9,22776.1,11635,1127,65
2026-10-06,IDO,2026-10-19,21700.0,PE,18.85,18.85,22776.1,191555,7870,65
2026-10-06,IDO,2026-10-19,22800.0,PE,230.0,230.0,22776.1,240370,8367,65
2026-10-06,IDO,2026-10-19,23400.0,PE,646.75,646.75,22776.1,8515,80,65
2026-10-06,IDO,2026-10-19,23750.0,PE,746.7,941.2,22776.1,0,0,65
2026-10-06,IDO,2026-10-19,24750.0,PE,1549.95,1925.56,22776.1,0,0,65
2026-10-06,IDO,2026-10-27,20700.0,PE,11.05,11.05,22776.1,93470,2406,65
2026-10-06,IDO,2026-10-27,20750.0,PE,11.5,11.5,22776.1,10010,352,65
2026-10-06,IDO,2026-10-27,22300.0,PE,114.1,114.1,22776.1,2562170,22676,65
2026-10-06,IDO,2026-10-27,22350.0,PE,123.7,123.7,22776.1,119470,2484,65
2026-10-06,IDO,2026-10-27,22800.0,PE,274.75,274.75,22776.1,1706315,31626,65
2026-10-06,IDO,2026-10-27,23650.0,PE,883.4,851.6,22776.1,21320,2,65
2026-10-06,IDO,2026-10-27,25050.0,PE,2430.0,2195.19,22776.1,910,0,65
2026-10-06,IDO,2026-10-27,25900.0,PE,3109.6,3042.08,22776.1,1690,2,65
2026-10-06,IDO,2026-10-27,25950.0,PE,1842.3,3091.92,22776.1,0,0,65
2026-10-06,IDO,2026-10-27,26050.0,PE,3580.0,3191.6,22776.1,130,0,65
2026-10-06,IDO,2026-10-27,26650.0,PE,2415.2,3789.7,22776.1,0,0,65
2026-10-06,IDO,2026-11-03,22400.0,PE,165.45,165.45,22776.1,7410,149,65
2026-10-06,IDO,2026-11-03,23050.0,PE,429.2,429.2,22776.1,6045,76,65
2026-10-06,IDO,2026-11-03,23450.0,PE,902.6,700.94,22776.1,195,0,65
2026-10-06,IDO,2026-11-03,23500.0,PE,760.0,739.07,22776.1,10205,21,65
2026-10-06,IDO,2026-11-03,24100.0,PE,863.85,1252.51,22776.1,0,0,65
2026-10-06,IDO,2026-11-03,24250.0,PE,970.25,1392.33,22776.1,0,0,65
2026-10-06,IDO,2026-11-03,24350.0,PE,1045.45,1487.12,22776.1,0,0,65
2026-10-06,IDO,2026-11-03,24450.0,PE,1121.05,1582.92,22776.1,0,0,65
2026-10-06,IDO,2026-11-23,22250.0,PE,192.45,192.45,22776.1,13260,97,65
2026-10-06,IDO,2026-11-23,22350.0,PE,214.05,214.05,22776.1,7735,97,65
2026-10-06,IDO,2026-11-23,22750.0,PE,343.6,343.6,22776.1,26325,165,65
2026-10-06,IDO,2026-11-23,22850.0,PE,388.2,388.2,22776.1,13845,44,65
2026-10-06,IDO,2026-11-23,24800.0,PE,2223.6,1870.6,22776.1,5070,0,65
2026-10-06,IDO,2026-11-23,26000.0,PE,3051.05,3051.05,22776.1,283920,1015,65
2026-10-06,IDO,2026-12-29,20750.0,PE,74.8,74.8,22776.1,1820,35,65
2026-10-06,IDO,2026-12-29,21850.0,PE,181.25,181.25,22776.1,8970,45,65
2026-10-06,IDO,2026-12-29,22550.0,PE,342.2,342.2,22776.1,7865,30,65
2026-10-06,IDO,2026-12-29,23050.0,PE,532.0,532.0,22776.1,4290,10,65
2026-10-06,IDO,2026-12-29,24250.0,PE,1324.1,1352.29,22776.1,2795,1,65
2026-10-06,IDO,2026-12-29,25000.0,PE,1971.3,1971.3,22776.1,1624535,1266,65
2026-10-06,IDO,2026-12-29,31500.0,PE,4059.3,8327.7,22776.1,0,0,65
2026-10-06,IDO,2027-03-30,18000.0,PE,43.35,43.35,22776.1,142285,401,65
2026-10-06,IDO,2027-06-29,15000.0,PE,1173.2,0.01,22776.1,0,0,65
2026-10-06,IDO,2027-06-29,21000.0,PE,247.6,247.6,22776.1,61540,231,65
2026-10-06,IDO,2027-09-28,28500.0,PE,4441.5,4380.2,22776.1,0,0,65
2026-10-06,IDO,2027-12-28,33000.0,PE,4155.55,8097.7,22776.1,0,0,65
2026-10-06,IDO,2028-12-26,33000.0,PE,3315.4,6678.7,22776.1,0,0,65
2026-10-06,IDO,2029-06-26,19500.0,PE,56.0,159.26,22776.1,0,0,65
2026-10-06,IDO,2029-12-24,33000.0,PE,2953.7,5568.52,22776.1,0,0,65
2026-10-06,IDO,2030-06-25,15000.0,PE,29.65,10.57,22776.1,0,0,65
2026-10-06,IDO,2030-06-25,28500.0,PE,1167.6,2576.0,22776.1,0,0,65
2026-10-06,IDO,2030-06-25,31500.0,PE,2056.3,4178.87,22776.1,0,0,65
2026-10-06,IDO,2030-12-31,15000.0,PE,4.95,12.89,22776.1,0,0,65
2026-10-06,IDO,2031-06-24,16500.0,PE,95.65,39.52,22776.1,0,0,65
2026-10-06,IDO,2026-11-23,20300.0,CE,4340.55,2624.22,22776.1,0,0,65
2026-10-06,IDO,2031-06-24,33000.0,CE,3451.55,1626.66,22776.1,0,0,65
2026-10-06,IDO,2030-06-25,33000.0,CE,4416.45,982.81,22776.1,0,0,65
2026-10-06,IDO,2030-06-25,27000.0,CE,6972.5,2688.73,22776.1,0,0,65
2026-10-06,IDO,2029-12-24,27000.0,CE,2150.0,2150.0,22776.1,130,4,65
2026-10-06,IDO,2029-12-24,15000.0,CE,13369.45,10218.23,22776.1,0,0,65
2026-10-06,IDO,2028-12-26,30000.0,CE,622.05,622.05,22776.1,22075,49,65
2026-10-06,IDO,2028-06-27,19500.0,CE,9209.1,5161.01,22776.1,0,0,65
2026-10-06,IDO,2028-06-27,18000.0,CE,6809.35,6444.09,22776.1,0,0,65
2026-10-06,IDO,2028-06-27,16500.0,CE,11752.8,7779.39,22776.1,0,0,65
2026-10-06,IDO,2027-12-28,31500.0,CE,95.0,62.25,22776.1,2080,3,65
2026-10-06,IDO,2027-09-28,25500.0,CE,908.35,657.17,22776.1,0,0,65
2026-10-06,IDO,2027-06-29,30000.0,CE,48.6,48.6,22776.1,5200,17,65
2026-10-06,IDO,2027-06-29,16500.0,CE,10867.2,6924.78,22776.1,0,0,65
2026-10-06,IDO,2027-03-30,28500.0,CE,26.5,26.5,22776.1,197535,166,65
2026-10-06,IDO,2027-03-30,25500.0,CE,141.6,141.6,22776.1,851370,1693,65
2026-10-06,IDO,2027-03-30,15000.0,CE,8379.85,8166.48,22776.1,0,0,65
2026-10-06,IDO,2026-12-29,24450.0,CE,97.05,97.05,22776.1,24050,201,65
2026-10-06,IDO,2026-12-29,22900.0,CE,592.95,592.95,22776.1,16445,129,65
2026-10-06,IDO,2026-12-29,20750.0,CE,2343.6,2314.74,22776.1,0,0,65
2026-10-06,IDO,2026-12-29,20150.0,CE,2892.45,2887.8,22776.1,0,0,65
2026-10-06,IDO,2026-12-29,19000.0,CE,3928.95,3928.95,22776.1,262535,98,65
2026-10-06,IDO,2026-11-23,25700.0,CE,9.05,3.58,22776.1,1560,41,65
2026-10-06,IDO,2026-11-23,24950.0,CE,24.5,24.5,22776.1,1300,22,65
2026-10-06,IDO,2026-11-23,24000.0,CE,75.8,75.8,22776.1,1906320,9643,65
2026-10-06,IDO,2026-11-23,23750.0,CE,112.35,112.35,22776.1,20410,173,65
2026-10-06,IDO,2026-11-23,23250.0,CE,249.15,249.15,22776.1,36985,57,65
2026-10-06,IDO,2026-11-23,23150.0,CE,291.35,291.35,22776.1,134680,259,65
2026-10-06,IDO,2026-11-23,22750.0,CE,491.65,491.65,22776.1,14950,376,65
2026-10-06,IDO,2026-11-23,22350.0,CE,741.4,787.5,22776.1,1625,11,65
2026-10-06,IDO,2026-11-23,22000.0,CE,1024.3,1024.3,22776.1,140595,857,65
2026-10-06,IDO,2026-11-23,21400.0,CE,3280.1,1565.54,22776.1,0,0,65
2026-10-06,IDO,2026-11-23,21000.0,CE,1915.0,1915.0,22776.1,17550,42,65
2026-10-06,IDO,2026-11-23,20050.0,CE,4585.15,2871.38,22776.1,0,0,65
2026-10-06,IDO,2026-11-03,25150.0,CE,6.3,6.3,22776.1,1300,13,65
2026-10-06,IDO,2026-11-03,23300.0,CE,129.4,129.4,22776.1,18785,323,65
2026-10-06,IDO,2026-11-03,23050.0,CE,213.0,213.0,22776.1,6500,110,65
2026-10-06,IDO,2026-11-03,22750.0,CE,359.3,359.3,22776.1,5590,116,65
2026-10-06,IDO,2026-11-03,22500.0,CE,520.75,520.75,22776.1,11115,190,65
2026-10-06,IDO,2026-11-03,21350.0,CE,2142.0,1525.59,22776.1,0,0,65
2026-10-06,IDO,2026-11-03,20500.0,CE,2970.65,2362.74,22776.1,0,0,65
2026-10-06,IDO,2026-11-03,20250.0,CE,3217.9,2611.45,22776.1,0,0,65
2026-10-06,IDO,2026-10-27,27050.0,CE,1.4,1.4,22776.1,10335,30,65
2026-10-06,IDO,2026-10-27,25850.0,CE,1.6,0.01,22776.1,2730,22,65
2026-10-06,IDO,2026-10-27,25750.0,CE,1.65,1.65,22776.1,28210,208,65
2026-10-06,IDO,2026-10-27,24300.0,CE,8.4,8.4,22776.1,478075,5614,65
2026-10-06,IDO,2026-10-27,23650.0,CE,31.5,31.5,22776.1,129415,1620,65
2026-10-06,IDO,2026-10-27,23050.0,CE,157.5,157.5,22776.1,142025,2167,65
2026-10-06,IDO,2026-10-27,22950.0,CE,198.2,198.2,22776.1,89635,2917,65
2026-10-06,IDO,2026-10-27,21650.0,CE,1000.0,1207.7,22776.1,130,0,65
2026-10-06,IDO,2026-10-27,21100.0,CE,1340.0,1744.16,22776.1,65,0,65
2026-10-06,IDO,2026-10-27,20950.0,CE,3376.9,1892.97,22776.1,0,0,65
2026-10-06,IDO,2026-10-19,24150.0,CE,3.2,3.2,22776.1,11895,192,65
2026-10-06,IDO,2026-10-19,24000.0,CE,4.2,4.2,22776.1,471120,10340,65
2026-10-06,IDO,2026-10-19,23300.0,CE,41.35,41.35,22776.1,397410,14284,65
2026-10-06,IDO,2026-10-19,22950.0,CE,130.55,130.55,22776.1,47320,1591,65
2026-10-06,IDO,2026-10-19,21850.0,CE,1032.85,978.25,22776.1,65,0,65
2026-10-06,IDO,2026-10-19,20800.0,CE,2436.25,2016.82,22776.1,0,0,65
2026-10-06,IDO,2026-10-19,20400.0,CE,2831.2,2416.02,22776.1,0,0,65
2026-10-06,IDO,2026-10-13,25400.0,CE,0.6,0.6,22776.1,960700,16825,65
2026-10-06,IDO,2026-10-13,25100.0,CE,0.75,0.75,22776.1,24310,297,65
2026-10-06,IDO,2026-10-13,24900.0,CE,0.8,0.8,22776.1,58760,1559,65
2026-10-06,IDO,2026-10-13,24450.0,CE,0.8,0.8,22776.1,32045,972,65
2026-10-06,IDO,2026-10-13,23900.0,CE,1.4,1.4,22776.1,1582620,66669,65
2026-10-06,IDO,2026-10-13,23450.0,CE,5.5,5.5,22776.1,528970,35035,65
2026-10-06,IDO,2026-10-13,22100.0,CE,656.95,656.95,22776.1,78065,916,65
2026-10-06,IDO,2026-10-13,21150.0,CE,2606.15,1648.4,22776.1,0,0,65
2026-10-06,IDO,2026-10-13,20850.0,CE,2902.5,1948.08,22776.1,0,0,65
2026-10-06,IDO,2026-10-13,20600.0,CE,3150.35,2197.82,22776.1,0,0,65
2026-10-06,IDO,2026-10-13,20350.0,CE,3398.6,2447.55,22776.1,0,0,65
2026-10-06,IDO,2026-10-13,20050.0,CE,3696.8,2747.24,22776.1,0,0,65
2026-10-06,IDO,2026-10-06,25200.0,CE,0.05,22776.1,22776.1,277290,11227,65
2026-10-06,IDO,2026-10-06,24700.0,CE,0.05,22776.1,22776.1,147550,9429,65
2026-10-06,IDO,2026-10-06,24350.0,CE,0.05,22776.1,22776.1,807690,33802,65
2026-10-06,IDO,2026-10-06,24000.0,CE,0.05,22776.1,22776.1,2930720,231123,65
2026-10-06,IDO,2026-10-06,23550.0,CE,0.05,22776.1,22776.1,957710,85831,65
2026-10-06,IDO,2026-10-06,23250.0,CE,0.05,22776.1,22776.1,3031665,778165,65
2026-10-06,IDO,2026-10-06,22800.0,CE,1.35,22776.1,22776.1,22000290,22937164,65
2026-10-06,IDO,2026-10-06,22700.0,CE,44.05,22776.1,22776.1,7957040,28848090,65
2026-10-06,IDO,2026-10-06,22400.0,CE,340.45,22776.1,22776.1,943215,451304,65
2026-10-06,IDO,2026-10-06,21900.0,CE,840.85,22776.1,22776.1,32955,282,65
2026-10-06,IDO,2026-10-06,21000.0,CE,1782.55,22776.1,22776.1,7345,59,65
2026-10-06,IDO,2026-10-06,20900.0,PE,0.05,22776.1,22776.1,192400,20138,65
2026-10-06,IDO,2026-10-06,20950.0,PE,0.1,22776.1,22776.1,183430,13845,65
2026-10-06,IDO,2026-10-06,21400.0,PE,0.05,22776.1,22776.1,2498665,276036,65
2026-10-06,IDO,2026-10-06,21500.0,PE,0.15,22776.1,22776.1,10959520,1078360,65
2026-10-06,IDO,2026-10-06,21900.0,PE,0.05,22776.1,22776.1,7791355,1531553,65
2026-10-06,IDO,2026-10-06,22050.0,PE,0.1,22776.1,22776.1,3444870,1281044,65
2026-10-06,IDO,2026-10-06,22450.0,PE,0.25,22776.1,22776.1,6121375,6635211,65
2026-10-06,IDO,2026-10-06,22900.0,PE,154.35,22776.1,22776.1,887575,545293,65
2026-10-06,IDO,2026-10-06,24200.0,PE,1448.95,22776.1,22776.1,17420,472,65
2026-10-06,IDO,2026-10-06,25100.0,PE,2390.0,22776.1,22776.1,780,7,65
2026-10-06,IDO,2026-10-06,25650.0,PE,3160.0,22776.1,22776.1,260,0,65
2026-10-06,IDO,2026-10-06,25800.0,PE,3082.5,22776.1,22776.1,2860,72,65
2026-10-06,IDO,2026-10-13,20400.0,PE,1.7,1.7,22776.1,146900,8337,65
2026-10-06,IDO,2026-10-13,21000.0,PE,2.4,2.4,22776.1,4214275,170377,65
2026-10-06,IDO,2026-10-13,21450.0,PE,3.85,3.85,22776.1,265655,20602,65
2026-10-06,IDO,2026-10-13,21900.0,PE,9.45,9.45,22776.1,2121340,130684,65
2026-10-06,IDO,2026-10-13,22150.0,PE,19.6,19.6,22776.1,644215,49704,65
2026-10-06,IDO,2026-10-13,23250.0,PE,510.35,510.35,22776.1,148265,3072,65
2026-10-06,IDO,2026-10-13,23350.0,PE,613.0,613.0,22776.1,11245,79,65
2026-10-06,IDO,2026-10-13,23700.0,PE,954.25,954.25,22776.1,41860,405,65
2026-10-06,IDO,2026-10-13,24150.0,PE,1387.95,1387.95,22776.1,1625,15,65
2026-10-06,IDO,2026-10-13,24350.0,PE,1632.05,1548.25,22776.1,650,2,65
2026-10-06,IDO,2026-10-13,24400.0,PE,1649.5,1649.5,22776.1,10400,132,65
2026-10-06,IDO,2026-10-19,20450.0,PE,3.65,3.65,22776.1,2925,161,65
2026-10-06,IDO,2026-10-19,20500.0,PE,3.75,3.75,22776.1,355810,9683,65
2026-10-06,IDO,2026-10-19,22100.0,PE,44.15,44.15,22776.1,115440,5584,65
2026-10-06,IDO,2026-10-19,22150.0,PE,49.8,49.8,22776.1,25480,1153,65
2026-10-06,IDO,2026-10-19,23200.0,PE,482.85,482.85,22776.1,61490,707,65
2026-10-06,IDO,2026-10-19,23950.0,PE,887.9,1133.06,22776.1,0,0,65
2026-10-06,IDO,2026-10-19,25000.0,PE,2305.0,2175.0,22776.1,1170,4,65
2026-10-06,IDO,2026-10-27,20050.0,PE,5.5,5.5,22776.1,53300,1353,65
2026-10-06,IDO,2026-10-27,20500.0,PE,8.8,8.8,22776.1,914875,11809,65
2026-10-06,IDO,2026-10-27,20800.0,PE,12.2,12.2,22776.1,284700,7038,65
2026-10-06,IDO,2026-10-27,20850.0,PE,12.95,12.95,22776.1,10335,178,65
2026-10-06,IDO,2026-10-27,20900.0,PE,13.35,13.35,22776.1,90220,1471,65
2026-10-06,IDO,2026-10-27,21300.0,PE,22.2,22.2,22776.1,332410,6039,65
2026-10-06,IDO,2026-10-27,22150.0,PE,86.7,86.7,22776.1,96655,2304,65
2026-10-06,IDO,2026-10-27,22250.0,PE,104.1,104.1,22776.1,306995,5660,65
2026-10-06,IDO,2026-10-27,22450.0,PE,148.7,148.7,22776.1,147160,3404,65
2026-10-06,IDO,2026-10-27,22850.0,PE,296.35,296.35,22776.1,95095,1801,65
2026-10-06,IDO,2026-10-27,23100.0,PE,438.55,438.55,22776.1,1549600,4326,65
2026-10-06,IDO,2026-10-27,23300.0,PE,577.8,577.8,22776.1,2391480,3893,65
2026-10-06,IDO,2026-10-27,23400.0,PE,654.45,654.45,22776.1,1334710,2911,65
2026-10-06,IDO,2026-10-27,23900.0,PE,1099.35,1099.35,22776.1,218595,117,65
2026-10-06,IDO,2026-10-27,23950.0,PE,1108.4,1108.4,22776.1,4550,4,65
2026-10-06,IDO,2026-10-27,24150.0,PE,1350.0,1309.99,22776.1,16510,30,65
2026-10-06,IDO,2026-10-27,24350.0,PE,1643.05,1503.36,22776.1,14885,2,65
2026-10-06,IDO,2026-10-27,24550.0,PE,2083.25,1699.48,22776.1,6565,0,65
2026-10-06,IDO,2026-10-27,24600.0,PE,1775.35,1775.35,22776.1,188045,115,65
2026-10-06,IDO,2026-10-27,25350.0,PE,2416.7,2493.92,22776.1,1495,0,65
2026-10-06,IDO,2026-10-27,26450.0,PE,3460.0,3590.34,22776.1,195,0,65
2026-10-06,IDO,2026-10-27,27050.0,PE,2764.35,4188.44,22776.1,0,0,65
2026-10-06,IDO,2026-11-03,21450.0,PE,21.85,13.27,22776.1,0,0,65
2026-10-06,IDO,2026-11-03,21800.0,PE,67.0,67.0,22776.1,6825,178,65
2026-10-06,IDO,2026-11-03,23300.0,PE,593.45,593.45,22776.1,2990,34,65
2026-10-06,IDO,2026-11-03,23900.0,PE,731.5,1071.83,22776.1,0,0,65
2026-10-06,IDO,2026-11-03,24700.0,PE,1321.8,1825.7,22776.1,0,0,65
2026-10-06,IDO,2026-11-23,20550.0,PE,33.7,33.7,22776.1,1560,9,65
2026-10-06,IDO,2026-11-23,21050.0,PE,86.7,15.51,22776.1,4550,0,65
2026-10-06,IDO,2026-11-23,21600.0,PE,92.4,92.4,22776.1,59150,1097,65
2026-10-06,IDO,2026-11-23,22550.0,PE,271.5,271.5,22776.1,9880,97,65
2026-10-06,IDO,2026-11-23,23100.0,PE,505.95,505.95,22776.1,40040,233,65
2026-10-06,IDO,2026-11-23,24150.0,PE,1300.0,1300.0,22776.1,1300,2,65
2026-10-06,IDO,2026-11-23,24700.0,PE,1950.0,1776.77,22776.1,3705,0,65
2026-10-06,IDO,2026-12-29,13000.0,PE,4.85,0.01,22776.1,9305,0,65
2026-10-06,IDO,2026-12-29,16000.0,PE,10.9,0.01,22776.1,151185,82,65
2026-10-06,IDO,2026-12-29,20200.0,PE,32.5,9.21,22776.1,195,0,65
2026-10-06,IDO,2026-12-29,20250.0,PE,36.15,10.25,22776.1,0,0,65
2026-10-06,IDO,2026-12-29,20400.0,PE,45.15,14.02,22776.1,0,0,65
2026-10-06,IDO,2026-12-29,21700.0,PE,158.55,158.55,22776.1,38805,354,65
2026-10-06,IDO,2026-12-29,22100.0,PE,224.7,224.7,22776.1,23790,154,65
2026-10-06,IDO,2026-12-29,22300.0,PE,269.75,269.75,22776.1,37245,397,65
2026-10-06,IDO,2026-12-29,22350.0,PE,280.0,280.0,22776.1,6695,63,65
2026-10-06,IDO,2027-03-30,22500.0,PE,437.15,437.15,22776.1,832065,2285,65
2026-10-06,IDO,2027-06-29,25500.0,PE,667.15,2142.7,22776.1,0,0,65
2026-10-06,IDO,2027-12-28,22500.0,PE,700.35,700.35,22776.1,2795,12,65
2026-10-06,IDO,2027-12-28,25500.0,PE,676.05,1961.02,22776.1,0,0,65
2026-10-06,IDO,2028-12-26,20000.0,PE,364.5,190.71,22776.1,5610,0,65
2026-10-06,IDO,2028-12-26,21000.0,PE,520.0,321.06,22776.1,11440,0,65
2026-10-06,IDO,2029-06-26,15000.0,PE,30.9,5.67,22776.1,0,0,65
2026-10-06,IDO,2029-06-26,21000.0,PE,320.25,332.76,22776.1,0,0,65
2026-10-06,IDO,2029-12-24,27000.0,PE,1177.9,2074.84,22776.1,0,0,65
2026-10-06,IDO,2030-06-25,24000.0,PE,698.15,916.15,22776.1,0,0,65
2026-10-06,IDO,2030-06-25,27000.0,PE,1286.05,1916.25,22776.1,0,0,65
2026-10-06,IDO,2031-06-24,18000.0,PE,173.45,89.66,22776.1,0,0,65
2026-10-06,IDO,2026-10-06,20150.0,PE,0.05,22776.1,22776.1,44525,2317,65
2026-10-06,IDO,2031-06-24,33000.0,PE,3810.15,4308.51,22776.1,0,0,65
2026-10-06,IDO,2030-12-31,33000.0,PE,2387.3,4668.04,22776.1,0,0,65
2026-10-06,IDO,2030-12-31,27000.0,PE,779.5,1768.9,22776.1,0,0,65
2026-10-06,IDO,2030-12-31,25500.0,PE,538.25,1267.55,22776.1,0,0,65
2026-10-06,IDO,2029-06-26,31500.0,PE,2443.35,4998.99,22776.1,0,0,65
2026-10-06,IDO,2029-06-26,28500.0,PE,1349.1,3061.24,22776.1,0,0,65
2026-10-06,IDO,2028-12-26,22500.0,PE,218.8,622.43,22776.1,0,0,65
2026-10-06,IDO,2028-06-27,31500.0,PE,2935.6,6067.36,22776.1,0,0,65
2026-10-06,IDO,2028-06-27,19500.0,PE,40.05,118.9,22776.1,0,0,65
2026-10-06,IDO,2027-12-28,27000.0,PE,2646.0,2646.0,22776.1,60075,106,65
2026-10-06,IDO,2027-06-29,19500.0,PE,85.0,85.0,22776.1,130,2,65
2026-10-06,IDO,2027-03-30,16500.0,PE,25.8,25.8,22776.1,3640,10,65
2026-10-06,IDO,2026-12-29,28500.0,PE,3320.25,5365.63,22776.1,130,0,65
2026-10-06,IDO,2026-12-29,25500.0,PE,2440.0,2440.81,22776.1,306410,69,65
2026-10-06,IDO,2026-12-29,24100.0,PE,1243.4,1236.93,22776.1,1950,3,65
2026-10-06,IDO,2026-12-29,22250.0,PE,263.0,254.1,22776.1,9100,39,65
2026-10-06,IDO,2026-12-29,21450.0,PE,131.8,88.6,22776.1,3575,64,65
2026-10-06,IDO,2026-12-29,21200.0,PE,103.5,103.5,22776.1,10790,200,65
2026-10-06,IDO,2026-12-29,21000.0,PE,90.6,90.6,22776.1,2196915,6978,65
2026-10-06,IDO,2026-12-29,20800.0,PE,70.95,70.95,22776.1,975,15,65
2026-10-06,IDO,2026-11-23,25850.0,PE,2901.65,2890.1,22776.1,65,0,65
2026-10-06,IDO,2026-11-23,25800.0,PE,2725.0,2840.78,22776.1,585,0,65
2026-10-06,IDO,2026-11-23,25350.0,PE,1152.95,2399.24,22776.1,0,0,65
2026-10-06,IDO,2026-11-23,24850.0,PE,860.35,1917.85,22776.1,0,0,65
2026-10-06,IDO,2026-11-23,21650.0,PE,97.65,97.65,22776.1,21710,47,65
2026-10-06,IDO,2026-11-23,21200.0,PE,62.05,62.05,22776.1,38935,396,65
2026-10-06,IDO,2026-11-03,24950.0,PE,1534.25,2071.51,22776.1,0,0,65
2026-10-06,IDO,2026-11-03,23800.0,PE,669.7,984.6,22776.1,0,0,65
2026-10-06,IDO,2026-11-03,23700.0,PE,610.85,899.84,22776.1,0,0,65
2026-10-06,IDO,2026-11-03,21400.0,PE,39.2,39.2,22776.1,8905,191,65
2026-10-06,IDO,2026-11-03,21200.0,PE,12.5,5.76,22776.1,0,0,65
2026-10-06,IDO,2026-11-03,20850.0,PE,5.3,1.52,22776.1,0,0,65
2026-10-06,IDO,2026-10-27,26850.0,PE,2588.1,3989.07,22776.1,0,0,65
2026-10-06,IDO,2026-10-27,26000.0,PE,3168.65,3168.65,22776.1,1831245,1761,65
2026-10-06,IDO,2026-10-27,25200.0,PE,2385.0,2344.51,22776.1,34190,6,65
2026-10-06,IDO,2026-10-27,23600.0,PE,826.65,826.65,22776.1,708435,1454,65
2026-10-06,IDO,2026-10-27,23000.0,PE,377.2,377.2,22776.1,4204655,27386,65
2026-10-06,IDO,2026-10-27,22400.0,PE,136.25,136.25,22776.1,1288365,18963,65
2026-10-06,IDO,2026-10-27,21450.0,PE,27.5,27.5,22776.1,39195,814,65
2026-10-06,IDO,2026-10-27,21400.0,PE,25.25,25.25,22776.1,430300,7663,65
2026-10-06,IDO,2026-10-27,20950.0,PE,14.6,14.6,22776.1,27755,540,65
2026-10-06,IDO,2026-10-27,20250.0,PE,8.9,0.01,22776.1,0,0,65
2026-10-06,IDO,2026-10-19,24050.0,PE,962.95,1230.7,22776.1,0,0,65
2026-10-06,IDO,2026-10-19,24000.0,PE,1225.8,1225.8,22776.1,4030,38,65
2026-10-06,IDO,2026-10-19,22600.0,PE,145.5,145.5,22776.1,226135,12713,65
2026-10-06,IDO,2026-10-13,24900.0,PE,1237.05,2097.65,22776.1,0,0,65
2026-10-06,IDO,2026-10-13,24600.0,PE,1832.7,1832.7,22776.1,14235,47,65
2026-10-06,IDO,2026-10-13,23800.0,PE,1050.9,1050.9,22776.1,36530,322,65
2026-10-06,IDO,2026-10-13,22800.0,PE,179.0,179.0,22776.1,2106000,157707,65
2026-10-06,IDO,2026-10-13,22700.0,PE,132.3,132.3,22776.1,5121415,445926,65
2026-10-06,IDO,2026-10-13,22400.0,PE,46.75,46.75,22776.1,2591680,188577,65
2026-10-06,IDO,2026-10-13,22100.0,PE,17.0,17.0,22776.1,2417350,160032,65
2026-10-06,IDO,2026-10-06,25300.0,PE,2700.0,22776.1,22776.1,520,0,65
2026-10-06,IDO,2026-10-06,25150.0,PE,1102.0,22776.1,22776.1,0,0,65
2026-10-06,IDO,2026-10-06,24500.0,PE,1768.55,22776.1,22776.1,107640,3661,65
2026-10-06,IDO,2026-10-06,23950.0,PE,1174.65,22776.1,22776.1,17290,728,65
2026-10-06,IDO,2026-10-06,23500.0,PE,754.25,22776.1,22776.1,472745,9037,65
2026-10-06,IDO,2026-10-06,23400.0,PE,665.2,22776.1,22776.1,396305,4364,65
2026-10-06,IDO,2026-10-06,23200.0,PE,445.3,22776.1,22776.1,314535,8832,65
2026-10-06,IDO,2026-10-06,22600.0,PE,0.8,22776.1,22776.1,14395290,23617674,65
2026-10-06,IDO,2026-10-06,22100.0,PE,0.1,22776.1,22776.1,5755100,2399749,65
2026-10-06,IDO,2026-10-06,20650.0,PE,0.05,22776.1,22776.1,69030,5484,65
2026-10-06,IDO,2026-10-06,20500.0,PE,0.05,22776.1,22776.1,1704040,205195,65
2026-10-06,IDO,2031-06-24,27000.0,CE,5699.0,3591.93,22776.1,0,0,65
2026-10-06,IDO,2031-06-24,24000.0,CE,7181.9,5077.17,22776.1,0,0,65
2026-10-06,IDO,2031-06-24,15000.0,CE,12902.2,11219.09,22776.1,0,0,65
2026-10-06,IDO,2030-12-31,25500.0,CE,7639.65,3845.95,22776.1,0,0,65
2026-10-06,IDO,2030-12-31,24000.0,CE,8563.3,4629.72,22776.1,0,0,65
2026-10-06,IDO,2030-12-31,18000.0,CE,12674.15,8605.51,22776.1,0,0,65
2026-10-06,IDO,2029-12-24,33000.0,CE,3816.05,699.4,22776.1,0,0,65
2026-10-06,IDO,2029-12-24,18000.0,CE,11362.4,7771.41,22776.1,0,0,65
2026-10-06,IDO,2029-06-26,31500.0,CE,2878.65,656.84,22776.1,0,0,65
2026-10-06,IDO,2028-06-27,31500.0,CE,1784.8,196.25,22776.1,0,0,65
2026-10-06,IDO,2028-06-27,25500.0,CE,1225.0,1399.05,22776.1,0,3,65
2026-10-06,IDO,2028-06-27,21000.0,CE,5226.55,3975.04,22776.1,0,0,65
2026-10-06,IDO,2027-09-28,28500.0,CE,291.55,148.93,22776.1,0,0,65
2026-10-06,IDO,2027-09-28,18000.0,CE,5788.3,5731.4,22776.1,0,0,65
2026-10-06,IDO,2026-12-29,33000.0,CE,3.45,3.45,22776.1,104455,33,65
2026-10-06,IDO,2026-12-29,25000.0,CE,52.35,52.35,22776.1,4317045,10159,65
2026-10-06,IDO,2026-12-29,24050.0,CE,158.15,158.15,22776.1,112580,189,65
2026-10-06,IDO,2026-12-29,24000.0,CE,170.4,170.4,22776.1,3068425,11247,65
2026-10-06,IDO,2026-12-29,23300.0,CE,391.6,391.6,22776.1,26195,279,65
2026-10-06,IDO,2026-12-29,23250.0,CE,413.0,413.0,22776.1,9815,49,65
2026-10-06,IDO,2026-12-29,23150.0,CE,464.95,464.95,22776.1,5200,11,65
2026-10-06,IDO,2026-12-29,23000.0,CE,534.4,534.4,22776.1,1591145,7392,65
2026-10-06,IDO,2026-12-29,22800.0,CE,652.75,652.75,22776.1,32175,521,65
2026-10-06,IDO,2026-12-29,22600.0,CE,766.85,766.85,22776.1,19435,227,65
2026-10-06,IDO,2026-12-29,22250.0,CE,955.0,1060.06,22776.1,1430,0,65
2026-10-06,IDO,2026-12-29,21850.0,CE,1323.5,1356.13,22776.1,2145,18,65
2026-10-06,IDO,2026-12-29,21550.0,CE,1488.15,1599.77,22776.1,2730,0,65
2026-10-06,IDO,2026-12-29,21500.0,CE,1616.8,1616.8,22776.1,18980,44,65
2026-10-06,IDO,2026-11-23,25950.0,CE,7.5,1.95,22776.1,1560,1,65
2026-10-06,IDO,2026-11-23,25850.0,CE,10.0,2.49,22776.1,845,0,65
2026-10-06,IDO,2026-11-23,25800.0,CE,10.0,2.82,22776.1,1690,0,65
2026-10-06,IDO,2026-11-23,24650.0,CE,30.0,33.97,22776.1,4030,0,65
2026-10-06,IDO,2026-11-23,24050.0,CE,70.5,70.5,22776.1,28730,80,65
2026-10-06,IDO,2026-11-23,23700.0,CE,122.15,122.15,22776.1,179855,1232,65
2026-10-06,IDO,2026-11-23,22900.0,CE,408.55,408.55,22776.1,70720,1112,65
2026-10-06,IDO,2026-11-23,22700.0,CE,520.1,520.1,22776.1,91585,1318,65
2026-10-06,IDO,2026-11-23,21900.0,CE,1100.0,1129.38,22776.1,325,3,65
2026-10-06,IDO,2026-11-23,21650.0,CE,3045.65,1341.53,22776.1,0,0,65
2026-10-06,IDO,2026-11-23,21450.0,CE,3232.9,1519.94,22776.1,0,0,65
2026-10-06,IDO,2026-11-23,21050.0,CE,3613.45,1893.31,22776.1,0,0,65
2026-10-06,IDO,2026-11-23,20950.0,CE,3709.55,1989.11,22776.1,0,0,65
2026-10-06,IDO,2026-11-03,23750.0,CE,380.65,67.98,22776.1,0,0,65
2026-10-06,IDO,2026-11-03,22700.0,CE,388.75,388.75,22776.1,17615,446,65
2026-10-06,IDO,2026-11-03,22200.0,CE,750.35,750.35,22776.1,1495,11,65
2026-10-06,IDO,2026-11-03,20450.0,CE,3020.05,2412.46,22776.1,0,0,65
2026-10-06,IDO,2026-11-03,20350.0,CE,3118.95,2511.94,22776.1,0,0,65
2026-10-06,IDO,2026-10-27,25900.0,CE,1.35,1.35,22776.1,20020,123,65
2026-10-06,IDO,2026-10-27,25250.0,CE,3.85,0.18,22776.1,4095,0,65
2026-10-06,IDO,2026-10-27,25000.0,CE,3.6,3.6,22776.1,2977130,10217,65
2026-10-06,IDO,2026-10-27,21750.0,CE,904.1,1113.46,22776.1,130,0,65
2026-10-06,IDO,2026-10-27,21500.0,CE,1314.55,1314.55,22776.1,446095,2604,65
2026-10-06,IDO,2026-10-19,24800.0,CE,1.7,1.7,22776.1,25285,253,65
2026-10-06,IDO,2026-10-19,24450.0,CE,2.0,2.0,22776.1,1170,6,65
2026-10-06,IDO,2026-10-19,23950.0,CE,5.2,5.2,22776.1,15990,389,65
2026-10-06,IDO,2026-10-19,23750.0,CE,8.1,8.1,22776.1,19955,673,65
2026-10-06,IDO,2026-10-19,23650.0,CE,11.5,11.5,22776.1,39845,802,65
2026-10-06,IDO,2026-10-19,22200.0,CE,623.0,623.0,22776.1,10075,111,65
2026-10-06,IDO,2026-10-13,24200.0,CE,0.85,0.85,22776.1,1928745,47612,65
2026-10-06,IDO,2026-10-13,23400.0,CE,6.85,6.85,22776.1,2457845,140760,65
2026-10-06,IDO,2026-10-13,22400.0,CE,391.9,391.9,22776.1,567255,23617,65
2026-10-06,IDO,2026-10-13,22150.0,CE,612.25,612.25,22776.1,13390,191,65
2026-10-06,IDO,2026-10-13,21750.0,CE,859.45,1049.7,22776.1,65,0,65
2026-10-06,IDO,2026-10-13,21200.0,CE,2556.95,1598.45,22776.1,0,0,65
2026-10-06,IDO,2026-10-13,20750.0,CE,3001.55,2047.98,22776.1,0,0,65
2026-10-06,IDO,2026-10-06,22550.0,CE,192.1,22776.1,22776.1,1245465,3632796,65
2026-10-06,IDO,2026-10-06,22350.0,CE,399.95,22776.1,22776.1,460525,62871,65
2026-10-06,IDO,2026-10-06,21650.0,CE,898.9,22776.1,22776.1,14300,0,65
2026-10-06,IDO,2026-10-06,20900.0,CE,3277.05,22776.1,22776.1,0,0,65
2026-10-06,IDO,2026-10-06,20550.0,CE,3624.65,22776.1,22776.1,0,0,65
2026-10-06,IDO,2026-10-06,20100.0,CE,4071.9,22776.1,22776.1,0,0,65
2026-10-06,IDO,2028-12-26,26000.0,PE,1814.0,1923.1,22776.1,6940,0,65
2026-10-06,IDO,2027-09-28,21000.0,CE,3277.85,3096.57,22776.1,0,0,65
2026-10-06,IDO,2027-06-29,33000.0,CE,1122.75,1.55,22776.1,0,0,65
2026-10-06,IDO,2027-06-29,19500.0,CE,8143.4,4082.65,22776.1,0,0,65
2026-10-06,IDO,2026-12-29,24350.0,CE,109.55,109.55,22776.1,4810,46,65
2026-10-06,IDO,2026-12-29,23950.0,CE,180.35,180.35,22776.1,15405,100,65
2026-10-06,IDO,2026-12-29,23400.0,CE,351.5,351.5,22776.1,21970,182,65
2026-10-06,IDO,2026-12-29,22950.0,CE,561.15,561.15,22776.1,4160,39,65
2026-10-06,IDO,2026-12-29,22400.0,CE,910.0,910.0,22776.1,13780,46,65
2026-10-06,IDO,2026-12-29,21700.0,CE,1447.4,1447.4,22776.1,3315,12,65
2026-10-06,IDO,2026-12-29,20200.0,CE,2845.65,2839.38,22776.1,0,0,65
2026-10-06,IDO,2026-11-23,24500.0,CE,35.5,35.5,22776.1,884260,6364,65
2026-10-06,IDO,2026-11-23,23400.0,CE,196.75,196.75,22776.1,226070,1184,65
2026-10-06,IDO,2026-11-23,23300.0,CE,230.1,230.1,22776.1,176215,1048,65
2026-10-06,IDO,2026-11-23,23200.0,CE,269.7,269.7,22776.1,282230,1274,65
2026-10-06,IDO,2026-11-23,20350.0,CE,4291.7,2574.9,22776.1,0,0,65
2026-10-06,IDO,2026-11-03,25100.0,CE,8.55,8.55,22776.1,23530,94,65
2026-10-06,IDO,2026-11-03,24800.0,CE,8.4,4.27,22776.1,975,23,65
2026-10-06,IDO,2026-11-03,24750.0,CE,12.2,4.98,22776.1,2990,19,65
2026-10-06,IDO,2026-11-03,24500.0,CE,13.65,13.65,22776.1,13065,195,65
2026-10-06,IDO,2026-11-03,24450.0,CE,14.35,11.96,22776.1,780,5,65
2026-10-06,IDO,2026-11-03,24000.0,CE,28.65,28.65,22776.1,126230,1761,65
2026-10-06,IDO,2026-11-03,23500.0,CE,83.6,83.6,22776.1,49465,854,65
2026-10-06,IDO,2026-11-03,22350.0,CE,529.85,653.6,22776.1,520,0,65
2026-10-06,IDO,2026-11-03,22050.0,CE,1499.4,888.05,22776.1,0,0,65
2026-10-06,IDO,2026-11-03,22000.0,CE,896.0,930.04,22776.1,650,14,65
2026-10-06,IDO,2026-11-03,21950.0,CE,1587.3,972.74,22776.1,0,0,65
2026-10-06,IDO,2026-11-03,21500.0,CE,1999.75,1382.13,22776.1,0,0,65
2026-10-06,IDO,2026-11-03,21300.0,CE,2189.8,1573.91,22776.1,0,0,65
2026-10-06,IDO,2026-11-03,21250.0,CE,2237.75,1622.42,22776.1,0,0,65
2026-10-06,IDO,2026-11-03,21100.0,CE,2382.6,1768.95,22776.1,0,0,65
2026-10-06,IDO,2026-11-03,20900.0,CE,2577.35,1965.96,22776.1,0,0,65
2026-10-06,IDO,2026-10-27,26850.0,CE,0.55,0.01,22776.1,7020,0,65
2026-10-06,IDO,2026-10-27,24950.0,CE,3.4,3.4,22776.1,62075,121,65
2026-10-06,IDO,2026-10-27,24850.0,CE,4.05,4.05,22776.1,35880,43,65
2026-10-06,IDO,2026-10-27,24450.0,CE,6.55,6.55,22776.1,61295,1437,65
2026-10-06,IDO,2026-10-27,23800.0,CE,21.05,21.05,22776.1,1963000,14578,65
2026-10-06,IDO,2026-10-27,23550.0,CE,41.75,41.75,22776.1,116675,1776,65
2026-10-06,IDO,2026-10-27,23350.0,CE,72.6,72.6,22776.1,149175,2598,65
2026-10-06,IDO,2026-10-27,22900.0,CE,221.8,221.8,22776.1,1161160,16570,65
2026-10-06,IDO,2026-10-27,22200.0,CE,685.3,685.3,22776.1,250965,1818,65
2026-10-06,IDO,2026-10-27,21150.0,CE,1433.7,1694.68,22776.1,65,0,65
2026-10-06,IDO,2026-10-27,20600.0,CE,3710.55,2241.29,22776.1,0,0,65
2026-10-06,IDO,2026-10-27,20550.0,CE,3758.6,2291.1,22776.1,0,0,65
2026-10-06,IDO,2026-10-27,20400.0,CE,3903.2,2440.58,22776.1,0,0,65
2026-10-06,IDO,2026-10-19,24600.0,CE,1.85,1.85,22776.1,11830,197,65
2026-10-06,IDO,2026-10-19,24100.0,CE,3.2,3.2,22776.1,74035,2405,65
2026-10-06,IDO,2026-10-19,23050.0,CE,96.5,96.5,22776.1,39455,1527,65
2026-10-06,IDO,2026-10-19,22000.0,CE,802.5,802.5,22776.1,11895,144,65
2026-10-06,IDO,2026-10-19,21950.0,CE,656.0,883.61,22776.1,260,0,65
2026-10-06,IDO,2026-10-19,21450.0,CE,1807.8,1369.29,22776.1,0,0,65
2026-10-06,IDO,2026-10-19,20900.0,CE,2338.15,1917.03,22776.1,0,0,65
2026-10-06,IDO,2026-10-19,20450.0,CE,2781.7,2366.12,22776.1,0,0,65
2026-10-06,IDO,2026-10-13,25350.0,CE,0.65,0.65,22776.1,17615,546,65
2026-10-06,IDO,2026-10-13,25150.0,CE,0.75,0.75,22776.1,16835,157,65
2026-10-06,IDO,2026-10-13,24850.0,CE,0.85,0.85,22776.1,11050,151,65
2026-10-06,IDO,2026-10-13,24650.0,CE,0.8,0.8,22776.1,35295,183,65
2026-10-06,IDO,2026-10-13,23500.0,CE,4.5,4.5,22776.1,5517590,217482,65
2026-10-06,IDO,2026-10-13,23200.0,CE,19.3,19.3,22776.1,4030520,235442,65
2026-10-06,IDO,2026-10-13,22450.0,CE,352.1,352.1,22776.1,84305,9517,65
2026-10-06,IDO,2026-10-13,21900.0,CE,849.3,849.3,22776.1,17225,58,65
2026-10-06,IDO,2026-10-13,21250.0,CE,2507.8,1548.51,22776.1,0,0,65
2026-10-06,IDO,2026-10-13,20300.0,CE,3448.3,2497.5,22776.1,0,0,65
2026-10-06,IDO,2026-10-06,25700.0,CE,0.05,22776.1,22776.1,143325,4334,65
2026-10-06,IDO,2026-10-06,25600.0,CE,0.1,22776.1,22776.1,131755,7885,65
2026-10-06,IDO,2026-10-06,25350.0,CE,0.1,22776.1,22776.1,62530,1527,65
2026-10-06,IDO,2026-10-06,23700.0,CE,0.05,22776.1,22776.1,1670565,195076,65
2026-10-06,IDO,2026-10-06,22300.0,CE,448.65,22776.1,22776.1,595205,71859,65
2026-10-06,IDO,2026-10-06,22000.0,CE,752.3,22776.1,22776.1,284830,9908,65
2026-10-06,IDO,2026-10-06,21950.0,CE,782.0,22776.1,22776.1,36335,317,65
2026-10-06,IDO,2026-10-06,21850.0,CE,870.75,22776.1,22776.1,26260,139,65
2026-10-06,IDO,2026-10-06,22950.0,PE,204.0,22776.1,22776.1,267865,109501,65
2026-10-06,IDO,2026-10-06,23000.0,PE,250.0,22776.1,22776.1,760305,157682,65
2026-10-06,IDO,2026-10-06,23100.0,PE,354.95,22776.1,22776.1,324740,15378,65
2026-10-06,IDO,2026-10-06,23600.0,PE,860.8,22776.1,22776.1,89375,1471,65
2026-10-06,IDO,2026-10-06,25700.0,PE,2973.2,22776.1,22776.1,260,11,65
2026-10-06,IDO,2026-10-06,25750.0,PE,3150.0,22776.1,22776.1,130,2,65
2026-10-06,IDO,2026-10-13,20350.0,PE,1.7,1.7,22776.1,6305,934,65
2026-10-06,IDO,2026-10-13,20450.0,PE,1.75,1.75,22776.1,18330,1243,65
2026-10-06,IDO,2026-10-13,21200.0,PE,2.75,2.75,22776.1,1025830,70851,65
2026-10-06,IDO,2026-10-13,21600.0,PE,4.95,4.95,22776.1,1158625,122343,65
2026-10-06,IDO,2026-10-13,22000.0,PE,12.4,12.4,22776.1,5096585,265643,65
2026-10-06,IDO,2026-10-13,22350.0,PE,39.0,39.0,22776.1,683995,58456,65
2026-10-06,IDO,2026-10-13,22550.0,PE,79.8,79.8,22776.1,935090,91248,65
2026-10-06,IDO,2026-10-13,22950.0,PE,268.1,268.1,22776.1,234975,9483,65
2026-10-06,IDO,2026-10-13,23150.0,PE,425.95,425.95,22776.1,19825,431,65
2026-10-06,IDO,2026-10-13,23550.0,PE,809.15,809.15,22776.1,43875,608,65
2026-10-06,IDO,2026-10-13,24100.0,PE,1348.0,1348.0,22776.1,63830,281,65
2026-10-06,IDO,2026-10-13,24300.0,PE,1540.7,1540.7,22776.1,46085,206,65
2026-10-06,IDO,2026-10-19,20050.0,PE,3.05,3.05,22776.1,44655,801,65
2026-10-06,IDO,2026-10-19,20350.0,PE,2.8,2.8,22776.1,650,19,65
2026-10-06,IDO,2026-10-19,20850.0,PE,4.6,4.6,22776.1,5135,152,65
2026-10-06,IDO,2026-10-19,21150.0,PE,7.2,7.2,22776.1,7670,277,65
2026-10-06,IDO,2026-10-19,21900.0,PE,28.45,28.45,22776.1,90480,5015,65
2026-10-06,IDO,2026-10-19,22850.0,PE,253.3,253.3,22776.1,17420,444,65
2026-10-06,IDO,2026-10-19,23100.0,PE,409.9,409.9,22776.1,65650,618,65
2026-10-06,IDO,2026-10-19,23350.0,PE,622.4,584.65,22776.1,1560,11,65
2026-10-06,IDO,2026-10-19,23650.0,PE,958.1,847.82,22776.1,1040,0,65
2026-10-06,IDO,2026-10-19,24550.0,PE,1372.75,1726.16,22776.1,0,0,65
2026-10-06,IDO,2026-10-19,24600.0,PE,1500.0,1775.99,22776.1,325,0,65
2026-10-06,IDO,2026-10-27,20100.0,PE,5.8,5.8,22776.1,49530,1235,65
2026-10-06,IDO,2026-10-27,20200.0,PE,6.45,6.45,22776.1,3380,132,65
2026-10-06,IDO,2026-10-27,20650.0,PE,9.6,9.6,22776.1,12740,401,65
2026-10-06,IDO,2026-10-27,21650.0,PE,36.55,36.55,22776.1,106860,1213,65
2026-10-06,IDO,2026-10-27,21750.0,PE,43.15,43.15,22776.1,59085,1067,65
2026-10-06,IDO,2026-10-27,22050.0,PE,72.3,72.3,22776.1,76115,1723,65
2026-10-06,IDO,2026-10-27,22650.0,PE,211.05,211.05,22776.1,248170,7003,65
2026-10-06,IDO,2026-10-27,23050.0,PE,404.1,404.1,22776.1,56810,217,65
2026-10-06,IDO,2026-10-27,23150.0,PE,470.0,470.0,22776.1,34385,176,65
2026-10-06,IDO,2026-10-27,23450.0,PE,704.1,704.1,22776.1,44460,39,65
2026-10-06,IDO,2026-10-27,23500.0,PE,740.3,740.3,22776.1,5405855,7494,65
2026-10-06,IDO,2026-10-27,24400.0,PE,1593.3,1593.3,22776.1,152620,52,65
2026-10-06,IDO,2026-10-27,24450.0,PE,1650.0,1601.16,22776.1,8320,2,65
2026-10-06,IDO,2026-10-27,24900.0,PE,2065.0,2046.04,22776.1,142155,24,65
2026-10-06,IDO,2026-10-27,25300.0,PE,2600.0,2444.11,22776.1,10465,0,65
2026-10-06,IDO,2026-10-27,26550.0,PE,2330.1,3690.02,22776.1,0,0,65
2026-10-06,IDO,2026-10-27,27000.0,PE,4170.45,4170.45,22776.1,941005,555,65
2026-10-06,IDO,2026-11-03,20100.0,PE,0.6,0.04,22776.1,0,0,65
2026-10-06,IDO,2026-11-03,20900.0,PE,41.55,1.86,22776.1,1430,0,65
2026-10-06,IDO,2026-11-03,20950.0,PE,27.5,2.27,22776.1,1235,6,65
2026-10-06,IDO,2026-11-03,21100.0,PE,27.75,27.75,22776.1,1430,38,65
2026-10-06,IDO,2026-11-03,21250.0,PE,14.0,6.85,22776.1,0,0,65
2026-10-06,IDO,2026-11-03,21650.0,PE,153.55,24.26,22776.1,520,0,65
2026-10-06,IDO,2026-11-03,22450.0,PE,178.15,178.15,22776.1,5915,52,65
2026-10-06,IDO,2026-11-03,22500.0,PE,192.25,192.25,22776.1,19435,530,65
2026-10-06,IDO,2026-11-03,22550.0,PE,208.0,208.0,22776.1,5915,55,65
2026-10-06,IDO,2026-11-03,22650.0,PE,241.85,241.85,22776.1,6955,89,65
2026-10-06,IDO,2026-11-03,22900.0,PE,348.55,348.55,22776.1,7865,80,65
2026-10-06,IDO,2026-11-03,24550.0,PE,1199.8,1679.54,22776.1,0,0,65
2026-10-06,IDO,2026-11-03,25050.0,PE,1622.0,2170.35,22776.1,0,0,65
2026-10-06,IDO,2026-11-23,20100.0,PE,3.0,0.94,22776.1,0,0,65
2026-10-06,IDO,2026-11-23,20700.0,PE,40.3,40.3,22776.1,24895,728,65
2026-10-06,IDO,2026-11-23,20750.0,PE,70.0,7.04,22776.1,390,0,65
2026-10-06,IDO,2026-11-23,21000.0,PE,51.2,51.2,22776.1,768820,5464,65
2026-10-06,IDO,2026-11-23,21300.0,PE,67.3,67.3,22776.1,55835,755,65
2026-10-06,IDO,2026-11-23,22800.0,PE,366.1,366.1,22776.1,305045,2010,65
2026-10-06,IDO,2026-11-23,23200.0,PE,560.5,560.5,22776.1,167700,465,65
2026-10-06,IDO,2026-11-23,23250.0,PE,600.2,610.52,22776.1,14755,25,65
2026-10-06,IDO,2026-11-23,23450.0,PE,721.65,721.65,22776.1,5980,14,65
2026-10-06,IDO,2026-11-23,23500.0,PE,756.45,756.45,22776.1,506545,909,65
2026-10-06,IDO,2026-11-23,23900.0,PE,1068.7,1068.7,22776.1,12415,10,65
2026-10-06,IDO,2026-11-23,24550.0,PE,1567.5,1637.93,22776.1,195,0,65
2026-10-06,IDO,2026-11-23,25100.0,PE,2203.1,2156.82,22776.1,325,0,65
2026-10-06,IDO,2026-12-29,20300.0,PE,38.95,11.4,22776.1,0,0,65
2026-10-06,IDO,2026-12-29,21600.0,PE,144.15,144.15,22776.1,28535,249,65
2026-10-06,IDO,2026-12-29,21750.0,PE,165.0,165.0,22776.1,12805,74,65
2026-10-06,IDO,2026-12-29,22450.0,PE,311.4,311.4,22776.1,3770,38,65
2026-10-06,IDO,2026-12-29,24050.0,PE,1152.35,1152.35,22776.1,1885,8,65
2026-10-06,IDO,2026-12-29,27000.0,PE,3856.8,3856.8,22776.1,1555145,570,65
2026-10-06,IDO,2027-06-29,33000.0,PE,4691.7,8928.9,22776.1,0,0,65
2026-10-06,IDO,2027-09-28,16500.0,PE,8.4,1.52,22776.1,0,0,65
2026-10-06,IDO,2027-12-28,16500.0,PE,52.05,3.43,22776.1,130,0,65
2026-10-06,IDO,2027-12-28,19000.0,PE,160.0,55.23,22776.1,36695,97,65
2026-10-06,IDO,2027-12-28,22000.0,PE,577.25,577.25,22776.1,117375,199,65
2026-10-06,IDO,2027-12-28,24000.0,PE,1109.4,1109.4,22776.1,260875,230,65
2026-10-06,IDO,2028-06-27,18000.0,PE,396.75,37.83,22776.1,0,0,65
2026-10-06,IDO,2028-12-26,18000.0,PE,250.0,52.89,22776.1,75,0,65
2026-10-06,IDO,2029-12-24,23000.0,PE,725.05,707.98,22776.1,1625,0,65
2026-10-06,IDO,2029-12-24,26000.0,PE,1850.0,1652.18,22776.1,4965,0,65
2026-10-06,IDO,2030-12-31,16500.0,PE,13.65,36.52,22776.1,0,0,65
2026-10-06,IDO,2031-06-24,28500.0,PE,2104.2,2190.97,22776.1,0,0,65
2026-10-06,IDO,2031-06-24,30000.0,PE,2616.25,2820.89,22776.1,0,0,65
2026-10-06,IDO,2026-10-19,20150.0,PE,2.85,0.01,22776.1,845,13,65
2026-10-06,IDO,2026-11-23,22650.0,CE,557.55,557.55,22776.1,7410,130,65
2026-10-06,IDO,2026-10-06,22200.0,PE,0.1,22776.1,22776.1,5931380,2963923,65
2026-10-06,IDO,2026-10-06,21700.0,PE,0.1,22776.1,22776.1,4745260,719940,65
2026-10-06,IDO,2026-10-06,21650.0,PE,0.1,22776.1,22776.1,2248155,355006,65
2026-10-06,IDO,2026-10-06,21450.0,PE,0.05,22776.1,22776.1,1188135,162076,65
2026-10-06,IDO,2026-10-06,20400.0,PE,0.05,22776.1,22776.1,118495,13973,65
2026-10-06,IDO,2026-10-06,20250.0,PE,0.05,22776.1,22776.1,41600,1887,65
2026-10-06,IDO,2031-06-24,21000.0,CE,8900.75,6896.55,22776.1,0,0,65
2026-10-06,IDO,2030-12-31,27000.0,CE,6772.8,3159.2,22776.1,0,0,65
2026-10-06,IDO,2029-12-24,31500.0,CE,3429.3,953.41,22776.1,0,0,65
2026-10-06,IDO,2028-06-27,33000.0,CE,2004.15,110.54,22776.1,0,0,65
2026-10-06,IDO,2026-10-13,23650.0,CE,2.65,2.65,22776.1,433160,22794,65
2026-10-06,IDO,2026-10-13,21800.0,CE,954.3,954.3,22776.1,22945,440,65
2026-10-06,IDO,2026-10-13,21600.0,CE,985.7,1199.06,22776.1,390,0,65
2026-10-06,IDO,2026-10-13,21450.0,CE,1078.85,1348.76,22776.1,130,0,65
2026-10-06,IDO,2026-10-13,21100.0,CE,2655.45,1698.35,22776.1,0,0,65
2026-10-06,IDO,2026-10-13,20400.0,CE,3348.95,2397.61,22776.1,0,0,65
2026-10-06,IDO,2026-10-13,20100.0,CE,3647.1,2697.29,22776.1,0,0,65
2026-10-06,IDO,2026-10-06,25800.0,CE,0.05,22776.1,22776.1,558350,16632,65
2026-10-06,IDO,2026-10-06,25100.0,CE,0.05,22776.1,22776.1,99710,2191,65
2026-10-06,IDO,2026-10-06,24450.0,CE,0.05,22776.1,22776.1,137995,9763,65
2026-10-06,IDO,2026-10-06,23400.0,CE,0.05,22776.1,22776.1,3574870,437577,65
2026-10-06,IDO,2026-10-06,21750.0,CE,976.75,22776.1,22776.1,7800,26,65
2026-10-06,IDO,2026-10-06,20950.0,CE,3227.45,22776.1,22776.1,0,0,65
2026-10-06,IDO,2026-10-06,20750.0,CE,3425.95,22776.1,22776.1,0,0,65
2026-10-06,IDO,2026-10-06,20700.0,CE,3475.65,22776.1,22776.1,0,0,65
2026-10-06,IDF,2026-10-27,,,22795.4,22795.4,22776.1,18686915,44614,65
2026-10-06,IDO,2026-10-19,22850.0,CE,173.2,173.2,22776.1,74555,1915,65
2026-10-06,IDO,2026-10-19,23400.0,CE,28.25,28.25,22776.1,190385,8954,65
2026-10-06,IDO,2026-10-19,24550.0,CE,3.6,0.31,22776.1,975,0,65
2026-10-06,IDO,2026-10-19,25000.0,CE,1.4,1.4,22776.1,99645,524,65
2026-10-06,IDO,2026-10-19,25100.0,CE,1.75,1.75,22776.1,8125,137,65
2026-10-06,IDO,2026-10-27,20050.0,CE,4242.8,2789.45,22776.1,0,0,65
2026-10-06,IDO,2026-10-27,20250.0,CE,4048.4,2590.09,22776.1,0,0,65
2026-10-06,IDO,2026-10-27,21000.0,CE,1799.05,1799.05,22776.1,301795,667,65
2026-10-06,IDO,2026-10-27,21600.0,CE,1184.1,1255.37,22776.1,1105,3,65
2026-10-06,IDO,2026-10-27,22350.0,CE,569.4,569.4,22776.1,48555,135,65
2026-10-06,IDO,2026-10-27,22800.0,CE,271.1,271.1,22776.1,2221440,39029,65
2026-10-06,IDO,2026-10-27,23400.0,CE,63.05,63.05,22776.1,2008500,44314,65
2026-10-06,IDO,2026-10-27,23450.0,CE,54.6,54.6,22776.1,119145,2170,65
2026-10-06,IDO,2026-10-27,24000.0,CE,14.4,14.4,22776.1,6375590,38271,65
2026-10-06,IDO,2026-10-27,24600.0,CE,5.3,5.3,22776.1,272480,3449,65
2026-10-06,IDO,2026-10-27,25050.0,CE,3.55,3.55,22776.1,155480,138,65
2026-10-06,IDO,2026-10-27,26600.0,CE,0.7,0.01,22776.1,2275,0,65
2026-10-06,IDO,2026-10-27,26650.0,CE,6.95,0.01,22776.1,390,0,65
2026-10-06,IDO,2026-11-03,20200.0,CE,3267.45,2661.22,22776.1,0,0,65
2026-10-06,IDO,2026-11-03,20300.0,CE,3168.4,2561.69,22776.1,0,0,65
2026-10-06,IDO,2026-11-03,20400.0,CE,3069.5,2462.19,22776.1,0,0,65
2026-10-06,IDO,2026-11-03,22800.0,CE,331.2,331.2,22776.1,18460,321,65
2026-10-06,IDO,2026-11-03,22950.0,CE,256.25,256.25,22776.1,5720,80,65
2026-10-06,IDO,2026-11-03,23100.0,CE,191.65,191.65,22776.1,14105,334,65
2026-10-06,IDO,2026-11-03,23400.0,CE,104.3,104.3,22776.1,15275,360,65
2026-10-06,IDO,2026-11-03,23600.0,CE,65.3,65.3,22776.1,31720,593,65
2026-10-06,IDO,2026-11-03,23800.0,CE,45.0,45.0,22776.1,119275,1799,65
2026-10-06,IDO,2026-11-03,24400.0,CE,15.0,15.0,22776.1,910,12,65
2026-10-06,IDO,2026-11-03,24550.0,CE,12.3,9.01,22776.1,975,0,65
2026-10-06,IDO,2026-11-23,20150.0,CE,4487.2,2772.43,22776.1,0,0,65
2026-10-06,IDO,2026-11-23,20500.0,CE,2523.05,2427.25,22776.1,65,0,65
2026-10-06,IDO,2026-11-23,20650.0,CE,3999.6,2280.23,22776.1,0,0,65
2026-10-06,IDO,2026-11-23,20800.0,CE,3854.3,2134.08,22776.1,0,0,65
2026-10-06,IDO,2026-11-23,21500.0,CE,1452.1,1452.1,22776.1,16965,64,65
2026-10-06,IDO,2026-11-23,22200.0,CE,870.25,870.25,22776.1,18525,85,65
2026-10-06,IDO,2026-11-23,22400.0,CE,720.6,720.6,22776.1,21060,205,65
2026-10-06,IDO,2026-11-23,23650.0,CE,134.25,134.25,22776.1,25155,68,65
2026-10-06,IDO,2026-11-23,24450.0,CE,37.85,49.15,22776.1,15340,0,65
2026-10-06,IDO,2026-11-23,24700.0,CE,28.15,28.15,22776.1,53885,271,65
2026-10-06,IDO,2026-11-23,24850.0,CE,22.8,23.04,22776.1,780,0,65
2026-10-06,IDO,2026-11-23,25300.0,CE,13.0,8.97,22776.1,390,3,65
2026-10-06,IDO,2026-11-23,25750.0,CE,10.3,3.18,22776.1,650,1,65
2026-10-06,IDO,2026-11-23,26050.0,CE,7.0,7.0,22776.1,2275,2,65
2026-10-06,IDO,2026-12-29,20300.0,CE,2752.55,2742.82,22776.1,0,0,65
2026-10-06,IDO,2026-12-29,20850.0,CE,2255.35,2221.51,22776.1,0,0,65
2026-10-06,IDO,2026-12-29,21400.0,CE,1516.0,1727.45,22776.1,910,0,65
2026-10-06,IDO,2026-12-29,22100.0,CE,1086.5,1166.87,22776.1,2600,3,65
2026-10-06,IDO,2027-03-30,16500.0,CE,6995.9,6705.55,22776.1,0,0,65
2026-10-06,IDO,2027-03-30,24000.0,CE,484.6,484.6,22776.1,863070,2342,65
2026-10-06,IDO,2027-06-29,15000.0,CE,5367.85,8365.46,22776.1,0,0,65
2026-10-06,IDO,2027-09-28,24000.0,CE,1478.35,1208.33,22776.1,0,0,65
2026-10-06,IDO,2027-09-28,30000.0,CE,153.4,62.85,22776.1,130,0,65
2026-10-06,IDO,2027-12-28,18000.0,CE,6285.7,5971.96,22776.1,0,0,65
2026-10-06,IDO,2028-06-27,15000.0,CE,8633.05,9136.03,22776.1,0,0,65
2026-10-06,IDO,2028-06-27,30000.0,CE,2278.45,338.16,22776.1,0,0,65
2026-10-06,IDO,2028-12-26,16500.0,CE,12176.65,8191.81,22776.1,0,0,65
2026-10-06,IDO,2028-12-26,27000.0,CE,1400.0,1400.0,22776.1,6565,14,65
2026-10-06,IDO,2028-12-26,28000.0,CE,1060.0,1042.25,22776.1,11385,11,65
2026-10-06,IDO,2029-06-26,21000.0,CE,9799.75,5030.03,22776.1,0,0,65
2026-10-06,IDO,2029-06-26,22500.0,CE,7946.5,4019.11,22776.1,0,0,65
2026-10-06,IDO,2029-12-24,16500.0,CE,12984.85,8981.0,22776.1,0,0,65
2026-10-06,IDO,2029-12-24,21000.0,CE,9463.95,5520.08,22776.1,0,0,65
2026-10-06,IDO,2030-12-31,16500.0,CE,13763.55,9743.52,22776.1,0,0,65
2026-10-06,IDO,2026-10-06,20100.0,PE,0.05,22776.1,22776.1,137735,10631,65
2026-10-06,IDO,2026-10-06,21050.0,PE,0.1,22776.1,22776.1,145340,16348,65
2026-10-06,IDO,2026-10-06,21100.0,PE,0.1,22776.1,22776.1,594165,72688,65
2026-10-06,IDO,2026-10-06,21550.0,PE,0.15,22776.1,22776.1,2233530,267062,65
2026-10-06,IDO,2026-10-06,22400.0,PE,0.25,22776.1,22776.1,8173360,6617473,65
2026-10-06,IDO,2026-10-06,23300.0,PE,563.9,22776.1,22776.1,677755,12513,65
2026-10-06,IDO,2026-10-06,23350.0,PE,605.7,22776.1,22776.1,53690,690,65
2026-10-06,IDO,2026-10-06,23850.0,PE,1112.35,22776.1,22776.1,4225,52,65
2026-10-06,IDO,2026-10-06,24400.0,PE,1657.25,22776.1,22776.1,23335,271,65
2026-10-06,IDO,2026-10-06,24700.0,PE,2000.0,22776.1,22776.1,585,8,65
2026-10-06,IDO,2026-10-06,24800.0,PE,2083.1,22776.1,22776.1,7670,83,65
2026-10-06,IDO,2026-10-06,25550.0,PE,1432.35,22776.1,22776.1,0,0,65
2026-10-06,IDO,2026-10-13,20500.0,PE,1.75,1.75,22776.1,4214860,109249,65
2026-10-06,IDO,2026-10-13,20600.0,PE,1.8,1.8,22776.1,241540,10430,65
2026-10-06,IDO,2026-10-13,21050.0,PE,2.35,2.35,22776.1,137410,7384,65
2026-10-06,IDO,2026-10-13,21100.0,PE,2.5,2.5,22776.1,567060,50089,65
2026-10-06,IDO,2026-10-13,21350.0,PE,3.35,3.35,22776.1,196430,14378,65
2026-10-06,IDO,2026-10-13,21550.0,PE,4.6,4.6,22776.1,254475,26394,65
2026-10-06,IDO,2026-10-13,21750.0,PE,6.5,6.5,22776.1,474695,32376,65
2026-10-06,IDO,2026-10-13,23600.0,PE,856.05,856.05,22776.1,73125,502,65
2026-10-06,IDO,2026-10-13,23650.0,PE,898.65,898.65,22776.1,7670,32,65
2026-10-06,IDO,2026-10-13,24450.0,PE,1690.0,1690.0,22776.1,195,3,65
2026-10-06,IDO,2026-10-13,24750.0,PE,1115.1,1947.81,22776.1,0,0,65
2026-10-06,IDO,2026-10-13,25150.0,PE,1450.15,2347.39,22776.1,0,0,65
2026-10-06,IDO,2026-10-13,25350.0,PE,1628.0,2547.18,22776.1,0,0,65
2026-10-06,IDO,2026-10-19,20700.0,PE,3.75,3.75,22776.1,43810,1236,65
2026-10-06,IDO,2026-10-19,21300.0,PE,8.9,8.9,22776.1,94770,4189,65
2026-10-06,IDO,2026-10-19,22200.0,PE,56.35,56.35,22776.1,215930,6796,65
2026-10-06,IDO,2026-10-19,22250.0,PE,63.3,63.3,22776.1,35815,777,65
2026-10-06,IDO,2026-10-19,22300.0,PE,70.95,70.95,22776.1,147225,5107,65
2026-10-06,IDO,2026-10-19,23850.0,PE,815.85,1036.43,22776.1,0,0,65
2026-10-06,IDO,2026-10-19,24100.0,PE,1325.0,1279.8,22776.1,390,6,65
2026-10-06,IDO,2026-10-19,24800.0,PE,1850.0,1975.44,22776.1,1170,0,65
2026-10-06,IDO,2026-10-19,24950.0,PE,1732.7,2125.1,22776.1,0,0,65
2026-10-06,IDO,2026-10-27,20300.0,PE,7.8,7.8,22776.1,20995,508,65
2026-10-06,IDO,2026-10-27,21150.0,PE,18.35,18.35,22776.1,22230,372,65
2026-10-06,IDO,2026-10-27,21600.0,PE,33.5,33.5,22776.1,448240,17109,65
2026-10-06,IDO,2026-10-27,21850.0,PE,50.75,50.75,22776.1,56420,1282,65
2026-10-06,IDO,2026-10-27,22950.0,PE,347.9,347.9,22776.1,45760,350,65
2026-10-06,IDO,2026-10-27,23250.0,PE,544.55,544.55,22776.1,53690,246,65
2026-10-06,IDO,2026-10-27,25700.0,PE,3020.45,2842.72,22776.1,7085,0,65
2026-10-06,IDO,2026-10-27,25750.0,PE,1659.3,2892.56,22776.1,325,0,65
2026-10-06,IDO,2026-10-27,26200.0,PE,3520.0,3341.13,22776.1,18460,0,65
2026-10-06,IDO,2026-10-27,26250.0,PE,3000.0,3390.97,22776.1,260,0,65
2026-10-06,IDO,2026-10-27,26350.0,PE,2163.0,3490.65,22776.1,0,0,65
2026-10-06,IDO,2026-10-27,27150.0,PE,3860.6,4288.12,22776.1,325,0,65
2026-10-06,IDO,2026-11-03,20450.0,PE,1.75,0.26,22776.1,0,0,65
2026-10-06,IDO,2026-11-03,20750.0,PE,4.05,1.0,22776.1,0,0,65
2026-10-06,IDO,2026-11-03,20800.0,PE,20.1,20.1,22776.1,2275,25,65
2026-10-06,IDO,2026-11-03,23000.0,PE,401.0,401.0,22776.1,11505,141,65
2026-10-06,IDO,2026-11-23,20200.0,PE,3.65,1.31,22776.1,0,0,65
2026-10-06,IDO,2026-11-23,20850.0,PE,48.0,9.25,22776.1,325,4,65
2026-10-06,IDO,2026-11-23,21350.0,PE,71.5,71.5,22776.1,19825,145,65
2026-10-06,IDO,2026-11-23,22450.0,PE,239.9,239.9,22776.1,11505,105,65
2026-10-06,IDO,2026-11-23,23050.0,PE,489.85,494.6,22776.1,4420,23,65
2026-10-06,IDO,2026-11-23,24250.0,PE,1293.1,1368.91,22776.1,780,0,65
2026-10-06,IDO,2026-11-23,25200.0,PE,2423.95,2253.45,22776.1,65,0,65
2026-10-06,IDO,2026-11-23,25650.0,PE,1350.35,2693.08,22776.1,0,0,65
2026-10-06,IDO,2026-12-29,15000.0,PE,8.2,8.2,22776.1,157860,145,65
2026-10-06,IDO,2026-12-29,20100.0,PE,28.7,7.4,22776.1,0,0,65
2026-10-06,IDO,2026-12-29,21400.0,PE,123.05,123.05,22776.1,8905,183,65
2026-10-06,IDO,2026-12-29,22200.0,PE,246.25,246.25,22776.1,60190,619,65
2026-10-06,IDO,2026-12-29,22600.0,PE,355.8,355.8,22776.1,23140,492,65
2026-10-06,IDO,2026-12-29,22850.0,PE,457.85,475.62,22776.1,12935,15,65
2026-10-06,IDO,2026-12-29,23400.0,PE,708.75,708.75,22776.1,3705,25,65
2026-10-06,IDO,2026-12-29,23550.0,PE,1015.4,854.48,22776.1,1625,0,65
2026-10-06,IDO,2026-12-29,23900.0,PE,1077.05,1090.1,22776.1,2470,7,65
2026-10-06,IDO,2026-12-29,23950.0,PE,1130.7,1126.02,22776.1,1755,1,65
2026-10-06,IDO,2026-12-29,24200.0,PE,1258.85,1258.85,22776.1,1820,21,65
2026-10-06,IDO,2026-12-29,24300.0,PE,1340.0,1340.0,22776.1,1625,14,65
2026-10-06,IDO,2026-12-29,24450.0,PE,1477.45,1512.44,22776.1,416780,27,65
2026-10-06,IDO,2027-06-29,16500.0,PE,41.8,0.4,22776.1,780,0,65
2026-10-06,IDO,2027-12-28,25000.0,PE,1474.2,1474.2,22776.1,181010,323,65
2026-10-06,IDO,2027-12-28,26000.0,PE,2038.65,2038.65,22776.1,71115,90,65
2026-10-06,IDO,2028-06-27,21000.0,PE,400.05,297.08,22776.1,325,0,65
2026-10-06,IDO,2028-06-27,27000.0,PE,2752.35,2684.53,22776.1,0,0,65
2026-10-06,IDO,2028-12-26,22000.0,PE,710.0,710.0,22776.1,10840,1,65
2026-10-06,IDO,2028-12-26,27000.0,PE,2150.0,2150.0,22776.1,17195,3,65
2026-10-06,IDO,2029-12-24,24000.0,PE,1133.0,968.75,22776.1,585,0,65
2026-10-06,IDO,2030-06-25,16500.0,PE,12.0,32.41,22776.1,0,0,65
2026-10-06,IDO,2030-06-25,19500.0,PE,64.95,175.71,22776.1,0,0,65
2026-10-06,IDO,2030-12-31,21000.0,PE,450.0,328.77,22776.1,845,0,65
2026-10-06,IDO,2031-06-24,19500.0,PE,289.2,178.7,22776.1,0,0,65
2026-10-06,IDO,2026-10-19,22800.0,CE,198.85,198.85,22776.1,522015,10652,65
2026-10-06,IDO,2026-10-19,22050.0,CE,555.75,791.18,22776.1,130,0,65
2026-10-06,IDO,2026-10-19,21150.0,CE,2094.65,1667.68,22776.1,0,0,65
2026-10-06,IDO,2026-10-19,20500.0,CE,2732.2,2316.22,22776.1,0,0,65
2026-10-06,IDO,2026-10-13,24550.0,CE,0.85,0.85,22776.1,17420,250,65
2026-10-06,IDO,2026-10-13,24300.0,CE,0.85,0.85,22776.1,489840,14936,65
2026-10-06,IDO,2029-12-24,25500.0,PE,597.3,1460.91,22776.1,0,0,65
2026-10-06,IDO,2026-10-06,22650.0,CE,89.55,22776.1,22776.1,2727790,14377484,65
2026-10-06,IDO,2026-10-06,23100.0,CE,0.1,22776.1,22776.1,8309665,1646187,65
2026-10-06,IDO,2026-10-06,23350.0,CE,0.05,22776.1,22776.1,1887535,389819,65
2026-10-06,IDO,2026-10-06,23600.0,CE,0.05,22776.1,22776.1,2279030,186758,65
2026-10-06,IDO,2026-10-06,25250.0,CE,0.1,22776.1,22776.1,81250,1909,65
2026-10-06,IDO,2026-10-13,20250.0,CE,3498.0,2547.45,22776.1,0,0,65
2026-10-06,IDO,2026-10-13,21650.0,CE,949.6,1149.22,22776.1,65,0,65
2026-10-06,IDO,2026-10-13,22300.0,CE,477.2,477.2,22776.1,226395,9932,65
2026-10-06,IDO,2026-10-13,24250.0,CE,0.9,0.9,22776.1,61100,3617,65
2026-10-06,IDO,2026-10-19,20750.0,CE,2485.4,2066.72,22776.1,0,0,65
2026-10-06,IDO,2026-10-19,20850.0,CE,2387.15,1966.92,22776.1,0,0,65
2026-10-06,IDO,2026-10-19,21300.0,CE,1950.35,1518.28,22776.1,0,0,65
2026-10-06,IDO,2026-10-19,21350.0,CE,1902.6,1468.55,22776.1,0,0,65
2026-10-06,IDO,2026-10-19,21400.0,CE,1444.1,1418.88,22776.1,65,0,65
2026-10-06,IDO,2026-10-19,21800.0,CE,850.0,1026.22,22776.1,1040,0,65
2026-10-06,IDO,2026-10-19,22250.0,CE,586.7,586.7,22776.1,6435,46,65
2026-10-06,IDO,2026-10-19,23600.0,CE,13.6,13.6,22776.1,201305,6874,65
2026-10-06,IDO,2026-10-19,24700.0,CE,1.95,1.95,22776.1,2210,16,65
2026-10-06,IDO,2026-10-27,21200.0,CE,1610.0,1610.0,22776.1,130,1,65
2026-10-06,IDO,2026-10-27,22500.0,CE,458.55,458.55,22776.1,2510170,41732,65
2026-10-06,IDO,2026-10-27,22850.0,CE,245.1,245.1,22776.1,181870,2801,65
2026-10-06,IDO,2026-10-27,23150.0,CE,122.45,122.45,22776.1,132535,2555,65
2026-10-06,IDO,2026-10-27,23750.0,CE,24.45,24.45,22776.1,103480,1459,65
2026-10-06,IDO,2026-10-27,25150.0,CE,4.65,0.28,22776.1,16640,0,65
2026-10-06,IDO,2026-10-27,25350.0,CE,2.85,0.11,22776.1,2275,8,65
2026-10-06,IDO,2026-10-27,26400.0,CE,1.3,1.3,22776.1,4615,36,65
2026-10-06,IDO,2026-11-03,21550.0,CE,1952.8,1334.9,22776.1,0,0,65
2026-10-06,IDO,2026-11-03,21900.0,CE,1631.8,1016.11,22776.1,0,0,65
2026-10-06,IDO,2026-11-03,22100.0,CE,1456.1,846.83,22776.1,0,0,65
2026-10-06,IDO,2026-11-03,24200.0,CE,19.6,19.6,22776.1,16185,336,65
2026-10-06,IDO,2026-11-03,24850.0,CE,7.35,3.65,22776.1,520,1,65
2026-10-06,IDO,2026-11-03,24900.0,CE,7.3,3.12,22776.1,1105,20,65
2026-10-06,IDO,2026-11-03,25000.0,CE,8.6,8.6,22776.1,15210,97,65
2026-10-06,IDO,2026-11-03,25200.0,CE,7.3,7.3,22776.1,6955,66,65
2026-10-06,IDO,2026-11-23,20100.0,CE,4536.15,2821.89,22776.1,0,0,65
2026-10-06,IDO,2026-11-23,20550.0,CE,4096.8,2378.16,22776.1,0,0,65
2026-10-06,IDO,2026-11-23,21750.0,CE,2952.95,1255.07,22776.1,0,0,65
2026-10-06,IDO,2026-11-23,22800.0,CE,461.4,461.4,22776.1,190970,2406,65
2026-10-06,IDO,2026-11-23,22850.0,CE,438.7,438.7,22776.1,14885,120,65
2026-10-06,IDO,2026-11-23,22950.0,CE,385.05,385.05,22776.1,8840,90,65
2026-10-06,IDO,2026-11-23,23450.0,CE,181.3,181.3,22776.1,43810,513,65
2026-10-06,IDO,2026-11-23,23900.0,CE,87.65,87.65,22776.1,124410,754,65
2026-10-06,IDO,2026-11-23,24150.0,CE,58.2,58.2,22776.1,22490,132,65
2026-10-06,IDO,2026-11-23,24600.0,CE,30.7,30.7,22776.1,57265,654,65
2026-10-06,IDO,2026-11-23,25250.0,CE,16.95,10.01,22776.1,780,0,65
2026-10-06,IDO,2026-12-29,16000.0,CE,6430.0,6977.34,22776.1,1105,0,65
2026-10-06,IDO,2026-12-29,20700.0,CE,2388.15,2361.66,22776.1,0,0,65
2026-10-06,IDO,2026-12-29,20950.0,CE,2168.25,2129.17,22776.1,0,0,65
2026-10-06,IDO,2026-12-29,21050.0,CE,2082.3,2037.81,22776.1,0,0,65
2026-10-06,IDO,2026-12-29,21150.0,CE,1997.6,1947.55,22776.1,0,0,65
2026-10-06,IDO,2026-12-29,21750.0,CE,1417.6,1435.47,22776.1,2145,17,65
2026-10-06,IDO,2026-12-29,22050.0,CE,1102.1,1203.64,22776.1,715,2,65
2026-10-06,IDO,2026-12-29,22350.0,CE,880.8,991.84,22776.1,8320,0,65
2026-10-06,IDO,2026-12-29,22500.0,CE,838.85,838.85,22776.1,427505,2045,65
2026-10-06,IDO,2026-12-29,24200.0,CE,131.95,131.95,22776.1,38090,376,65
2026-10-06,IDO,2027-03-30,27000.0,CE,51.35,51.35,22776.1,1228500,2454,65
2026-10-06,IDO,2027-06-29,31500.0,CE,769.15,5.84,22776.1,0,0,65
2026-10-06,IDO,2027-09-28,16500.0,CE,7170.5,7141.77,22776.1,0,0,65
2026-10-06,IDO,2027-09-28,22500.0,CE,2265.0,2024.22,22776.1,715,0,65
2026-10-06,IDO,2027-12-28,16500.0,CE,11316.4,7356.63,22776.1,0,0,65
2026-10-06,IDO,2027-12-28,26000.0,CE,596.35,596.35,22776.1,229360,404,65
2026-10-06,IDO,2028-06-27,22500.0,CE,6796.05,2933.56,22776.1,0,0,65
2026-10-06,IDO,2028-12-26,21000.0,CE,7512.5,4515.67,22776.1,0,0,65
2026-10-06,IDO,2029-06-26,15000.0,CE,13671.85,9868.32,22776.1,0,0,65
2026-10-06,IDO,2029-06-26,28500.0,CE,4213.3,1301.78,22776.1,0,0,65
2026-10-06,IDO,2029-12-24,24000.0,CE,5000.0,3639.24,22776.1,195,2,65
2026-10-06,IDO,2029-12-24,25500.0,CE,6500.6,2874.79,22776.1,0,0,65
2026-10-06,IDO,2030-12-31,31500.0,CE,4554.55,1649.75,22776.1,0,0,65
2026-10-06,IDO,2026-10-06,20200.0,PE,0.05,22776.1,22776.1,95290,5168,65
2026-10-06,IDO,2026-10-06,22000.0,PE,0.1,22776.1,22776.1,13360880,2628355,65
2026-10-06,IDO,2026-10-06,24000.0,PE,1254.0,22776.1,22776.1,116545,4345,65
2026-10-06,IDO,2026-10-06,24150.0,PE,1422.2,22776.1,22776.1,1365,24,65
2026-10-06,IDO,2026-10-06,24350.0,PE,1580.0,22776.1,22776.1,325,7,65
2026-10-06,IDO,2026-10-13,20200.0,PE,1.6,1.6,22776.1,744315,27519,65
2026-10-06,IDO,2026-10-13,22500.0,PE,66.15,66.15,22776.1,4474990,320163,65
2026-10-06,IDO,2026-10-13,23200.0,PE,470.2,470.2,22776.1,273650,4207,65
2026-10-06,IDO,2026-10-13,23500.0,PE,756.8,756.8,22776.1,338195,4895,65
2026-10-06,IDO,2026-10-13,24050.0,PE,1543.65,1248.78,22776.1,325,0,65
2026-10-06,IDO,2026-10-13,24800.0,PE,2000.0,2000.0,22776.1,3380,33,65
2026-10-06,IDO,2026-10-13,25100.0,PE,2335.0,2335.0,22776.1,5265,7,65
2026-10-06,IDO,2026-10-19,20250.0,PE,3.5,3.5,22776.1,1300,63,65
2026-10-06,IDO,2026-10-19,20600.0,PE,3.65,3.65,22776.1,42965,1167,65
2026-10-06,IDO,2026-10-19,20750.0,PE,5.4,0.01,22776.1,520,20,65
2026-10-06,IDO,2026-10-19,21350.0,PE,9.8,9.8,22776.1,43225,1524,65
2026-10-06,IDO,2026-10-19,21500.0,PE,12.55,12.55,22776.1,195715,8385,65
2026-10-06,IDO,2026-10-19,22000.0,PE,35.45,35.45,22776.1,576290,15873,65
2026-10-06,IDO,2026-10-19,22350.0,PE,79.9,79.9,22776.1,33215,2624,65
2026-10-06,IDO,2026-10-19,22900.0,PE,282.3,282.3,22776.1,105040,2883,65
2026-10-06,IDO,2026-10-19,22950.0,PE,308.8,308.8,22776.1,7735,155,65
2026-10-06,IDO,2026-10-19,23500.0,PE,739.0,739.0,22776.1,27430,423,65
2026-10-06,IDO,2026-10-19,24150.0,PE,1040.4,1329.06,22776.1,0,0,65
2026-10-06,IDO,2026-10-19,24250.0,PE,1180.0,1427.93,22776.1,65,0,65
2026-10-06,IDO,2026-10-19,25150.0,PE,1919.85,2324.69,22776.1,0,0,65
2026-10-06,IDO,2026-10-27,20550.0,PE,9.3,9.3,22776.1,16380,324,65
2026-10-06,IDO,2030-06-25,18000.0,PE,116.65,81.54,22776.1,0,0,65
2026-10-06,IDO,2026-10-27,21050.0,PE,16.5,16.5,22776.1,19500,359,65
2026-10-06,IDO,2026-10-27,21700.0,PE,39.1,39.1,22776.1,577200,16460,65
2026-10-06,IDO,2026-10-27,22500.0,PE,162.55,162.55,22776.1,4541420,75676,65
2026-10-06,IDO,2026-10-27,23550.0,PE,772.4,772.4,22776.1,14950,30,65
2026-10-06,IDO,2026-10-27,23700.0,PE,914.15,914.15,22776.1,406705,967,65
2026-10-06,IDO,2026-10-27,23800.0,PE,1015.65,1015.65,22776.1,515255,454,65
2026-10-06,IDO,2026-10-27,24700.0,PE,1894.6,1847.65,22776.1,216320,41,65
2026-10-06,IDO,2026-10-27,24950.0,PE,2335.0,2095.73,22776.1,845,0,65
2026-10-06,IDO,2026-10-27,27200.0,PE,4385.7,4385.7,22776.1,57980,9,65
2026-10-06,IDO,2026-11-03,21350.0,PE,17.55,9.61,22776.1,0,0,65
2026-10-06,IDO,2026-11-03,22050.0,PE,97.65,97.65,22776.1,1105,32,65
2026-10-06,IDO,2026-11-03,22600.0,PE,223.05,223.05,22776.1,16900,291,65
2026-10-06,IDO,2026-11-03,22850.0,PE,324.65,324.65,22776.1,7345,92,65
2026-10-06,IDO,2026-11-03,24300.0,PE,1010.0,1439.58,22776.1,65,0,65
2026-10-06,IDO,2026-11-23,21250.0,PE,66.1,66.1,22776.1,4680,3,65
2026-10-06,IDO,2026-11-23,21850.0,PE,122.5,122.5,22776.1,5070,11,65
2026-10-06,IDO,2026-11-23,22000.0,PE,145.6,145.6,22776.1,1592175,13551,65
2026-10-06,IDO,2026-11-23,22150.0,PE,171.9,171.9,22776.1,5915,187,65
2026-10-06,IDO,2026-11-23,22300.0,PE,202.55,202.55,22776.1,78000,1053,65
2026-10-06,IDO,2026-11-23,22600.0,PE,288.75,288.75,22776.1,109460,1650,65
2026-10-06,IDO,2026-11-23,22950.0,PE,432.35,432.35,22776.1,5070,25,65
2026-10-06,IDO,2026-11-23,23000.0,PE,456.45,456.45,22776.1,1018225,4538,65
2026-10-06,IDO,2026-11-23,23350.0,PE,652.8,652.8,22776.1,8385,16,65
2026-10-06,IDO,2026-11-23,24350.0,PE,1478.7,1457.11,22776.1,2210,2,65
2026-10-06,IDO,2026-11-23,24400.0,PE,1701.2,1501.8,22776.1,9230,0,65
2026-10-06,IDO,2026-11-23,25250.0,PE,1090.7,2301.94,22776.1,0,0,65
2026-10-06,IDO,2026-11-23,25550.0,PE,1282.8,2594.87,22776.1,0,0,65
2026-10-06,IDO,2026-12-29,17000.0,PE,14.2,14.2,22776.1,284125,356,65
2026-10-06,IDO,2026-12-29,20450.0,PE,48.5,15.51,22776.1,0,0,65
2026-10-06,IDO,2026-12-29,20650.0,PE,68.6,68.6,22776.1,1040,17,65
2026-10-06,IDO,2026-12-29,20700.0,PE,73.4,73.4,22776.1,1300,20,65
2026-10-06,IDO,2026-12-29,20900.0,PE,109.05,36.25,22776.1,5525,0,65
2026-10-06,IDO,2026-12-29,22400.0,PE,295.3,295.3,22776.1,78585,422,65
2026-10-06,IDO,2026-12-29,22500.0,PE,323.0,323.0,22776.1,1818310,6621,65
2026-10-06,IDO,2026-12-29,23800.0,PE,963.0,963.0,22776.1,3315,27,65
2026-10-06,IDO,2026-12-29,28000.0,PE,4863.5,4863.5,22776.1,1052305,290,65
2026-10-06,IDO,2026-12-29,30000.0,PE,6801.95,6801.95,22776.1,507900,90,65
2026-10-06,IDO,2026-12-29,33000.0,PE,5263.45,9808.84,22776.1,0,0,65
2026-10-06,IDO,2027-03-30,25500.0,PE,2113.2,2113.2,22776.1,218075,206,65
2026-10-06,IDO,2027-03-30,30000.0,PE,6273.1,6445.58,22776.1,2470,0,65
2026-10-06,IDO,2027-03-30,33000.0,PE,8415.45,9365.12,22776.1,0,0,65
2026-10-06,IDO,2027-06-29,31500.0,PE,3604.7,7492.12,22776.1,0,0,65
2026-10-06,IDO,2027-12-28,17000.0,PE,72.55,6.59,22776.1,17775,0,65
2026-10-06,IDO,2027-12-28,19500.0,PE,29.25,84.87,22776.1,0,0,65
2026-10-06,IDO,2027-12-28,31500.0,PE,3240.0,6729.87,22776.1,0,0,65
2026-10-06,IDO,2028-06-27,15000.0,PE,127.2,1.46,22776.1,0,0,65
2026-10-06,IDO,2028-06-27,30000.0,PE,3779.25,4845.12,22776.1,0,0,65
2026-10-06,IDO,2028-12-26,25000.0,PE,1461.95,1462.6,22776.1,13735,2,65
2026-10-06,IDO,2029-06-26,25500.0,PE,624.25,1567.25,22776.1,0,0,65
2026-10-06,IDO,2029-06-26,30000.0,PE,2031.05,3983.58,22776.1,0,0,65
2026-10-06,IDO,2029-12-24,18000.0,PE,96.5,74.52,22776.1,0,0,65
2026-10-06,IDO,2026-12-29,23450.0,PE,865.0,792.56,22776.1,1040,0,65
2026-10-06,IDO,2026-12-29,23650.0,PE,923.35,918.87,22776.1,2275,3,65
2026-10-06,IDO,2026-12-29,23700.0,PE,894.15,894.15,22776.1,3640,15,65
2026-10-06,IDO,2027-03-30,15000.0,PE,18.75,18.75,22776.1,10660,37,65
2026-10-06,IDO,2027-06-29,18000.0,PE,70.0,5.59,22776.1,230,0,65
2026-10-06,IDO,2027-06-29,28500.0,PE,1807.05,4666.26,22776.1,0,0,65
2026-10-06,IDO,2027-09-28,19500.0,PE,134.1,63.73,22776.1,65,0,65
2026-10-06,IDO,2027-12-28,20000.0,PE,259.55,259.55,22776.1,105785,334,65
2026-10-06,IDO,2026-10-06,22750.0,CE,13.25,22776.1,22776.1,8941985,25752638,65
2026-10-06,IDO,2026-10-06,23000.0,CE,0.2,22776.1,22776.1,13006435,3661418,65
2026-10-06,IDO,2026-10-06,23050.0,CE,0.15,22776.1,22776.1,4530370,1241800,65
2026-10-06,IDO,2026-10-06,23300.0,CE,0.05,22776.1,22776.1,4880720,937587,65
2026-10-06,IDO,2026-10-06,23500.0,CE,0.05,22776.1,22776.1,9691305,718267,65
2026-10-06,IDO,2026-10-06,24100.0,CE,0.05,22776.1,22776.1,830115,54914,65
2026-10-06,IDO,2026-10-06,24300.0,CE,0.05,22776.1,22776.1,1090180,43385,65
2026-10-06,IDO,2026-10-06,24400.0,CE,0.05,22776.1,22776.1,305955,17767,65
2026-10-06,IDO,2026-10-06,24900.0,CE,0.05,22776.1,22776.1,106275,7259,65
2026-10-06,IDO,2026-10-06,25050.0,CE,0.05,22776.1,22776.1,65130,1279,65
2026-10-06,IDO,2026-10-13,21000.0,CE,1562.7,1798.24,22776.1,4550,0,65
2026-10-06,IDO,2026-10-13,22750.0,CE,151.15,151.15,22776.1,1635075,153337,65
2026-10-06,IDO,2026-10-13,23700.0,CE,2.15,2.15,22776.1,1776255,68163,65
2026-10-06,IDO,2026-10-13,24400.0,CE,0.85,0.85,22776.1,498940,10197,65
2026-10-06,IDO,2026-10-13,25250.0,CE,0.8,0.8,22776.1,23660,386,65
2026-10-06,IDO,2030-12-31,22500.0,PE,219.35,552.91,22776.1,0,0,65
2026-10-06,IDO,2026-10-13,25300.0,CE,0.6,0.6,22776.1,49270,817,65
2026-10-06,IDO,2026-10-19,20050.0,CE,3178.5,2765.34,22776.1,0,0,65
2026-10-06,IDO,2026-10-19,20200.0,CE,3029.55,2615.63,22776.1,0,0,65
2026-10-06,IDO,2026-10-19,20300.0,CE,2930.35,2515.83,22776.1,0,0,65
2026-10-06,IDO,2026-10-19,20350.0,CE,2880.75,2465.92,22776.1,0,0,65
2026-10-06,IDO,2026-10-19,21650.0,CE,913.55,1172.05,22776.1,130,0,65
2026-10-06,IDO,2026-10-19,22150.0,CE,665.9,665.9,22776.1,2405,41,65
2026-10-06,IDO,2026-10-19,22350.0,CE,500.0,500.0,22776.1,9295,62,65
2026-10-06,IDO,2026-10-19,22550.0,CE,349.2,349.2,22776.1,20605,1168,65
2026-10-06,IDO,2026-10-19,22700.0,CE,251.7,251.7,22776.1,277615,14340,65
2026-10-06,IDO,2026-10-19,24200.0,CE,2.4,2.4,22776.1,50375,1293,65
2026-10-06,IDO,2026-10-27,20200.0,CE,4096.9,2639.93,22776.1,0,0,65
2026-10-06,IDO,2026-10-27,23000.0,CE,177.2,177.2,22776.1,5109650,71162,65
2026-10-06,IDO,2026-10-27,24150.0,CE,10.55,10.55,22776.1,107250,1066,65
2026-10-06,IDO,2026-10-27,24350.0,CE,7.65,7.65,22776.1,59085,718,65
2026-10-06,IDO,2026-10-27,25100.0,CE,3.2,3.2,22776.1,80860,384,65
2026-10-06,IDO,2026-10-27,25400.0,CE,2.4,2.4,22776.1,88010,678,65
2026-10-06,IDO,2026-10-27,25500.0,CE,2.1,2.1,22776.1,957645,3929,65
2026-10-06,IDO,2026-10-27,26050.0,CE,1.65,1.65,22776.1,6110,45,65
2026-10-06,IDO,2026-10-27,26100.0,CE,1.35,0.01,22776.1,10335,8,65
2026-10-06,IDO,2026-10-27,26450.0,CE,1.0,0.01,22776.1,520,0,65
2026-10-06,IDO,2026-10-27,26700.0,CE,0.75,0.01,22776.1,650,2,65
2026-10-06,IDO,2026-10-27,26900.0,CE,1.0,1.0,22776.1,32565,11,65
2026-10-06,IDO,2026-10-27,26950.0,CE,1.9,0.01,22776.1,910,0,65
2026-10-06,IDO,2026-11-03,21800.0,CE,1721.95,1104.69,22776.1,0,0,65
2026-10-06,IDO,2026-11-03,22150.0,CE,536.65,806.41,22776.1,130,0,65
2026-10-06,IDO,2026-11-03,22550.0,CE,475.25,475.25,22776.1,3510,44,65
2026-10-06,IDO,2026-11-03,22600.0,CE,452.8,452.8,22776.1,56485,543,65
2026-10-06,IDO,2026-11-03,23550.0,CE,75.2,75.2,22776.1,3055,29,65
2026-10-06,IDO,2026-11-03,24100.0,CE,21.9,21.9,22776.1,7085,165,65
2026-10-06,IDO,2026-11-03,24600.0,CE,11.2,11.2,22776.1,25935,231,65
2026-10-06,IDO,2026-11-23,20250.0,CE,4389.4,2673.59,22776.1,0,0,65
2026-10-06,IDO,2026-11-23,22100.0,CE,947.05,970.36,22776.1,5265,12,65
2026-10-06,IDO,2026-11-23,22500.0,CE,647.1,647.1,22776.1,407225,3292,65
2026-10-06,IDO,2026-11-23,23000.0,CE,357.85,357.85,22776.1,1002495,9261,65
2026-10-06,IDO,2026-11-23,23100.0,CE,312.1,312.1,22776.1,274235,1089,65
2026-10-06,IDO,2026-11-23,24250.0,CE,54.15,69.77,22776.1,16055,53,65
2026-10-06,IDO,2026-11-23,25050.0,CE,18.45,15.33,22776.1,1040,8,65
2026-10-06,IDO,2026-11-23,25100.0,CE,18.75,18.75,22776.1,40950,119,65
2026-10-06,IDO,2026-11-23,25200.0,CE,15.75,15.75,22776.1,7540,58,65
2026-10-06,IDO,2026-11-23,25600.0,CE,11.0,4.54,22776.1,1040,2,65
2026-10-06,IDO,2026-12-29,19500.0,CE,7586.85,3523.1,22776.1,0,0,65
2026-10-06,IDO,2026-12-29,21300.0,CE,1500.55,1814.47,22776.1,195,0,65
2026-10-06,IDO,2026-12-29,22450.0,CE,827.4,926.11,22776.1,3445,4,65
2026-10-06,IDO,2026-12-29,23500.0,CE,311.55,311.55,22776.1,491725,3072,65
2026-10-06,IDO,2026-12-29,23750.0,CE,228.8,228.8,22776.1,12935,77,65
2026-10-06,IDO,2026-12-29,23850.0,CE,203.25,203.25,22776.1,19045,186,65
2026-10-06,IDO,2026-12-29,25500.0,CE,32.05,32.05,22776.1,1048645,3648,65
2026-10-06,IDO,2026-12-29,27000.0,CE,10.75,10.75,22776.1,1845735,3638,65
2026-10-06,IDO,2026-12-29,34500.0,CE,1.65,0.01,22776.1,1365,0,65
2026-10-06,IDO,2027-03-30,33000.0,CE,7.45,7.45,22776.1,12870,77,65
2026-10-06,IDO,2029-12-24,22500.0,CE,8486.15,4524.15,22776.1,0,0,65
2026-10-06,IDO,2030-12-31,15000.0,CE,14862.95,10907.99,22776.1,0,0,65
2026-10-06,IDO,2031-06-24,16500.0,CE,11849.25,10086.64,22776.1,0,0,65
2026-10-06,IDO,2031-06-24,31500.0,CE,3928.35,2004.46,22776.1,0,0,65
2026-10-06,IDO,2026-10-06,20550.0,PE,0.05,22776.1,22776.1,154830,16221,65
2026-10-06,IDO,2026-10-06,20800.0,PE,0.05,22776.1,22776.1,460850,63775,65
2026-10-06,IDO,2026-10-06,20850.0,PE,0.05,22776.1,22776.1,95680,10048,65
2026-10-06,IDO,2026-10-06,21200.0,PE,0.1,22776.1,22776.1,950170,171615,65
2026-10-06,IDO,2026-10-06,21600.0,PE,0.15,22776.1,22776.1,4604860,638591,65
2026-10-06,IDO,2026-10-06,22750.0,PE,13.25,22776.1,22776.1,18477225,10173699,65
2026-10-06,IDO,2026-10-06,23450.0,PE,708.7,22776.1,22776.1,40170,458,65
2026-10-06,IDO,2026-10-06,24250.0,PE,1493.85,22776.1,22776.1,2340,19,65
2026-10-06,IDO,2026-10-06,24450.0,PE,1761.4,22776.1,22776.1,130,15,65
2026-10-06,IDO,2026-10-13,20650.0,PE,1.8,1.8,22776.1,17550,717,65
2026-10-06,IDO,2026-10-13,21150.0,PE,2.6,2.6,22776.1,95680,9410,65
2026-10-06,IDO,2026-10-13,22850.0,PE,207.1,207.1,22776.1,292500,20835,65
2026-10-06,IDO,2026-10-13,23000.0,PE,304.6,304.6,22776.1,1481935,46048,65
2026-10-06,IDO,2026-10-13,23400.0,PE,661.4,661.4,22776.1,216775,2465,65
2026-10-06,IDO,2026-10-19,20650.0,PE,4.0,0.01,22776.1,455,47,65
2026-10-06,IDO,2026-10-19,20900.0,PE,4.6,4.6,22776.1,44135,974,65
2026-10-06,IDO,2026-10-19,21200.0,PE,7.35,7.35,22776.1,112255,3542,65
2026-10-06,IDO,2026-10-19,21400.0,PE,10.5,10.5,22776.1,112580,3866,65
2026-10-06,IDO,2026-10-19,21800.0,PE,23.1,23.1,22776.1,103545,4356,65
2026-10-06,IDO,2026-10-19,22650.0,PE,162.75,162.75,22776.1,35490,2349,65
2026-10-06,IDO,2026-10-19,23000.0,PE,338.75,338.75,22776.1,133055,2069,65
2026-10-06,IDO,2026-10-19,23700.0,PE,900.0,894.25,22776.1,1885,0,65
2026-10-06,IDO,2029-12-24,19500.0,PE,61.2,169.64,22776.1,0,0,65
2026-10-06,IDO,2026-10-06,22600.0,CE,139.05,22776.1,22776.1,2512575,11078769,65
2026-10-06,IDO,2026-10-19,23900.0,PE,777.4,1084.6,22776.1,0,0,65
2026-10-06,IDO,2026-10-19,24650.0,PE,1460.6,1825.83,22776.1,0,0,65
2026-10-06,IDO,2026-10-27,21100.0,PE,16.95,16.95,22776.1,96720,2280,65
2026-10-06,IDO,2026-10-27,21900.0,PE,55.4,55.4,22776.1,671840,14788,65
2026-10-06,IDO,2026-10-27,23350.0,PE,617.8,617.8,22776.1,29705,61,65
2026-10-06,IDO,2026-10-27,25250.0,PE,2249.0,2394.3,22776.1,260,0,65
2026-10-06,IDO,2026-10-27,26100.0,PE,3200.0,3241.44,22776.1,195,0,65
2026-10-06,IDO,2026-10-27,26750.0,PE,2501.2,3889.39,22776.1,0,0,65
2026-10-06,IDO,2026-10-27,26900.0,PE,3583.15,4038.91,22776.1,1430,0,65
2026-10-06,IDO,2026-10-27,26950.0,PE,2675.85,4088.76,22776.1,0,0,65
2026-10-06,IDO,2026-11-03,20150.0,PE,0.7,0.06,22776.1,0,0,65
2026-10-06,IDO,2026-11-03,20250.0,PE,0.95,0.1,22776.1,0,0,65
2026-10-06,IDO,2026-11-03,20350.0,PE,1.3,0.16,22776.1,0,0,65
2026-10-06,IDO,2026-11-03,21300.0,PE,34.0,34.0,22776.1,260,4,65
2026-10-06,IDO,2026-10-06,22250.0,CE,503.5,22776.1,22776.1,322595,13031,65
2026-10-06,IDO,2026-10-06,21300.0,CE,2880.7,22776.1,22776.1,0,0,65
2026-10-06,IDO,2026-11-03,21550.0,PE,48.45,48.45,22776.1,3640,106,65
2026-10-06,IDO,2026-11-03,21900.0,PE,82.35,82.35,22776.1,7800,71,65
2026-10-06,IDO,2026-11-03,22350.0,PE,149.55,149.55,22776.1,5590,40,65
2026-10-06,IDO,2026-11-03,22800.0,PE,304.9,304.9,22776.1,14495,254,65
2026-10-06,IDO,2026-11-03,23600.0,PE,555.1,817.89,22776.1,0,0,65
2026-10-06,IDO,2026-11-03,23650.0,PE,463.5,858.49,22776.1,195,0,65
2026-10-06,IDO,2026-11-03,24000.0,PE,788.3,1161.24,22776.1,65,0,65
2026-10-06,IDO,2026-11-03,24050.0,PE,829.7,1206.66,22776.1,0,0,65
2026-10-06,IDO,2026-11-03,24200.0,PE,1659.45,1345.38,22776.1,65,0,65
2026-10-06,IDO,2026-11-03,24500.0,PE,1160.15,1631.14,22776.1,0,0,65
2026-10-06,IDO,2026-11-03,25150.0,PE,1711.15,2269.38,22776.1,0,0,65
2026-10-06,IDO,2026-11-23,20250.0,PE,4.0,1.55,22776.1,0,0,65
2026-10-06,IDO,2026-11-23,20450.0,PE,5.8,2.93,22776.1,0,0,65
2026-10-06,IDO,2026-11-23,20650.0,PE,40.0,5.31,22776.1,1820,1,65
2026-10-06,IDO,2026-11-23,21150.0,PE,96.45,19.82,22776.1,1105,0,65
2026-10-06,IDO,2026-11-23,21450.0,PE,79.65,79.65,22776.1,2665,15,65
2026-10-06,IDO,2026-11-23,21750.0,PE,110.6,110.6,22776.1,7865,120,65
2026-10-06,IDO,2026-11-23,21950.0,PE,136.0,136.0,22776.1,15795,269,65
2026-10-06,IDO,2026-11-23,22200.0,PE,179.35,179.35,22776.1,573300,2705,65
2026-10-06,IDO,2026-11-23,23300.0,PE,622.2,622.2,22776.1,51480,120,65
2026-10-06,IDO,2026-11-23,23400.0,PE,690.0,690.0,22776.1,93275,105,65
2026-10-06,IDO,2026-11-23,23800.0,PE,1000.0,995.67,22776.1,58175,63,65
2026-10-06,IDO,2026-11-23,24050.0,PE,1132.55,1197.78,22776.1,1040,0,65
2026-10-06,IDO,2026-11-23,24600.0,PE,2050.0,1683.93,22776.1,3575,0,65
2026-10-06,IDO,2029-06-26,27000.0,PE,1252.35,2250.52,22776.1,0,0,65
2026-10-06,IDO,2029-06-26,18000.0,PE,118.45,65.12,22776.1,0,0,65
2026-10-06,IDO,2028-12-26,30000.0,PE,3500.0,4380.97,22776.1,325,0,65
2026-10-06,IDO,2026-11-23,24750.0,PE,2024.7,1823.57,22776.1,65,0,65
2026-10-06,IDO,2026-11-23,25900.0,PE,3176.5,2939.45,22776.1,65,0,65
2026-10-06,IDO,2026-11-23,26100.0,PE,1675.5,3137.13,22776.1,0,0,65
2026-10-06,IDO,2026-12-29,12000.0,PE,3.0,0.01,22776.1,23025,17,65
2026-10-06,IDO,2026-12-29,20050.0,PE,50.05,50.05,22776.1,1950,50,65
2026-10-06,IDO,2026-12-29,21550.0,PE,143.1,102.62,22776.1,6240,50,65
2026-10-06,IDO,2026-12-29,21800.0,PE,170.1,170.1,22776.1,80990,706,65
2026-10-06,IDO,2026-10-06,20500.0,CE,3674.35,22776.1,22776.1,0,0,65
2026-10-06,IDO,2026-10-06,20300.0,CE,3873.1,22776.1,22776.1,0,0,65
2026-10-06,IDO,2028-06-27,22000.0,PE,650.0,493.6,22776.1,2210,1,65
2026-10-06,IDO,2026-12-29,23250.0,PE,848.9,676.35,22776.1,2210,0,65
2026-10-06,IDO,2026-10-06,23950.0,CE,0.05,22776.1,22776.1,341900,54294,65
2026-10-06,IDO,2026-10-06,24200.0,CE,0.05,22776.1,22776.1,676390,55368,65
2026-10-06,IDO,2026-10-06,24250.0,CE,0.05,22776.1,22776.1,427115,13926,65
2026-10-06,IDO,2026-10-06,24550.0,CE,0.05,22776.1,22776.1,161655,8347,65
2026-10-06,IDO,2026-10-06,25000.0,CE,0.05,22776.1,22776.1,1167790,54305,65
2026-10-06,IDO,2026-10-06,25550.0,CE,0.05,22776.1,22776.1,53625,1620,65
2026-10-06,IDO,2026-10-06,25650.0,CE,0.05,22776.1,22776.1,76830,1906,65
2026-10-06,IDO,2026-10-13,20500.0,CE,2230.0,2297.71,22776.1,65,1,65
2026-10-06,IDO,2026-10-13,25050.0,CE,0.7,0.7,22776.1,14300,237,65
2026-10-06,IDO,2026-10-19,21500.0,CE,1760.75,1319.78,22776.1,0,0,65
2026-10-06,IDO,2026-10-19,22900.0,CE,151.0,151.0,22776.1,156325,6002,65
2026-10-06,IDO,2026-10-19,23000.0,CE,112.55,112.55,22776.1,625950,19474,65
2026-10-06,IDO,2026-10-19,23500.0,CE,20.0,20.0,22776.1,484835,14358,65
2026-10-06,IDO,2026-10-19,23550.0,CE,16.35,16.35,22776.1,40300,2768,65
2026-10-06,IDO,2026-10-19,23800.0,CE,7.05,7.05,22776.1,164645,3540,65
2026-10-06,IDO,2026-10-19,23850.0,CE,6.1,6.1,22776.1,20865,356,65
2026-10-06,IDO,2026-10-19,25200.0,CE,1.35,1.35,22776.1,15795,222,65
2026-10-06,IDO,2026-10-27,20750.0,CE,3566.95,2091.9,22776.1,0,0,65
2026-10-06,IDO,2026-10-27,21300.0,CE,1541.3,1541.3,22776.1,1105,2,65
2026-10-06,IDO,2026-10-27,21450.0,CE,1084.5,1400.12,22776.1,65,0,65
2026-10-06,IDO,2026-10-27,22000.0,CE,855.35,855.35,22776.1,1232855,5726,65
2026-10-06,IDO,2026-10-27,22450.0,CE,495.35,495.35,22776.1,82615,1111,65
2026-10-06,IDO,2026-10-27,23500.0,CE,48.45,48.45,22776.1,8890180,60262,65
2026-10-06,IDO,2026-10-27,23950.0,CE,15.75,15.75,22776.1,229385,1419,65
2026-10-06,IDO,2026-10-27,24200.0,CE,9.55,9.55,22776.1,830115,6905,65
2026-10-06,IDO,2026-10-27,24250.0,CE,8.95,8.95,22776.1,109590,822,65
2026-10-06,IDO,2026-10-27,24550.0,CE,5.6,5.6,22776.1,45955,480,65
2026-10-06,IDO,2026-10-27,24750.0,CE,4.2,4.2,22776.1,26130,304,65
2026-10-06,IDO,2026-10-27,25450.0,CE,2.55,2.55,22776.1,6565,44,65
2026-10-06,IDO,2026-10-27,26000.0,CE,1.3,1.3,22776.1,1845025,3020,65
2026-10-06,IDO,2026-10-27,27000.0,CE,0.6,0.6,22776.1,976950,1355,65
2026-10-06,IDO,2026-11-03,20100.0,CE,3366.5,2760.77,22776.1,0,0,65
2026-10-06,IDO,2026-11-03,20700.0,CE,2773.55,2164.06,22776.1,0,0,65
2026-10-06,IDO,2026-11-03,20800.0,CE,2675.3,2064.91,22776.1,0,0,65
2026-10-06,IDO,2026-11-03,22450.0,CE,463.75,583.06,22776.1,2015,0,65
2026-10-06,IDO,2026-11-03,23250.0,CE,143.15,181.81,22776.1,5655,92,65
2026-10-06,IDO,2026-11-03,23650.0,CE,57.15,84.17,22776.1,1560,0,65
2026-10-06,IDO,2026-11-03,23700.0,CE,401.3,75.72,22776.1,0,0,65
2026-10-06,IDO,2026-11-03,23850.0,CE,42.8,54.44,22776.1,1430,1,65
2026-10-06,IDO,2026-11-03,23950.0,CE,305.7,43.22,22776.1,0,0,65
2026-10-06,IDO,2026-11-03,24300.0,CE,19.0,19.0,22776.1,1365,5,65
2026-10-06,IDO,2026-11-23,21150.0,CE,3517.65,1798.34,22776.1,0,0,65
2026-10-06,IDO,2026-11-23,22450.0,CE,681.05,681.05,22776.1,2860,19,65
2026-10-06,IDO,2026-11-23,23500.0,CE,168.3,168.3,22776.1,1015430,7620,65
2026-10-06,IDO,2026-11-23,23950.0,CE,81.5,81.5,22776.1,30485,33,65
2026-10-06,IDO,2026-11-23,24400.0,CE,39.7,39.7,22776.1,116155,1310,65
2026-10-06,IDO,2026-11-23,25900.0,CE,7.05,7.05,22776.1,1625,12,65
2026-10-06,IDO,2026-12-29,20400.0,CE,2660.2,2646.7,22776.1,0,0,65
2026-10-06,IDO,2026-12-29,20550.0,CE,2523.15,2503.49,22776.1,0,0,65
2026-10-06,IDO,2026-12-29,21250.0,CE,1687.1,1858.5,22776.1,455,0,65
2026-10-06,IDO,2026-12-29,23650.0,CE,260.4,260.4,22776.1,8320,37,65
2026-10-06,IDO,2026-12-29,23700.0,CE,245.3,245.3,22776.1,59995,605,65
2026-10-06,IDO,2026-12-29,30000.0,CE,5.45,5.45,22776.1,805665,340,65
2026-10-06,IDO,2026-12-29,31500.0,CE,3.65,0.01,22776.1,33475,7,65
2026-10-06,IDO,2027-06-29,27000.0,CE,126.1,126.1,22776.1,59995,152,65
2026-10-06,IDO,2027-09-28,19500.0,CE,4470.95,4361.11,22776.1,0,0,65
2026-10-06,IDO,2027-12-28,30000.0,CE,129.4,129.4,22776.1,246155,437,65
2026-10-06,IDO,2028-12-26,24000.0,CE,2900.0,2900.0,22776.1,3315,4,65
2026-10-06,IDO,2028-12-26,25500.0,CE,1800.8,1896.99,22776.1,910,0,65
2026-10-06,IDO,2029-06-26,33000.0,CE,4179.45,455.32,22776.1,0,0,65
2026-10-06,IDO,2029-12-24,19500.0,CE,10678.8,6609.93,22776.1,0,0,65
2026-10-06,IDO,2030-06-25,15000.0,CE,14543.9,10562.44,22776.1,0,0,65
2026-10-06,IDO,2030-12-31,22500.0,CE,9536.95,5507.51,22776.1,0,0,65
2026-10-06,IDO,2031-06-24,18000.0,CE,10825.95,8979.61,22776.1,0,0,65
2026-10-06,IDO,2031-06-24,19500.0,CE,9840.6,7911.46,22776.1,0,0,65
2026-10-06,IDO,2031-06-24,25500.0,CE,6409.8,4290.65,22776.1,0,0,65
2026-10-06,IDO,2026-10-06,20300.0,PE,0.05,22776.1,22776.1,65650,4586,65
2026-10-06,IDO,2026-10-06,21300.0,PE,0.05,22776.1,22776.1,1277640,150595,65
2026-10-06,IDO,2026-10-06,22250.0,PE,0.15,22776.1,22776.1,3374735,2152878,65
2026-10-06,IDO,2026-10-06,22800.0,PE,47.75,22776.1,22776.1,5410730,4617408,65
2026-10-06,IDO,2026-10-06,24550.0,PE,1841.55,22776.1,22776.1,520,8,65
2026-10-06,IDO,2026-10-06,24600.0,PE,1766.7,22776.1,22776.1,4420,47,65
2026-10-06,IDO,2026-10-06,25400.0,PE,2721.0,22776.1,22776.1,715,14,65
2026-10-06,IDO,2026-10-06,25450.0,PE,1346.9,22776.1,22776.1,0,0,65
2026-10-06,IDO,2026-10-06,25500.0,PE,2728.3,22776.1,22776.1,32955,235,65
2026-10-06,IDO,2026-10-13,20900.0,PE,2.15,2.15,22776.1,361400,29568,65
2026-10-06,IDO,2026-10-13,22650.0,PE,111.7,111.7,22776.1,1134770,164760,65
2026-10-06,IDO,2026-10-13,23100.0,PE,383.1,383.1,22776.1,338260,7340,65
2026-10-06,IDO,2026-10-13,24200.0,PE,1443.95,1443.95,22776.1,60255,252,65
2026-10-06,IDO,2026-10-13,24500.0,PE,1747.7,1747.7,22776.1,121290,764,65
2026-10-06,IDO,2026-10-19,20800.0,PE,4.15,4.15,22776.1,49790,1368,65
2026-10-06,IDO,2026-10-19,21000.0,PE,5.75,5.75,22776.1,304785,8831,65
2026-10-06,IDO,2026-10-19,21050.0,PE,6.25,0.09,22776.1,2925,69,65
2026-10-06,IDO,2026-10-19,23050.0,PE,375.75,375.75,22776.1,3120,115,65
2026-10-06,IDO,2026-10-19,23250.0,PE,537.2,504.83,22776.1,3055,4,65
2026-10-06,IDO,2026-10-19,24500.0,PE,1723.4,1723.4,22776.1,1495,23,65
2026-10-06,IDO,2026-10-19,25100.0,PE,1872.7,2274.79,22776.1,0,0,65
2026-10-06,IDO,2026-10-27,20350.0,PE,10.55,0.02,22776.1,0,0,65
2026-10-06,IDO,2026-10-27,21250.0,PE,21.0,21.0,22776.1,32175,407,65
2026-10-06,IDO,2026-10-27,24500.0,PE,1686.95,1686.95,22776.1,1636310,3730,65
2026-10-06,IDO,2026-10-27,24800.0,PE,1973.75,1973.75,22776.1,314860,129,65
2026-10-06,IDO,2026-10-27,25550.0,PE,2725.0,2693.22,22776.1,910,0,65
2026-10-06,IDO,2026-10-27,26600.0,PE,3700.0,3739.86,22776.1,455,0,65
2026-10-06,IDO,2026-10-27,26700.0,PE,3900.0,3839.54,22776.1,260,0,65
2026-10-06,IDO,2026-11-03,20050.0,PE,0.5,0.03,22776.1,0,0,65
2026-10-06,IDO,2026-11-03,20600.0,PE,16.75,16.75,22776.1,2470,44,65
2026-10-06,IDO,2026-11-03,20650.0,PE,3.1,0.65,22776.1,0,0,65
2026-10-06,IDO,2026-11-03,21000.0,PE,26.1,26.1,22776.1,22425,499,65
2026-10-06,IDO,2026-11-03,22000.0,PE,90.9,90.9,22776.1,29575,611,65
2026-10-06,IDO,2026-11-03,22100.0,PE,106.25,106.25,22776.1,7865,144,65
2026-10-06,IDO,2026-11-03,22150.0,PE,112.8,112.8,22776.1,2535,22,65
2026-10-06,IDO,2026-11-03,23150.0,PE,486.15,486.15,22776.1,5070,94,65
2026-10-06,IDO,2026-11-03,23200.0,PE,519.7,519.7,22776.1,20020,474,65
2026-10-06,IDO,2026-11-03,23250.0,PE,670.0,557.82,22776.1,455,0,65
2026-10-06,IDO,2026-11-03,23550.0,PE,528.4,778.07,22776.1,0,0,65
2026-10-06,IDO,2026-11-03,23850.0,PE,700.25,1027.93,22776.1,0,0,65
2026-10-06,IDO,2026-11-03,24900.0,PE,1490.95,2022.18,22776.1,0,0,65
2026-10-06,IDO,2026-11-03,25000.0,PE,1577.95,2120.9,22776.1,0,0,65
2026-10-06,IDO,2026-11-23,20150.0,PE,3.3,1.11,22776.1,0,0,65
2026-10-06,IDO,2026-11-23,20300.0,PE,4.4,1.83,22776.1,0,0,65
2026-10-06,IDO,2026-11-23,20500.0,PE,34.45,34.45,22776.1,322920,3945,65
2026-10-06,IDO,2026-11-23,23150.0,PE,525.4,525.4,22776.1,128635,42,65
2026-10-06,IDO,2026-11-23,23750.0,PE,1135.95,957.06,22776.1,2860,0,65
2026-10-06,IDO,2026-11-23,24650.0,PE,1463.55,1730.22,22776.1,260,0,65
2026-10-06,IDO,2026-11-23,24950.0,PE,915.05,2012.93,22776.1,0,0,65
2026-10-06,IDO,2026-11-23,25050.0,PE,2152.6,2108.7,22776.1,65,0,65
2026-10-06,IDO,2026-12-29,20150.0,PE,31.0,8.26,22776.1,0,0,65
2026-10-06,IDO,2026-12-29,20850.0,PE,105.9,33.16,22776.1,1690,0,65
2026-10-06,IDO,2026-12-29,21150.0,PE,100.5,100.5,22776.1,5590,120,65
2026-10-06,IDO,2026-12-29,21350.0,PE,119.0,119.0,22776.1,3055,52,65
2026-10-06,IDO,2026-12-29,21650.0,PE,197.45,118.31,22776.1,8710,0,65
2026-10-06,IDO,2026-12-29,22000.0,PE,207.8,207.8,22776.1,3426045,11923,65
2026-10-06,IDO,2026-12-29,22050.0,PE,216.05,216.05,22776.1,7280,37,65
2026-10-06,IDO,2026-12-29,22800.0,PE,426.2,426.2,22776.1,82485,547,65
2026-10-06,IDO,2026-12-29,23200.0,PE,600.05,600.05,22776.1,7215,62,65
2026-10-06,IDO,2026-12-29,23500.0,PE,766.6,766.6,22776.1,109330,969,65
2026-10-06,IDO,2027-09-28,22500.0,PE,761.85,569.72,22776.1,65,0,65
2026-10-06,IDO,2027-09-28,30000.0,PE,5717.3,5715.56,22776.1,0,0,65
2026-10-06,IDO,2028-12-26,19500.0,PE,49.0,142.96,22776.1,0,0,65
2026-10-06,IDO,2029-06-26,24000.0,PE,850.0,1021.25,22776.1,155,0,65
2026-10-06,IDO,2029-06-26,26000.0,PE,1650.0,1780.09,22776.1,50,0,65
2026-10-06,IDO,2030-12-31,28500.0,PE,1083.1,2365.85,22776.1,0,0,65
2026-10-06,IDO,2030-12-31,31500.0,PE,1885.5,3823.75,22776.1,0,0,65
2026-10-06,IDO,2031-06-24,27000.0,PE,1653.15,1645.06,22776.1,0,0,65
2026-10-06,IDO,2026-10-06,22900.0,CE,0.25,22776.1,22776.1,11119095,8780604,65
2026-10-06,IDO,2026-10-06,21150.0,CE,3029.15,22776.1,22776.1,0,0,65
2026-10-06,IDO,2026-10-06,21200.0,CE,1359.7,22776.1,22776.1,130,0,65
2026-10-06,IDO,2026-10-06,21700.0,CE,1034.25,22776.1,22776.1,13845,122,65
2026-10-06,IDO,2026-10-06,22050.0,CE,689.95,22776.1,22776.1,58435,768,65
2026-10-06,IDO,2026-10-06,22950.0,CE,0.2,22776.1,22776.1,4784910,4348626,65
2026-10-06,IDO,2026-11-03,21700.0,PE,57.7,57.7,22776.1,12545,148,65
2026-10-06,IDO,2026-11-03,21600.0,PE,49.95,49.95,22776.1,6695,127,65
2026-10-06,IDO,2026-11-03,21500.0,PE,46.0,46.0,22776.1,20540,375,65
2026-10-06,IDO,2026-11-03,20200.0,PE,0.85,0.07,22776.1,0,0,65
2026-10-06,IDO,2026-10-27,26300.0,PE,3662.75,3440.81,22776.1,34970,0,65
2026-10-06,IDO,2026-10-27,26150.0,PE,2950.0,3291.28,22776.1,195,0,65
2026-10-06,IDO,2026-10-27,25450.0,PE,1850.0,2593.56,22776.1,325,0,65
2026-10-06,IDO,2026-10-27,25400.0,PE,2600.0,2543.74,22776.1,8840,1,65
2026-10-06,IDO,2026-10-27,24850.0,PE,2040.0,1996.38,22776.1,1560,2,65
2026-10-06,IDO,2026-10-27,24200.0,PE,1395.2,1395.2,22776.1,383435,334,65
2026-10-06,IDO,2026-10-27,24050.0,PE,1228.25,1214.85,22776.1,4030,2,65
2026-10-06,IDO,2026-10-27,22200.0,PE,94.6,94.6,22776.1,1400230,24117,65
2026-10-06,IDO,2026-10-27,21950.0,PE,60.25,60.25,22776.1,71240,1428,65
2026-10-06,IDO,2026-10-27,21550.0,PE,31.5,31.5,22776.1,28795,838,65
2026-10-06,IDO,2026-10-19,23600.0,PE,915.0,801.99,22776.1,2600,3,65
2026-10-06,IDO,2026-10-19,23150.0,PE,446.85,430.14,22776.1,2340,16,65
2026-10-06,IDO,2026-10-19,22750.0,PE,204.45,204.45,22776.1,42445,2157,65
2026-10-06,IDO,2026-10-19,22700.0,PE,183.5,183.5,22776.1,482365,18863,65
2026-10-06,IDO,2026-10-19,21950.0,PE,31.2,31.2,22776.1,43810,2091,65
2026-10-06,IDO,2026-10-19,21550.0,PE,13.7,13.7,22776.1,8190,174,65
2026-10-06,IDO,2026-10-19,21250.0,PE,8.1,8.1,22776.1,9100,220,65
2026-10-06,IDO,2026-10-19,20950.0,PE,6.15,0.05,22776.1,2730,66,65
2026-10-06,IDO,2026-10-19,20200.0,PE,2.95,2.95,22776.1,780,25,65
2026-10-06,IDO,2026-10-13,22600.0,PE,94.9,94.9,22776.1,3993015,395900,65
2026-10-06,IDO,2026-10-13,21650.0,PE,5.3,5.3,22776.1,464620,33337,65
2026-10-06,IDO,2026-10-13,20850.0,PE,2.15,2.15,22776.1,70460,3828,65
2026-10-06,IDO,2026-10-13,20100.0,PE,1.55,1.55,22776.1,3213080,49288,65
2026-10-06,IDO,2026-10-06,25350.0,PE,2750.0,22776.1,22776.1,520,0,65
2026-10-06,IDO,2026-10-06,25200.0,PE,2500.0,22776.1,22776.1,650,4,65
2026-10-06,IDO,2026-10-06,24100.0,PE,1359.9,22776.1,22776.1,14950,399,65
2026-10-06,IDO,2026-10-06,22500.0,PE,0.3,22776.1,22776.1,10163335,12923216,65
2026-10-06,IDO,2026-10-06,22150.0,PE,0.1,22776.1,22776.1,3156985,1676289,65
2026-10-06,IDO,2026-10-06,21750.0,PE,0.1,22776.1,22776.1,3210350,452467,65
2026-10-06,IDO,2026-10-06,21150.0,PE,0.1,22776.1,22776.1,399165,33044,65
2026-10-06,IDO,2026-10-06,20600.0,PE,0.05,22776.1,22776.1,888940,89076,65
2026-10-06,IDO,2026-10-06,20050.0,PE,0.05,22776.1,22776.1,198900,12209,65
2026-10-06,IDO,2030-12-31,21000.0,CE,10552.5,6471.47,22776.1,0,0,65
2026-10-06,IDO,2030-06-25,30000.0,CE,5580.35,1661.27,22776.1,0,0,65
2026-10-06,IDO,2030-06-25,22500.0,CE,9012.4,5016.34,22776.1,0,0,65
2026-10-06,IDO,2030-06-25,18000.0,CE,12423.9,8188.57,22776.1,0,0,65
2026-10-06,IDO,2029-12-24,30000.0,CE,1400.0,1283.81,22776.1,13605,5,65
2026-10-06,IDO,2029-06-26,27000.0,CE,6570.4,1782.41,22776.1,0,0,65
2026-10-06,IDO,2029-06-26,24000.0,CE,8085.35,3135.83,22776.1,0,0,65
2026-10-06,IDO,2029-06-26,19500.0,CE,10206.95,6147.87,22776.1,0,0,65
2026-10-06,IDO,2029-06-26,18000.0,CE,11678.65,7345.08,22776.1,0,0,65
2026-10-06,IDO,2028-12-26,15000.0,CE,11381.75,9506.94,22776.1,0,0,65
2026-10-06,IDO,2027-12-28,15000.0,CE,7931.05,8755.62,22776.1,0,0,65
2026-10-06,IDO,2027-03-30,19500.0,CE,3734.0,3800.91,22776.1,2340,6,65
2026-10-06,IDO,2026-12-29,29000.0,CE,5.35,5.35,22776.1,398415,181,65
2026-10-06,IDO,2026-12-29,24250.0,CE,124.25,124.25,22776.1,21710,154,65
2026-10-06,IDO,2026-12-29,24100.0,CE,149.8,149.8,22776.1,18590,205,65
2026-10-06,IDO,2026-12-29,23600.0,CE,277.6,277.6,22776.1,32565,189,65
2026-10-06,IDO,2026-12-29,23200.0,CE,436.6,436.6,22776.1,31395,164,65
2026-10-06,IDO,2026-12-29,20450.0,CE,2614.3,2598.83,22776.1,0,0,65
2026-10-06,IDO,2026-12-29,16500.0,CE,10405.0,6483.63,22776.1,0,0,65
2026-10-06,IDO,2026-12-29,15000.0,CE,5977.65,7964.77,22776.1,0,0,65
2026-10-06,IDO,2026-11-23,25350.0,CE,15.0,8.03,22776.1,455,0,65
2026-10-06,IDO,2026-11-23,24900.0,CE,21.95,20.84,22776.1,4030,35,65
2026-10-06,IDO,2026-11-23,24750.0,CE,27.25,27.25,22776.1,13650,64,65
2026-10-06,IDO,2026-11-23,24550.0,CE,31.1,31.1,22776.1,6305,22,65
2026-10-06,IDO,2026-11-23,24100.0,CE,63.7,63.7,22776.1,172575,1072,65
2026-10-06,IDO,2026-11-23,23850.0,CE,96.1,96.1,22776.1,12805,80,65
2026-10-06,IDO,2026-11-23,23600.0,CE,143.55,143.55,22776.1,204620,1303,65
2026-10-06,IDO,2026-11-23,23350.0,CE,214.3,214.3,22776.1,35815,172,65
2026-10-06,IDO,2026-11-23,23050.0,CE,334.45,334.45,22776.1,18655,123,65
2026-10-06,IDO,2026-11-23,22600.0,CE,583.6,583.6,22776.1,68185,1272,65
2026-10-06,IDO,2026-11-23,22250.0,CE,810.25,858.37,22776.1,1105,8,65
2026-10-06,IDO,2026-11-23,21950.0,CE,2769.65,1088.66,22776.1,0,0,65
2026-10-06,IDO,2026-11-23,21700.0,CE,2999.2,1298.05,22776.1,0,0,65
2026-10-06,IDO,2026-11-23,21250.0,CE,3422.3,1704.35,22776.1,0,0,65
2026-10-06,IDO,2026-11-23,20200.0,CE,4438.3,2722.99,22776.1,0,0,65
2026-10-06,IDO,2026-11-03,24700.0,CE,12.2,12.2,22776.1,20735,38,65
2026-10-06,IDO,2026-11-03,24050.0,CE,272.55,34.02,22776.1,0,0,65
2026-10-06,IDO,2026-11-03,23000.0,CE,233.4,233.4,22776.1,33475,499,65
2026-10-06,IDO,2026-11-03,22650.0,CE,419.0,419.0,22776.1,4160,60,65
2026-10-06,IDO,2026-11-03,22400.0,CE,592.5,592.5,22776.1,3705,158,65
2026-10-06,IDO,2026-11-03,22250.0,CE,606.0,728.15,22776.1,390,0,65
2026-10-06,IDO,2026-11-03,21850.0,CE,1676.7,1060.1,22776.1,0,0,65
2026-10-06,IDO,2026-11-03,21450.0,CE,2046.95,1429.68,22776.1,0,0,65
2026-10-06,IDO,2026-11-03,21050.0,CE,2431.1,1818.06,22776.1,0,0,65
2026-10-06,IDO,2026-11-03,20750.0,CE,2724.4,2114.47,22776.1,0,0,65
2026-10-06,IDO,2026-11-03,20600.0,CE,2872.0,2263.35,22776.1,0,0,65
2026-10-06,IDO,2026-11-03,20050.0,CE,3416.1,2810.55,22776.1,0,0,65
2026-10-06,IDO,2026-10-27,27150.0,CE,1.0,0.01,22776.1,2210,0,65
2026-10-06,IDO,2026-10-27,24700.0,CE,4.7,4.7,22776.1,284310,1152,65
2026-10-06,IDO,2026-10-27,24400.0,CE,7.15,7.15,22776.1,326430,3372,65
2026-10-06,IDO,2026-10-27,24100.0,CE,11.6,11.6,22776.1,580320,4640,65
2026-10-06,IDO,2026-10-27,23850.0,CE,18.95,18.95,22776.1,135655,1349,65
2026-10-06,IDO,2026-10-27,23200.0,CE,108.25,108.25,22776.1,2602340,22316,65
2026-10-06,IDO,2026-10-27,22650.0,CE,356.2,356.2,22776.1,149500,9155,65
2026-10-06,IDO,2026-10-27,22600.0,CE,390.1,390.1,22776.1,1115855,31782,65
2026-10-06,IDO,2026-10-27,22100.0,CE,764.7,764.7,22776.1,50375,275,65
2026-10-06,IDO,2026-10-27,21350.0,CE,1174.0,1497.74,22776.1,65,0,65
2026-10-06,IDO,2026-10-27,20350.0,CE,3951.55,2490.42,22776.1,0,0,65
2026-10-06,IDO,2026-10-19,24750.0,CE,1.35,1.35,22776.1,1560,15,65
2026-10-06,IDO,2026-10-19,24300.0,CE,1.85,1.85,22776.1,39000,902,65
2026-10-06,IDO,2026-10-19,24050.0,CE,4.4,4.4,22776.1,5135,17,65
2026-10-06,IDO,2026-10-19,22600.0,CE,313.25,313.25,22776.1,199745,10340,65
2026-10-06,IDO,2026-10-19,22500.0,CE,383.25,383.25,22776.1,132795,4872,65
2026-10-06,IDO,2026-10-19,21200.0,CE,2046.4,1617.85,22776.1,0,0,65
2026-10-06,IDO,2026-10-19,21100.0,CE,2143.1,1717.52,22776.1,0,0,65
2026-10-06,IDO,2026-10-19,21050.0,CE,2191.7,1767.39,22776.1,0,0,65
2026-10-06,IDO,2026-10-13,24500.0,CE,0.9,0.9,22776.1,2164695,58853,65
2026-10-06,IDO,2026-10-13,24150.0,CE,0.95,0.95,22776.1,98735,3431,65
2026-10-06,IDO,2026-10-13,23300.0,CE,11.45,11.45,22776.1,3003455,156452,65
2026-10-06,IDO,2026-10-13,23150.0,CE,25.45,25.45,22776.1,796835,66364,65
2026-10-06,IDO,2026-10-13,22900.0,CE,84.6,84.6,22776.1,2820610,246536,65
2026-10-06,IDO,2026-10-13,22600.0,CE,240.05,240.05,22776.1,1966965,264631,65
2026-10-06,IDO,2026-10-13,22050.0,CE,711.05,711.05,22776.1,5395,79,65
2026-10-06,IDO,2026-10-13,20950.0,CE,2803.55,1848.19,22776.1,0,0,65
2026-10-06,IDO,2026-10-06,24950.0,CE,0.1,22776.1,22776.1,65585,1431,65
2026-10-06,IDO,2026-10-06,24750.0,CE,0.05,22776.1,22776.1,59085,3986,65
2026-10-06,IDO,2026-10-06,24600.0,CE,0.05,22776.1,22776.1,214760,9588,65
2026-10-06,IDO,2026-10-06,24050.0,CE,0.05,22776.1,22776.1,226850,18454,65
2026-10-06,IDO,2026-10-06,23800.0,CE,0.05,22776.1,22776.1,1265745,181412,65
2026-10-06,IDO,2026-10-06,21600.0,CE,1139.85,22776.1,22776.1,5330,25,65
2026-10-06,IDO,2026-10-06,21450.0,CE,1094.6,22776.1,22776.1,2145,0,65
2026-10-06,IDO,2026-10-06,20050.0,CE,4121.65,22776.1,22776.1,0,0,65
2026-10-06,IDO,2026-11-23,22050.0,PE,152.9,152.9,22776.1,9750,144,65
2026-10-06,IDO,2026-11-23,23600.0,PE,832.45,832.45,22776.1,44070,40,65
2026-10-06,IDO,2026-11-23,24000.0,PE,1158.0,1158.0,22776.1,295360,314,65
2026-10-06,IDO,2026-11-23,25300.0,PE,1600.0,2350.54,22776.1,65,0,65
2026-10-06,IDO,2026-11-23,26050.0,PE,1637.9,3087.68,22776.1,0,0,65
2026-10-06,IDO,2026-12-29,16500.0,PE,13.75,0.01,22776.1,6110,10,65
2026-10-06,IDO,2026-12-29,18000.0,PE,20.05,20.05,22776.1,1039370,3909,65
2026-10-06,IDO,2026-12-29,20550.0,PE,55.9,18.92,22776.1,0,0,65
2026-10-06,IDO,2026-12-29,21300.0,PE,113.45,113.45,22776.1,11245,236,65
2026-10-06,IDO,2026-12-29,21950.0,PE,197.2,197.2,22776.1,9555,15,65
2026-10-06,IDO,2026-12-29,22150.0,PE,232.05,232.05,22776.1,8190,41,65
2026-10-06,IDO,2026-12-29,22650.0,PE,374.7,374.7,22776.1,6045,25,65
2026-10-06,IDO,2026-12-29,23000.0,PE,509.8,509.8,22776.1,2680920,6863,65
2026-10-06,IDO,2026-12-29,23300.0,PE,653.25,653.25,22776.1,5005,32,65
2026-10-06,IDO,2026-12-29,23750.0,PE,1120.0,985.64,22776.1,2795,0,65
2026-10-06,IDO,2026-12-29,26000.0,PE,2911.6,2911.6,22776.1,1619130,597,65
2026-10-06,IDO,2027-03-30,27000.0,PE,3420.9,3420.9,22776.1,81510,240,65
2026-10-06,IDO,2027-09-28,18000.0,PE,40.2,12.58,22776.1,0,0,65
2026-10-06,IDO,2027-12-28,21000.0,PE,381.8,381.8,22776.1,91455,251,65
2026-10-06,IDO,2028-06-27,33000.0,PE,3707.8,7345.81,22776.1,0,0,65
2026-10-06,IDO,2028-12-26,15000.0,PE,22.25,3.34,22776.1,0,0,65
2026-10-06,IDO,2028-12-26,23000.0,PE,902.0,755.17,22776.1,2955,1,65
2026-10-06,IDO,2029-06-26,16500.0,PE,8.1,21.82,22776.1,0,0,65
2026-10-06,IDO,2029-12-24,21000.0,PE,418.05,336.39,22776.1,1885,0,65
2026-10-06,IDO,2029-12-24,22500.0,PE,225.7,597.06,22776.1,0,0,65
2026-10-06,IDO,2026-11-03,23100.0,PE,456.05,456.05,22776.1,6240,75,65
2026-10-06,IDO,2026-11-23,21100.0,PE,56.85,56.85,22776.1,36725,345,65
2026-10-06,IDO,2026-11-23,20950.0,PE,50.0,12.03,22776.1,455,2,65
2026-10-06,IDO,2026-11-03,24850.0,PE,1448.0,1972.92,22776.1,0,0,65
2026-10-06,IDO,2026-11-03,24150.0,PE,898.65,1298.76,22776.1,0,0,65
2026-10-06,IDO,2026-11-03,22200.0,PE,120.95,120.95,22776.1,10595,214,65
2026-10-06,IDO,2026-12-29,22900.0,PE,466.55,466.55,22776.1,24635,209,65
2026-10-06,IDO,2026-12-29,22750.0,PE,407.3,407.3,22776.1,7215,39,65
2026-10-06,IDO,2026-12-29,21500.0,PE,132.55,132.55,22776.1,257205,4875,65
2026-10-06,IDO,2026-12-29,21050.0,PE,96.45,46.95,22776.1,4355,10,65
2026-10-06,IDO,2026-12-29,20600.0,PE,70.0,20.84,22776.1,1560,26,65
2026-10-06,IDO,2026-12-29,20000.0,PE,50.7,50.7,22776.1,1798930,8870,65
2026-10-06,IDO,2026-12-29,19000.0,PE,28.15,28.15,22776.1,1198465,3893,65
2026-10-06,IDO,2026-11-23,25750.0,PE,1419.55,2791.51,22776.1,0,0,65
2026-10-06,IDO,2026-11-23,23650.0,PE,872.9,881.82,22776.1,9100,10,65
2026-10-06,IDO,2026-11-03,24800.0,PE,1405.5,1923.75,22776.1,0,0,65
2026-10-06,IDO,2026-11-03,21750.0,PE,69.9,69.9,22776.1,1625,7,65
2026-10-06,IDO,2026-10-27,25150.0,PE,2150.0,2294.72,22776.1,260,0,65
2026-10-06,IDO,2026-10-27,25000.0,PE,2183.2,2183.2,22776.1,2172040,1664,65
2026-10-06,IDO,2026-10-27,22600.0,PE,193.3,193.3,22776.1,1556035,40709,65
2026-10-06,IDO,2026-10-19,24450.0,PE,1286.65,1626.58,22776.1,0,0,65
2026-10-06,IDO,2026-10-19,24350.0,PE,1202.45,1527.14,22776.1,0,0,65
2026-10-06,IDO,2026-10-19,22500.0,PE,115.7,115.7,22776.1,274690,11086,65
2026-10-06,IDO,2026-10-13,23750.0,PE,1010.9,950.84,22776.1,4225,8,65
2026-10-06,IDO,2026-10-13,21250.0,PE,2.85,2.85,22776.1,148525,12302,65
2026-10-06,IDO,2026-10-13,20950.0,PE,2.3,2.3,22776.1,43030,2854,65
2026-10-06,IDO,2026-10-06,25050.0,PE,2530.0,22776.1,22776.1,520,0,65
2026-10-06,IDO,2026-10-06,20700.0,PE,0.05,22776.1,22776.1,196170,25282,65
2026-10-06,IDO,2030-06-25,24000.0,CE,8591.55,4133.48,22776.1,0,0,65
2026-10-06,IDO,2028-06-27,24000.0,CE,3918.85,2071.04,22776.1,0,0,65
2026-10-06,IDO,2027-12-28,24000.0,CE,1537.9,1537.9,22776.1,183820,286,65
2026-10-06,IDO,2027-12-28,21000.0,CE,4902.4,3400.52,22776.1,0,0,65
2026-10-06,IDO,2027-06-29,28500.0,CE,1711.9,62.11,22776.1,0,0,65
2026-10-06,IDO,2027-06-29,22500.0,CE,5539.6,1688.14,22776.1,0,0,65
2026-10-06,IDO,2026-12-29,23550.0,CE,286.95,286.95,22776.1,11180,29,65
2026-10-06,IDO,2026-12-29,22550.0,CE,806.4,862.92,22776.1,1170,15,65
2026-10-06,IDO,2026-12-29,22300.0,CE,978.65,978.65,22776.1,20475,63,65
2026-10-06,IDO,2026-12-29,20050.0,CE,2986.45,2984.9,22776.1,0,0,65
2026-10-06,IDO,2026-11-23,26100.0,CE,5.45,5.45,22776.1,30160,131,65
2026-10-06,IDO,2026-11-23,25500.0,CE,10.8,10.8,22776.1,429845,2571,65
2026-10-06,IDO,2026-11-03,23900.0,CE,37.35,37.35,22776.1,4030,45,65
2026-10-06,IDO,2026-11-03,21200.0,CE,2285.9,1671.11,22776.1,0,0,65
2026-10-06,IDO,2026-11-03,20550.0,CE,2921.3,2313.04,22776.1,0,0,65
2026-10-06,IDO,2026-10-27,27200.0,CE,0.7,0.7,22776.1,57005,141,65
2026-10-06,IDO,2026-10-27,24500.0,CE,6.15,6.15,22776.1,2224755,19672,65
2026-10-06,IDO,2026-10-27,23250.0,CE,95.2,95.2,22776.1,199160,3949,65
2026-10-06,IDO,2026-10-27,21800.0,CE,1042.35,1042.35,22776.1,19500,191,65
2026-10-06,IDO,2026-10-19,23100.0,CE,81.15,81.15,22776.1,238030,7401,65
2026-10-06,IDO,2026-10-19,22300.0,CE,540.75,540.75,22776.1,19305,408,65
2026-10-06,IDO,2026-10-19,20950.0,CE,2289.2,1867.14,22776.1,0,0,65
2026-10-06,IDO,2026-10-19,20550.0,CE,2682.75,2266.32,22776.1,0,0,65
2026-10-06,IDO,2026-10-13,25000.0,CE,0.7,0.7,22776.1,1162720,21315,65
2026-10-06,IDO,2026-10-13,24000.0,CE,1.25,1.25,22776.1,5988320,171453,65
2026-10-06,IDO,2026-10-13,22700.0,CE,178.0,178.0,22776.1,4671225,435829,65
2026-10-06,IDO,2026-10-13,21550.0,CE,1068.55,1248.94,22776.1,130,0,65
2026-10-06,IDO,2026-10-13,21400.0,CE,1171.85,1398.69,22776.1,195,0,65
2026-10-06,IDO,2026-10-13,20450.0,CE,3299.3,2347.66,22776.1,0,0,65
2026-10-06,IDO,2026-10-06,25500.0,CE,0.05,22776.1,22776.1,682695,23907,65
2026-10-06,IDO,2026-10-06,25450.0,CE,0.05,22776.1,22776.1,58370,1772,65
2026-10-06,IDO,2026-10-06,25400.0,CE,0.1,22776.1,22776.1,62335,2634,65
2026-10-06,IDO,2026-10-06,23750.0,CE,0.05,22776.1,22776.1,743470,50261,65
2026-10-06,IDO,2026-10-06,22500.0,CE,239.95,22776.1,22776.1,1075945,2522585,65
2026-10-06,IDO,2026-10-06,22100.0,CE,647.6,22776.1,22776.1,125710,5178,65
2026-10-06,IDO,2026-10-06,20650.0,CE,3525.3,22776.1,22776.1,0,0,65
2026-10-06,IDO,2027-03-30,19500.0,PE,77.1,77.1,22776.1,514735,1548,65
2026-10-06,IDO,2027-03-30,21000.0,PE,174.25,174.25,22776.1,1077765,2514,65
2026-10-06,IDO,2027-09-28,27000.0,PE,3265.0,3136.27,22776.1,0,0,65
2026-10-06,IDO,2027-12-28,30000.0,PE,5075.5,5075.5,22776.1,6760,23,65
2026-10-06,IDO,2028-12-26,24000.0,PE,1150.0,1073.08,22776.1,4875,0,65
2026-10-06,IDO,2030-06-25,21000.0,PE,220.0,334.57,22776.1,65,0,65
2026-10-06,IDO,2031-06-24,22500.0,PE,663.6,529.79,22776.1,0,0,65
2026-10-06,IDO,2026-12-29,24000.0,PE,1113.4,1113.4,22776.1,2099385,2396,65
2026-10-06,IDO,2026-12-29,22950.0,PE,490.7,490.7,22776.1,12675,27,65
2026-10-06,IDO,2030-12-31,24000.0,PE,1000.0,863.22,22776.1,520,0,65
2026-10-06,IDO,2030-12-31,18000.0,PE,32.3,86.61,22776.1,0,0,65
2026-10-06,IDO,2029-12-24,31500.0,PE,2240.25,4565.92,22776.1,0,0,65
2026-10-06,IDO,2029-12-24,30000.0,PE,3220.0,3639.73,22776.1,1105,0,65
2026-10-06,IDO,2029-12-24,28500.0,PE,1255.9,2804.75,22776.1,0,0,65
2026-10-06,IDO,2029-12-24,25000.0,PE,1560.1,1283.23,22776.1,2565,0,65
2026-10-06,IDO,2029-12-24,16500.0,PE,10.15,27.51,22776.1,0,0,65
2026-10-06,IDO,2029-06-26,22500.0,PE,224.45,613.19,22776.1,0,0,65
2026-10-06,IDO,2028-12-26,28500.0,PE,1451.15,3357.86,22776.1,0,0,65
2026-10-06,IDO,2028-12-26,25500.0,PE,648.2,1684.13,22776.1,0,0,65
2026-10-06,IDO,2028-06-27,28500.0,PE,1560.85,3706.49,22776.1,0,0,65
2026-10-06,IDO,2028-06-27,25500.0,PE,1034.0,1813.55,22776.1,0,0,65
2026-10-06,IDO,2027-12-28,28500.0,PE,2979.7,4129.43,22776.1,260,0,65
2026-10-06,IDO,2027-12-28,18000.0,PE,129.45,129.45,22776.1,32265,110,65
2026-10-06,IDO,2027-09-28,24000.0,PE,1386.25,1175.27,22776.1,0,0,65
2026-10-06,IDO,2027-06-29,22500.0,PE,505.55,505.55,22776.1,42185,192,65
2026-10-06,IDO,2027-03-30,31500.0,PE,7066.15,7904.49,22776.1,0,0,65
2026-10-06,IDO,2026-12-29,23350.0,PE,639.3,733.16,22776.1,910,0,65
2026-10-06,IDO,2026-12-29,21900.0,PE,188.3,188.3,22776.1,40560,270,65
2026-10-06,IDO,2026-12-29,21250.0,PE,109.8,109.8,22776.1,6695,83,65
2026-10-06,IDO,2026-12-29,20350.0,PE,41.95,12.65,22776.1,0,0,65
2026-10-06,IDO,2026-11-23,25600.0,PE,2600.0,2643.95,22776.1,195,0,65
2026-10-06,IDO,2026-11-23,25400.0,PE,2300.0,2448.03,22776.1,325,0,65
2026-10-06,IDO,2026-11-23,25000.0,PE,2084.15,2084.15,22776.1,306410,340,65
2026-10-06,IDO,2026-11-23,24300.0,PE,1459.65,1412.81,22776.1,13195,6,65
2026-10-06,IDO,2026-11-23,24200.0,PE,1322.65,1325.43,22776.1,10140,9,65
2026-10-06,IDO,2026-11-23,24100.0,PE,1213.8,1213.8,22776.1,10140,2,65
2026-10-06,IDO,2026-11-23,23950.0,PE,1298.4,1115.22,22776.1,1040,0,65
2026-10-06,IDO,2026-11-23,23850.0,PE,1037.55,1034.92,22776.1,2015,2,65
2026-10-06,IDO,2026-11-23,22700.0,PE,326.7,326.7,22776.1,145795,1769,65
2026-10-06,IDO,2026-11-23,22500.0,PE,255.65,255.65,22776.1,1279980,6994,65
2026-10-06,IDO,2026-11-23,22400.0,PE,228.25,228.25,22776.1,118495,1026,65
2026-10-06,IDO,2026-11-23,21900.0,PE,128.15,128.15,22776.1,86970,1189,65
2026-10-06,IDO,2026-11-23,21800.0,PE,114.75,114.75,22776.1,110760,2172,65
2026-10-06,IDO,2026-11-23,21550.0,PE,87.6,87.6,22776.1,4875,39,65
2026-10-06,IDO,2026-11-23,21400.0,PE,73.9,73.9,22776.1,83785,583,65
2026-10-06,IDO,2026-11-23,20350.0,PE,4.85,2.14,22776.1,0,0,65
2026-10-06,IDO,2026-11-03,25200.0,PE,1756.2,2318.95,22776.1,0,0,65
2026-10-06,IDO,2026-11-03,25100.0,PE,1666.4,2219.84,22776.1,0,0,65
2026-10-06,IDO,2026-11-03,24650.0,PE,1280.65,1776.84,22776.1,0,0,65
2026-10-06,IDO,2026-11-03,23400.0,PE,840.75,663.71,22776.1,1105,0,65
2026-10-06,IDO,2026-11-03,22750.0,PE,280.85,280.85,22776.1,7020,89,65
2026-10-06,IDO,2026-11-03,22700.0,PE,259.85,259.85,22776.1,15535,363,65
2026-10-06,IDO,2026-11-03,21050.0,PE,52.75,3.33,22776.1,1625,0,65
2026-10-06,IDO,2026-11-03,20500.0,PE,15.8,15.8,22776.1,16250,303,65
2026-10-06,IDO,2026-10-27,26500.0,PE,3663.6,3663.6,22776.1,549250,103,65
2026-10-06,IDO,2026-10-27,26400.0,PE,3550.0,3540.49,22776.1,195,0,65
2026-10-06,IDO,2026-10-27,25850.0,PE,3025.0,2992.24,22776.1,455,6,65
2026-10-06,IDO,2026-10-27,25650.0,PE,3005.0,2792.89,22776.1,325,0,65
2026-10-06,IDO,2026-10-27,24300.0,PE,1494.55,1494.55,22776.1,233935,276,65
2026-10-06,IDO,2026-10-27,24000.0,PE,1205.1,1205.1,22776.1,2781935,3630,65
2026-10-06,IDO,2026-10-27,22900.0,PE,321.6,321.6,22776.1,702130,6810,65
2026-10-06,IDO,2026-10-27,22750.0,PE,250.65,250.65,22776.1,312715,6411,65
2026-10-06,IDO,2026-10-27,22700.0,PE,230.6,230.6,22776.1,2001480,46006,65
2026-10-06,IDO,2026-10-27,22550.0,PE,176.65,176.65,22776.1,185900,4224,65
2026-10-06,IDO,2026-10-27,22000.0,PE,65.65,65.65,22776.1,4900480,62733,65
2026-10-06,IDO,2026-10-27,21800.0,PE,46.65,46.65,22776.1,804115,22576,65
2026-10-06,IDO,2026-10-27,21350.0,PE,24.0,24.0,22776.1,281840,1055,65
2026-10-06,IDO,2026-10-27,20400.0,PE,8.3,8.3,22776.1,32630,756,65
2026-10-06,IDO,2026-10-19,25050.0,PE,1825.8,2224.89,22776.1,0,0,65
2026-10-06,IDO,2026-10-19,24700.0,PE,1505.1,1875.69,22776.1,0,0,65
2026-10-06,IDO,2026-10-19,24400.0,PE,1450.0,1576.84,22776.1,650,0,65
2026-10-06,IDO,2026-10-19,24300.0,PE,1400.0,1477.51,22776.1,975,0,65
2026-10-06,IDO,2026-10-19,23450.0,PE,719.3,668.89,22776.1,2795,10,65
2026-10-06,IDO,2026-10-19,22450.0,PE,102.25,102.25,22776.1,30680,1444,65
2026-10-06,IDO,2026-10-13,25300.0,PE,1583.0,2497.23,22776.1,0,0,65
2026-10-06,IDO,2026-10-13,25250.0,PE,1538.35,2447.28,22776.1,0,0,65
2026-10-06,IDO,2026-10-13,25200.0,PE,2447.2,2397.33,22776.1,325,6,65
2026-10-06,IDO,2026-10-13,25050.0,PE,1363.6,2247.49,22776.1,0,0,65
2026-10-06,IDO,2026-10-13,24650.0,PE,1870.0,1870.0,22776.1,130,2,65
2026-10-06,IDO,2026-10-13,23950.0,PE,1189.6,1189.6,22776.1,11050,171,65
2026-10-06,IDO,2026-10-13,22300.0,PE,32.35,32.35,22776.1,3136315,194438,65
2026-10-06,IDO,2026-10-13,22250.0,PE,27.3,27.3,22776.1,721890,59972,65
2026-10-06,IDO,2026-10-13,21950.0,PE,10.85,10.85,22776.1,571025,48007,65
2026-10-06,IDO,2026-10-13,21700.0,PE,5.8,5.8,22776.1,3054870,160315,65
2026-10-06,IDO,2026-10-13,20250.0,PE,1.65,1.65,22776.1,9685,412,65
2026-10-06,IDO,2026-10-06,24050.0,PE,1340.0,22776.1,22776.1,2275,58,65
2026-10-06,IDO,2026-10-06,23700.0,PE,952.55,22776.1,22776.1,36530,642,65
2026-10-06,IDO,2026-10-06,23650.0,PE,901.35,22776.1,22776.1,19695,876,65
2026-10-06,IDO,2026-10-06,23150.0,PE,399.15,22776.1,22776.1,72735,2953,65
2026-10-06,IDO,2026-10-06,22550.0,PE,0.5,22776.1,22776.1,9295585,14064763,65
2026-10-06,IDO,2026-10-06,22350.0,PE,0.2,22776.1,22776.1,5312450,3506945,65
2026-10-06,IDO,2026-10-06,20750.0,PE,0.05,22776.1,22776.1,79820,6521,65
2026-10-06,IDO,2031-06-24,22500.0,CE,8012.75,5948.2,22776.1,0,0,65
2026-10-06,IDO,2030-06-25,19500.0,CE,11140.25,7060.31,22776.1,0,0,65
2026-10-06,IDO,2029-12-24,28500.0,CE,4802.1,1705.43,22776.1,0,0,65
2026-10-06,IDO,2029-06-26,30000.0,CE,5268.4,932.78,22776.1,0,0,65
2026-10-06,IDO,2029-06-26,25500.0,CE,5917.35,2390.49,22776.1,0,0,65
2026-10-06,IDO,2028-12-26,22500.0,CE,7382.9,3489.78,22776.1,0,0,65
2026-10-06,IDO,2028-06-27,28500.0,CE,2990.0,563.69,22776.1,0,0,65
2026-10-06,IDO,2027-09-28,15000.0,CE,8577.25,8561.79,22776.1,0,0,65
2026-10-06,IDO,2027-06-29,25500.0,CE,278.15,278.15,22776.1,40625,273,65
2026-10-06,IDO,2027-06-29,21000.0,CE,3061.8,2778.02,22776.1,0,0,65
2026-10-06,IDO,2027-06-29,18000.0,CE,4066.45,5488.91,22776.1,0,0,65
2026-10-06,IDO,2027-03-30,22500.0,CE,1287.4,1287.4,22776.1,324285,1156,65
2026-10-06,IDO,2027-03-30,21000.0,CE,2454.3,2454.3,22776.1,49725,98,65
2026-10-06,IDO,2026-12-29,28500.0,CE,5.9,5.9,22776.1,98930,164,65
2026-10-06,IDO,2026-12-29,23800.0,CE,216.1,216.1,22776.1,86255,522,65
2026-10-06,IDO,2026-12-29,23350.0,CE,369.65,369.65,22776.1,7410,32,65
2026-10-06,IDO,2026-12-29,22200.0,CE,1054.6,1054.6,22776.1,5005,19,65
2026-10-06,IDO,2026-12-29,21800.0,CE,1349.85,1395.55,22776.1,3185,6,65
2026-10-06,IDO,2026-12-29,21450.0,CE,1498.7,1684.49,22776.1,1040,0,65
2026-10-06,IDO,2026-12-29,20250.0,CE,2799.0,2791.05,22776.1,0,0,65
2026-10-06,IDO,2026-11-23,25550.0,CE,11.5,5.1,22776.1,1040,3,65
2026-10-06,IDO,2026-11-23,24300.0,CE,46.25,46.25,22776.1,153010,993,65
2026-10-06,IDO,2026-11-23,23550.0,CE,155.55,155.55,22776.1,45825,131,65
2026-10-06,IDO,2026-11-23,22300.0,CE,780.25,780.25,22776.1,15080,116,65
2026-10-06,IDO,2026-11-23,21550.0,CE,3139.0,1429.89,22776.1,0,0,65
2026-10-06,IDO,2026-11-23,21200.0,CE,3469.95,1751.21,22776.1,0,0,65
2026-10-06,IDO,2026-11-23,20900.0,CE,3757.7,2037.28,22776.1,0,0,65
2026-10-06,IDO,2026-11-23,20400.0,CE,4242.9,2525.63,22776.1,0,0,65
2026-10-06,IDO,2026-11-03,24150.0,CE,242.15,26.54,22776.1,0,0,65
2026-10-06,IDO,2026-11-03,23450.0,CE,92.0,125.77,22776.1,3120,43,65
2026-10-06,IDO,2026-11-03,21600.0,CE,1906.05,1288.01,22776.1,0,0,65
2026-10-06,IDO,2026-11-03,21150.0,CE,2334.2,1719.96,22776.1,0,0,65
2026-10-06,IDO,2026-10-27,27100.0,CE,0.6,0.01,22776.1,10335,0,65
2026-10-06,IDO,2026-10-27,26550.0,CE,1.25,0.01,22776.1,780,0,65
2026-10-06,IDO,2026-10-27,26300.0,CE,1.2,0.01,22776.1,38805,0,65
2026-10-06,IDO,2026-10-27,26150.0,CE,4.85,0.01,22776.1,455,0,65
2026-10-06,IDO,2026-10-27,25800.0,CE,1.6,1.6,22776.1,70330,626,65
2026-10-06,IDO,2026-10-27,25700.0,CE,1.75,1.75,22776.1,31330,350,65
2026-10-06,IDO,2026-10-27,25300.0,CE,2.5,2.5,22776.1,29835,255,65
2026-10-06,IDO,2026-10-27,24800.0,CE,4.2,4.2,22776.1,446095,5284,65
2026-10-06,IDO,2026-10-27,22550.0,CE,422.4,422.4,22776.1,100880,2696,65
2026-10-06,IDO,2026-10-27,21850.0,CE,750.15,1021.01,22776.1,65,0,65
2026-10-06,IDO,2026-10-27,21700.0,CE,1141.5,1160.38,22776.1,1950,9,65
2026-10-06,IDO,2026-10-27,21050.0,CE,1609.9,1793.71,22776.1,65,0,65
2026-10-06,IDO,2026-10-27,20150.0,CE,4145.5,2689.77,22776.1,0,0,65
2026-10-06,IDO,2026-10-19,24400.0,CE,1.7,1.7,22776.1,64090,1279,65
2026-10-06,IDO,2026-10-19,23450.0,CE,23.7,23.7,22776.1,62335,1675,65
2026-10-06,IDO,2026-10-19,23250.0,CE,48.2,48.2,22776.1,35230,1332,65
2026-10-06,IDO,2026-10-19,21750.0,CE,1122.75,1074.55,22776.1,65,0,65
2026-10-06,IDO,2026-10-19,21250.0,CE,1998.25,1568.05,22776.1,0,0,65
2026-10-06,IDO,2026-10-19,21000.0,CE,1591.3,1817.26,22776.1,65,0,65
2026-10-06,IDO,2026-10-19,20650.0,CE,2584.0,2166.52,22776.1,0,0,65
2026-10-06,IDO,2026-10-13,24100.0,CE,0.95,0.95,22776.1,2207270,75169,65
2026-10-06,IDO,2026-10-13,23800.0,CE,1.7,1.7,22776.1,1943565,100596,65
2026-10-06,IDO,2026-10-13,23350.0,CE,8.85,8.85,22776.1,821600,49732,65
2026-10-06,IDO,2026-10-13,23000.0,CE,54.0,54.0,22776.1,5514600,438661,65
2026-10-06,IDO,2026-10-13,22350.0,CE,434.3,434.3,22776.1,61815,2254,65
2026-10-06,IDO,2026-10-13,22250.0,CE,522.1,522.1,22776.1,39130,521,65
2026-10-06,IDO,2026-10-13,21700.0,CE,1030.0,1030.0,22776.1,780,1,65
2026-10-06,IDO,2026-10-13,21350.0,CE,1145.85,1448.63,22776.1,65,0,65
2026-10-06,IDO,2026-10-13,20700.0,CE,3051.15,2097.92,22776.1,0,0,65
2026-10-06,IDO,2026-10-13,20650.0,CE,3100.75,2147.87,22776.1,0,0,65
2026-10-06,IDO,2026-10-06,25750.0,CE,0.1,22776.1,22776.1,160225,4585,65
2026-10-06,IDO,2026-10-06,25150.0,CE,0.05,22776.1,22776.1,51285,1146,65
2026-10-06,IDO,2026-10-06,23900.0,CE,0.05,22776.1,22776.1,765310,125641,65
2026-10-06,IDO,2026-10-06,23650.0,CE,0.05,22776.1,22776.1,801060,111907,65
2026-10-06,IDO,2026-10-06,23200.0,CE,0.1,22776.1,22776.1,8508630,1479833,65
2026-10-06,IDO,2026-10-06,23150.0,CE,0.1,22776.1,22776.1,2548520,736741,65
2026-10-06,IDO,2026-10-06,22450.0,CE,292.0,22776.1,22776.1,588640,627163,65
2026-10-06,IDO,2026-10-06,22150.0,CE,610.65,22776.1,22776.1,87685,3896,65
2026-10-06,IDO,2026-10-06,21800.0,CE,934.2,22776.1,22776.1,31005,360,65
2026-10-06,IDO,2026-10-06,21550.0,CE,1181.35,22776.1,22776.1,390,0,65
2026-10-06,IDO,2026-10-06,21350.0,CE,2831.3,22776.1,22776.1,0,0,65
2026-10-06,IDO,2026-10-06,21100.0,CE,3078.7,22776.1,22776.1,0,0,65
2026-10-06,IDO,2026-10-06,20450.0,CE,3724.0,22776.1,22776.1,0,0,65
2026-10-06,IDO,2026-10-06,20350.0,CE,3823.4,22776.1,22776.1,0,0,65
2026-10-06,IDO,2026-10-06,20250.0,CE,3922.8,22776.1,22776.1,0,0,65
2026-10-06,IDF,2026-11-23,,,22891.4,22891.4,22776.1,2342275,3199,65
2026-10-06,IDO,2031-06-24,21000.0,PE,450.5,320.96,22776.1,0,0,65
2026-10-06,IDO,2026-10-27,26750.0,CE,0.6,0.01,22776.1,975,0,65
2026-10-06,IDO,2031-06-24,25500.0,PE,1262.85,1186.6,22776.1,0,0,65
2026-10-06,IDO,2031-06-24,24000.0,PE,933.85,815.94,22776.1,65,0,65
2026-10-06,IDO,2031-06-24,15000.0,PE,47.5,14.78,22776.1,0,0,65
2026-10-06,IDO,2030-06-25,30000.0,PE,2100.85,3333.63,22776.1,0,0,65
2026-10-06,IDO,2026-10-06,23450.0,CE,0.05,22776.1,22776.1,1128010,154923,65
2026-10-06,IDO,2026-10-13,23850.0,PE,1116.85,1049.76,22776.1,2405,9,65
2026-10-06,IDO,2026-11-23,25000.0,CE,19.7,19.7,22776.1,1064635,7101,65
2026-10-06,IDO,2026-11-23,24800.0,CE,24.7,24.7,22776.1,83460,703,65
2026-10-06,IDO,2026-11-23,23800.0,CE,103.3,103.3,22776.1,294840,2469,65
2026-10-06,IDO,2026-11-23,22550.0,CE,621.15,621.15,22776.1,7215,62,65
2026-10-06,IDO,2026-11-23,22050.0,CE,933.75,1009.12,22776.1,195,2,65
2026-10-06,IDO,2026-11-23,21800.0,CE,1126.9,1212.61,22776.1,455,0,65
2026-10-06,IDO,2026-11-23,21600.0,CE,3092.25,1385.48,22776.1,0,0,65
2026-10-06,IDO,2026-11-23,25400.0,CE,16.15,7.18,22776.1,780,0,65
2026-10-06,IDO,2026-11-23,26000.0,CE,6.9,6.9,22776.1,513565,2650,65
2026-10-06,IDO,2026-12-29,20500.0,CE,2568.65,2551.09,22776.1,0,0,65
2026-10-06,IDO,2026-12-29,21350.0,CE,1457.1,1770.78,22776.1,845,0,65
2026-10-06,IDO,2026-12-29,21900.0,CE,1277.0,1317.22,22776.1,2210,4,65
2026-10-06,IDO,2026-12-29,22850.0,CE,608.0,689.12,22776.1,6500,4,65
2026-10-06,IDO,2026-11-23,21350.0,CE,3327.35,1611.49,22776.1,0,0,65
2026-10-06,IDO,2026-11-23,21100.0,CE,3565.5,1845.71,22776.1,0,0,65
2026-10-06,IDO,2026-11-23,20750.0,CE,3902.65,2182.68,22776.1,0,0,65
2026-10-06,IDO,2026-11-03,25050.0,CE,11.35,1.91,22776.1,1885,0,65
2026-10-06,IDO,2026-11-03,24650.0,CE,12.0,12.0,22776.1,2535,2,65
2026-10-06,IDO,2028-06-27,27000.0,CE,1935.0,905.88,22776.1,65,0,65
2026-10-06,IDO,2026-11-03,22300.0,CE,661.3,661.3,22776.1,1105,15,65
2026-10-06,IDO,2026-11-03,21700.0,CE,1813.4,1195.43,22776.1,0,0,65
2026-10-06,IDO,2026-11-03,21400.0,CE,2094.4,1477.51,22776.1,0,0,65
2026-10-06,IDO,2026-10-27,26250.0,CE,2.45,0.01,22776.1,2015,0,65
2026-10-06,IDO,2026-10-27,25600.0,CE,1.9,1.9,22776.1,41015,254,65
2026-10-06,IDO,2026-10-27,25550.0,CE,3.35,0.04,22776.1,1365,0,65
2026-10-06,IDO,2026-10-27,24050.0,CE,13.2,13.2,22776.1,226265,1797,65
2026-10-06,IDO,2026-10-27,22300.0,CE,606.65,606.65,22776.1,778050,5785,65
2026-10-06,IDO,2026-10-27,22150.0,CE,731.0,731.0,22776.1,15795,9,65
2026-10-06,IDO,2026-10-27,21550.0,CE,997.3,1303.36,22776.1,65,0,65
2026-10-06,IDO,2026-10-27,20850.0,CE,3471.7,1992.38,22776.1,0,0,65
2026-10-06,IDO,2026-10-27,20450.0,CE,3854.95,2390.75,22776.1,0,0,65
2026-10-06,IDO,2026-10-19,25050.0,CE,1.25,0.01,22776.1,455,4,65
2026-10-06,IDO,2026-10-19,24950.0,CE,2.1,2.1,22776.1,585,34,65
2026-10-06,IDO,2026-10-19,24900.0,CE,1.8,0.04,22776.1,1885,0,65
2026-10-06,IDO,2026-10-19,24250.0,CE,2.55,2.55,22776.1,520,15,65
2026-10-06,IDO,2026-10-19,23700.0,CE,9.6,9.6,22776.1,264485,7262,65
2026-10-06,IDO,2026-10-19,22750.0,CE,225.15,225.15,22776.1,52520,2890,65
2026-10-06,IDO,2026-10-19,22650.0,CE,284.05,284.05,22776.1,32370,3249,65
2026-10-06,IDO,2026-10-19,22100.0,CE,606.2,746.01,22776.1,455,0,65
2026-10-06,IDO,2026-10-19,21700.0,CE,755.0,1123.18,22776.1,130,0,65
2026-10-06,IDO,2026-10-19,21600.0,CE,1667.5,1221.14,22776.1,0,0,65
2026-10-06,IDO,2026-10-19,20250.0,CE,2979.9,2565.73,22776.1,0,0,65
2026-10-06,IDO,2026-10-13,25200.0,CE,0.65,0.65,22776.1,52585,583,65
2026-10-06,IDO,2026-10-13,24700.0,CE,0.75,0.75,22776.1,297700,6269,65
2026-10-06,IDO,2026-10-13,24600.0,CE,0.8,0.8,22776.1,455000,5253,65
2026-10-06,IDO,2026-10-13,24350.0,CE,0.9,0.9,22776.1,29640,1182,65
2026-10-06,IDO,2026-10-13,24050.0,CE,1.1,1.1,22776.1,443300,17534,65
2026-10-06,IDO,2026-10-13,23950.0,CE,1.3,1.3,22776.1,510315,21798,65
2026-10-06,IDO,2026-10-13,23600.0,CE,3.05,3.05,22776.1,2233270,99511,65
2026-10-06,IDO,2026-10-13,22550.0,CE,274.9,274.9,22776.1,315185,43292,65
2026-10-06,IDO,2027-09-28,15000.0,PE,1.15,0.1,22776.1,0,0,65
2026-10-06,IDO,2027-09-28,21000.0,PE,357.75,220.63,22776.1,0,0,65
2026-10-06,IDO,2028-06-27,16500.0,PE,3.8,8.97,22776.1,0,0,65
2026-10-06,IDO,2028-06-27,22500.0,PE,206.95,619.75,22776.1,0,0,65
2026-10-06,IDO,2028-12-26,16500.0,PE,5.9,15.46,22776.1,0,0,65
2026-10-06,IDO,2029-06-26,33000.0,PE,3022.85,6088.81,22776.1,0,0,65
2026-10-06,IDO,2031-06-24,31500.0,PE,3185.85,3529.13,22776.1,0,0,65
2026-10-06,IDO,2026-10-13,21300.0,CE,1191.35,1498.57,22776.1,65,0,65
2026-10-06,IDO,2026-10-13,20550.0,CE,3200.0,2247.76,22776.1,0,0,65
2026-10-06,IDO,2026-10-13,20200.0,CE,3547.7,2597.4,22776.1,0,0,65
2026-10-06,IDO,2026-12-29,23100.0,CE,485.85,485.85,22776.1,18330,116,65
2026-10-06,IDO,2026-12-29,24400.0,CE,103.1,103.1,22776.1,59345,618,65
2026-10-06,IDO,2027-09-28,27000.0,CE,529.1,326.44,22776.1,0,0,65
2026-10-06,IDO,2027-12-28,25500.0,CE,2400.0,901.73,22776.1,0,0,65
2026-10-06,IDO,2027-12-28,27000.0,CE,355.45,355.45,22776.1,236820,221,65
2026-10-06,IDO,2026-10-06,25300.0,CE,0.05,22776.1,22776.1,250185,6570,65
2026-10-06,IDO,2026-10-06,24650.0,CE,0.05,22776.1,22776.1,63830,1677,65
2026-10-06,IDO,2026-10-06,24500.0,CE,0.05,22776.1,22776.1,1305135,84291,65
2026-10-06,IDO,2026-10-06,24150.0,CE,0.05,22776.1,22776.1,172185,17644,65
2026-10-06,IDO,2027-06-29,30000.0,PE,5900.0,5900.0,22776.1,390,2,65
2026-10-06,IDO,2027-06-29,27000.0,PE,2325.1,3335.07,22776.1,195,0,65
2026-10-06,IDO,2027-03-30,24000.0,PE,1040.15,1040.15,22776.1,844740,1010,65
2026-10-06,IDO,2026-12-29,29000.0,PE,5833.3,5833.3,22776.1,314160,43,65
2026-10-06,IDO,2026-12-29,24350.0,PE,1379.6,1431.51,22776.1,1365,15,65
2026-10-06,IDO,2026-12-29,24150.0,PE,1225.0,1274.91,22776.1,1755,9,65
