TradDt,FinInstrmTp,XpryDt,StrkPric,OptnTp,ClsPric,SttlmPric,UndrlygPric,OpnIntrst,TtlTradgVol,NewBrdLotQty
2026-10-07,IDO,2026-12-29,31500.0,PE,4059.3,8505.44,22603.05,0,0,65
2026-10-07,IDO,2026-12-29,25000.0,PE,2109.1,2109.1,22603.05,1621155,385,65
2026-10-07,IDO,2026-12-29,24250.0,PE,1324.1,1489.83,22603.05,2795,0,65
2026-10-07,IDO,2026-12-29,23050.0,PE,588.15,656.59,22603.05,4745,16,65
2026-10-07,IDO,2026-12-29,22550.0,PE,398.05,398.05,22603.05,7540,109,65
2026-10-07,IDO,2026-12-29,21850.0,PE,214.35,214.35,22603.05,9945,83,65
2026-10-07,IDO,2026-12-29,20750.0,PE,74.8,35.68,22603.05,1820,0,65
2026-10-07,IDO,2026-11-23,26000.0,PE,3202.8,3202.8,22603.05,342810,944,65
2026-10-07,IDO,2026-11-23,24800.0,PE,2223.6,2038.04,22603.05,5070,0,65
2026-10-07,IDO,2026-11-23,22850.0,PE,467.1,467.1,22603.05,11635,138,65
2026-10-07,IDO,2026-11-23,22750.0,PE,423.1,423.1,22603.05,32565,374,65
2026-10-07,IDO,2026-11-23,22350.0,PE,271.45,271.45,22603.05,8970,198,65
2026-10-07,IDO,2026-11-23,22250.0,PE,237.1,237.1,22603.05,15535,317,65
2026-10-07,IDO,2026-11-09,22950.0,PE,463.95,490.22,22603.05,0,0,65
2026-10-07,IDO,2026-11-09,22850.0,PE,413.4,431.72,22603.05,0,0,65
2026-10-07,IDO,2026-11-09,22100.0,PE,171.1,129.65,22603.05,390,6,65
2026-10-07,IDO,2026-11-03,24450.0,PE,1121.05,1753.75,22603.05,0,0,65
2026-10-07,IDO,2026-11-03,24350.0,PE,1045.45,1656.3,22603.05,0,0,65
2026-10-07,IDO,2026-11-03,24250.0,PE,970.25,1559.51,22603.05,0,0,65
2026-10-07,IDO,2026-11-03,24100.0,PE,863.85,1415.91,22603.05,0,0,65
2026-10-07,IDO,2026-11-03,23500.0,PE,780.2,875.44,22603.05,10205,41,65
2026-10-07,IDO,2026-11-03,23450.0,PE,902.6,834.12,22603.05,195,0,65
2026-10-07,IDO,2026-11-03,23050.0,PE,527.2,534.62,22603.05,4940,19,65
2026-10-07,IDO,2026-11-03,22400.0,PE,210.85,210.85,22603.05,14755,489,65
2026-10-07,IDO,2026-10-27,26650.0,PE,2415.2,3966.76,22603.05,0,0,65
2026-10-07,IDO,2026-10-27,26050.0,PE,3580.0,3368.56,22603.05,130,0,65
2026-10-07,IDO,2026-10-27,25950.0,PE,1842.3,3268.86,22603.05,0,0,65
2026-10-07,IDO,2026-10-27,25900.0,PE,3200.0,3219.01,22603.05,1690,1,65
2026-10-07,IDO,2026-10-27,25050.0,PE,2430.0,2371.7,22603.05,910,0,65
2026-10-07,IDO,2026-10-27,23650.0,PE,982.0,1004.49,22603.05,21320,2,65
2026-10-07,IDO,2026-10-27,22800.0,PE,352.45,352.45,22603.05,1730300,34751,65
2026-10-07,IDO,2026-10-27,22350.0,PE,163.3,163.3,22603.05,135590,2150,65
2026-10-07,IDO,2026-10-27,22300.0,PE,149.5,149.5,22603.05,2766335,28499,65
2026-10-07,IDO,2026-10-27,20750.0,PE,11.95,11.95,22603.05,12805,366,65
2026-10-07,IDO,2026-10-27,20700.0,PE,11.2,11.2,22603.05,147160,2853,65
2026-10-07,IDO,2026-10-19,24750.0,PE,1549.95,2102.25,22603.05,0,0,65
2026-10-07,IDO,2026-10-19,23750.0,PE,746.7,1109.02,22603.05,0,0,65
2026-10-07,IDO,2026-10-19,23400.0,PE,795.25,795.25,22603.05,10140,133,65
2026-10-07,IDO,2026-10-19,22800.0,PE,302.8,302.8,22603.05,405340,30853,65
2026-10-07,IDO,2026-10-19,21700.0,PE,20.95,20.95,22603.05,269100,20680,65
2026-10-07,IDO,2026-10-19,21650.0,PE,18.85,18.85,22603.05,156325,7605,65
2026-10-07,IDO,2026-10-19,21100.0,PE,6.75,6.75,22603.05,99385,5268,65
2026-10-07,IDO,2026-10-19,20550.0,PE,4.2,4.2,22603.05,6110,140,65
2026-10-07,IDO,2026-10-13,24850.0,PE,2405.15,2224.49,22603.05,195,0,65
2026-10-07,IDO,2026-10-13,24250.0,PE,1680.0,1625.04,22603.05,1560,13,65
2026-10-07,IDO,2026-10-13,24000.0,PE,1400.8,1400.8,22603.05,321555,539,65
2026-10-07,IDO,2026-10-13,23300.0,PE,711.75,711.75,22603.05,237120,1757,65
2026-10-07,IDO,2026-10-13,22200.0,PE,29.55,29.55,22603.05,6068985,1239240,65
2026-10-07,IDO,2026-10-13,21300.0,PE,2.3,2.3,22603.05,1485120,163791,65
2026-10-07,IDO,2026-12-29,22950.0,CE,510.0,541.22,22603.05,4095,21,65
2026-10-07,IDO,2026-12-29,23400.0,CE,306.25,306.25,22603.05,28990,260,65
2026-10-07,IDO,2026-12-29,23950.0,CE,155.35,155.35,22603.05,15145,110,65
2026-10-07,IDO,2026-12-29,24350.0,CE,93.6,93.6,22603.05,20735,308,65
2026-10-07,IDO,2027-06-29,19500.0,CE,8143.4,3913.39,22603.05,0,0,65
2026-10-07,IDO,2027-06-29,33000.0,CE,1122.75,1.19,22603.05,0,0,65
2026-10-07,IDO,2027-09-28,21000.0,CE,3277.85,2944.68,22603.05,0,0,65
2026-10-07,IDO,2028-06-27,33000.0,CE,2004.15,98.56,22603.05,0,0,65
2026-10-07,IDO,2029-12-24,31500.0,CE,3429.3,898.5,22603.05,0,0,65
2026-10-07,IDO,2030-12-31,27000.0,CE,6772.8,3045.44,22603.05,0,0,65
2026-10-07,IDO,2031-06-24,21000.0,CE,8900.75,6737.07,22603.05,0,0,65
2026-10-07,IDO,2026-10-13,20350.0,PE,1.15,1.15,22603.05,38480,3574,65
2026-10-07,IDO,2026-10-13,20450.0,PE,1.25,1.25,22603.05,52910,4544,65
2026-10-07,IDO,2026-10-13,21200.0,PE,2.1,2.1,22603.05,1987830,171926,65
2026-10-07,IDO,2026-10-13,21600.0,PE,3.9,3.9,22603.05,1999075,362617,65
2026-10-07,IDO,2026-10-13,22000.0,PE,13.2,13.2,22603.05,7096115,1297662,65
2026-10-07,IDO,2026-10-13,22350.0,PE,55.0,55.0,22603.05,1142310,771505,65
2026-10-07,IDO,2026-10-13,22550.0,PE,119.05,119.05,22603.05,2064465,1861777,65
2026-10-07,IDO,2026-10-13,22950.0,PE,381.75,381.75,22603.05,288730,23855,65
2026-10-07,IDO,2026-10-13,23150.0,PE,565.2,565.2,22603.05,35750,1704,65
2026-10-07,IDO,2026-10-13,23550.0,PE,973.95,926.88,22603.05,43420,39,65
2026-10-07,IDO,2026-10-13,24100.0,PE,1437.0,1475.18,22603.05,63180,30,65
2026-10-07,IDO,2026-10-13,24300.0,PE,1676.55,1674.99,22603.05,44265,57,65
2026-10-07,IDO,2026-10-19,20050.0,PE,3.2,3.2,22603.05,330655,8418,65
2026-10-07,IDO,2026-10-19,20150.0,PE,3.3,3.3,22603.05,1560,51,65
2026-10-07,IDO,2026-10-19,20350.0,PE,3.45,3.45,22603.05,1950,40,65
2026-10-07,IDO,2026-10-19,20850.0,PE,4.95,4.95,22603.05,10920,484,65
2026-10-07,IDO,2026-10-19,21150.0,PE,6.95,6.95,22603.05,16445,564,65
2026-10-07,IDO,2026-10-19,21900.0,PE,34.2,34.2,22603.05,197600,16854,65
2026-10-07,IDO,2026-10-19,22850.0,PE,337.3,337.3,22603.05,103220,3049,65
2026-10-07,IDO,2026-10-19,23100.0,PE,522.7,522.7,22603.05,36985,1567,65
2026-10-07,IDO,2026-10-19,23350.0,PE,700.45,731.26,22603.05,1755,31,65
2026-10-07,IDO,2026-10-19,23650.0,PE,939.3,1012.05,22603.05,1040,4,65
2026-10-07,IDO,2026-10-19,24550.0,PE,1372.75,1902.66,22603.05,0,0,65
2026-10-07,IDO,2026-10-19,24600.0,PE,1500.0,1952.55,22603.05,325,0,65
2026-10-07,IDO,2026-10-27,20100.0,PE,6.15,6.15,22603.05,146640,3115,65
2026-10-07,IDO,2026-10-27,20200.0,PE,6.1,6.1,22603.05,7930,215,65
2026-10-07,IDO,2026-10-27,20650.0,PE,10.75,10.75,22603.05,12675,369,65
2026-10-07,IDO,2026-10-27,21650.0,PE,43.5,43.5,22603.05,112905,1190,65
2026-10-07,IDO,2026-10-27,21750.0,PE,52.45,52.45,22603.05,85540,1540,65
2026-10-07,IDO,2026-10-27,22050.0,PE,93.45,93.45,22603.05,91000,2136,65
2026-10-07,IDO,2026-10-27,22650.0,PE,277.2,277.2,22603.05,326300,11425,65
2026-10-07,IDO,2026-10-27,23050.0,PE,508.1,508.1,22603.05,49075,314,65
2026-10-07,IDO,2026-10-27,23150.0,PE,578.5,578.5,22603.05,31980,123,65
2026-10-07,IDO,2026-10-27,23450.0,PE,832.5,832.5,22603.05,41405,74,65
2026-10-07,IDO,2026-10-27,23500.0,PE,879.7,879.7,22603.05,5388175,4663,65
2026-10-07,IDO,2026-10-27,24400.0,PE,1748.2,1748.2,22603.05,151385,96,65
2026-10-07,IDO,2026-10-27,24450.0,PE,1730.6,1775.19,22603.05,8385,10,65
2026-10-07,IDO,2026-10-27,24900.0,PE,2173.75,2222.29,22603.05,142155,16,65
2026-10-07,IDO,2026-10-27,25300.0,PE,2600.0,2620.86,22603.05,10465,0,65
2026-10-07,IDO,2026-10-27,26550.0,PE,2330.1,3867.06,22603.05,0,0,65
2026-10-07,IDO,2026-10-27,27000.0,PE,4344.3,4344.3,22603.05,938665,317,65
2026-10-07,IDO,2026-11-03,20100.0,PE,0.6,0.08,22603.05,0,0,65
2026-10-07,IDO,2026-11-03,20900.0,PE,41.55,3.02,22603.05,1430,0,65
2026-10-07,IDO,2026-11-03,20950.0,PE,27.5,3.66,22603.05,1235,0,65
2026-10-07,IDO,2026-11-03,21100.0,PE,25.1,6.36,22603.05,1430,7,65
2026-10-07,IDO,2026-11-03,21250.0,PE,14.0,10.66,22603.05,0,0,65
2026-10-07,IDO,2026-11-03,21650.0,PE,65.35,65.35,22603.05,2925,37,65
2026-10-07,IDO,2031-06-24,28500.0,CE,5048.95,2873.52,22603.05,0,0,65
2026-10-07,IDO,2030-12-31,30000.0,CE,5227.2,1980.02,22603.05,0,0,65
2026-10-07,IDO,2030-06-25,31500.0,CE,3984.8,1218.82,22603.05,0,0,65
2026-10-07,IDO,2030-06-25,25500.0,CE,7070.45,3235.54,22603.05,0,0,65
2026-10-07,IDO,2028-12-26,33000.0,CE,2477.5,233.28,22603.05,0,0,65
2026-10-07,IDO,2028-12-26,31500.0,CE,380.0,367.76,22603.05,780,2,65
2026-10-07,IDO,2028-12-26,19500.0,CE,9716.4,5500.8,22603.05,0,0,65
2026-10-07,IDO,2028-12-26,18000.0,CE,9380.3,6731.48,22603.05,0,0,65
2026-10-07,IDO,2027-12-28,33000.0,CE,48.1,48.1,22603.05,14105,12,65
2026-10-07,IDO,2027-12-28,19500.0,CE,8684.7,4467.96,22603.05,0,0,65
2026-10-07,IDO,2027-06-29,19000.0,CE,7800.0,4372.97,22603.05,75,0,65
2026-10-07,IDO,2027-03-30,30000.0,CE,14.45,14.45,22603.05,175695,185,65
2026-10-07,IDO,2027-03-30,18000.0,CE,5643.55,5070.39,22603.05,0,0,65
2026-10-07,IDO,2026-12-29,31000.0,CE,5.1,0.01,22603.05,124040,4,65
2026-10-07,IDO,2026-12-29,28000.0,CE,6.8,6.8,22603.05,1670365,666,65
2026-10-07,IDO,2026-12-29,24150.0,CE,121.85,121.85,22603.05,9100,87,65
2026-10-07,IDO,2026-12-29,23900.0,CE,164.85,164.85,22603.05,138645,446,65
2026-10-07,IDO,2026-12-29,22650.0,CE,712.25,692.77,22603.05,1430,18,65
2026-10-07,IDO,2026-12-29,22000.0,CE,1100.15,1100.15,22603.05,703810,1306,65
2026-10-07,IDO,2026-12-29,22400.0,CE,803.0,837.75,22603.05,13780,22,65
2026-10-07,IDO,2026-12-29,21700.0,CE,1341.0,1328.26,22603.05,3315,14,65
2026-10-07,IDO,2026-12-29,20200.0,CE,2845.65,2666.37,22603.05,0,0,65
2026-10-07,IDO,2026-11-23,24500.0,CE,28.55,28.55,22603.05,872235,7592,65
2026-10-07,IDO,2026-11-23,23400.0,CE,163.95,163.95,22603.05,245570,2464,65
2026-10-07,IDO,2026-11-23,23300.0,CE,192.15,192.15,22603.05,215670,2448,65
2026-10-07,IDO,2026-11-23,23200.0,CE,224.4,224.4,22603.05,309920,3210,65
2026-10-07,IDO,2026-11-23,22650.0,CE,469.9,469.9,22603.05,15405,415,65
2026-10-07,IDO,2026-11-23,20350.0,CE,4291.7,2399.85,22603.05,0,0,65
2026-10-07,IDO,2026-11-09,23900.0,CE,116.9,44.59,22603.05,0,0,65
2026-10-07,IDO,2026-11-09,23150.0,CE,329.2,187.44,22603.05,0,0,65
2026-10-07,IDO,2026-11-09,22950.0,CE,416.25,257.11,22603.05,0,0,65
2026-10-07,IDO,2026-11-09,22050.0,CE,981.15,779.99,22603.05,0,0,65
2026-10-07,IDO,2026-11-09,21750.0,CE,1224.45,1022.92,22603.05,0,0,65
2026-10-07,IDO,2026-11-03,25100.0,CE,5.95,5.95,22603.05,29055,351,65
2026-10-07,IDO,2026-11-03,24800.0,CE,6.15,6.15,22603.05,2340,35,65
2026-10-07,IDO,2026-11-03,24750.0,CE,12.2,2.32,22603.05,2990,0,65
2026-10-07,IDO,2026-11-03,24500.0,CE,7.9,7.9,22603.05,20280,264,65
2026-10-07,IDO,2026-11-03,24450.0,CE,9.0,9.0,22603.05,1365,47,65
2026-10-07,IDO,2026-11-03,24000.0,CE,19.3,19.3,22603.05,130390,2563,65
2026-10-07,IDO,2026-11-03,23500.0,CE,54.65,54.65,22603.05,121680,2693,65
2026-10-07,IDO,2026-11-03,22350.0,CE,559.35,523.67,22603.05,1105,16,65
2026-10-07,IDO,2026-11-03,22050.0,CE,1499.4,739.48,22603.05,0,0,65
2026-10-07,IDO,2026-11-03,22000.0,CE,780.75,780.75,22603.05,1430,97,65
2026-10-07,IDO,2026-11-03,21950.0,CE,1587.3,819.19,22603.05,0,0,65
2026-10-07,IDO,2026-11-03,21500.0,CE,1999.75,1213.71,22603.05,0,0,65
2026-10-07,IDO,2026-11-03,21300.0,CE,2189.8,1402.09,22603.05,0,0,65
2026-10-07,IDO,2026-11-03,21250.0,CE,2237.75,1449.99,22603.05,0,0,65
2026-10-07,IDO,2026-11-03,21100.0,CE,2382.6,1595.08,22603.05,0,0,65
2026-10-07,IDO,2026-11-03,20900.0,CE,2577.35,1790.93,22603.05,0,0,65
2026-10-07,IDO,2026-10-27,26850.0,CE,0.55,0.01,22603.05,5070,30,65
2026-10-07,IDO,2026-10-27,24950.0,CE,2.75,0.21,22603.05,62075,14,65
2026-10-07,IDO,2026-10-27,24850.0,CE,2.95,2.95,22603.05,35425,280,65
2026-10-07,IDO,2026-10-27,24450.0,CE,4.5,4.5,22603.05,53495,603,65
2026-10-07,IDO,2026-10-27,23800.0,CE,12.5,12.5,22603.05,1907750,27125,65
2026-10-07,IDO,2026-10-27,23550.0,CE,24.75,24.75,22603.05,126230,4624,65
2026-10-07,IDO,2026-10-27,23350.0,CE,44.1,44.1,22603.05,184665,8859,65
2026-10-07,IDO,2026-10-27,22900.0,CE,155.6,155.6,22603.05,1154855,25271,65
2026-10-07,IDO,2026-10-27,22200.0,CE,560.05,560.05,22603.05,273455,1924,65
2026-10-07,IDO,2026-10-27,21150.0,CE,1433.7,1519.69,22603.05,65,0,65
2026-10-07,IDO,2026-10-27,20600.0,CE,3710.55,2065.23,22603.05,0,0,65
2026-10-07,IDO,2026-10-27,20550.0,CE,3758.6,2115.03,22603.05,0,0,65
2026-10-07,IDO,2026-10-27,20400.0,CE,3903.2,2264.49,22603.05,0,0,65
2026-10-07,IDO,2026-10-19,24600.0,CE,1.65,1.65,22603.05,20410,553,65
2026-10-07,IDO,2026-10-19,24100.0,CE,2.1,2.1,22603.05,195130,5049,65
2026-10-07,IDO,2026-10-19,23050.0,CE,51.15,51.15,22603.05,110305,11338,65
2026-10-07,IDO,2026-10-19,22000.0,CE,653.75,653.75,22603.05,16835,511,65
2026-10-07,IDO,2026-10-19,21950.0,CE,698.4,717.45,22603.05,455,8,65
2026-10-07,IDO,2026-11-03,21600.0,CE,1906.05,1121.94,22603.05,0,0,65
2026-10-07,IDO,2026-11-03,23450.0,CE,62.25,62.25,22603.05,9880,132,65
2026-10-07,IDO,2026-11-03,24150.0,CE,242.15,14.63,22603.05,0,0,65
2026-10-07,IDO,2026-11-09,21350.0,CE,1578.45,1381.62,22603.05,0,0,65
2026-10-07,IDO,2026-11-09,22200.0,CE,869.3,669.73,22603.05,0,0,65
2026-10-07,IDO,2026-11-09,22350.0,CE,762.6,568.09,22603.05,0,0,65
2026-10-07,IDO,2026-11-09,23350.0,CE,149.0,132.93,22603.05,65,1,65
2026-10-07,IDO,2026-11-09,23550.0,CE,195.4,91.65,22603.05,0,0,65
2026-10-07,IDO,2026-11-23,20400.0,CE,4242.9,2350.73,22603.05,0,0,65
2026-10-07,IDO,2026-11-23,20900.0,CE,3757.7,1865.53,22603.05,0,0,65
2026-10-07,IDO,2026-11-23,21200.0,CE,3469.95,1583.54,22603.05,0,0,65
2026-10-07,IDO,2026-11-23,21550.0,CE,3139.0,1270.17,22603.05,0,0,65
2026-10-07,IDO,2026-10-27,26550.0,CE,1.4,0.01,22603.05,975,3,65
2026-10-07,IDO,2026-10-27,26300.0,CE,0.6,0.6,22603.05,38805,166,65
2026-10-07,IDO,2026-10-27,26150.0,CE,4.85,0.01,22603.05,455,0,65
2026-10-07,IDO,2026-10-27,25800.0,CE,1.25,1.25,22603.05,70330,109,65
2026-10-07,IDO,2026-10-27,25700.0,CE,1.3,1.3,22603.05,29055,478,65
2026-10-07,IDO,2026-10-27,25300.0,CE,1.9,1.9,22603.05,32825,182,65
2026-10-07,IDO,2026-10-27,24800.0,CE,3.0,3.0,22603.05,432185,2256,65
2026-10-07,IDO,2026-10-27,22550.0,CE,323.75,323.75,22603.05,115440,3545,65
2026-10-07,IDO,2026-10-27,21850.0,CE,750.15,858.5,22603.05,65,0,65
2026-10-07,IDO,2026-10-27,21700.0,CE,968.0,993.05,22603.05,1885,8,65
2026-10-07,IDO,2026-10-27,21050.0,CE,1609.9,1618.3,22603.05,65,0,65
2026-10-07,IDO,2026-10-27,20150.0,CE,4145.5,2513.7,22603.05,0,0,65
2026-10-07,IDO,2026-10-19,24400.0,CE,1.8,1.8,22603.05,114595,3388,65
2026-10-07,IDO,2026-10-19,23450.0,CE,11.05,11.05,22603.05,118690,10897,65
2026-10-07,IDO,2026-10-19,23250.0,CE,24.15,24.15,22603.05,128700,7593,65
2026-10-07,IDO,2026-10-19,21750.0,CE,1122.75,902.75,22603.05,65,0,65
2026-10-07,IDO,2026-10-19,21250.0,CE,1998.25,1392.12,22603.05,0,0,65
2026-10-07,IDO,2026-10-19,21000.0,CE,1598.95,1598.95,22603.05,2470,69,65
2026-10-07,IDO,2026-10-19,20650.0,CE,2584.0,1990.36,22603.05,0,0,65
2026-10-07,IDO,2026-10-13,24100.0,CE,0.9,0.9,22603.05,2446145,162100,65
2026-10-07,IDO,2026-10-13,23800.0,CE,1.4,1.4,22603.05,3483285,262246,65
2026-10-07,IDO,2026-10-13,23350.0,CE,3.75,3.75,22603.05,1381900,351498,65
2026-10-07,IDO,2026-10-13,23000.0,CE,18.65,18.65,22603.05,9631245,1878895,65
2026-10-07,IDO,2026-10-13,22350.0,CE,294.05,294.05,22603.05,107640,20847,65
2026-10-07,IDO,2026-10-13,22250.0,CE,378.85,378.85,22603.05,83070,5044,65
2026-10-07,IDO,2026-10-13,21700.0,CE,889.6,889.6,22603.05,3900,65,65
2026-10-07,IDO,2026-10-13,21350.0,CE,1145.85,1272.38,22603.05,65,0,65
2026-10-07,IDO,2026-10-13,20700.0,CE,3051.15,1921.76,22603.05,0,0,65
2026-10-07,IDO,2026-10-13,20650.0,CE,3100.75,1971.71,22603.05,0,0,65
2026-10-07,IDO,2026-11-23,22300.0,CE,690.6,690.6,22603.05,12350,116,65
2026-10-07,IDO,2026-11-23,23550.0,CE,127.05,127.05,22603.05,43810,145,65
2026-10-07,IDO,2026-11-23,24300.0,CE,36.6,36.6,22603.05,172770,1467,65
2026-10-07,IDO,2026-11-23,25550.0,CE,9.0,2.89,22603.05,1625,13,65
2026-10-07,IDO,2026-12-29,20250.0,CE,2799.0,2618.34,22603.05,0,0,65
2026-10-07,IDO,2026-12-29,21450.0,CE,1498.7,1529.71,22603.05,1040,0,65
2026-10-07,IDO,2026-12-29,21800.0,CE,1274.45,1251.19,22603.05,4030,18,65
2026-10-07,IDO,2026-12-29,22200.0,CE,970.45,965.66,22603.05,5200,15,65
2026-10-07,IDO,2026-12-29,23350.0,CE,324.7,324.7,22603.05,7670,26,65
2026-10-07,IDO,2026-12-29,23800.0,CE,187.4,187.4,22603.05,103025,983,65
2026-10-07,IDO,2026-12-29,28500.0,CE,5.7,5.7,22603.05,96915,59,65
2026-10-07,IDF,2026-11-23,,,22737.5,22737.5,22603.05,2375425,3573,65
2026-10-07,IDO,2027-03-30,21000.0,CE,2318.65,2318.65,22603.05,50570,59,65
2026-10-07,IDO,2027-03-30,22500.0,CE,1204.25,1204.25,22603.05,324935,840,65
2026-10-07,IDO,2027-06-29,18000.0,CE,4066.45,5314.38,22603.05,0,0,65
2026-10-07,IDO,2027-06-29,21000.0,CE,3061.8,2624.89,22603.05,0,0,65
2026-10-07,IDO,2027-06-29,25500.0,CE,262.5,262.5,22603.05,61165,703,65
2026-10-07,IDO,2027-09-28,15000.0,CE,8577.25,8386.62,22603.05,0,0,65
2026-10-07,IDO,2028-06-27,28500.0,CE,2990.0,518.27,22603.05,0,0,65
2026-10-07,IDO,2028-12-26,22500.0,CE,7382.9,3352.0,22603.05,0,0,65
2026-10-07,IDO,2029-06-26,25500.0,CE,5917.35,2282.8,22603.05,0,0,65
2026-10-07,IDO,2029-06-26,30000.0,CE,5268.4,875.77,22603.05,0,0,65
2026-10-07,IDO,2029-12-24,28500.0,CE,4802.1,1622.39,22603.05,0,0,65
2026-10-07,IDO,2026-10-27,27100.0,CE,1.0,0.01,22603.05,10270,42,65
2026-10-07,IDO,2030-06-25,19500.0,CE,11140.25,6895.72,22603.05,0,0,65
2026-10-07,IDO,2031-06-24,22500.0,CE,8012.75,5796.62,22603.05,0,0,65
2026-10-07,IDO,2026-10-13,20250.0,PE,1.05,1.05,22603.05,45305,3416,65
2026-10-07,IDO,2026-12-29,21950.0,CE,1215.3,1139.7,22603.05,1755,6,65
2026-10-07,IDO,2026-12-29,21600.0,CE,1453.15,1407.39,22603.05,3120,9,65
2026-10-07,IDO,2026-12-29,21100.0,CE,2039.8,1829.92,22603.05,0,0,65
2026-10-07,IDO,2026-12-29,21000.0,CE,1931.95,1931.95,22603.05,869785,383,65
2026-10-07,IDO,2026-12-29,20800.0,CE,2299.35,2100.57,22603.05,0,0,65
2026-10-07,IDO,2026-12-29,20650.0,CE,2432.9,2239.47,22603.05,0,0,65
2026-10-07,IDO,2026-12-29,24000.0,PE,1233.1,1233.1,22603.05,2111480,1626,65
2026-10-07,IDO,2026-12-29,22950.0,PE,542.9,602.92,22603.05,15535,57,65
2026-10-07,IDO,2026-12-29,22900.0,PE,543.2,543.2,22603.05,38740,395,65
2026-10-07,IDO,2026-12-29,22750.0,PE,480.8,480.8,22603.05,14235,152,65
2026-10-07,IDO,2026-12-29,21500.0,PE,157.15,157.15,22603.05,324545,6473,65
2026-10-07,IDO,2026-12-29,21050.0,PE,96.45,59.59,22603.05,4355,0,65
2026-10-07,IDO,2026-12-29,20600.0,PE,75.05,27.12,22603.05,1560,8,65
2026-10-07,IDO,2026-12-29,20000.0,PE,54.35,54.35,22603.05,1820350,5917,65
2026-10-07,IDO,2026-12-29,19000.0,PE,29.55,29.55,22603.05,1214845,3500,65
2026-10-07,IDO,2026-11-23,25750.0,PE,1419.55,2966.97,22603.05,0,0,65
2026-10-07,IDO,2026-11-23,23650.0,PE,1000.0,1000.0,22603.05,8710,23,65
2026-10-07,IDO,2026-11-03,24800.0,PE,1405.5,2098.21,22603.05,0,0,65
2026-10-07,IDO,2026-11-03,21750.0,PE,78.45,78.45,22603.05,2080,14,65
2026-10-07,IDO,2026-10-27,25150.0,PE,2150.0,2471.35,22603.05,260,0,65
2026-10-07,IDO,2026-10-27,25000.0,PE,2342.95,2342.95,22603.05,2166255,581,65
2026-10-07,IDO,2026-10-27,22600.0,PE,254.2,254.2,22603.05,1714050,73195,65
2026-10-07,IDO,2026-10-19,24450.0,PE,1286.65,1802.89,22603.05,0,0,65
2026-10-07,IDO,2026-10-19,24350.0,PE,1202.45,1703.16,22603.05,0,0,65
2026-10-07,IDO,2026-10-19,22500.0,PE,155.15,155.15,22603.05,524680,35760,65
2026-10-07,IDO,2026-10-13,23750.0,PE,1192.55,1125.74,22603.05,4095,17,65
2026-10-07,IDO,2026-10-13,21250.0,PE,2.15,2.15,22603.05,333515,64569,65
2026-10-07,IDO,2026-10-13,20950.0,PE,1.7,1.7,22603.05,99645,23487,65
2026-10-07,IDO,2030-06-25,24000.0,CE,8591.55,3998.54,22603.05,0,0,65
2026-10-07,IDO,2028-06-27,24000.0,CE,3918.85,1959.91,22603.05,0,0,65
2026-10-07,IDO,2027-12-28,24000.0,CE,1463.3,1463.3,22603.05,178620,390,65
2026-10-07,IDO,2027-12-28,21000.0,CE,4902.4,3248.99,22603.05,0,0,65
2026-10-07,IDO,2027-06-29,28500.0,CE,1711.9,51.87,22603.05,0,0,65
2026-10-07,IDO,2027-06-29,22500.0,CE,1500.0,1500.0,22603.05,65,1,65
2026-10-07,IDO,2026-12-29,23550.0,CE,253.25,253.25,22603.05,14560,156,65
2026-10-07,IDO,2026-12-29,22550.0,CE,734.85,748.74,22603.05,1040,4,65
2026-10-07,IDO,2026-12-29,22300.0,CE,895.0,900.4,22603.05,19825,32,65
2026-10-07,IDO,2026-12-29,20050.0,CE,2986.45,2811.13,22603.05,0,0,65
2026-10-07,IDO,2026-11-23,26100.0,CE,4.25,0.69,22603.05,32240,62,65
2026-10-07,IDO,2026-11-09,22700.0,CE,545.15,367.68,22603.05,0,0,65
2026-10-07,IDO,2026-11-09,21500.0,CE,1442.45,1243.47,22603.05,0,0,65
2026-10-07,IDO,2026-11-09,21100.0,CE,1811.8,1618.69,22603.05,0,0,65
2026-10-07,IDO,2026-11-03,23900.0,CE,22.8,22.8,22603.05,8905,151,65
2026-10-07,IDO,2026-11-03,21200.0,CE,2285.9,1498.13,22603.05,0,0,65
2026-10-07,IDO,2026-11-03,20550.0,CE,2921.3,2137.19,22603.05,0,0,65
2026-10-07,IDO,2026-10-27,27200.0,CE,0.7,0.7,22603.05,57070,91,65
2026-10-07,IDO,2026-10-27,24500.0,CE,4.25,4.25,22603.05,2273245,17045,65
2026-10-07,IDO,2026-10-27,23250.0,CE,60.25,60.25,22603.05,248690,6283,65
2026-10-07,IDO,2026-10-27,21800.0,CE,896.2,896.2,22603.05,20345,73,65
2026-10-07,IDO,2026-10-19,23100.0,CE,42.25,42.25,22603.05,443755,34135,65
2026-10-07,IDO,2026-10-19,22300.0,CE,404.75,404.75,22603.05,26520,959,65
2026-10-07,IDO,2026-10-19,20950.0,CE,2289.2,1690.98,22603.05,0,0,65
2026-10-07,IDO,2026-10-19,20550.0,CE,2682.75,2090.18,22603.05,0,0,65
2026-10-07,IDO,2026-10-13,25000.0,CE,0.65,0.65,22603.05,1154790,64837,65
2026-10-07,IDO,2026-10-13,24000.0,CE,1.15,1.15,22603.05,8504470,363568,65
2026-10-07,IDO,2026-10-13,22700.0,CE,87.15,87.15,22603.05,8609055,3511063,65
2026-10-07,IDO,2026-10-13,21550.0,CE,1037.15,1072.76,22603.05,130,1,65
2026-10-07,IDO,2026-10-13,21400.0,CE,1171.85,1222.44,22603.05,260,1,65
2026-10-07,IDO,2026-10-13,20450.0,CE,3299.3,2171.53,22603.05,0,0,65
2026-10-07,IDO,2026-11-23,25500.0,CE,9.2,9.2,22603.05,405860,2483,65
2026-10-07,IDO,2030-12-31,30000.0,PE,1450.1,3142.56,22603.05,0,0,65
2026-10-07,IDO,2026-11-09,22600.0,PE,306.85,306.85,22603.05,715,12,65
2026-10-07,IDO,2030-06-25,33000.0,PE,3143.9,5223.52,22603.05,0,0,65
2026-10-07,IDF,2026-12-29,,,22876.2,22876.2,22603.05,282100,1354,65
2026-10-07,IDO,2026-11-03,22450.0,PE,226.1,226.1,22603.05,6305,128,65
2026-10-07,IDO,2026-11-03,22500.0,PE,247.35,247.35,22603.05,27560,972,65
2026-10-07,IDO,2026-11-03,22550.0,PE,264.8,264.8,22603.05,8645,218,65
2026-10-07,IDO,2026-11-03,22650.0,PE,307.35,307.35,22603.05,10660,413,65
2026-10-07,IDO,2026-11-03,22900.0,PE,436.7,436.7,22603.05,6435,116,65
2026-10-07,IDO,2026-11-03,24550.0,PE,1199.8,1851.72,22603.05,0,0,65
2026-10-07,IDO,2026-11-03,25050.0,PE,1622.0,2346.05,22603.05,0,0,65
2026-10-07,IDO,2026-11-09,22150.0,PE,157.4,142.64,22603.05,0,0,65
2026-10-07,IDO,2026-11-09,22450.0,PE,246.65,241.05,22603.05,0,0,65
2026-10-07,IDO,2026-11-09,23300.0,PE,668.75,726.62,22603.05,0,0,65
2026-10-07,IDO,2026-11-09,23350.0,PE,701.4,764.06,22603.05,0,0,65
2026-10-07,IDO,2026-11-09,24500.0,PE,1631.55,1785.94,22603.05,0,0,65
2026-10-07,IDO,2026-11-23,20100.0,PE,24.2,24.2,22603.05,2210,34,65
2026-10-07,IDO,2026-11-23,20700.0,PE,43.45,43.45,22603.05,27950,268,65
2026-10-07,IDO,2026-11-23,20750.0,PE,45.0,10.12,22603.05,455,1,65
2026-10-07,IDO,2026-11-23,21000.0,PE,59.25,59.25,22603.05,789100,10640,65
2026-10-07,IDO,2026-11-23,21300.0,PE,80.3,80.3,22603.05,61035,600,65
2026-10-07,IDO,2026-11-23,22800.0,PE,446.55,446.55,22603.05,306995,2735,65
2026-10-07,IDO,2026-11-23,23200.0,PE,672.05,672.05,22603.05,162565,217,65
2026-10-07,IDO,2026-11-23,23250.0,PE,658.4,717.59,22603.05,14105,38,65
2026-10-07,IDO,2026-11-23,23450.0,PE,809.3,858.82,22603.05,6045,6,65
2026-10-07,IDO,2026-11-23,23500.0,PE,878.3,878.3,22603.05,515190,1195,65
2026-10-07,IDO,2026-11-23,23900.0,PE,1216.0,1216.32,22603.05,12610,6,65
2026-10-07,IDO,2026-11-23,24550.0,PE,1742.95,1800.56,22603.05,195,1,65
2026-10-07,IDO,2026-11-23,25100.0,PE,2203.1,2328.18,22603.05,325,0,65
2026-10-07,IDO,2026-12-29,20300.0,PE,38.95,15.08,22603.05,0,0,65
2026-10-07,IDO,2026-12-29,21600.0,PE,171.95,171.95,22603.05,30940,257,65
2026-10-07,IDO,2026-12-29,21750.0,PE,195.2,195.2,22603.05,13130,54,65
2026-10-07,IDO,2026-12-29,22450.0,PE,366.0,366.0,22603.05,2600,66,65
2026-10-07,IDO,2026-12-29,24050.0,PE,1193.15,1329.78,22603.05,2080,3,65
2026-10-07,IDO,2026-12-29,24500.0,PE,1665.0,1699.03,22603.05,1105,24,65
2026-10-07,IDO,2026-12-29,27000.0,PE,4013.5,4013.5,22603.05,1563920,258,65
2026-10-07,IDO,2027-06-29,33000.0,PE,4691.7,9106.36,22603.05,0,0,65
2026-10-07,IDO,2027-09-28,16500.0,PE,8.4,1.81,22603.05,0,0,65
2026-10-07,IDO,2027-12-28,16500.0,PE,52.05,4.0,22603.05,130,0,65
2026-10-07,IDO,2027-12-28,19000.0,PE,174.8,174.8,22603.05,38125,37,65
2026-10-07,IDO,2027-12-28,22000.0,PE,611.5,611.5,22603.05,114535,130,65
2026-10-07,IDO,2027-12-28,24000.0,PE,1167.65,1167.65,22603.05,263605,256,65
2026-10-07,IDO,2028-06-27,18000.0,PE,396.75,41.98,22603.05,0,0,65
2026-10-07,IDO,2028-12-26,18000.0,PE,250.0,57.82,22603.05,75,0,65
2026-10-07,IDO,2029-12-24,23000.0,PE,725.05,743.95,22603.05,1625,0,65
2026-10-07,IDO,2029-12-24,26000.0,PE,1850.0,1718.82,22603.05,4965,0,65
2026-10-07,IDO,2030-12-31,16500.0,PE,13.65,39.1,22603.05,0,0,65
2026-10-07,IDO,2031-06-24,28500.0,PE,2104.2,2260.19,22603.05,0,0,65
2026-10-07,IDO,2031-06-24,30000.0,PE,2616.25,2902.5,22603.05,0,0,65
2026-10-07,IDO,2026-10-13,25150.0,CE,0.65,0.65,22603.05,23660,830,65
2026-10-07,IDO,2026-10-13,24850.0,CE,0.7,0.7,22603.05,9555,1865,65
2026-10-07,IDO,2026-10-13,24650.0,CE,0.8,0.8,22603.05,43550,2013,65
2026-10-07,IDO,2026-10-13,23500.0,CE,2.55,2.55,22603.05,6603480,892801,65
2026-10-07,IDO,2026-10-13,23200.0,CE,6.3,6.3,22603.05,7381790,892458,65
2026-10-07,IDO,2026-10-13,22450.0,CE,223.7,223.7,22603.05,204035,94609,65
2026-10-07,IDO,2026-10-13,21900.0,CE,700.35,700.35,22603.05,21320,441,65
2026-10-07,IDO,2026-10-13,21250.0,CE,2507.8,1372.26,22603.05,0,0,65
2026-10-07,IDO,2026-10-13,20300.0,CE,3448.3,2321.39,22603.05,0,0,65
2026-10-07,IDO,2026-10-13,25350.0,CE,0.55,0.55,22603.05,73450,6378,65
2026-10-07,IDO,2026-10-19,20450.0,CE,2781.7,2190.0,22603.05,0,0,65
2026-10-07,IDO,2026-10-19,20900.0,CE,2338.15,1740.87,22603.05,0,0,65
2026-10-07,IDO,2026-10-19,21450.0,CE,1807.8,1194.04,22603.05,0,0,65
2026-10-07,IDO,2026-10-19,22000.0,PE,44.4,44.4,22603.05,879450,43208,65
2026-10-07,IDO,2026-10-19,22350.0,PE,106.85,106.85,22603.05,72280,10491,65
2026-10-07,IDO,2026-10-19,22900.0,PE,373.25,373.25,22603.05,91130,4665,65
2026-10-07,IDO,2026-10-19,22950.0,PE,406.7,406.7,22603.05,6825,492,65
2026-10-07,IDO,2026-10-19,23500.0,PE,894.3,894.3,22603.05,36140,371,65
2026-10-07,IDO,2026-10-19,24150.0,PE,1040.4,1503.97,22603.05,0,0,65
2026-10-07,IDO,2026-10-19,24250.0,PE,1180.0,1603.51,22603.05,65,0,65
2026-10-07,IDO,2026-10-19,25150.0,PE,1919.85,2501.52,22603.05,0,0,65
2026-10-07,IDO,2026-10-27,20550.0,PE,9.25,9.25,22603.05,16445,613,65
2026-10-07,IDO,2026-10-27,21050.0,PE,17.2,17.2,22603.05,16835,713,65
2026-10-07,IDO,2026-10-27,21700.0,PE,47.8,47.8,22603.05,693550,12529,65
2026-10-07,IDO,2026-10-27,22500.0,PE,213.7,213.7,22603.05,4568005,106599,65
2026-10-07,IDO,2026-10-27,23550.0,PE,883.35,914.33,22603.05,13585,33,65
2026-10-07,IDO,2026-10-27,23700.0,PE,1071.8,1071.8,22603.05,407030,174,65
2026-10-07,IDO,2026-10-27,23800.0,PE,1164.35,1164.35,22603.05,515450,370,65
2026-10-07,IDO,2026-10-27,24700.0,PE,2045.0,2023.27,22603.05,217490,37,65
2026-10-07,IDO,2026-10-27,24950.0,PE,2282.85,2272.08,22603.05,845,5,65
2026-10-07,IDO,2026-10-27,27200.0,PE,4520.0,4515.1,22603.05,57980,6,65
2026-10-07,IDO,2026-11-03,21350.0,PE,17.55,14.75,22603.05,0,0,65
2026-10-07,IDO,2026-11-03,22050.0,PE,113.0,96.9,22603.05,1690,21,65
2026-10-07,IDO,2026-11-03,22600.0,PE,287.0,287.0,22603.05,28145,1155,65
2026-10-07,IDO,2026-11-03,22850.0,PE,431.35,409.54,22603.05,5785,79,65
2026-10-07,IDO,2026-11-03,24300.0,PE,1010.0,1607.81,22603.05,65,0,65
2026-10-07,IDO,2026-11-09,21650.0,PE,65.0,49.03,22603.05,0,0,65
2026-10-07,IDO,2026-11-09,21750.0,PE,78.75,61.98,22603.05,0,0,65
2026-10-07,IDO,2026-11-09,22200.0,PE,171.1,156.56,22603.05,0,0,65
2026-10-07,IDO,2026-11-09,24000.0,PE,1191.8,1313.61,22603.05,0,0,65
2026-10-07,IDO,2026-11-09,24250.0,PE,1406.55,1546.49,22603.05,0,0,65
2026-10-07,IDO,2026-11-09,24550.0,PE,1677.55,1834.38,22603.05,0,0,65
2026-10-07,IDO,2026-11-23,21250.0,PE,80.0,34.56,22603.05,4355,11,65
2026-10-07,IDO,2026-11-23,21850.0,PE,150.85,150.85,22603.05,12025,275,65
2026-10-07,IDO,2026-11-23,22000.0,PE,178.6,178.6,22603.05,1259245,22894,65
2026-10-07,IDO,2026-11-23,22150.0,PE,210.35,210.35,22603.05,7995,114,65
2026-10-07,IDO,2026-11-23,22300.0,PE,257.2,257.2,22603.05,119015,2389,65
2026-10-07,IDO,2026-11-23,22600.0,PE,357.35,357.35,22603.05,119405,3065,65
2026-10-07,IDO,2026-11-23,22950.0,PE,516.5,516.5,22603.05,4745,65,65
2026-10-07,IDO,2026-11-23,23000.0,PE,554.2,554.2,22603.05,967655,5327,65
2026-10-07,IDO,2026-11-23,23350.0,PE,760.35,760.35,22603.05,8190,12,65
2026-10-07,IDO,2026-11-23,24350.0,PE,1478.7,1614.69,22603.05,2210,0,65
2026-10-07,IDO,2026-11-23,24400.0,PE,1675.95,1660.75,22603.05,9230,1,65
2026-10-07,IDO,2026-11-23,25250.0,PE,1090.7,2474.69,22603.05,0,0,65
2026-10-07,IDO,2026-11-23,25550.0,PE,1282.8,2769.53,22603.05,0,0,65
2026-10-07,IDO,2026-12-29,17000.0,PE,15.1,15.1,22603.05,326245,1187,65
2026-10-07,IDO,2026-12-29,20450.0,PE,48.5,20.36,22603.05,0,0,65
2026-10-07,IDO,2026-12-29,20650.0,PE,68.6,29.76,22603.05,1040,0,65
2026-10-07,IDO,2026-12-29,20700.0,PE,82.1,32.61,22603.05,1495,12,65
2026-10-07,IDO,2026-12-29,20900.0,PE,93.0,93.0,22603.05,6305,21,65
2026-10-07,IDO,2026-12-29,22400.0,PE,352.2,352.2,22603.05,75855,839,65
2026-10-07,IDO,2026-12-29,22500.0,PE,385.95,385.95,22603.05,1737580,8059,65
2026-10-07,IDO,2026-12-29,23800.0,PE,1072.1,1072.1,22603.05,3120,18,65
2026-10-07,IDO,2026-12-29,28000.0,PE,5017.1,5017.1,22603.05,1051635,143,65
2026-10-07,IDO,2026-12-29,30000.0,PE,6928.75,6928.75,22603.05,508420,122,65
2026-10-07,IDO,2026-12-29,33000.0,PE,5263.45,9986.79,22603.05,0,0,65
2026-10-07,IDO,2027-03-30,25500.0,PE,2259.3,2259.3,22603.05,219505,92,65
2026-10-07,IDO,2027-03-30,30000.0,PE,6273.1,6622.37,22603.05,2470,0,65
2026-10-07,IDO,2027-03-30,33000.0,PE,8415.45,9543.0,22603.05,0,0,65
2026-10-07,IDO,2027-06-29,31500.0,PE,3604.7,7668.48,22603.05,0,0,65
2026-10-07,IDO,2027-12-28,17000.0,PE,72.55,7.61,22603.05,17775,0,65
2026-10-07,IDO,2027-12-28,19500.0,PE,29.25,94.72,22603.05,0,0,65
2026-10-07,IDO,2027-12-28,31500.0,PE,3240.0,6899.01,22603.05,0,0,65
2026-10-07,IDO,2028-06-27,15000.0,PE,127.2,1.67,22603.05,0,0,65
2026-10-07,IDO,2028-06-27,30000.0,PE,3779.25,4991.88,22603.05,0,0,65
2026-10-07,IDO,2028-12-26,25000.0,PE,1461.95,1533.47,22603.05,13735,0,65
2026-10-07,IDO,2029-06-26,25500.0,PE,2550.0,1635.93,22603.05,130,2,65
2026-10-07,IDO,2029-06-26,30000.0,PE,2031.05,4103.51,22603.05,0,0,65
2026-10-07,IDO,2029-12-24,18000.0,PE,96.5,80.08,22603.05,0,0,65
2026-10-07,IDO,2029-12-24,25500.0,PE,597.3,1522.14,22603.05,0,0,65
2026-10-07,IDO,2030-06-25,18000.0,PE,116.65,87.15,22603.05,0,0,65
2026-10-07,IDO,2026-10-19,20600.0,PE,4.3,4.3,22603.05,130910,4715,65
2026-10-07,IDO,2026-10-19,20250.0,PE,3.65,3.65,22603.05,4290,79,65
2026-10-07,IDO,2026-10-13,25100.0,PE,2335.0,2474.27,22603.05,5265,0,65
2026-10-07,IDO,2026-10-13,24800.0,PE,2164.7,2174.54,22603.05,3380,2,65
2026-10-07,IDO,2026-10-13,24050.0,PE,1458.2,1425.23,22603.05,455,4,65
2026-10-07,IDO,2026-10-13,23500.0,PE,914.05,914.05,22603.05,357630,3026,65
2026-10-07,IDO,2026-10-13,23200.0,PE,612.6,612.6,22603.05,287885,7281,65
2026-10-07,IDO,2026-10-13,22500.0,PE,98.6,98.6,22603.05,4929665,2691332,65
2026-10-07,IDO,2026-10-13,20200.0,PE,1.1,1.1,22603.05,683410,34443,65
2026-10-07,IDO,2030-12-31,31500.0,CE,4554.55,1574.78,22603.05,0,0,65
2026-10-07,IDO,2029-12-24,25500.0,CE,6500.6,2759.75,22603.05,0,0,65
2026-10-07,IDO,2029-12-24,24000.0,CE,4460.0,3508.72,22603.05,65,2,65
2026-10-07,IDO,2029-06-26,28500.0,CE,4213.3,1229.29,22603.05,0,0,65
2026-10-07,IDO,2029-06-26,15000.0,CE,13671.85,9693.92,22603.05,0,0,65
2026-10-07,IDO,2028-12-26,21000.0,CE,7512.5,4362.55,22603.05,0,0,65
2026-10-07,IDO,2028-06-27,22500.0,CE,6796.05,2799.89,22603.05,0,0,65
2026-10-07,IDO,2027-12-28,26000.0,CE,577.75,577.75,22603.05,232740,436,65
2026-10-07,IDO,2027-12-28,16500.0,CE,11316.4,7181.82,22603.05,0,0,65
2026-10-07,IDO,2027-09-28,22500.0,CE,2265.0,1898.26,22603.05,715,0,65
2026-10-07,IDO,2027-09-28,16500.0,CE,7170.5,6966.66,22603.05,0,0,65
2026-10-07,IDO,2027-06-29,31500.0,CE,769.15,4.59,22603.05,0,0,65
2026-10-07,IDO,2027-03-30,27000.0,CE,45.65,45.65,22603.05,1235845,2485,65
2026-10-07,IDO,2026-12-29,24200.0,CE,112.95,112.95,22603.05,55575,836,65
2026-10-07,IDO,2026-12-29,22500.0,CE,752.95,752.95,22603.05,408070,3833,65
2026-10-07,IDO,2026-12-29,22350.0,CE,897.3,868.75,22603.05,8320,1,65
2026-10-07,IDO,2026-12-29,22050.0,CE,1130.85,1068.26,22603.05,1105,6,65
2026-10-07,IDO,2026-12-29,21750.0,CE,1365.0,1289.46,22603.05,3380,19,65
2026-10-07,IDO,2026-12-29,21150.0,CE,1997.6,1785.9,22603.05,0,0,65
2026-10-07,IDO,2026-12-29,21050.0,CE,2082.3,1874.27,22603.05,0,0,65
2026-10-07,IDO,2026-12-29,20950.0,CE,2168.25,1963.93,22603.05,0,0,65
2026-10-07,IDO,2026-12-29,20700.0,CE,2388.15,2192.94,22603.05,0,0,65
2026-10-07,IDO,2026-12-29,16000.0,CE,6430.0,6801.91,22603.05,1105,0,65
2026-10-07,IDO,2026-11-23,25250.0,CE,11.0,11.0,22603.05,910,3,65
2026-10-07,IDO,2026-11-23,24600.0,CE,24.8,24.8,22603.05,69420,790,65
2026-10-07,IDO,2026-11-23,24150.0,CE,48.2,48.2,22603.05,22620,216,65
2026-10-07,IDO,2026-11-23,23900.0,CE,70.4,70.4,22603.05,117065,1780,65
2026-10-07,IDO,2026-11-23,23450.0,CE,152.8,152.8,22603.05,46800,409,65
2026-10-07,IDO,2026-11-23,22950.0,CE,320.4,320.4,22603.05,10985,124,65
2026-10-07,IDO,2026-11-23,22850.0,CE,366.0,366.0,22603.05,16120,237,65
2026-10-07,IDO,2026-11-23,22800.0,CE,391.65,391.65,22603.05,261105,3417,65
2026-10-07,IDO,2026-11-23,21750.0,CE,2952.95,1101.78,22603.05,0,0,65
2026-10-07,IDO,2026-11-23,20550.0,CE,4096.8,2203.87,22603.05,0,0,65
2026-10-07,IDO,2026-11-23,20100.0,CE,4536.15,2646.32,22603.05,0,0,65
2026-10-07,IDO,2026-11-09,24150.0,CE,78.2,25.23,22603.05,0,0,65
2026-10-07,IDO,2026-11-09,24050.0,CE,92.15,31.86,22603.05,0,0,65
2026-10-07,IDO,2026-11-09,23850.0,CE,126.25,49.7,22603.05,0,0,65
2026-10-07,IDO,2026-11-09,23750.0,CE,146.75,61.39,22603.05,0,0,65
2026-10-07,IDO,2026-11-09,23650.0,CE,170.65,75.28,22603.05,0,0,65
2026-10-07,IDO,2026-11-09,22900.0,CE,440.2,277.08,22603.05,0,0,65
2026-10-07,IDO,2026-11-09,22750.0,CE,517.6,343.4,22603.05,0,0,65
2026-10-07,IDO,2026-11-09,21850.0,CE,1140.9,938.95,22603.05,0,0,65
2026-10-07,IDO,2026-11-09,21400.0,CE,1532.75,1335.17,22603.05,0,0,65
2026-10-07,IDO,2026-11-03,25200.0,CE,5.2,5.2,22603.05,8450,120,65
2026-10-07,IDO,2026-11-03,25000.0,CE,5.9,5.9,22603.05,52000,2125,65
2026-10-07,IDO,2026-11-03,24900.0,CE,5.75,5.75,22603.05,2340,114,65
2026-10-07,IDO,2026-11-03,24850.0,CE,5.65,5.65,22603.05,1755,88,65
2026-10-07,IDO,2026-11-03,24200.0,CE,13.0,13.0,22603.05,16575,370,65
2026-10-07,IDO,2026-11-03,22100.0,CE,1456.1,700.98,22603.05,0,0,65
2026-10-07,IDO,2026-11-03,21900.0,CE,1631.8,860.32,22603.05,0,0,65
2026-10-07,IDO,2026-11-03,21550.0,CE,1952.8,1167.59,22603.05,0,0,65
2026-10-07,IDO,2026-10-27,26400.0,CE,0.6,0.01,22603.05,4810,11,65
2026-10-07,IDO,2026-10-27,25350.0,CE,2.85,0.03,22603.05,2275,0,65
2026-10-07,IDO,2026-10-27,25150.0,CE,4.65,0.08,22603.05,16640,0,65
2026-10-07,IDO,2026-10-27,23750.0,CE,14.5,14.5,22603.05,106990,4475,65
2026-10-07,IDO,2026-10-27,23150.0,CE,79.2,79.2,22603.05,132990,3908,65
2026-10-07,IDO,2026-10-27,22850.0,CE,174.95,174.95,22603.05,203450,4918,65
2026-10-07,IDO,2026-10-27,22500.0,CE,355.55,355.55,22603.05,2373150,45832,65
2026-10-07,IDO,2026-10-27,21200.0,CE,1505.0,1470.57,22603.05,130,1,65
2026-10-07,IDO,2026-10-19,24700.0,CE,1.45,1.45,22603.05,4940,390,65
2026-10-07,IDO,2026-10-19,23600.0,CE,6.3,6.3,22603.05,365430,17985,65
2026-10-07,IDO,2026-10-19,22250.0,CE,446.8,446.8,22603.05,7215,222,65
2026-10-07,IDO,2026-10-19,21800.0,CE,868.0,855.5,22603.05,1040,2,65
2026-10-07,IDO,2026-10-19,21400.0,CE,1444.1,1243.39,22603.05,65,0,65
2026-10-07,IDO,2026-10-19,21350.0,CE,1902.6,1292.88,22603.05,0,0,65
2026-10-07,IDO,2026-10-19,21300.0,CE,1950.35,1342.46,22603.05,0,0,65
2026-10-07,IDO,2026-10-19,20850.0,CE,2387.15,1790.76,22603.05,0,0,65
2026-10-07,IDO,2026-10-19,20750.0,CE,2485.4,1890.55,22603.05,0,0,65
2026-10-07,IDO,2026-10-13,24250.0,CE,0.9,0.9,22603.05,155285,15746,65
2026-10-07,IDO,2026-10-13,22300.0,CE,334.75,334.75,22603.05,282620,46878,65
2026-10-07,IDO,2026-10-13,21650.0,CE,988.3,973.19,22603.05,1430,52,65
2026-10-07,IDO,2026-10-13,20250.0,CE,3498.0,2371.35,22603.05,0,0,65
2026-10-07,IDO,2026-10-19,20750.0,PE,4.5,4.5,22603.05,11700,462,65
2026-10-07,IDO,2026-10-19,21350.0,PE,9.65,9.65,22603.05,92690,3370,65
2026-10-07,IDO,2026-10-19,21500.0,PE,13.35,13.35,22603.05,435240,26529,65
2026-10-07,IDO,2027-12-28,30000.0,CE,135.55,135.55,22603.05,234650,996,65
2026-10-07,IDO,2031-06-24,27000.0,PE,1653.15,1701.9,22603.05,0,0,65
2026-10-07,IDO,2030-12-31,31500.0,PE,1885.5,3925.6,22603.05,0,0,65
2026-10-07,IDO,2030-12-31,28500.0,PE,1083.1,2441.83,22603.05,0,0,65
2026-10-07,IDO,2029-06-26,26000.0,PE,1650.0,1854.86,22603.05,50,0,65
2026-10-07,IDO,2029-06-26,24000.0,PE,850.0,1072.07,22603.05,155,0,65
2026-10-07,IDO,2028-12-26,19500.0,PE,49.0,154.6,22603.05,0,0,65
2026-10-07,IDO,2027-09-28,30000.0,PE,5717.3,5883.68,22603.05,0,0,65
2026-10-07,IDO,2027-09-28,22500.0,PE,761.85,620.03,22603.05,65,0,65
2026-10-07,IDO,2026-12-29,23500.0,PE,871.15,871.15,22603.05,168025,1971,65
2026-10-07,IDO,2026-12-29,23200.0,PE,696.5,696.5,22603.05,8125,111,65
2026-10-07,IDO,2026-12-29,22800.0,PE,508.3,508.3,22603.05,85020,482,65
2026-10-07,IDO,2026-12-29,22050.0,PE,257.3,257.3,22603.05,8710,131,65
2026-10-07,IDO,2026-12-29,22000.0,PE,247.5,247.5,22603.05,3601300,16613,65
2026-10-07,IDO,2026-12-29,21650.0,PE,177.85,177.85,22603.05,8580,83,65
2026-10-07,IDO,2026-12-29,21350.0,PE,135.9,95.09,22603.05,3510,60,65
2026-10-07,IDO,2026-12-29,21150.0,PE,122.1,122.1,22603.05,9945,136,65
2026-10-07,IDO,2026-12-29,20850.0,PE,105.9,42.56,22603.05,1690,0,65
2026-10-07,IDO,2026-12-29,20150.0,PE,31.0,11.03,22603.05,0,0,65
2026-10-07,IDO,2026-11-23,25050.0,PE,2152.6,2279.53,22603.05,65,0,65
2026-10-07,IDO,2026-11-23,24950.0,PE,915.05,2182.54,22603.05,0,0,65
2026-10-07,IDO,2026-11-23,24650.0,PE,1463.55,1894.96,22603.05,260,0,65
2026-10-07,IDO,2026-11-23,23750.0,PE,1092.5,1091.75,22603.05,2860,1,65
2026-10-07,IDO,2026-11-23,23150.0,PE,639.5,639.5,22603.05,128505,28,65
2026-10-07,IDO,2026-11-23,20500.0,PE,37.7,37.7,22603.05,333060,3807,65
2026-10-07,IDO,2026-11-23,20300.0,PE,4.4,2.73,22603.05,0,0,65
2026-10-07,IDO,2026-11-23,20150.0,PE,3.3,1.68,22603.05,0,0,65
2026-10-07,IDO,2026-11-09,24100.0,PE,1276.3,1405.78,22603.05,0,0,65
2026-10-07,IDO,2026-11-09,23850.0,PE,1069.0,1178.35,22603.05,0,0,65
2026-10-07,IDO,2026-11-09,23400.0,PE,734.8,802.34,22603.05,0,0,65
2026-10-07,IDO,2026-11-09,23150.0,PE,575.8,619.56,22603.05,0,0,65
2026-10-07,IDO,2026-11-09,22350.0,PE,219.95,219.95,22603.05,65,1,65
2026-10-07,IDO,2026-11-09,22050.0,PE,133.75,117.57,22603.05,0,0,65
2026-10-07,IDO,2026-11-09,21950.0,PE,112.9,95.95,22603.05,0,0,65
2026-10-07,IDO,2026-11-09,21250.0,PE,27.95,17.12,22603.05,0,0,65
2026-10-07,IDO,2026-11-03,25000.0,PE,1577.95,2296.42,22603.05,0,0,65
2026-10-07,IDO,2026-11-03,24900.0,PE,1490.95,2197.24,22603.05,0,0,65
2026-10-07,IDO,2026-11-03,23850.0,PE,700.25,1182.55,22603.05,0,0,65
2026-10-07,IDO,2026-11-03,23550.0,PE,528.4,917.49,22603.05,0,0,65
2026-10-07,IDO,2026-11-03,23250.0,PE,670.0,676.91,22603.05,455,0,65
2026-10-07,IDO,2026-11-03,23200.0,PE,628.45,628.45,22603.05,20995,69,65
2026-10-07,IDO,2026-11-03,23150.0,PE,601.3,603.74,22603.05,4485,12,65
2026-10-07,IDO,2026-11-03,22150.0,PE,143.0,120.46,22603.05,2470,41,65
2026-10-07,IDO,2026-11-03,22100.0,PE,134.35,134.35,22603.05,9360,267,65
2026-10-07,IDO,2026-11-03,22000.0,PE,115.7,115.7,22603.05,42250,1087,65
2026-10-07,IDO,2026-11-03,21000.0,PE,27.15,27.15,22603.05,32305,553,65
2026-10-07,IDO,2026-11-03,20650.0,PE,3.1,1.08,22603.05,0,0,65
2026-10-07,IDO,2026-11-03,20600.0,PE,16.75,0.87,22603.05,2470,0,65
2026-10-07,IDO,2026-11-03,20050.0,PE,0.5,0.06,22603.05,0,0,65
2026-10-07,IDO,2026-10-27,26700.0,PE,3900.0,4016.61,22603.05,260,0,65
2026-10-07,IDO,2026-10-27,26600.0,PE,3700.0,3916.91,22603.05,455,0,65
2026-10-07,IDO,2026-10-27,25550.0,PE,2725.0,2870.08,22603.05,910,0,65
2026-10-07,IDO,2026-10-27,24800.0,PE,2079.65,2122.74,22603.05,314730,5,65
2026-10-07,IDO,2026-10-27,24500.0,PE,1845.6,1845.6,22603.05,1633515,384,65
2026-10-07,IDO,2026-10-27,21250.0,PE,22.6,22.6,22603.05,30810,713,65
2026-10-07,IDO,2026-10-27,20350.0,PE,7.2,0.04,22603.05,520,8,65
2026-10-07,IDO,2026-10-19,25100.0,PE,1872.7,2451.61,22603.05,0,0,65
2026-10-07,IDO,2026-10-19,24500.0,PE,1870.0,1870.0,22603.05,2015,8,65
2026-10-07,IDO,2026-10-19,23250.0,PE,665.1,665.1,22603.05,2080,47,65
2026-10-07,IDO,2026-10-19,23050.0,PE,493.05,493.05,22603.05,4290,178,65
2026-10-07,IDO,2026-10-19,21050.0,PE,6.25,6.25,22603.05,6110,149,65
2026-10-07,IDO,2026-10-19,21000.0,PE,5.9,5.9,22603.05,436020,17527,65
2026-10-07,IDO,2026-10-19,20800.0,PE,4.7,4.7,22603.05,93015,3962,65
2026-10-07,IDO,2026-10-13,24500.0,PE,1905.7,1905.7,22603.05,119015,132,65
2026-10-07,IDO,2026-10-13,24200.0,PE,1575.0,1575.08,22603.05,60710,86,65
2026-10-07,IDO,2026-10-13,23100.0,PE,519.5,519.5,22603.05,340665,13138,65
2026-10-07,IDO,2026-10-13,22650.0,PE,167.2,167.2,22603.05,1532245,2252543,65
2026-10-07,IDO,2026-10-13,20900.0,PE,1.6,1.6,22603.05,481195,43591,65
2026-10-07,IDO,2031-06-24,25500.0,CE,6409.8,4159.51,22603.05,0,0,65
2026-10-07,IDO,2031-06-24,19500.0,CE,9840.6,7745.95,22603.05,0,0,65
2026-10-07,IDO,2031-06-24,18000.0,CE,10825.95,8809.87,22603.05,0,0,65
2026-10-07,IDO,2030-12-31,22500.0,CE,9536.95,5357.96,22603.05,0,0,65
2026-10-07,IDO,2030-06-25,15000.0,CE,14543.9,10388.45,22603.05,0,0,65
2026-10-07,IDO,2029-06-26,33000.0,CE,4179.45,422.54,22603.05,0,0,65
2026-10-07,IDO,2028-12-26,25500.0,CE,1929.0,1929.0,22603.05,975,10,65
2026-10-07,IDO,2028-12-26,24000.0,CE,2800.0,2494.13,22603.05,3445,2,65
2026-10-07,IDO,2027-09-28,19500.0,CE,4470.95,4193.83,22603.05,0,0,65
2026-10-07,IDO,2027-06-29,27000.0,CE,115.7,115.7,22603.05,69550,441,65
2026-10-07,IDO,2026-12-29,31500.0,CE,5.0,5.0,22603.05,34385,17,65
2026-10-07,IDO,2026-12-29,30000.0,CE,5.15,5.15,22603.05,806640,241,65
2026-10-07,IDO,2026-12-29,24550.0,CE,226.15,100.13,22603.05,0,0,65
2026-10-07,IDO,2026-12-29,23700.0,CE,212.55,212.55,22603.05,64285,454,65
2026-10-07,IDO,2026-12-29,23650.0,CE,229.5,229.5,22603.05,8320,42,65
2026-10-07,IDO,2026-12-29,21250.0,CE,1687.1,1698.94,22603.05,455,0,65
2026-10-07,IDO,2026-12-29,20550.0,CE,2523.15,2333.15,22603.05,0,0,65
2026-10-07,IDO,2026-12-29,20400.0,CE,2660.2,2475.05,22603.05,0,0,65
2026-10-07,IDO,2026-11-23,25900.0,CE,7.05,1.18,22603.05,1625,0,65
2026-10-07,IDO,2026-11-23,24400.0,CE,31.65,31.65,22603.05,116740,671,65
2026-10-07,IDO,2026-11-23,23950.0,CE,65.8,65.8,22603.05,33735,170,65
2026-10-07,IDO,2026-11-23,23500.0,CE,139.85,139.85,22603.05,1115335,15383,65
2026-10-07,IDO,2026-11-23,22450.0,CE,593.15,593.15,22603.05,2990,9,65
2026-10-07,IDO,2026-11-23,21150.0,CE,3517.65,1629.83,22603.05,0,0,65
2026-10-07,IDO,2026-11-09,24250.0,CE,66.0,19.83,22603.05,0,0,65
2026-10-07,IDO,2026-11-09,23450.0,CE,224.1,110.77,22603.05,0,0,65
2026-10-07,IDO,2026-11-09,23250.0,CE,121.1,121.1,22603.05,520,8,65
2026-10-07,IDO,2026-11-09,23000.0,CE,218.6,218.6,22603.05,1170,18,65
2026-10-07,IDO,2026-11-09,21700.0,CE,1267.05,1065.89,22603.05,0,0,65
2026-10-07,IDO,2026-11-09,21600.0,CE,1353.8,1153.62,22603.05,0,0,65
2026-10-07,IDO,2026-11-03,24300.0,CE,13.05,13.05,22603.05,1495,38,65
2026-10-07,IDO,2026-11-03,23950.0,CE,305.7,25.11,22603.05,0,0,65
2026-10-07,IDO,2026-11-03,23850.0,CE,42.8,32.43,22603.05,1430,0,65
2026-10-07,IDO,2026-11-03,23700.0,CE,401.3,46.8,22603.05,0,0,65
2026-10-07,IDO,2026-11-03,23650.0,CE,57.15,52.64,22603.05,1560,0,65
2026-10-07,IDO,2026-11-03,23250.0,CE,99.2,99.2,22603.05,9165,120,65
2026-10-07,IDO,2026-11-03,22450.0,CE,459.5,460.45,22603.05,2470,36,65
2026-10-07,IDO,2026-11-03,20800.0,CE,2675.3,1889.53,22603.05,0,0,65
2026-10-07,IDO,2026-12-29,20350.0,CE,2706.3,2522.67,22603.05,0,0,65
2026-10-07,IDO,2026-12-29,20100.0,CE,2939.35,2762.78,22603.05,0,0,65
2026-10-07,IDO,2026-12-29,18000.0,CE,4732.0,4732.0,22603.05,17160,29,65
2026-10-07,IDO,2026-11-23,25650.0,CE,7.1,2.25,22603.05,715,6,65
2026-10-07,IDO,2026-11-23,25450.0,CE,14.0,3.69,22603.05,910,0,65
2026-10-07,IDO,2026-11-23,24200.0,CE,43.8,43.8,22603.05,274430,3417,65
2026-10-07,IDO,2026-11-23,22150.0,CE,716.0,796.29,22603.05,520,0,65
2026-10-07,IDO,2026-11-23,21850.0,CE,2860.95,1021.19,22603.05,0,0,65
2026-10-07,IDO,2026-11-23,21300.0,CE,3374.8,1491.97,22603.05,0,0,65
2026-10-07,IDO,2026-11-23,20300.0,CE,4340.55,2449.04,22603.05,0,0,65
2026-10-07,IDO,2026-11-09,23700.0,CE,157.95,68.05,22603.05,0,0,65
2026-10-07,IDO,2026-11-09,22650.0,CE,573.6,393.05,22603.05,0,0,65
2026-10-07,IDO,2026-11-09,22550.0,CE,633.15,447.08,22603.05,0,0,65
2026-10-07,IDO,2026-11-09,22400.0,CE,729.0,536.25,22603.05,0,0,65
2026-10-07,IDO,2026-11-09,21300.0,CE,1624.5,1428.43,22603.05,0,0,65
2026-10-07,IDO,2026-11-03,23200.0,CE,112.6,112.6,22603.05,27885,687,65
2026-10-07,IDO,2026-11-03,23150.0,CE,125.95,125.95,22603.05,10465,93,65
2026-10-07,IDO,2026-11-03,22850.0,CE,230.5,230.5,22603.05,7605,125,65
2026-10-07,IDO,2026-11-03,21750.0,CE,1767.5,988.22,22603.05,0,0,65
2026-10-07,IDO,2026-11-03,21650.0,CE,1859.6,1076.8,22603.05,0,0,65
2026-10-07,IDO,2026-11-03,21000.0,CE,2479.75,1692.73,22603.05,0,0,65
2026-10-07,IDO,2026-11-03,20950.0,CE,2528.5,1741.77,22603.05,0,0,65
2026-10-07,IDO,2026-11-03,20850.0,CE,2626.3,1840.19,22603.05,0,0,65
2026-10-07,IDO,2026-11-03,20150.0,CE,3316.95,2534.96,22603.05,0,0,65
2026-10-07,IDO,2026-10-27,26800.0,CE,1.1,0.01,22603.05,2925,15,65
2026-10-07,IDO,2026-10-27,26500.0,CE,0.7,0.7,22603.05,737490,1176,65
2026-10-07,IDO,2026-10-27,26350.0,CE,1.05,0.01,22603.05,1170,0,65
2026-10-07,IDO,2026-10-27,26200.0,CE,0.8,0.8,22603.05,19110,80,65
2026-10-07,IDO,2026-10-27,25950.0,CE,0.9,0.9,22603.05,3445,20,65
2026-10-07,IDO,2026-10-27,25650.0,CE,1.35,0.01,22603.05,5850,41,65
2026-10-07,IDO,2026-10-27,23900.0,CE,10.65,10.65,22603.05,565890,13107,65
2026-10-07,IDO,2026-10-27,23700.0,CE,16.25,16.25,22603.05,1149200,28509,65
2026-10-07,IDO,2026-10-27,23600.0,CE,21.35,21.35,22603.05,1359475,21114,65
2026-10-07,IDO,2026-10-27,22750.0,CE,216.4,216.4,22603.05,435760,10428,65
2026-10-07,IDO,2026-10-27,22700.0,CE,243.1,243.1,22603.05,3114735,81825,65
2026-10-07,IDO,2026-10-27,22250.0,CE,526.1,526.1,22603.05,60255,160,65
2026-10-07,IDO,2026-10-27,21400.0,CE,1421.0,1275.87,22603.05,2340,0,65
2026-10-07,IDO,2026-10-27,21250.0,CE,1356.25,1421.6,22603.05,65,0,65
2026-10-07,IDO,2026-10-27,20700.0,CE,1997.6,1965.67,22603.05,65,0,65
2026-10-07,IDO,2026-10-27,20650.0,CE,3662.6,2015.44,22603.05,0,0,65
2026-10-07,IDO,2026-10-27,20500.0,CE,2121.35,2121.35,22603.05,72540,295,65
2026-10-07,IDO,2026-10-27,20300.0,CE,3999.95,2364.17,22603.05,0,0,65
2026-10-07,IDO,2026-10-19,23350.0,CE,16.25,16.25,22603.05,125255,9245,65
2026-10-07,IDO,2026-10-19,23150.0,CE,35.8,35.8,22603.05,763100,20906,65
2026-10-07,IDO,2026-10-19,21550.0,CE,1714.0,1095.84,22603.05,0,0,65
2026-10-07,IDO,2026-10-19,20700.0,CE,2534.65,1940.46,22603.05,0,0,65
2026-10-07,IDO,2026-10-19,20600.0,CE,2633.35,2040.27,22603.05,0,0,65
2026-10-07,IDO,2026-10-19,20150.0,CE,3079.15,2489.45,22603.05,0,0,65
2026-10-07,IDO,2026-10-13,23850.0,CE,1.35,1.35,22603.05,1130285,93748,65
2026-10-07,IDO,2026-10-13,23750.0,CE,1.65,1.65,22603.05,566995,58040,65
2026-10-07,IDO,2026-10-13,23550.0,CE,2.3,2.3,22603.05,1030380,315773,65
2026-10-07,IDO,2026-10-13,23250.0,CE,5.3,5.3,22603.05,2400060,432544,65
2026-10-07,IDO,2026-10-13,23100.0,CE,10.45,10.45,22603.05,6235125,954620,65
2026-10-07,IDO,2026-10-13,22650.0,CE,108.5,108.5,22603.05,3069170,2185868,65
2026-10-07,IDO,2026-10-13,22500.0,CE,189.6,189.6,22603.05,2428335,694853,65
2026-10-07,IDO,2026-10-13,22000.0,CE,602.6,602.6,22603.05,338260,13598,65
2026-10-07,IDO,2026-10-13,20900.0,CE,2853.0,1721.94,22603.05,0,0,65
2026-10-07,IDO,2026-10-13,20150.0,CE,3597.35,2471.26,22603.05,0,0,65
2026-10-07,IDO,2027-12-28,33000.0,PE,4155.55,8271.27,22603.05,0,0,65
2026-10-07,IDO,2026-12-29,20000.0,CE,2855.65,2855.65,22603.05,863290,314,65
2026-10-07,IDO,2031-06-24,16500.0,PE,95.65,42.15,22603.05,0,0,65
2026-10-07,IDO,2030-12-31,15000.0,PE,4.95,13.9,22603.05,0,0,65
2026-10-07,IDO,2030-06-25,31500.0,PE,2056.3,4290.52,22603.05,0,0,65
2026-10-07,IDO,2030-06-25,28500.0,PE,1167.6,2660.3,22603.05,0,0,65
2026-10-07,IDO,2030-06-25,15000.0,PE,29.65,11.47,22603.05,0,0,65
2026-10-07,IDO,2029-12-24,33000.0,PE,2953.7,5702.35,22603.05,0,0,65
2026-10-07,IDO,2029-06-26,19500.0,PE,56.0,170.84,22603.05,0,0,65
2026-10-07,IDO,2026-11-03,22400.0,CE,483.2,483.2,22603.05,7540,259,65
2026-10-07,IDO,2026-11-03,23000.0,CE,173.4,173.4,22603.05,48425,1271,65
2026-10-07,IDO,2026-11-03,24050.0,CE,272.55,19.26,22603.05,0,0,65
2026-10-07,IDO,2026-11-03,24700.0,CE,7.9,7.9,22603.05,23855,138,65
2026-10-07,IDO,2026-11-09,21050.0,CE,1859.3,1666.87,22603.05,0,0,65
2026-10-07,IDO,2026-11-09,23200.0,CE,309.6,172.46,22603.05,0,0,65
2026-10-07,IDO,2026-11-09,23600.0,CE,182.15,83.14,22603.05,0,0,65
2026-10-07,IDO,2026-11-09,24450.0,CE,46.4,11.98,22603.05,0,0,65
2026-10-07,IDO,2026-11-09,24500.0,CE,42.35,10.51,22603.05,0,0,65
2026-10-07,IDO,2026-11-23,20200.0,CE,4438.3,2547.59,22603.05,0,0,65
2026-10-07,IDO,2026-11-23,21250.0,CE,3422.3,1537.57,22603.05,0,0,65
2026-10-07,IDO,2026-11-23,21700.0,CE,2999.2,1143.01,22603.05,0,0,65
2026-10-07,IDO,2026-11-23,21950.0,CE,2769.65,943.28,22603.05,0,0,65
2026-10-07,IDO,2026-11-23,22250.0,CE,752.0,727.54,22603.05,975,23,65
2026-10-07,IDO,2026-11-23,22600.0,CE,499.75,499.75,22603.05,83850,1726,65
2026-10-07,IDO,2026-11-23,23050.0,CE,279.25,279.25,22603.05,20020,150,65
2026-10-07,IDO,2026-11-23,23350.0,CE,177.0,177.0,22603.05,49790,432,65
2026-10-07,IDO,2026-11-23,23600.0,CE,117.5,117.5,22603.05,230880,2534,65
2026-10-07,IDO,2026-11-23,23850.0,CE,78.9,78.9,22603.05,16185,225,65
2026-10-07,IDO,2026-11-23,24100.0,CE,51.2,51.2,22603.05,197665,2105,65
2026-10-07,IDO,2026-11-23,24550.0,CE,27.2,26.87,22603.05,6565,18,65
2026-10-07,IDO,2026-11-23,24750.0,CE,24.0,17.88,22603.05,13520,4,65
2026-10-07,IDO,2026-11-23,24900.0,CE,16.45,16.45,22603.05,3835,10,65
2026-10-07,IDO,2026-11-23,25350.0,CE,15.0,4.69,22603.05,455,0,65
2026-10-07,IDO,2026-12-29,15000.0,CE,5977.65,7789.48,22603.05,0,0,65
2026-10-07,IDO,2026-12-29,16500.0,CE,10405.0,6308.13,22603.05,0,0,65
2026-10-07,IDO,2026-12-29,20450.0,CE,2614.3,2427.58,22603.05,0,0,65
2026-10-07,IDO,2026-12-29,23200.0,CE,382.3,382.3,22603.05,37895,325,65
2026-10-07,IDO,2026-12-29,23600.0,CE,241.55,241.55,22603.05,47775,513,65
2026-10-07,IDO,2026-12-29,24100.0,CE,128.2,128.2,22603.05,19305,205,65
2026-10-07,IDO,2026-12-29,24250.0,CE,106.65,106.65,22603.05,26065,155,65
2026-10-07,IDO,2026-12-29,24500.0,CE,76.9,76.9,22603.05,15145,338,65
2026-10-07,IDO,2026-12-29,29000.0,CE,5.65,5.65,22603.05,394190,276,65
2026-10-07,IDO,2027-03-30,19500.0,CE,3683.0,3628.82,22603.05,2340,1,65
2026-10-07,IDO,2027-12-28,15000.0,CE,7931.05,8580.52,22603.05,0,0,65
2026-10-07,IDO,2028-12-26,15000.0,CE,11381.75,9332.29,22603.05,0,0,65
2026-10-07,IDO,2029-06-26,18000.0,CE,11678.65,7175.06,22603.05,0,0,65
2026-10-07,IDO,2026-10-13,20800.0,CE,2952.0,1821.85,22603.05,0,0,65
2026-10-07,IDO,2026-10-13,21050.0,CE,2704.75,1572.07,22603.05,0,0,65
2026-10-07,IDO,2026-10-13,21500.0,CE,1091.0,1091.0,22603.05,36725,248,65
2026-10-07,IDO,2026-10-13,21850.0,CE,765.15,775.65,22603.05,1105,38,65
2026-10-07,IDO,2026-10-13,21950.0,CE,661.9,661.9,22603.05,1235,36,65
2026-10-07,IDO,2026-10-13,22200.0,CE,419.8,419.8,22603.05,352625,18221,65
2026-10-07,IDO,2026-10-13,22800.0,CE,53.7,53.7,22603.05,9457370,2518903,65
2026-10-07,IDO,2026-10-13,22850.0,CE,41.9,41.9,22603.05,2952105,990369,65
2026-10-07,IDO,2026-10-13,22950.0,CE,24.35,24.35,22603.05,1832480,747952,65
2026-10-07,IDO,2026-10-13,23050.0,CE,13.8,13.8,22603.05,2606565,568447,65
2026-10-07,IDO,2026-10-13,24750.0,CE,0.7,0.7,22603.05,26260,2099,65
2026-10-07,IDO,2026-10-13,24800.0,CE,0.75,0.75,22603.05,158015,12151,65
2026-10-07,IDO,2026-10-13,24950.0,CE,0.65,0.65,22603.05,35880,1291,65
2026-10-07,IDO,2026-10-19,20100.0,CE,3128.8,2539.36,22603.05,0,0,65
2026-10-07,IDO,2026-10-19,21900.0,CE,755.0,755.0,22603.05,780,6,65
2026-10-07,IDO,2026-10-19,22400.0,CE,334.0,334.0,22603.05,40105,4979,65
2026-10-07,IDO,2026-10-19,22450.0,CE,301.55,301.55,22603.05,34060,1532,65
2026-10-07,IDO,2026-10-19,23200.0,CE,29.1,29.1,22603.05,801385,38042,65
2026-10-07,IDO,2026-10-19,23900.0,CE,3.0,3.0,22603.05,185250,8211,65
2026-10-07,IDO,2026-10-19,24350.0,CE,1.9,1.9,22603.05,1495,43,65
2026-10-07,IDO,2026-10-19,24500.0,CE,1.7,1.7,22603.05,239135,10329,65
2026-10-07,IDO,2026-10-19,24650.0,CE,1.45,0.03,22603.05,585,5,65
2026-10-07,IDO,2026-10-19,24850.0,CE,1.3,1.3,22603.05,1755,20,65
2026-10-07,IDO,2026-10-19,25150.0,CE,1.0,1.0,22603.05,3835,97,65
2026-10-07,IDO,2026-10-27,20100.0,CE,2500.0,2500.0,22603.05,1235,9,65
2026-10-07,IDO,2026-10-27,20800.0,CE,1610.0,1866.2,22603.05,65,0,65
2026-10-07,IDO,2026-10-27,20900.0,CE,1929.4,1766.87,22603.05,325,0,65
2026-10-07,IDO,2026-10-27,21900.0,CE,801.0,801.0,22603.05,54665,19,65
2026-10-07,IDO,2026-10-27,21950.0,CE,900.0,772.38,22603.05,7670,0,65
2026-10-07,IDO,2026-10-27,22050.0,CE,683.8,683.8,22603.05,9230,19,65
2026-10-07,IDO,2026-10-27,22400.0,CE,418.35,418.35,22603.05,589615,6339,65
2026-10-07,IDO,2026-10-27,23100.0,CE,91.3,91.3,22603.05,1431690,28236,65
2026-10-07,IDO,2026-10-27,23300.0,CE,51.05,51.05,22603.05,3437850,47190,65
2026-10-07,IDO,2026-10-27,24650.0,CE,3.65,3.65,22603.05,33345,357,65
2026-10-07,IDO,2026-10-27,24900.0,CE,2.8,2.8,22603.05,195585,779,65
2026-10-07,IDO,2026-10-27,25200.0,CE,2.1,2.1,22603.05,160420,924,65
2026-10-07,IDO,2026-11-03,20650.0,CE,2822.75,2037.98,22603.05,0,0,65
2026-10-07,IDO,2026-11-03,22900.0,CE,209.15,209.15,22603.05,12740,361,65
2026-10-07,IDO,2026-11-03,23350.0,CE,80.15,80.15,22603.05,9360,126,65
2026-10-07,IDO,2026-11-03,24250.0,CE,214.4,11.02,22603.05,0,0,65
2026-10-07,IDO,2026-11-03,24350.0,CE,18.75,8.22,22603.05,975,0,65
2026-10-07,IDO,2026-11-03,24950.0,CE,5.3,5.3,22603.05,1365,58,65
2026-10-07,IDO,2026-11-09,21150.0,CE,1764.55,1570.73,22603.05,0,0,65
2026-10-07,IDO,2026-11-09,21550.0,CE,1397.9,1198.3,22603.05,0,0,65
2026-10-07,IDO,2026-11-09,22800.0,CE,490.95,320.21,22603.05,0,0,65
2026-10-07,IDO,2026-11-23,20450.0,CE,4194.15,2301.69,22603.05,0,0,65
2026-10-07,IDO,2026-11-23,20600.0,CE,4048.2,2155.12,22603.05,0,0,65
2026-10-07,IDO,2026-11-23,20700.0,CE,3951.1,2057.97,22603.05,0,0,65
2026-10-07,IDO,2026-11-23,20850.0,CE,3805.95,1913.37,22603.05,0,0,65
2026-10-07,IDO,2026-11-23,24350.0,CE,36.5,39.58,22603.05,11960,211,65
2026-10-07,IDO,2026-11-23,25150.0,CE,13.1,13.1,22603.05,1105,3,65
2026-10-07,IDO,2026-12-29,20600.0,CE,2477.9,2286.21,22603.05,0,0,65
2026-10-07,IDO,2026-12-29,20900.0,CE,2211.65,2009.2,22603.05,0,0,65
2026-10-07,IDO,2026-12-29,21200.0,CE,1955.8,1742.23,22603.05,0,0,65
2026-10-07,IDO,2026-12-29,21650.0,CE,1409.05,1367.57,22603.05,3055,12,65
2026-10-07,IDO,2026-12-29,22150.0,CE,865.35,999.24,22603.05,1105,0,65
2026-10-07,IDO,2026-12-29,22700.0,CE,641.15,641.15,22603.05,27495,234,65
2026-10-07,IDO,2026-12-29,22750.0,CE,600.55,600.55,22603.05,9100,66,65
2026-10-07,IDO,2026-12-29,23050.0,CE,451.55,451.55,22603.05,3315,15,65
2026-10-07,IDO,2026-12-29,23450.0,CE,285.6,285.6,22603.05,10855,111,65
2026-10-07,IDO,2026-12-29,24300.0,CE,98.9,98.9,22603.05,56225,801,65
2026-10-07,IDO,2026-12-29,26000.0,CE,19.95,19.95,22603.05,3871065,4785,65
2026-10-07,IDO,2027-03-30,31500.0,CE,15.1,0.27,22603.05,1040,0,65
2026-10-07,IDO,2027-06-29,24000.0,CE,711.8,711.8,22603.05,70280,392,65
2026-10-07,IDO,2027-12-28,22500.0,CE,2381.8,2381.8,22603.05,4745,22,65
2026-10-07,IDO,2027-12-28,25000.0,CE,913.55,913.55,22603.05,264625,269,65
2026-10-07,IDO,2030-06-25,16500.0,CE,13374.05,9189.26,22603.05,0,0,65
2026-10-07,IDO,2030-12-31,19500.0,CE,11601.15,7344.23,22603.05,0,0,65
2026-10-07,IDO,2030-12-31,28500.0,CE,5968.3,2467.58,22603.05,0,0,65
2026-10-07,IDO,2031-06-24,30000.0,CE,4459.9,2358.47,22603.05,0,0,65
2026-10-07,IDO,2026-10-13,20050.0,PE,0.9,0.9,22603.05,4628065,101895,65
2026-10-07,IDO,2026-10-13,20150.0,PE,1.05,1.05,22603.05,59150,8624,65
2026-10-07,IDO,2026-10-13,21400.0,PE,2.65,2.65,22603.05,2308150,184057,65
2026-10-07,IDO,2026-10-13,21500.0,PE,3.3,3.3,22603.05,7106320,688694,65
2026-10-07,IDO,2026-10-13,21850.0,PE,7.65,7.65,22603.05,935675,285700,65
2026-10-07,IDO,2026-10-13,22050.0,PE,15.9,15.9,22603.05,1346930,433277,65
2026-10-07,IDO,2026-10-13,22900.0,PE,341.25,341.25,22603.05,830180,113717,65
2026-10-07,IDO,2026-10-13,23450.0,PE,854.55,854.55,22603.05,13065,134,65
2026-10-07,IDO,2026-10-13,23900.0,PE,1332.2,1275.42,22603.05,95875,31,65
2026-10-07,IDO,2026-10-13,24550.0,PE,961.3,1924.76,22603.05,0,0,65
2026-10-07,IDO,2026-10-13,25000.0,PE,2391.6,2391.6,22603.05,90870,92,65
2026-10-07,IDO,2026-10-13,25400.0,PE,3000.0,3000.0,22603.05,13065,7,65
2026-10-07,IDO,2026-10-19,20100.0,PE,3.3,3.3,22603.05,117780,4445,65
2026-10-07,IDO,2026-10-19,21450.0,PE,11.8,11.8,22603.05,32890,2357,65
2026-10-07,IDO,2026-10-19,21750.0,PE,23.65,23.65,22603.05,39715,2955,65
2026-10-07,IDO,2026-10-19,22050.0,PE,50.6,50.6,22603.05,72475,5384,65
2026-10-07,IDO,2026-10-19,23300.0,PE,711.3,711.3,22603.05,9490,188,65
2026-10-07,IDO,2026-10-19,23550.0,PE,925.95,925.95,22603.05,1365,20,65
2026-10-07,IDO,2026-10-19,23800.0,PE,1200.0,1200.0,22603.05,585,7,65
2026-10-07,IDO,2026-10-19,24850.0,PE,1640.7,2202.06,22603.05,0,0,65
2026-10-07,IDO,2026-10-19,25200.0,PE,1967.2,2551.43,22603.05,0,0,65
2026-10-07,IDO,2026-10-27,20450.0,PE,8.95,8.95,22603.05,1820,28,65
2026-10-07,IDO,2026-10-27,20600.0,PE,10.3,10.3,22603.05,275015,3694,65
2026-10-07,IDO,2026-10-27,21000.0,PE,15.9,15.9,22603.05,1559090,19922,65
2026-10-07,IDO,2026-10-27,21200.0,PE,21.25,21.25,22603.05,348010,5806,65
2026-10-07,IDO,2026-10-27,21500.0,PE,34.2,34.2,22603.05,2723240,31021,65
2026-10-07,IDO,2026-10-27,23850.0,PE,1111.5,1190.74,22603.05,10790,1,65
2026-10-07,IDO,2026-10-27,24250.0,PE,1450.0,1577.88,22603.05,11830,0,65
2026-10-07,IDO,2026-10-27,24650.0,PE,2200.0,1973.57,22603.05,2665,0,65
2026-10-07,IDO,2026-10-27,25100.0,PE,2208.75,2421.52,22603.05,42965,2,65
2026-10-07,IDO,2026-10-27,25500.0,PE,2845.5,2845.5,22603.05,828490,533,65
2026-10-07,IDO,2026-10-27,25600.0,PE,2900.0,2919.92,22603.05,9425,0,65
2026-10-07,IDO,2026-10-27,26800.0,PE,3900.0,4116.31,22603.05,585,0,65
2026-10-07,IDO,2026-11-03,20300.0,PE,1.15,0.21,22603.05,0,0,65
2026-10-07,IDO,2026-11-03,20400.0,PE,1.5,0.35,22603.05,0,0,65
2026-10-07,IDO,2026-11-03,20550.0,PE,2.35,0.7,22603.05,0,0,65
2026-10-07,IDO,2026-11-03,20700.0,PE,3.55,1.34,22603.05,0,0,65
2026-10-07,IDO,2026-11-03,21850.0,PE,101.15,60.47,22603.05,910,5,65
2026-10-07,IDO,2026-11-03,22250.0,PE,170.15,170.15,22603.05,3900,89,65
2026-10-07,IDO,2026-11-03,22300.0,PE,183.25,183.25,22603.05,11700,274,65
2026-10-07,IDO,2026-11-03,22950.0,PE,431.0,469.81,22603.05,5525,23,65
2026-10-07,IDO,2026-11-03,23750.0,PE,639.9,1092.03,22603.05,0,0,65
2026-10-07,IDO,2026-11-03,24400.0,PE,1082.55,1704.95,22603.05,0,0,65
2026-10-07,IDO,2026-11-03,24600.0,PE,1240.0,1900.86,22603.05,0,0,65
2026-10-07,IDO,2026-11-03,24750.0,PE,1363.45,2048.78,22603.05,0,0,65
2026-10-07,IDO,2026-11-09,21350.0,PE,34.95,22.67,22603.05,0,0,65
2026-10-07,IDO,2026-11-09,21400.0,PE,38.95,25.97,22603.05,0,0,65
2026-10-07,IDO,2026-11-09,21700.0,PE,92.7,92.7,22603.05,65,2,65
2026-10-07,IDO,2026-11-09,22300.0,PE,198.35,187.31,22603.05,0,0,65
2026-10-07,IDO,2026-11-09,22550.0,PE,283.05,282.18,22603.05,0,0,65
2026-10-07,IDO,2026-11-09,23100.0,PE,546.5,585.74,22603.05,0,0,65
2026-10-07,IDO,2026-11-09,23550.0,PE,839.8,921.79,22603.05,0,0,65
2026-10-07,IDO,2026-11-09,23600.0,PE,876.25,963.03,22603.05,0,0,65
2026-10-07,IDO,2026-11-09,24050.0,PE,1233.8,1359.52,22603.05,0,0,65
2026-10-07,IDO,2026-11-09,24350.0,PE,1495.5,1641.64,22603.05,0,0,65
2026-10-07,IDO,2026-11-23,20050.0,PE,23.85,1.2,22603.05,1170,18,65
2026-10-07,IDO,2026-11-23,20600.0,PE,37.85,37.85,22603.05,5785,118,65
2026-10-07,IDO,2026-11-23,20800.0,PE,47.45,47.45,22603.05,49530,635,65
2026-10-07,IDO,2026-11-23,20900.0,PE,52.8,52.8,22603.05,9035,250,65
2026-10-07,IDO,2026-11-23,22100.0,PE,199.1,199.1,22603.05,101465,1709,65
2026-10-07,IDO,2026-11-23,22650.0,PE,373.3,373.3,22603.05,24115,520,65
2026-10-07,IDO,2026-11-23,22900.0,PE,497.0,497.0,22603.05,55185,497,65
2026-10-07,IDO,2026-11-23,24450.0,PE,1837.0,1707.09,22603.05,390,0,65
2026-10-07,IDO,2026-11-23,24500.0,PE,1754.5,1754.5,22603.05,210340,84,65
2026-10-07,IDO,2026-11-23,24900.0,PE,1925.0,2134.24,22603.05,1040,0,65
2026-10-07,IDO,2026-12-29,14000.0,PE,4.75,4.75,22603.05,12795,17,65
2026-10-07,IDO,2026-12-29,19500.0,PE,39.55,39.55,22603.05,158080,1584,65
2026-10-07,IDO,2026-12-29,20500.0,PE,70.35,70.35,22603.05,112970,2764,65
2026-10-07,IDO,2026-12-29,21100.0,PE,110.5,110.5,22603.05,13780,151,65
2026-10-07,IDO,2026-12-29,23600.0,PE,932.0,932.0,22603.05,3445,24,65
2026-10-07,IDO,2026-12-29,23850.0,PE,1105.0,1105.0,22603.05,5135,11,65
2026-10-07,IDO,2026-12-29,24400.0,PE,1594.15,1594.15,22603.05,18005,11,65
2026-10-07,IDO,2027-03-30,28500.0,PE,2937.15,5169.33,22603.05,65,0,65
2026-10-07,IDO,2027-06-29,19000.0,PE,105.0,26.17,22603.05,1460,0,65
2026-10-07,IDO,2027-06-29,24000.0,PE,1108.9,1108.9,22603.05,32435,110,65
2026-10-07,IDO,2027-09-28,25500.0,PE,2230.25,2160.54,22603.05,0,0,65
2026-10-07,IDO,2027-12-28,15000.0,PE,21.0,0.4,22603.05,2510,27,65
2026-10-07,IDO,2027-12-28,23000.0,PE,867.85,867.85,22603.05,292930,270,65
2026-10-07,IDO,2028-06-27,24000.0,PE,680.05,1186.59,22603.05,65,0,65
2026-10-07,IDO,2028-12-26,31500.0,PE,2673.4,5641.15,22603.05,0,0,65
2026-10-07,IDO,2029-12-24,15000.0,PE,29.0,8.9,22603.05,65,0,65
2026-10-07,IDO,2030-06-25,22500.0,PE,223.75,605.32,22603.05,0,0,65
2026-10-07,IDO,2030-06-25,25500.0,PE,568.55,1416.81,22603.05,0,0,65
2026-10-07,IDO,2030-12-31,19500.0,PE,67.4,188.81,22603.05,0,0,65
2026-10-07,IDO,2026-11-23,25650.0,PE,1350.35,2868.18,22603.05,0,0,65
2026-10-07,IDO,2026-11-23,25200.0,PE,2423.95,2425.77,22603.05,130,1,65
2026-10-07,IDO,2026-11-23,24250.0,PE,1293.1,1523.5,22603.05,780,0,65
2026-10-07,IDF,2026-10-27,,,22632.9,22632.9,22603.05,19023355,51013,65
2026-10-07,IDO,2026-10-13,20100.0,CE,3647.1,2521.21,22603.05,0,0,65
2026-10-07,IDO,2026-10-13,20400.0,CE,3348.95,2221.49,22603.05,0,0,65
2026-10-07,IDO,2026-10-13,21100.0,CE,2655.45,1522.12,22603.05,0,0,65
2026-10-07,IDO,2026-10-13,21450.0,CE,1078.85,1172.52,22603.05,130,0,65
2026-10-07,IDO,2026-10-13,21600.0,CE,982.95,1022.94,22603.05,1625,26,65
2026-10-07,IDO,2026-10-13,21800.0,CE,795.0,795.0,22603.05,23010,336,65
2026-10-07,IDO,2026-10-13,23650.0,CE,1.85,1.85,22603.05,600405,167084,65
2026-10-07,IDO,2026-10-13,24300.0,CE,0.85,0.85,22603.05,469040,31449,65
2026-10-07,IDO,2026-10-13,24550.0,CE,0.75,0.75,22603.05,54795,5386,65
2026-10-07,IDO,2026-10-19,20500.0,CE,2732.2,2140.09,22603.05,0,0,65
2026-10-07,IDO,2026-10-19,21150.0,CE,2094.65,1491.61,22603.05,0,0,65
2026-10-07,IDO,2026-10-19,22050.0,CE,691.75,629.42,22603.05,910,14,65
2026-10-07,IDO,2026-10-19,22800.0,CE,118.4,118.4,22603.05,767000,35878,65
2026-10-07,IDO,2026-10-19,22850.0,CE,101.3,101.3,22603.05,208975,12258,65
2026-10-07,IDO,2026-10-19,23400.0,CE,13.3,13.3,22603.05,518505,34476,65
2026-10-07,IDO,2026-10-19,24550.0,CE,1.5,1.5,22603.05,1690,85,65
2026-10-07,IDO,2026-10-19,25000.0,CE,1.15,1.15,22603.05,637065,12371,65
2026-10-07,IDO,2026-10-19,25100.0,CE,1.0,1.0,22603.05,11440,331,65
2026-10-07,IDO,2026-10-27,20050.0,CE,4242.8,2613.39,22603.05,0,0,65
2026-10-07,IDO,2026-12-29,20100.0,PE,28.7,9.9,22603.05,0,0,65
2026-10-07,IDO,2026-10-27,20250.0,CE,4048.4,2414.01,22603.05,0,0,65
2026-10-07,IDO,2026-10-27,21000.0,CE,1640.6,1640.6,22603.05,300690,617,65
2026-10-07,IDO,2026-10-27,21600.0,CE,1184.1,1085.64,22603.05,1105,0,65
2026-10-07,IDO,2026-10-27,22350.0,CE,449.7,449.7,22603.05,52260,295,65
2026-10-07,IDO,2026-10-27,22800.0,CE,195.75,195.75,22603.05,3367910,73822,65
2026-10-07,IDO,2026-11-03,20700.0,CE,2773.55,1988.44,22603.05,0,0,65
2026-10-07,IDO,2026-11-03,20100.0,CE,3366.5,2584.74,22603.05,0,0,65
2026-10-07,IDO,2026-10-27,27000.0,CE,0.65,0.65,22603.05,973050,7872,65
2026-10-07,IDO,2026-10-27,26000.0,CE,1.2,1.2,22603.05,1852110,4435,65
2026-10-07,IDO,2026-10-27,25450.0,CE,2.55,0.02,22603.05,6565,0,65
2026-10-07,IDO,2026-10-27,24750.0,CE,3.25,3.25,22603.05,24960,175,65
2026-10-07,IDO,2026-10-27,24550.0,CE,4.1,4.1,22603.05,33215,740,65
2026-10-07,IDO,2026-10-27,24250.0,CE,6.0,6.0,22603.05,118365,1379,65
2026-10-07,IDO,2026-10-27,24200.0,CE,6.35,6.35,22603.05,885430,9641,65
2026-10-07,IDO,2026-10-27,23950.0,CE,9.7,9.7,22603.05,226135,1852,65
2026-10-07,IDO,2026-10-27,23500.0,CE,29.05,29.05,22603.05,9351225,89555,65
2026-10-07,IDO,2026-10-27,22450.0,CE,385.25,385.25,22603.05,83200,736,65
2026-10-07,IDO,2026-10-27,22000.0,CE,715.3,715.3,22603.05,1191515,7640,65
2026-10-07,IDO,2026-10-27,21450.0,CE,1084.5,1227.8,22603.05,65,0,65
2026-10-07,IDO,2026-10-27,21300.0,CE,1367.05,1372.81,22603.05,910,7,65
2026-10-07,IDO,2026-10-27,20750.0,CE,3566.95,1915.92,22603.05,0,0,65
2026-10-07,IDO,2026-10-19,25200.0,CE,0.95,0.95,22603.05,22555,374,65
2026-10-07,IDO,2026-10-19,23850.0,CE,3.55,3.55,22603.05,107640,3517,65
2026-10-07,IDO,2026-10-19,23800.0,CE,3.9,3.9,22603.05,266370,15394,65
2026-10-07,IDO,2026-10-19,23550.0,CE,7.55,7.55,22603.05,69355,5164,65
2026-10-07,IDO,2026-10-19,23500.0,CE,8.9,8.9,22603.05,1302600,49809,65
2026-10-07,IDO,2026-10-19,23000.0,CE,60.65,60.65,22603.05,966095,59307,65
2026-10-07,IDO,2026-10-19,22900.0,CE,85.4,85.4,22603.05,420745,27530,65
2026-10-07,IDO,2026-10-19,21500.0,CE,1115.35,1115.35,22603.05,2405,40,65
2026-10-07,IDO,2026-10-13,25050.0,CE,0.6,0.6,22603.05,20735,1185,65
2026-10-07,IDO,2026-10-13,20500.0,CE,2105.0,2121.58,22603.05,195,9,65
2026-10-07,IDO,2029-12-24,19500.0,CE,10678.8,6445.7,22603.05,0,0,65
2026-10-07,IDO,2026-10-19,22550.0,PE,175.7,175.7,22603.05,99450,13801,65
2026-10-07,IDO,2026-10-19,24900.0,PE,1686.55,2251.97,22603.05,0,0,65
2026-10-07,IDO,2026-10-27,20150.0,PE,7.1,0.01,22603.05,2080,0,65
2026-10-07,IDO,2026-10-27,22100.0,PE,102.6,102.6,22603.05,568685,15350,65
2026-10-07,IDO,2026-10-27,23200.0,PE,619.9,619.9,22603.05,2030145,7077,65
2026-10-07,IDO,2026-10-27,23750.0,PE,1128.3,1128.3,22603.05,13780,4,65
2026-10-07,IDO,2026-10-27,24100.0,PE,1444.15,1431.15,22603.05,220415,24,65
2026-10-07,IDO,2026-10-27,24750.0,PE,1810.0,2072.99,22603.05,715,0,65
2026-10-07,IDO,2026-10-27,25800.0,PE,3175.0,3119.32,22603.05,11960,0,65
2026-10-07,IDO,2026-10-27,27100.0,PE,5006.45,4415.4,22603.05,260,0,65
2026-10-07,IDO,2026-11-03,21150.0,PE,11.1,7.58,22603.05,0,0,65
2026-10-07,IDO,2026-11-03,21950.0,PE,102.75,102.75,22603.05,4030,51,65
2026-10-07,IDO,2026-11-03,23350.0,PE,592.95,753.81,22603.05,325,0,65
2026-10-07,IDO,2026-11-03,23950.0,PE,763.55,1274.82,22603.05,0,0,65
2026-10-07,IDO,2026-11-09,21100.0,PE,19.65,10.98,22603.05,0,0,65
2026-10-07,IDO,2026-11-09,21850.0,PE,94.6,77.52,22603.05,0,0,65
2026-10-07,IDO,2026-11-09,22250.0,PE,183.85,171.44,22603.05,0,0,65
2026-10-07,IDO,2026-11-09,22500.0,PE,274.15,261.07,22603.05,195,4,65
2026-10-07,IDO,2026-11-09,23800.0,PE,1029.2,1134.18,22603.05,0,0,65
2026-10-07,IDO,2026-11-09,24200.0,PE,1362.7,1499.3,22603.05,0,0,65
2026-10-07,IDO,2026-11-23,20400.0,PE,5.3,3.72,22603.05,0,0,65
2026-10-07,IDO,2026-11-23,21500.0,PE,100.25,100.25,22603.05,781105,9205,65
2026-10-07,IDO,2026-11-23,21700.0,PE,125.05,125.05,22603.05,116610,1395,65
2026-10-07,IDO,2026-11-23,23550.0,PE,915.35,915.35,22603.05,15275,20,65
2026-10-07,IDO,2026-11-23,23700.0,PE,1059.95,1059.95,22603.05,30810,30,65
2026-10-07,IDO,2026-11-23,25150.0,PE,1030.25,2376.93,22603.05,0,0,65
2026-10-07,IDO,2026-11-23,25450.0,PE,1217.0,2671.03,22603.05,0,0,65
2026-10-07,IDO,2026-11-23,25500.0,PE,2708.6,2708.6,22603.05,333905,277,65
2026-10-07,IDO,2026-11-23,25700.0,PE,2700.0,2917.56,22603.05,1235,0,65
2026-10-07,IDO,2026-11-23,25950.0,PE,1562.8,3164.85,22603.05,0,0,65
2026-10-07,IDO,2026-12-29,20950.0,PE,98.05,98.05,22603.05,10205,74,65
2026-10-07,IDO,2026-12-29,22700.0,PE,458.3,458.3,22603.05,41015,433,65
2026-10-07,IDO,2026-12-29,23100.0,PE,628.05,684.42,22603.05,11375,93,65
2026-10-07,IDO,2026-12-29,23150.0,PE,635.4,712.93,22603.05,6955,14,65
2026-10-07,IDO,2026-12-29,24150.0,PE,1312.5,1408.93,22603.05,1820,1,65
2026-10-07,IDO,2026-12-29,24350.0,PE,1379.6,1572.37,22603.05,1365,0,65
2026-10-07,IDO,2026-12-29,29000.0,PE,5979.2,5979.2,22603.05,314095,22,65
2026-10-07,IDO,2027-03-30,24000.0,PE,1146.6,1146.6,22603.05,846430,756,65
2026-10-07,IDO,2027-06-29,27000.0,PE,3250.0,3250.0,22603.05,195,2,65
2026-10-07,IDO,2027-06-29,30000.0,PE,6000.0,6000.0,22603.05,390,1,65
2026-10-07,IDO,2027-09-28,15000.0,PE,1.15,0.12,22603.05,0,0,65
2026-10-07,IDO,2027-09-28,21000.0,PE,357.75,244.79,22603.05,0,0,65
2026-10-07,IDO,2028-06-27,16500.0,PE,3.8,10.12,22603.05,0,0,65
2026-10-07,IDO,2028-06-27,22500.0,PE,206.95,662.22,22603.05,0,0,65
2026-10-07,IDO,2028-12-26,16500.0,PE,5.9,17.11,22603.05,0,0,65
2026-10-07,IDO,2029-06-26,33000.0,PE,3022.85,6233.36,22603.05,0,0,65
2026-10-07,IDO,2031-06-24,31500.0,PE,3185.85,3622.74,22603.05,0,0,65
2026-10-07,IDO,2026-10-13,23850.0,PE,1265.0,1265.0,22603.05,2275,13,65
2026-10-07,IDO,2026-10-13,23050.0,PE,471.55,471.55,22603.05,78910,7372,65
2026-10-07,IDO,2026-10-13,22750.0,PE,227.6,227.6,22603.05,710190,520554,65
2026-10-07,IDO,2026-10-13,22450.0,PE,81.7,81.7,22603.05,1185145,1241307,65
2026-10-07,IDO,2026-10-13,21800.0,PE,6.5,6.5,22603.05,4143750,483437,65
2026-10-07,IDO,2026-10-13,20800.0,PE,1.4,1.4,22603.05,871065,99107,65
2026-10-07,IDO,2026-10-13,20750.0,PE,1.45,1.45,22603.05,161525,25275,65
2026-10-07,IDO,2026-10-13,20700.0,PE,1.35,1.35,22603.05,428610,52381,65
2026-10-07,IDO,2026-10-13,20550.0,PE,1.3,1.3,22603.05,85930,16668,65
2026-10-07,IDO,2026-10-13,20300.0,PE,1.1,1.1,22603.05,143065,20184,65
2026-10-07,IDO,2030-12-31,33000.0,CE,3948.25,1242.47,22603.05,0,0,65
2026-10-07,IDO,2030-06-25,28500.0,CE,5382.85,2033.82,22603.05,0,0,65
2026-10-07,IDO,2030-06-25,21000.0,CE,10421.65,5839.68,22603.05,0,0,65
2026-10-07,IDO,2029-06-26,16500.0,CE,12587.95,8419.97,22603.05,0,0,65
2026-10-07,IDO,2028-12-26,28500.0,CE,3608.65,856.16,22603.05,0,0,65
2026-10-07,IDO,2028-06-27,27000.0,CE,1935.0,841.25,22603.05,65,0,65
2026-10-07,IDO,2027-12-28,28500.0,CE,212.95,212.95,22603.05,67210,91,65
2026-10-07,IDO,2027-12-28,27000.0,CE,350.2,350.2,22603.05,240005,477,65
2026-10-07,IDO,2027-12-28,25500.0,CE,2400.0,829.93,22603.05,0,0,65
2026-10-07,IDO,2027-09-28,27000.0,CE,529.1,290.14,22603.05,0,0,65
2026-10-07,IDO,2026-12-29,24400.0,CE,87.1,87.1,22603.05,108680,1557,65
2026-10-07,IDO,2026-12-29,23100.0,CE,427.3,427.3,22603.05,17550,215,65
2026-10-07,IDO,2026-12-29,22850.0,CE,554.8,589.01,22603.05,6370,15,65
2026-10-07,IDO,2026-12-29,21900.0,CE,1263.45,1176.3,22603.05,2405,5,65
2026-10-07,IDO,2026-12-29,21350.0,CE,1457.1,1613.5,22603.05,845,0,65
2026-10-07,IDO,2026-12-29,20500.0,CE,2568.65,2380.28,22603.05,0,0,65
2026-10-07,IDO,2026-11-23,26000.0,CE,5.35,5.35,22603.05,568230,2456,65
2026-10-07,IDO,2026-11-23,25400.0,CE,16.15,4.16,22603.05,780,0,65
2026-10-07,IDO,2026-11-23,25000.0,CE,16.35,16.35,22603.05,1073150,6517,65
2026-10-07,IDO,2026-11-23,24800.0,CE,19.15,19.15,22603.05,92950,730,65
2026-10-07,IDO,2026-11-23,23800.0,CE,84.35,84.35,22603.05,424970,7058,65
2026-10-07,IDO,2026-11-23,22550.0,CE,533.8,533.8,22603.05,7020,92,65
2026-10-07,IDO,2026-11-23,22050.0,CE,933.75,868.25,22603.05,195,0,65
2026-10-07,IDO,2026-11-23,21800.0,CE,1126.9,1061.16,22603.05,455,0,65
2026-10-07,IDO,2026-11-23,21600.0,CE,3092.25,1227.23,22603.05,0,0,65
2026-10-07,IDO,2026-11-23,21350.0,CE,3327.35,1446.74,22603.05,0,0,65
2026-10-07,IDO,2026-11-23,21100.0,CE,3565.5,1676.44,22603.05,0,0,65
2026-10-07,IDO,2026-11-23,20750.0,CE,3902.65,2009.61,22603.05,0,0,65
2026-10-07,IDO,2026-11-09,24400.0,CE,50.8,13.62,22603.05,0,0,65
2026-10-07,IDO,2026-11-09,24350.0,CE,55.5,15.47,22603.05,0,0,65
2026-10-07,IDO,2026-11-09,24300.0,CE,60.55,17.53,22603.05,0,0,65
2026-10-07,IDO,2026-11-09,23950.0,CE,108.1,39.94,22603.05,0,0,65
2026-10-07,IDO,2026-11-09,23800.0,CE,136.2,55.29,22603.05,0,0,65
2026-10-07,IDO,2026-11-09,23500.0,CE,209.4,100.85,22603.05,0,0,65
2026-10-07,IDO,2026-11-09,22450.0,CE,696.2,505.46,22603.05,0,0,65
2026-10-07,IDO,2026-11-09,22100.0,CE,942.85,742.33,22603.05,0,0,65
2026-10-07,IDO,2026-11-09,21800.0,CE,1182.4,980.59,22603.05,0,0,65
2026-10-07,IDO,2026-11-09,21650.0,CE,1310.2,1109.47,22603.05,0,0,65
2026-10-07,IDO,2026-11-03,25050.0,CE,11.35,0.81,22603.05,1885,0,65
2026-10-07,IDO,2026-11-03,24650.0,CE,12.0,3.22,22603.05,2535,0,65
2026-10-07,IDO,2026-11-03,22300.0,CE,585.8,556.99,22603.05,1820,44,65
2026-10-07,IDO,2026-11-03,21700.0,CE,1813.4,1032.21,22603.05,0,0,65
2026-10-07,IDO,2026-11-03,21400.0,CE,2094.4,1307.2,22603.05,0,0,65
2026-10-07,IDO,2026-10-27,26250.0,CE,2.45,0.01,22603.05,2015,0,65
2026-10-07,IDO,2026-10-27,25600.0,CE,1.55,1.55,22603.05,41080,366,65
2026-10-07,IDO,2026-10-27,25550.0,CE,1.6,0.01,22603.05,1365,4,65
2026-10-07,IDO,2026-10-27,24050.0,CE,8.15,8.15,22603.05,234520,1753,65
2026-10-07,IDO,2026-10-27,22300.0,CE,485.0,485.0,22603.05,782080,4764,65
2026-10-07,IDO,2026-10-27,22150.0,CE,595.7,595.7,22603.05,16055,21,65
2026-10-07,IDO,2026-10-27,20850.0,CE,3471.7,1816.52,22603.05,0,0,65
2026-10-07,IDO,2026-10-27,20450.0,CE,3854.95,2214.67,22603.05,0,0,65
2026-10-07,IDO,2026-10-19,25050.0,CE,1.2,1.2,22603.05,3835,88,65
2026-10-07,IDO,2026-10-19,24950.0,CE,1.25,1.25,22603.05,715,10,65
2026-10-07,IDO,2026-10-19,24900.0,CE,1.25,1.25,22603.05,6955,236,65
2026-10-07,IDO,2026-10-19,24250.0,CE,1.8,1.8,22603.05,41860,1165,65
2026-10-07,IDO,2026-10-19,23700.0,CE,4.6,4.6,22603.05,618215,28232,65
2026-10-07,IDO,2026-10-19,22750.0,CE,137.2,137.2,22603.05,152490,14602,65
2026-10-07,IDO,2026-10-19,22650.0,CE,183.65,183.65,22603.05,197925,20036,65
2026-10-07,IDO,2026-10-19,22100.0,CE,558.3,558.3,22603.05,3380,79,65
2026-10-07,IDO,2026-10-19,21700.0,CE,1027.5,950.47,22603.05,195,1,65
2026-10-07,IDO,2026-10-19,21600.0,CE,1667.5,1047.08,22603.05,0,0,65
2026-10-07,IDO,2026-10-19,20250.0,CE,2979.9,2389.63,22603.05,0,0,65
2026-10-07,IDO,2026-10-13,25200.0,CE,0.6,0.6,22603.05,53170,2416,65
2026-10-07,IDO,2026-10-13,24700.0,CE,0.75,0.75,22603.05,220740,22821,65
2026-10-07,IDO,2026-10-13,24600.0,CE,0.85,0.85,22603.05,315770,25838,65
2026-10-07,IDO,2026-10-13,24350.0,CE,0.85,0.85,22603.05,84695,10722,65
2026-10-07,IDO,2026-10-13,24050.0,CE,1.0,1.0,22603.05,832910,47573,65
2026-10-07,IDO,2026-10-13,23950.0,CE,1.2,1.2,22603.05,744900,61983,65
2026-10-07,IDO,2026-10-13,23600.0,CE,2.0,2.0,22603.05,3905330,549081,65
2026-10-07,IDO,2026-10-13,22550.0,CE,159.45,159.45,22603.05,1354535,732015,65
2026-10-07,IDO,2026-10-13,21300.0,CE,1191.35,1322.32,22603.05,65,0,65
2026-10-07,IDO,2026-10-13,20550.0,CE,3200.0,2071.62,22603.05,0,0,65
2026-10-07,IDO,2026-10-13,20200.0,CE,3547.7,2421.3,22603.05,0,0,65
2026-10-07,IDO,2026-10-19,24200.0,PE,1460.0,1553.72,22603.05,390,0,65
2026-10-07,IDO,2026-10-27,21550.0,CE,997.3,1132.64,22603.05,65,0,65
2026-10-07,IDO,2026-10-13,24700.0,PE,1990.0,2074.63,22603.05,1365,0,65
2026-10-07,IDO,2026-10-13,24950.0,PE,2338.35,2324.4,22603.05,520,10,65
2026-10-07,IDO,2026-10-19,20300.0,PE,3.7,3.7,22603.05,11245,386,65
2026-10-07,IDO,2026-10-19,20400.0,PE,3.9,3.9,22603.05,199615,5154,65
2026-10-07,IDO,2026-10-19,21600.0,PE,16.7,16.7,22603.05,204880,16924,65
2026-10-07,IDO,2026-10-19,21850.0,PE,30.55,30.55,22603.05,47970,2708,65
2026-10-07,IDO,2026-10-19,22400.0,PE,120.5,120.5,22603.05,360295,27245,65
2026-10-07,IDO,2026-10-13,21700.0,PE,4.9,4.9,22603.05,3923335,457865,65
2026-10-07,IDO,2026-10-13,21950.0,PE,10.85,10.85,22603.05,1350765,384984,65
2026-10-07,IDO,2026-10-13,22250.0,PE,36.55,36.55,22603.05,1351805,637371,65
2026-10-07,IDO,2026-10-13,22300.0,PE,44.7,44.7,22603.05,3953560,1292953,65
2026-10-07,IDO,2026-10-13,23950.0,PE,1189.6,1325.35,22603.05,11050,0,65
2026-10-07,IDO,2026-10-13,24650.0,PE,1870.0,2024.67,22603.05,130,0,65
2026-10-07,IDO,2026-10-13,25050.0,PE,2424.75,2424.31,22603.05,520,10,65
2026-10-07,IDO,2026-10-13,25200.0,PE,2570.0,2574.18,22603.05,910,11,65
2026-10-07,IDO,2026-10-13,25250.0,PE,2566.4,2624.13,22603.05,520,10,65
2026-10-07,IDO,2026-10-13,25300.0,PE,1583.0,2674.09,22603.05,0,0,65
2026-10-07,IDO,2026-10-19,22450.0,PE,136.05,136.05,22603.05,194155,10504,65
2026-10-07,IDO,2026-10-19,23450.0,PE,766.4,822.63,22603.05,2795,23,65
2026-10-07,IDO,2026-10-19,24300.0,PE,1552.55,1653.32,22603.05,1235,4,65
2026-10-07,IDO,2026-10-19,24400.0,PE,1450.0,1753.02,22603.05,650,0,65
2026-10-07,IDO,2026-10-19,24700.0,PE,1505.1,2052.35,22603.05,0,0,65
2026-10-07,IDO,2026-10-19,25050.0,PE,1825.8,2401.7,22603.05,0,0,65
2026-10-07,IDO,2026-10-27,20400.0,PE,8.15,8.15,22603.05,36790,644,65
2026-10-07,IDO,2026-10-27,21350.0,PE,26.8,26.8,22603.05,284635,1326,65
2026-10-07,IDO,2026-10-27,21800.0,PE,57.55,57.55,22603.05,917280,24602,65
2026-10-07,IDO,2026-10-27,22000.0,PE,84.55,84.55,22603.05,4836390,75629,65
2026-10-07,IDO,2026-10-27,22550.0,PE,232.6,232.6,22603.05,223925,7872,65
2026-10-07,IDO,2026-10-27,22700.0,PE,300.55,300.55,22603.05,2689375,69173,65
2026-10-07,IDO,2026-10-27,22750.0,PE,325.65,325.65,22603.05,306215,6579,65
2026-10-07,IDO,2026-10-27,22900.0,PE,410.85,410.85,22603.05,707720,6770,65
2026-10-07,IDO,2026-10-27,24000.0,PE,1359.55,1359.55,22603.05,2783300,2299,65
2026-10-07,IDO,2026-10-27,24300.0,PE,1638.75,1638.75,22603.05,232180,56,65
2026-10-07,IDO,2026-10-27,25650.0,PE,3005.0,2969.77,22603.05,325,0,65
2026-10-07,IDO,2026-10-27,25850.0,PE,3025.0,3169.17,22603.05,455,0,65
2026-10-07,IDO,2026-10-27,26400.0,PE,3600.0,3717.51,22603.05,195,1,65
2026-10-07,IDO,2026-10-27,26500.0,PE,3819.65,3819.65,22603.05,556335,209,65
2026-10-07,IDO,2026-11-03,20500.0,PE,16.45,16.45,22603.05,33085,551,65
2026-10-07,IDO,2026-11-03,21050.0,PE,52.75,5.31,22603.05,1625,0,65
2026-10-07,IDO,2026-11-03,22700.0,PE,328.6,328.6,22603.05,19500,578,65
2026-10-07,IDO,2026-11-03,22750.0,PE,352.1,352.1,22603.05,7930,168,65
2026-10-07,IDO,2026-11-03,23400.0,PE,780.0,793.56,22603.05,1560,7,65
2026-10-07,IDO,2026-11-03,24650.0,PE,1280.65,1950.09,22603.05,0,0,65
2026-10-07,IDO,2026-11-03,25100.0,PE,1666.4,2395.72,22603.05,0,0,65
2026-10-07,IDO,2026-11-03,25200.0,PE,1756.2,2495.1,22603.05,0,0,65
2026-10-07,IDO,2026-11-09,21200.0,PE,24.9,14.81,22603.05,0,0,65
2026-10-07,IDO,2026-11-09,21800.0,PE,87.3,69.41,22603.05,390,6,65
2026-10-07,IDO,2026-11-09,22400.0,PE,228.55,222.09,22603.05,195,3,65
2026-10-07,IDO,2026-11-09,22750.0,PE,366.4,377.51,22603.05,0,0,65
2026-10-07,IDO,2026-11-09,23650.0,PE,914.5,1004.92,22603.05,0,0,65
2026-10-07,IDO,2026-11-09,24400.0,PE,1540.5,1689.55,22603.05,0,0,65
2026-10-07,IDO,2026-11-23,20350.0,PE,4.85,3.19,22603.05,0,0,65
2026-10-07,IDO,2026-11-23,21400.0,PE,89.45,89.45,22603.05,74880,903,65
2026-10-07,IDO,2026-11-23,21550.0,PE,104.45,104.45,22603.05,7670,108,65
2026-10-07,IDO,2026-11-23,21800.0,PE,140.3,140.3,22603.05,123760,2130,65
2026-10-07,IDO,2026-11-23,21900.0,PE,158.0,158.0,22603.05,89830,1023,65
2026-10-07,IDO,2026-11-23,22400.0,PE,288.95,288.95,22603.05,543010,10131,65
2026-10-07,IDO,2026-11-23,22500.0,PE,319.9,319.9,22603.05,1378975,12926,65
2026-10-07,IDO,2026-11-23,22700.0,PE,399.75,399.75,22603.05,160550,2595,65
2026-10-07,IDO,2026-11-23,23850.0,PE,1037.55,1174.26,22603.05,2015,0,65
2026-10-07,IDO,2026-11-23,23950.0,PE,1298.4,1258.88,22603.05,1040,0,65
2026-10-07,IDO,2026-11-23,24100.0,PE,1213.8,1389.34,22603.05,10140,0,65
2026-10-07,IDO,2026-11-23,24200.0,PE,1500.0,1478.41,22603.05,10205,6,65
2026-10-07,IDO,2026-11-23,24300.0,PE,1555.3,1555.3,22603.05,13780,44,65
2026-10-07,IDO,2026-11-23,25000.0,PE,2228.7,2228.7,22603.05,313235,179,65
2026-10-07,IDO,2026-11-23,25400.0,PE,2300.0,2621.86,22603.05,325,0,65
2026-10-07,IDO,2026-11-23,25600.0,PE,2600.0,2818.84,22603.05,195,0,65
2026-10-07,IDO,2026-12-29,20350.0,PE,41.95,16.69,22603.05,0,0,65
2026-10-07,IDO,2026-12-29,21250.0,PE,125.15,125.15,22603.05,9165,112,65
2026-10-07,IDO,2026-12-29,21900.0,PE,223.2,223.2,22603.05,45565,276,65
2026-10-07,IDO,2031-06-24,25500.0,PE,1262.85,1231.48,22603.05,0,0,65
2026-10-07,IDO,2031-06-24,24000.0,PE,933.85,849.76,22603.05,65,0,65
2026-10-07,IDO,2031-06-24,21000.0,PE,450.5,336.98,22603.05,0,0,65
2026-10-07,IDO,2031-06-24,15000.0,PE,47.5,15.87,22603.05,0,0,65
2026-10-07,IDO,2030-12-31,24000.0,PE,1000.0,900.28,22603.05,520,0,65
2026-10-07,IDO,2026-12-29,23350.0,PE,639.3,833.43,22603.05,910,0,65
2026-10-07,IDO,2026-12-29,24550.0,PE,1586.75,1741.95,22603.05,780,12,65
2026-10-07,IDO,2027-03-30,31500.0,PE,7066.15,8082.05,22603.05,0,0,65
2026-10-07,IDO,2027-06-29,22500.0,PE,551.4,551.4,22603.05,45240,156,65
2026-10-07,IDO,2027-09-28,24000.0,PE,1700.0,1258.25,22603.05,130,2,65
2026-10-07,IDO,2027-12-28,18000.0,PE,127.0,23.73,22603.05,32135,16,65
2026-10-07,IDO,2027-12-28,28500.0,PE,2979.7,4278.13,22603.05,260,0,65
2026-10-07,IDO,2028-06-27,25500.0,PE,1034.0,1902.91,22603.05,0,0,65
2026-10-07,IDO,2028-06-27,28500.0,PE,1560.85,3838.03,22603.05,0,0,65
2026-10-07,IDO,2028-12-26,25500.0,PE,648.2,1761.94,22603.05,0,0,65
2026-10-07,IDO,2028-12-26,28500.0,PE,1451.15,3474.65,22603.05,0,0,65
2026-10-07,IDO,2029-06-26,22500.0,PE,224.45,647.84,22603.05,0,0,65
2026-10-07,IDO,2029-12-24,16500.0,PE,10.15,29.81,22603.05,0,0,65
2026-10-07,IDO,2029-12-24,25000.0,PE,1560.1,1339.11,22603.05,2565,0,65
2026-10-07,IDO,2029-12-24,28500.0,PE,1255.9,2898.35,22603.05,0,0,65
2026-10-07,IDO,2029-12-24,30000.0,PE,3000.0,3748.35,22603.05,1170,1,65
2026-10-07,IDO,2029-12-24,31500.0,PE,2240.25,4688.05,22603.05,0,0,65
2026-10-07,IDO,2030-12-31,18000.0,PE,32.3,92.15,22603.05,0,0,65
2026-10-07,IDO,2026-10-27,26750.0,CE,0.65,0.65,22603.05,975,2,65
2026-10-07,IDO,2026-11-03,21150.0,CE,2334.2,1546.5,22603.05,0,0,65
2026-10-07,IDO,2026-10-13,24400.0,PE,1649.5,1774.9,22603.05,10400,0,65
2026-10-07,IDO,2026-10-13,24350.0,PE,1700.0,1724.95,22603.05,715,7,65
2026-10-07,IDO,2026-10-13,24150.0,PE,1571.0,1525.13,22603.05,1625,1,65
2026-10-07,IDO,2026-10-13,23700.0,PE,1111.2,1111.2,22603.05,41145,145,65
2026-10-07,IDO,2026-10-13,23350.0,PE,760.5,760.5,22603.05,14235,201,65
2026-10-07,IDO,2026-10-13,23250.0,PE,664.8,664.8,22603.05,212810,2094,65
2026-10-07,IDO,2026-10-13,22150.0,PE,23.95,23.95,22603.05,1311245,481488,65
2026-10-07,IDO,2026-10-13,21900.0,PE,9.3,9.3,22603.05,2917200,585938,65
2026-10-07,IDO,2026-10-13,21450.0,PE,2.95,2.95,22603.05,565890,107943,65
2026-10-07,IDO,2026-10-13,21000.0,PE,1.8,1.8,22603.05,5389605,316162,65
2026-10-07,IDO,2026-10-13,20400.0,PE,1.25,1.25,22603.05,222495,18581,65
2026-10-07,IDO,2031-06-24,33000.0,CE,3451.55,1554.72,22603.05,0,0,65
2026-10-07,IDO,2030-06-25,33000.0,CE,4416.45,929.21,22603.05,0,0,65
2026-10-07,IDO,2030-06-25,27000.0,CE,6972.5,2581.94,22603.05,0,0,65
2026-10-07,IDO,2029-12-24,27000.0,CE,2150.0,2133.22,22603.05,130,0,65
2026-10-07,IDO,2029-12-24,15000.0,CE,13369.45,10044.05,22603.05,0,0,65
2026-10-07,IDO,2028-12-26,30000.0,CE,610.0,610.0,22603.05,23765,47,65
2026-10-07,IDO,2028-06-27,19500.0,CE,9209.1,4996.49,22603.05,0,0,65
2026-10-07,IDO,2028-06-27,18000.0,CE,6809.35,6272.73,22603.05,0,0,65
2026-10-07,IDO,2028-06-27,16500.0,CE,11752.8,7605.22,22603.05,0,0,65
2026-10-07,IDO,2027-12-28,31500.0,CE,77.05,53.91,22603.05,2145,3,65
2026-10-07,IDO,2027-09-28,25500.0,CE,908.35,595.47,22603.05,0,0,65
2026-10-07,IDO,2027-06-29,30000.0,CE,38.05,38.05,22603.05,5525,39,65
2026-10-07,IDO,2027-06-29,16500.0,CE,10867.2,6749.44,22603.05,0,0,65
2026-10-07,IDO,2027-03-30,28500.0,CE,24.45,24.45,22603.05,194480,585,65
2026-10-07,IDO,2027-03-30,25500.0,CE,132.2,132.2,22603.05,845650,2839,65
2026-10-07,IDO,2027-03-30,15000.0,CE,8379.85,7991.23,22603.05,0,0,65
2026-10-07,IDO,2026-12-29,24450.0,CE,82.7,82.7,22603.05,43030,522,65
2026-10-07,IDO,2026-10-27,22850.0,PE,382.5,382.5,22603.05,98345,1157,65
2026-10-07,IDO,2026-10-27,23100.0,PE,544.8,544.8,22603.05,1528280,2161,65
2026-10-07,IDO,2026-10-27,23300.0,PE,701.75,701.75,22603.05,2369250,2807,65
2026-10-07,IDO,2026-10-27,23400.0,PE,791.75,791.75,22603.05,1296360,1826,65
2026-10-07,IDO,2026-10-27,23900.0,PE,1264.2,1264.2,22603.05,217945,46,65
2026-10-07,IDO,2026-10-27,23950.0,PE,1108.4,1286.11,22603.05,4550,0,65
2026-10-07,IDO,2026-10-27,24150.0,PE,1500.0,1479.91,22603.05,16835,5,65
2026-10-07,IDO,2026-10-27,24350.0,PE,1643.05,1676.35,22603.05,14885,0,65
2026-10-07,IDO,2026-10-27,24550.0,PE,1893.3,1874.28,22603.05,6500,2,65
2026-10-07,IDO,2026-10-27,24600.0,PE,1900.0,1923.91,22603.05,189345,36,65
2026-10-07,IDO,2026-10-27,25350.0,PE,2416.7,2670.7,22603.05,1495,0,65
2026-10-07,IDO,2026-10-27,26450.0,PE,3460.0,3767.36,22603.05,195,0,65
2026-10-07,IDO,2026-10-27,27050.0,PE,2764.35,4365.55,22603.05,0,0,65
2026-10-07,IDO,2026-11-03,21450.0,PE,21.85,20.12,22603.05,0,0,65
2026-10-07,IDO,2026-12-29,22900.0,CE,524.25,524.25,22603.05,18200,140,65
2026-10-07,IDO,2026-12-29,20750.0,CE,2343.6,2146.64,22603.05,0,0,65
2026-10-07,IDO,2026-12-29,20150.0,CE,2892.45,2714.52,22603.05,0,0,65
2026-10-07,IDO,2026-12-29,19000.0,CE,3785.85,3785.85,22603.05,263835,127,65
2026-10-07,IDO,2026-10-27,23400.0,CE,37.9,37.9,22603.05,2221895,61379,65
2026-10-07,IDO,2026-10-27,23450.0,CE,33.15,33.15,22603.05,142545,3394,65
2026-10-07,IDO,2026-10-27,24000.0,CE,9.05,9.05,22603.05,6343740,52220,65
2026-10-07,IDO,2026-10-27,24600.0,CE,3.7,3.7,22603.05,322920,3378,65
2026-10-07,IDO,2026-10-27,25050.0,CE,2.6,2.6,22603.05,155415,52,65
2026-10-07,IDO,2026-10-27,26600.0,CE,0.7,0.7,22603.05,2405,31,65
2026-10-07,IDO,2026-10-27,26650.0,CE,1.9,1.9,22603.05,455,3,65
2026-10-07,IDO,2026-11-03,20200.0,CE,3267.45,2485.2,22603.05,0,0,65
2026-10-07,IDO,2026-11-03,20300.0,CE,3168.4,2385.69,22603.05,0,0,65
2026-10-07,IDO,2026-11-03,20400.0,CE,3069.5,2286.23,22603.05,0,0,65
2026-10-07,IDO,2026-11-03,22800.0,CE,254.05,254.05,22603.05,29705,1198,65
2026-10-07,IDO,2026-11-03,22950.0,CE,190.25,190.25,22603.05,9295,349,65
2026-10-07,IDO,2026-11-03,23100.0,CE,139.4,139.4,22603.05,19370,387,65
2026-10-07,IDO,2026-11-03,23400.0,CE,70.85,70.85,22603.05,30030,450,65
2026-10-07,IDO,2026-11-03,23600.0,CE,43.85,43.85,22603.05,50765,986,65
2026-10-07,IDO,2026-11-03,23800.0,CE,28.75,28.75,22603.05,124020,1340,65
2026-10-07,IDO,2026-11-03,24400.0,CE,9.15,9.15,22603.05,2990,57,65
2026-10-07,IDO,2026-11-03,24550.0,CE,7.9,7.9,22603.05,1885,27,65
2026-10-07,IDO,2026-11-09,21200.0,CE,1717.6,1523.02,22603.05,0,0,65
2026-10-07,IDO,2026-11-09,21450.0,CE,1487.4,1289.11,22603.05,0,0,65
2026-10-07,IDO,2026-11-09,21900.0,CE,1100.0,898.04,22603.05,0,0,65
2026-10-07,IDO,2026-11-09,24100.0,CE,84.95,28.38,22603.05,0,0,65
2026-10-07,IDO,2026-11-09,24550.0,CE,10.75,10.75,22603.05,6175,102,65
2026-10-07,IDO,2026-11-23,20150.0,CE,4487.2,2596.93,22603.05,0,0,65
2026-10-07,IDO,2026-11-23,20500.0,CE,2340.0,2252.73,22603.05,130,1,65
2026-10-07,IDO,2026-11-23,20650.0,CE,3999.6,2106.48,22603.05,0,0,65
2026-10-07,IDO,2026-11-23,20800.0,CE,3854.3,1961.4,22603.05,0,0,65
2026-10-07,IDO,2026-11-23,21500.0,CE,1322.5,1322.5,22603.05,16900,28,65
2026-10-07,IDO,2026-11-23,22200.0,CE,760.5,760.5,22603.05,16445,171,65
2026-10-07,IDO,2026-11-23,22400.0,CE,625.0,625.0,22603.05,21840,203,65
2026-10-07,IDO,2026-11-23,23650.0,CE,107.65,107.65,22603.05,30290,299,65
2026-10-07,IDO,2026-11-23,24450.0,CE,30.15,30.15,22603.05,17355,89,65
2026-10-07,IDO,2026-11-23,24700.0,CE,21.9,21.9,22603.05,53560,233,65
2026-10-07,IDO,2026-11-23,24850.0,CE,22.8,14.48,22603.05,780,0,65
2026-10-07,IDO,2026-11-23,25300.0,CE,9.65,9.65,22603.05,845,12,65
2026-10-07,IDO,2026-11-23,25750.0,CE,10.3,1.74,22603.05,650,0,65
2026-10-07,IDO,2026-11-23,26050.0,CE,5.0,0.79,22603.05,2860,23,65
2026-10-07,IDO,2026-12-29,20300.0,CE,2752.55,2570.44,22603.05,0,0,65
2026-10-07,IDO,2026-12-29,20850.0,CE,2255.35,2054.75,22603.05,0,0,65
2026-10-07,IDO,2026-12-29,21400.0,CE,1516.0,1571.39,22603.05,910,0,65
2026-10-07,IDO,2026-12-29,22100.0,CE,1035.1,1035.1,22603.05,4095,43,65
2026-10-07,IDO,2027-03-30,16500.0,CE,6995.9,6530.09,22603.05,0,0,65
2026-10-07,IDO,2027-03-30,24000.0,CE,449.3,449.3,22603.05,870740,2743,65
2026-10-07,IDO,2027-06-29,15000.0,CE,5367.85,8190.24,22603.05,0,0,65
2026-10-07,IDO,2027-09-28,24000.0,CE,1493.15,1114.83,22603.05,65,1,65
2026-10-07,IDO,2027-09-28,30000.0,CE,153.4,53.64,22603.05,130,0,65
2026-10-07,IDO,2027-12-28,18000.0,CE,6285.7,5799.26,22603.05,0,0,65
2026-10-07,IDO,2028-06-27,15000.0,CE,8633.05,8961.14,22603.05,0,0,65
2026-10-07,IDO,2028-06-27,30000.0,CE,2278.45,307.76,22603.05,0,0,65
2026-10-07,IDO,2028-12-26,16500.0,CE,12176.65,8018.21,22603.05,0,0,65
2026-10-07,IDO,2028-12-26,27000.0,CE,1392.75,1258.33,22603.05,6695,9,65
2026-10-07,IDO,2028-12-26,28000.0,CE,1070.0,1070.0,22603.05,11320,4,65
2026-10-07,IDO,2029-06-26,21000.0,CE,9799.75,4875.61,22603.05,0,0,65
2026-10-07,IDO,2029-06-26,22500.0,CE,7946.5,3877.8,22603.05,0,0,65
2026-10-07,IDO,2029-12-24,16500.0,CE,12984.85,8808.17,22603.05,0,0,65
2026-10-07,IDO,2029-12-24,21000.0,CE,9463.95,5364.32,22603.05,0,0,65
2026-10-07,IDO,2030-12-31,16500.0,CE,13763.55,9571.08,22603.05,0,0,65
2026-10-07,IDO,2026-10-13,20500.0,PE,1.2,1.2,22603.05,3896360,127690,65
2026-10-07,IDO,2026-10-13,20600.0,PE,1.3,1.3,22603.05,359775,33691,65
2026-10-07,IDO,2026-10-13,21050.0,PE,1.85,1.85,22603.05,182260,35567,65
2026-10-07,IDO,2026-10-13,21100.0,PE,1.85,1.85,22603.05,798785,95292,65
2026-10-07,IDO,2026-10-13,21350.0,PE,2.5,2.5,22603.05,336570,64004,65
2026-10-07,IDO,2026-10-13,21550.0,PE,3.5,3.5,22603.05,517985,128423,65
2026-10-07,IDO,2026-10-13,21750.0,PE,5.6,5.6,22603.05,986115,208235,65
2026-10-07,IDO,2026-10-13,23600.0,PE,1014.4,1014.4,22603.05,72475,211,65
2026-10-07,IDO,2026-10-13,23650.0,PE,1052.25,1026.14,22603.05,8645,76,65
2026-10-07,IDO,2026-10-13,24450.0,PE,1690.0,1824.86,22603.05,195,0,65
2026-10-07,IDO,2026-10-13,24750.0,PE,1115.1,2124.58,22603.05,0,0,65
2026-10-07,IDO,2026-10-13,25150.0,PE,2528.6,2524.22,22603.05,1040,18,65
2026-10-07,IDO,2026-10-13,25350.0,PE,2725.0,2724.04,22603.05,520,8,65
2026-10-07,IDO,2026-10-19,20700.0,PE,4.45,4.45,22603.05,78585,2649,65
2026-10-07,IDO,2026-11-23,25700.0,CE,9.05,1.98,22603.05,1560,0,65
2026-10-07,IDO,2026-11-23,24950.0,CE,15.15,15.15,22603.05,1430,4,65
2026-10-07,IDO,2026-11-23,24000.0,CE,61.05,61.05,22603.05,2099890,20155,65
2026-10-07,IDO,2026-11-23,23750.0,CE,91.9,91.9,22603.05,21190,143,65
2026-10-07,IDO,2026-11-23,23250.0,CE,207.75,207.75,22603.05,40235,328,65
2026-10-07,IDO,2026-11-03,21800.0,PE,83.4,83.4,22603.05,13650,288,65
2026-10-07,IDO,2026-11-23,23150.0,CE,242.4,242.4,22603.05,131105,251,65
2026-10-07,IDO,2026-11-23,22750.0,CE,417.6,417.6,22603.05,23790,431,65
2026-10-07,IDO,2026-11-23,22350.0,CE,686.95,662.17,22603.05,1625,12,65
2026-10-07,IDO,2026-11-23,22000.0,CE,908.35,908.35,22603.05,145210,554,65
2026-10-07,IDO,2026-11-23,21400.0,CE,3280.1,1401.92,22603.05,0,0,65
2026-10-07,IDO,2026-11-23,21000.0,CE,1788.0,1770.49,22603.05,21190,86,65
2026-10-07,IDO,2026-11-23,20050.0,CE,2755.0,2695.75,22603.05,130,2,65
2026-10-07,IDO,2026-11-09,23300.0,CE,273.0,145.24,22603.05,0,0,65
2026-10-07,IDO,2026-11-03,23300.0,PE,686.15,714.91,22603.05,2405,12,65
2026-10-07,IDO,2026-11-03,23900.0,PE,731.5,1228.48,22603.05,0,0,65
2026-10-07,IDO,2026-11-03,24700.0,PE,1321.8,1999.4,22603.05,0,0,65
2026-10-07,IDO,2026-11-09,21150.0,PE,22.15,12.77,22603.05,0,0,65
2026-10-07,IDO,2026-11-09,21900.0,PE,114.2,86.36,22603.05,585,9,65
2026-10-07,IDO,2026-11-09,22650.0,PE,342.0,327.65,22603.05,195,4,65
2026-10-07,IDO,2026-11-09,23900.0,PE,1109.35,1222.99,22603.05,0,0,65
2026-10-07,IDO,2026-11-09,24150.0,PE,1319.3,1452.39,22603.05,0,0,65
2026-10-07,IDO,2026-11-23,20550.0,PE,34.1,34.1,22603.05,1495,5,65
2026-10-07,IDO,2026-11-23,21050.0,PE,60.4,21.73,22603.05,4355,16,65
2026-10-07,IDO,2026-11-23,21600.0,PE,112.1,112.1,22603.05,64805,922,65
2026-10-07,IDO,2026-11-23,22550.0,PE,337.25,337.25,22603.05,8775,216,65
2026-10-07,IDO,2026-11-03,25150.0,CE,6.15,6.15,22603.05,1625,15,65
2026-10-07,IDO,2026-10-19,21300.0,PE,8.85,8.85,22603.05,233675,11321,65
2026-10-07,IDO,2026-10-19,22200.0,PE,73.9,73.9,22603.05,338715,21071,65
2026-10-07,IDO,2026-10-19,22250.0,PE,83.7,83.7,22603.05,53755,5176,65
2026-10-07,IDO,2026-10-19,22300.0,PE,94.65,94.65,22603.05,277615,22440,65
2026-10-07,IDO,2026-10-19,23850.0,PE,815.85,1206.96,22603.05,0,0,65
2026-10-07,IDO,2026-10-19,24100.0,PE,1481.0,1481.0,22603.05,1235,29,65
2026-10-07,IDO,2026-10-19,24800.0,PE,1850.0,2152.16,22603.05,1170,0,65
2026-10-07,IDO,2026-10-19,24950.0,PE,1732.7,2301.88,22603.05,0,0,65
2026-10-07,IDO,2026-10-27,20300.0,PE,7.05,7.05,22603.05,41795,893,65
2026-10-07,IDO,2026-10-27,21150.0,PE,19.7,19.7,22603.05,16640,544,65
2026-10-07,IDO,2026-10-27,21600.0,PE,39.65,39.65,22603.05,763620,16825,65
2026-10-07,IDO,2026-10-27,21850.0,PE,63.45,63.45,22603.05,66300,1409,65
2026-10-07,IDO,2026-10-27,22950.0,PE,444.2,444.2,22603.05,51155,424,65
2026-10-07,IDO,2026-10-27,23250.0,PE,659.2,659.2,22603.05,53300,56,65
2026-10-07,IDO,2026-10-27,25700.0,PE,3020.45,3019.62,22603.05,7085,0,65
2026-10-07,IDO,2026-10-27,25750.0,PE,1659.3,3069.47,22603.05,325,0,65
2026-10-07,IDO,2026-10-27,26200.0,PE,3520.0,3518.11,22603.05,18460,0,65
2026-10-07,IDO,2026-10-27,26250.0,PE,3000.0,3567.96,22603.05,260,0,65
2026-10-07,IDO,2026-10-27,26350.0,PE,2163.0,3667.66,22603.05,0,0,65
2026-10-07,IDO,2026-10-27,27150.0,PE,3860.6,4465.25,22603.05,325,0,65
2026-10-07,IDO,2026-11-03,20450.0,PE,1.75,0.44,22603.05,0,0,65
2026-10-07,IDO,2026-11-03,20750.0,PE,4.05,1.65,22603.05,0,0,65
2026-10-07,IDO,2026-11-03,20800.0,PE,20.8,20.8,22603.05,2340,10,65
2026-10-07,IDO,2026-11-03,23000.0,PE,490.8,490.8,22603.05,13780,365,65
2026-10-07,IDO,2026-11-09,21500.0,PE,65.0,65.0,22603.05,2015,38,65
2026-10-07,IDO,2026-11-09,23250.0,PE,636.9,690.03,22603.05,0,0,65
2026-10-07,IDO,2026-11-09,23450.0,PE,769.05,841.41,22603.05,0,0,65
2026-10-07,IDO,2026-11-09,23500.0,PE,804.05,881.23,22603.05,0,0,65
2026-10-07,IDO,2026-11-09,23700.0,PE,951.5,1047.44,22603.05,0,0,65
2026-10-07,IDO,2026-11-23,20200.0,PE,3.65,1.98,22603.05,0,0,65
2026-10-07,IDO,2026-11-23,20850.0,PE,45.0,13.18,22603.05,390,1,65
2026-10-07,IDO,2026-11-23,21350.0,PE,83.5,83.5,22603.05,19630,149,65
2026-10-07,IDO,2026-11-23,22450.0,PE,304.0,304.0,22603.05,12350,107,65
2026-10-07,IDO,2026-11-23,23050.0,PE,587.8,587.8,22603.05,4160,26,65
2026-10-07,IDO,2031-06-24,19500.0,PE,289.2,188.5,22603.05,0,0,65
2026-10-07,IDO,2030-12-31,21000.0,PE,450.0,345.97,22603.05,845,0,65
2026-10-07,IDO,2030-06-25,19500.0,PE,64.95,186.56,22603.05,0,0,65
2026-10-07,IDO,2030-06-25,16500.0,PE,12.0,34.89,22603.05,0,0,65
2026-10-07,IDO,2029-12-24,24000.0,PE,1133.0,1014.31,22603.05,585,0,65
2026-10-07,IDO,2028-12-26,27000.0,PE,2230.0,2549.38,22603.05,17260,5,65
2026-10-07,IDO,2028-12-26,22000.0,PE,710.0,539.03,22603.05,10905,2,65
2026-10-07,IDO,2028-06-27,27000.0,PE,2752.35,2796.65,22603.05,0,0,65
2026-10-07,IDO,2028-06-27,21000.0,PE,400.05,321.0,22603.05,325,0,65
2026-10-07,IDO,2027-12-28,26000.0,PE,2097.7,2097.7,22603.05,72090,79,65
2026-10-07,IDO,2027-12-28,25000.0,PE,1559.25,1559.25,22603.05,185820,195,65
2026-10-07,IDO,2027-06-29,16500.0,PE,41.8,0.5,22603.05,780,0,65
2026-10-07,IDO,2026-12-29,24450.0,PE,1609.25,1609.25,22603.05,390780,471,65
2026-10-07,IDO,2026-12-29,24300.0,PE,1500.0,1530.9,22603.05,2145,11,65
2026-10-07,IDO,2026-12-29,24200.0,PE,1393.7,1393.7,22603.05,2080,9,65
2026-10-07,IDO,2026-12-29,23950.0,PE,1181.75,1252.48,22603.05,2145,6,65
2026-10-07,IDO,2026-12-29,23900.0,PE,1136.1,1214.57,22603.05,2535,8,65
2026-10-07,IDO,2026-12-29,23550.0,PE,862.75,963.96,22603.05,1820,3,65
2026-10-07,IDO,2026-12-29,23400.0,PE,828.0,865.15,22603.05,3705,5,65
2026-10-07,IDO,2026-12-29,22850.0,PE,533.55,533.55,22603.05,15795,76,65
2026-10-07,IDO,2026-12-29,22600.0,PE,420.4,420.4,22603.05,30420,664,65
2026-10-07,IDO,2026-12-29,22200.0,PE,294.55,294.55,22603.05,48815,1195,65
2026-10-07,IDO,2026-12-29,21400.0,PE,141.75,141.75,22603.05,9620,90,65
2026-10-07,IDO,2026-12-29,15000.0,PE,8.3,8.3,22603.05,157990,54,65
2026-10-07,IDO,2027-12-28,20000.0,PE,273.0,273.0,22603.05,106110,164,65
2026-10-07,IDO,2026-11-03,23300.0,CE,89.65,89.65,22603.05,24375,640,65
2026-10-07,IDO,2026-11-03,23050.0,CE,156.2,156.2,22603.05,8905,123,65
2026-10-07,IDO,2026-11-23,23100.0,PE,605.9,605.9,22603.05,38350,186,65
2026-10-07,IDO,2026-11-23,24150.0,PE,1300.0,1433.68,22603.05,1300,0,65
2026-10-07,IDO,2026-11-23,24700.0,PE,1961.05,1942.47,22603.05,3705,1,65
2026-10-07,IDO,2026-12-29,13000.0,PE,4.85,0.01,22603.05,9305,0,65
2026-10-07,IDO,2026-12-29,16000.0,PE,11.15,11.15,22603.05,154500,59,65
2026-10-07,IDO,2026-12-29,20200.0,PE,32.5,12.26,22603.05,195,0,65
2026-10-07,IDO,2026-12-29,20250.0,PE,36.15,13.61,22603.05,0,0,65
2026-10-07,IDO,2026-12-29,20400.0,PE,45.15,18.45,22603.05,0,0,65
2026-10-07,IDO,2026-12-29,21700.0,PE,187.3,187.3,22603.05,45175,346,65
2026-10-07,IDO,2026-12-29,22100.0,PE,265.95,265.95,22603.05,22555,283,65
2026-10-07,IDO,2026-12-29,22300.0,PE,321.35,321.35,22603.05,43225,600,65
2026-10-07,IDO,2026-12-29,22350.0,PE,341.35,341.35,22603.05,6890,97,65
2026-10-07,IDO,2027-03-30,22500.0,PE,498.85,498.85,22603.05,830960,2250,65
2026-10-07,IDO,2027-06-29,25500.0,PE,667.15,2270.42,22603.05,0,0,65
2026-10-07,IDO,2027-12-28,22500.0,PE,700.0,643.11,22603.05,2925,16,65
2026-10-07,IDO,2027-12-28,25500.0,PE,676.05,2065.86,22603.05,0,0,65
2026-10-07,IDO,2028-12-26,20000.0,PE,364.5,205.53,22603.05,5610,0,65
2026-10-07,IDO,2028-12-26,21000.0,PE,559.0,343.8,22603.05,11440,1,65
2026-10-07,IDO,2029-06-26,15000.0,PE,30.9,6.26,22603.05,0,0,65
2026-10-07,IDO,2029-06-26,21000.0,PE,320.25,354.11,22603.05,0,0,65
2026-10-07,IDO,2029-12-24,27000.0,PE,1177.9,2152.4,22603.05,0,0,65
2026-10-07,IDO,2030-06-25,24000.0,PE,698.15,957.21,22603.05,0,0,65
2026-10-07,IDO,2030-06-25,27000.0,PE,1286.05,1985.82,22603.05,0,0,65
2026-10-07,IDO,2031-06-24,18000.0,PE,173.45,95.07,22603.05,0,0,65
2026-10-07,IDO,2026-11-03,22750.0,CE,273.65,273.65,22603.05,10010,195,65
2026-10-07,IDO,2026-11-03,22500.0,CE,418.75,418.75,22603.05,16185,370,65
2026-10-07,IDO,2026-11-03,21350.0,CE,2142.0,1354.49,22603.05,0,0,65
2026-10-07,IDO,2026-11-03,20500.0,CE,2970.65,2186.84,22603.05,0,0,65
2026-10-07,IDO,2026-11-03,20250.0,CE,3217.9,2435.44,22603.05,0,0,65
2026-10-07,IDO,2026-10-27,27050.0,CE,1.4,0.01,22603.05,10465,2,65
2026-10-07,IDO,2026-10-27,25850.0,CE,1.6,0.01,22603.05,2730,0,65
2026-10-07,IDO,2026-10-27,25750.0,CE,1.15,0.01,22603.05,26780,45,65
2026-10-07,IDO,2026-10-27,24300.0,CE,5.65,5.65,22603.05,508040,6135,65
2026-10-07,IDO,2026-10-27,23650.0,CE,18.5,18.5,22603.05,128895,2671,65
2026-10-07,IDO,2026-10-27,23050.0,CE,105.0,105.0,22603.05,134680,3418,65
2026-10-07,IDO,2026-10-27,22950.0,CE,136.3,136.3,22603.05,107965,4726,65
2026-10-07,IDO,2026-10-27,21650.0,CE,1000.0,1039.09,22603.05,130,0,65
2026-10-07,IDO,2026-10-27,21100.0,CE,1340.0,1568.94,22603.05,65,0,65
2026-10-07,IDO,2026-10-27,20950.0,CE,3376.9,1717.28,22603.05,0,0,65
2026-10-07,IDO,2026-10-19,24150.0,CE,2.0,2.0,22603.05,32435,830,65
2026-10-07,IDO,2026-10-19,24000.0,CE,2.6,2.6,22603.05,501670,21866,65
2026-10-07,IDO,2026-10-19,20500.0,PE,4.1,4.1,22603.05,1194505,24899,65
2026-10-07,IDO,2026-10-19,23300.0,CE,19.6,19.6,22603.05,480935,34093,65
2026-10-07,IDO,2026-10-19,22950.0,CE,72.1,72.1,22603.05,123825,10142,65
2026-10-07,IDO,2026-10-19,21850.0,CE,1032.85,808.81,22603.05,65,0,65
2026-10-07,IDO,2026-10-19,20800.0,CE,2436.25,1840.65,22603.05,0,0,65
2026-10-07,IDO,2026-10-19,20400.0,CE,2831.2,2239.9,22603.05,0,0,65
2026-10-07,IDO,2026-10-13,25400.0,CE,0.55,0.55,22603.05,752505,69937,65
2026-10-07,IDO,2026-10-13,25100.0,CE,0.65,0.65,22603.05,36465,1607,65
2026-10-07,IDO,2026-10-13,24900.0,CE,0.7,0.7,22603.05,49075,3672,65
2026-10-07,IDO,2026-10-13,24450.0,CE,0.85,0.85,22603.05,53235,2674,65
2026-10-07,IDO,2026-10-13,23900.0,CE,1.25,1.25,22603.05,2241850,192115,65
2026-10-07,IDO,2026-10-13,23450.0,CE,2.95,2.95,22603.05,2530125,330658,65
2026-10-07,IDO,2026-10-13,22100.0,CE,508.8,508.8,22603.05,112710,3591,65
2026-10-07,IDO,2026-10-13,21150.0,CE,2606.15,1472.17,22603.05,0,0,65
2026-10-07,IDO,2026-10-13,20850.0,CE,2902.5,1771.89,22603.05,0,0,65
2026-10-07,IDO,2026-10-13,20600.0,CE,3150.35,2021.67,22603.05,0,0,65
2026-10-07,IDO,2026-10-13,20350.0,CE,3398.6,2271.44,22603.05,0,0,65
2026-10-07,IDO,2026-10-13,20050.0,CE,3696.8,2571.17,22603.05,0,0,65
2026-10-07,IDO,2026-10-27,22450.0,PE,196.1,196.1,22603.05,190580,4750,65
2026-10-07,IDO,2026-10-27,22250.0,PE,136.05,136.05,22603.05,318565,3400,65
2026-10-07,IDO,2026-10-27,22150.0,PE,111.9,111.9,22603.05,109980,2692,65
2026-10-07,IDO,2026-10-27,21300.0,PE,24.9,24.9,22603.05,568880,11867,65
2026-10-07,IDO,2026-10-27,20900.0,PE,14.25,14.25,22603.05,87750,2190,65
2026-10-07,IDO,2026-10-27,20850.0,PE,13.35,13.35,22603.05,10530,410,65
2026-10-07,IDO,2026-10-27,20800.0,PE,12.6,12.6,22603.05,293930,5140,65
2026-10-07,IDO,2026-10-27,20500.0,PE,8.95,8.95,22603.05,953745,12254,65
2026-10-07,IDO,2026-10-27,20050.0,PE,5.85,5.85,22603.05,169390,3354,65
2026-10-07,IDO,2026-10-19,25000.0,PE,2355.0,2351.79,22603.05,1690,8,65
2026-10-07,IDO,2026-10-19,23950.0,PE,1335.0,1335.0,22603.05,260,4,65
2026-10-07,IDO,2026-10-19,23200.0,PE,614.1,614.1,22603.05,44980,928,65
2026-10-07,IDO,2026-10-19,22150.0,PE,65.15,65.15,22603.05,62010,4431,65
2026-10-07,IDO,2026-10-19,22100.0,PE,57.05,57.05,22603.05,245895,17205,65
2026-10-07,IDO,2026-10-19,20450.0,PE,4.0,4.0,22603.05,5395,194,65
2026-10-07,IDO,2028-12-26,22500.0,PE,218.8,660.69,22603.05,0,0,65
2026-10-07,IDO,2028-06-27,31500.0,PE,2935.6,6225.26,22603.05,0,0,65
2026-10-07,IDO,2028-06-27,19500.0,PE,40.05,130.1,22603.05,0,0,65
2026-10-07,IDO,2027-12-28,27000.0,PE,2775.8,2775.8,22603.05,59620,26,65
2026-10-07,IDO,2027-06-29,19500.0,PE,126.0,47.02,22603.05,130,2,65
2026-10-07,IDO,2026-10-13,20750.0,CE,3001.55,1871.8,22603.05,0,0,65
2026-10-07,IDO,2026-10-13,21200.0,CE,2556.95,1422.21,22603.05,0,0,65
2026-10-07,IDO,2026-10-13,21750.0,CE,807.85,874.03,22603.05,195,4,65
2026-10-07,IDO,2026-10-13,22150.0,CE,465.9,465.9,22603.05,35165,2161,65
2026-10-07,IDO,2026-10-13,22400.0,CE,257.0,257.0,22603.05,812955,148467,65
2026-10-07,IDO,2026-10-13,23400.0,CE,3.35,3.35,22603.05,5240300,600862,65
2026-10-07,IDO,2026-10-13,24200.0,CE,0.85,0.85,22603.05,1943695,182302,65
2026-10-07,IDO,2026-10-19,22200.0,CE,484.8,484.8,22603.05,17485,717,65
2026-10-07,IDO,2026-10-19,23650.0,CE,5.45,5.45,22603.05,62530,3663,65
2026-10-07,IDO,2026-10-19,23750.0,CE,4.1,4.1,22603.05,58045,2746,65
2026-10-07,IDO,2026-10-19,23950.0,CE,2.9,2.9,22603.05,32370,1301,65
2026-10-07,IDO,2026-10-19,24450.0,CE,1.85,0.11,22603.05,1495,26,65
2026-10-07,IDO,2026-10-19,24800.0,CE,1.4,1.4,22603.05,44460,879,65
2026-10-07,IDO,2026-10-27,21500.0,CE,1157.25,1157.25,22603.05,504790,1499,65
2026-10-07,IDO,2026-10-27,21750.0,CE,904.1,947.56,22603.05,130,0,65
2026-10-07,IDO,2026-10-27,25000.0,CE,2.65,2.65,22603.05,2921555,15320,65
2026-10-07,IDO,2026-10-27,25250.0,CE,3.85,0.05,22603.05,4095,0,65
2026-10-07,IDO,2026-10-27,25900.0,CE,1.1,1.1,22603.05,14820,209,65
2026-10-07,IDO,2026-11-03,20350.0,CE,3118.95,2335.95,22603.05,0,0,65
2026-10-07,IDO,2026-11-03,20450.0,CE,3020.05,2236.52,22603.05,0,0,65
2026-10-07,IDO,2026-11-03,22200.0,CE,630.0,626.91,22603.05,1365,54,65
2026-10-07,IDO,2026-11-03,22700.0,CE,301.2,301.2,22603.05,27820,619,65
2026-10-07,IDO,2026-11-03,23750.0,CE,380.65,41.51,22603.05,0,0,65
2026-10-07,IDO,2026-11-09,21950.0,CE,1059.7,857.88,22603.05,0,0,65
2026-10-07,IDO,2026-11-09,22000.0,CE,1020.1,818.52,22603.05,0,0,65
2026-10-07,IDO,2026-11-09,22150.0,CE,905.35,705.56,22603.05,0,0,65
2026-10-07,IDO,2026-11-09,22250.0,CE,832.3,634.86,22603.05,0,0,65
2026-10-07,IDO,2026-11-09,23050.0,CE,199.0,199.0,22603.05,325,5,65
2026-10-07,IDO,2026-11-09,23100.0,CE,181.4,181.4,22603.05,455,8,65
2026-10-07,IDO,2026-11-09,24000.0,CE,99.9,35.7,22603.05,0,0,65
2026-10-07,IDO,2026-11-23,20950.0,CE,3709.55,1817.9,22603.05,0,0,65
2026-10-07,IDO,2026-11-23,21050.0,CE,3613.45,1723.33,22603.05,0,0,65
2026-10-07,IDO,2026-11-23,21450.0,CE,3232.9,1357.54,22603.05,0,0,65
2026-10-07,IDO,2026-11-23,21650.0,CE,3045.65,1184.84,22603.05,0,0,65
2026-10-07,IDO,2026-11-23,21900.0,CE,1100.0,981.88,22603.05,325,0,65
2026-10-07,IDO,2026-11-23,22700.0,CE,443.55,443.55,22603.05,122070,2072,65
2026-10-07,IDO,2026-11-23,22900.0,CE,343.25,343.25,22603.05,87100,1046,65
2026-10-07,IDO,2026-11-23,23700.0,CE,98.85,98.85,22603.05,184470,3260,65
2026-10-07,IDO,2026-11-23,24050.0,CE,55.1,55.1,22603.05,34840,344,65
2026-10-07,IDO,2026-11-23,24650.0,CE,23.1,23.1,22603.05,4810,31,65
2026-10-07,IDO,2026-11-23,25800.0,CE,7.3,1.53,22603.05,2015,11,65
2026-10-07,IDO,2026-11-23,25850.0,CE,6.1,6.1,22603.05,845,1,65
2026-10-07,IDO,2026-11-23,25950.0,CE,7.5,1.03,22603.05,1625,1,65
2026-10-07,IDO,2026-12-29,21500.0,CE,1493.85,1493.85,22603.05,19370,41,65
2026-10-07,IDO,2026-12-29,21550.0,CE,1472.35,1447.7,22603.05,3315,9,65
2026-10-07,IDO,2026-12-29,21850.0,CE,1295.25,1213.47,22603.05,2535,6,65
2026-10-07,IDO,2026-12-29,22250.0,CE,1010.0,932.71,22603.05,1430,6,65
2026-10-07,IDO,2026-12-29,22600.0,CE,691.95,691.95,22603.05,24505,205,65
2026-10-07,IDO,2026-12-29,22800.0,CE,581.05,581.05,22603.05,39455,382,65
2026-10-07,IDO,2026-12-29,23000.0,CE,473.6,473.6,22603.05,1628585,7815,65
2026-10-07,IDO,2026-12-29,23150.0,CE,402.2,402.2,22603.05,6630,58,65
2026-10-07,IDO,2026-12-29,23250.0,CE,363.4,363.4,22603.05,10010,10,65
2026-10-07,IDO,2026-12-29,23300.0,CE,342.5,342.5,22603.05,30875,240,65
2026-10-07,IDO,2026-12-29,24000.0,CE,147.35,147.35,22603.05,3217095,16530,65
2026-10-07,IDO,2026-12-29,24050.0,CE,136.6,136.6,22603.05,131885,903,65
2026-10-07,IDO,2026-12-29,25000.0,CE,44.7,44.7,22603.05,4427870,12194,65
2026-10-07,IDO,2026-12-29,33000.0,CE,3.75,0.01,22603.05,104000,11,65
2026-10-07,IDO,2027-09-28,18000.0,CE,5788.3,5557.83,22603.05,0,0,65
2026-10-07,IDO,2027-09-28,28500.0,CE,291.55,129.74,22603.05,0,0,65
2026-10-07,IDO,2028-06-27,21000.0,CE,5226.55,3823.03,22603.05,0,0,65
2026-10-07,IDO,2028-06-27,25500.0,CE,1225.0,1311.87,22603.05,0,0,65
2026-10-07,IDO,2028-06-27,31500.0,CE,1784.8,176.78,22603.05,0,0,65
2026-10-07,IDO,2029-06-26,31500.0,CE,2878.65,613.11,22603.05,0,0,65
2026-10-07,IDO,2029-12-24,18000.0,CE,11362.4,7601.65,22603.05,0,0,65
2026-10-07,IDO,2029-12-24,33000.0,CE,3816.05,656.02,22603.05,0,0,65
2026-10-07,IDO,2030-12-31,18000.0,CE,12674.15,8435.85,22603.05,0,0,65
2026-10-07,IDO,2030-12-31,24000.0,CE,8563.3,4490.86,22603.05,0,0,65
2026-10-07,IDO,2030-12-31,25500.0,CE,7639.65,3719.2,22603.05,0,0,65
2026-10-07,IDO,2031-06-24,15000.0,CE,12902.2,11045.38,22603.05,0,0,65
2026-10-07,IDO,2031-06-24,24000.0,CE,7181.9,4935.15,22603.05,0,0,65
2026-10-07,IDO,2031-06-24,27000.0,CE,5699.0,3472.58,22603.05,0,0,65
2026-10-07,IDO,2026-10-13,22100.0,PE,19.55,19.55,22603.05,3142490,740583,65
2026-10-07,IDO,2026-10-13,22400.0,PE,67.4,67.4,22603.05,3839940,1682635,65
2026-10-07,IDO,2026-10-13,22700.0,PE,196.2,196.2,22603.05,3903315,2509319,65
2026-10-07,IDO,2026-10-13,22800.0,PE,262.7,262.7,22603.05,1677195,594326,65
2026-10-07,IDO,2026-10-13,23800.0,PE,1211.0,1211.0,22603.05,37375,213,65
2026-10-07,IDO,2026-10-13,24600.0,PE,2000.6,1974.72,22603.05,14235,17,65
2026-10-07,IDO,2026-10-13,24900.0,PE,2284.95,2274.45,22603.05,650,12,65
2026-10-07,IDO,2026-10-19,22600.0,PE,195.15,195.15,22603.05,535925,55113,65
2026-10-07,IDO,2026-10-19,24000.0,PE,1381.25,1381.25,22603.05,9880,114,65
2026-10-07,IDO,2026-10-19,24050.0,PE,962.95,1404.62,22603.05,0,0,65
2026-10-07,IDO,2026-10-27,20250.0,PE,8.9,0.02,22603.05,0,0,65
2026-10-07,IDO,2026-10-27,20950.0,PE,15.15,15.15,22603.05,14105,805,65
2026-10-07,IDO,2026-10-27,21400.0,PE,29.35,29.35,22603.05,456690,6558,65
2026-10-07,IDO,2026-10-27,21450.0,PE,31.25,31.25,22603.05,46475,827,65
2026-10-07,IDO,2026-10-27,22400.0,PE,179.4,179.4,22603.05,1316640,22831,65
2026-10-07,IDO,2026-10-27,23000.0,PE,478.1,478.1,22603.05,4094480,22067,65
2026-10-07,IDO,2026-10-27,23600.0,PE,971.15,971.15,22603.05,705770,472,65
2026-10-07,IDO,2026-10-27,25200.0,PE,2531.1,2531.1,22603.05,33930,14,65
2026-10-07,IDO,2026-10-27,26000.0,PE,3347.6,3347.6,22603.05,1817855,1149,65
2026-10-07,IDO,2026-10-27,26850.0,PE,2588.1,4166.15,22603.05,0,0,65
2026-10-07,IDO,2026-11-03,20850.0,PE,5.3,2.48,22603.05,0,0,65
2026-10-07,IDO,2026-11-03,21200.0,PE,12.5,9.01,22603.05,0,0,65
2026-10-07,IDO,2026-11-03,21400.0,PE,46.75,46.75,22603.05,15145,337,65
2026-10-07,IDO,2026-11-03,23700.0,PE,610.85,1047.52,22603.05,0,0,65
2026-10-07,IDO,2026-11-03,23800.0,PE,669.7,1137.05,22603.05,0,0,65
2026-10-07,IDO,2026-11-03,24950.0,PE,1534.25,2246.81,22603.05,0,0,65
2026-10-07,IDO,2026-11-09,21050.0,PE,17.45,9.41,22603.05,0,0,65
2026-10-07,IDO,2026-11-09,21300.0,PE,31.3,19.73,22603.05,0,0,65
2026-10-07,IDO,2026-11-09,21450.0,PE,43.3,29.66,22603.05,0,0,65
2026-10-07,IDO,2026-11-09,21550.0,PE,53.3,38.35,22603.05,0,0,65
2026-10-07,IDO,2026-11-09,24300.0,PE,1450.85,1593.95,22603.05,0,0,65
2026-10-07,IDO,2026-11-23,21200.0,PE,71.95,71.95,22603.05,44655,940,65
2026-10-07,IDO,2026-11-23,21650.0,PE,118.45,118.45,22603.05,23725,112,65
2026-10-07,IDO,2026-11-23,24850.0,PE,860.35,2086.06,22603.05,0,0,65
2026-10-07,IDO,2026-11-23,25350.0,PE,1152.95,2572.74,22603.05,0,0,65
2026-10-07,IDO,2026-11-23,25800.0,PE,2725.0,3016.41,22603.05,585,0,65
2026-10-07,IDO,2026-11-23,25850.0,PE,2901.65,3065.87,22603.05,65,0,65
2026-10-07,IDO,2026-12-29,20800.0,PE,70.95,39.0,22603.05,975,0,65
2026-10-07,IDO,2026-12-29,21000.0,PE,103.35,103.35,22603.05,2265485,9511,65
2026-10-07,IDO,2026-12-29,21200.0,PE,123.35,123.35,22603.05,15795,342,65
2026-10-07,IDO,2026-12-29,21450.0,PE,146.15,110.06,22603.05,2665,34,65
2026-10-07,IDO,2026-12-29,22250.0,PE,301.1,303.12,22603.05,8970,99,65
2026-10-07,IDO,2026-12-29,24100.0,PE,1272.05,1369.13,22603.05,1950,3,65
2026-10-07,IDO,2026-12-29,25500.0,PE,2584.1,2584.1,22603.05,306540,38,65
2026-10-07,IDO,2026-12-29,28500.0,PE,3320.25,5542.83,22603.05,130,0,65
2026-10-07,IDO,2027-03-30,16500.0,PE,27.65,27.65,22603.05,4550,44,65
2026-10-07,IDO,2031-06-24,33000.0,PE,3810.15,4413.46,22603.05,0,0,65
2026-10-07,IDO,2030-12-31,33000.0,PE,2387.3,4781.56,22603.05,0,0,65
2026-10-07,IDO,2030-12-31,27000.0,PE,779.5,1831.42,22603.05,0,0,65
2026-10-07,IDO,2030-12-31,25500.0,PE,538.25,1316.9,22603.05,0,0,65
2026-10-07,IDO,2029-06-26,31500.0,PE,2443.35,5132.4,22603.05,0,0,65
2026-10-07,IDO,2029-06-26,28500.0,PE,1349.1,3165.5,22603.05,0,0,65
2026-10-07,IDO,2028-12-26,26000.0,PE,1814.0,2007.81,22603.05,6940,0,65
2026-10-07,IDO,2026-12-29,22450.0,CE,772.0,807.41,22603.05,3315,5,65
2026-10-07,IDO,2026-12-29,21300.0,CE,1500.55,1656.02,22603.05,195,0,65
2026-10-07,IDO,2026-10-13,21000.0,CE,1576.95,1622.03,22603.05,4615,5,65
2026-10-07,IDO,2026-10-13,22750.0,CE,69.5,69.5,22603.05,3716700,1514452,65
2026-10-07,IDO,2026-10-13,23700.0,CE,1.65,1.65,22603.05,3309150,327011,65
2026-10-07,IDO,2026-10-13,24400.0,CE,0.8,0.8,22603.05,477945,44479,65
2026-10-07,IDO,2026-10-13,25250.0,CE,0.55,0.55,22603.05,44135,3600,65
2026-10-07,IDO,2026-10-13,25300.0,CE,0.55,0.55,22603.05,144885,9605,65
2026-10-07,IDO,2026-10-19,20050.0,CE,3178.5,2589.27,22603.05,0,0,65
2026-10-07,IDO,2026-10-19,20200.0,CE,3029.55,2439.54,22603.05,0,0,65
2026-10-07,IDO,2026-10-19,20300.0,CE,2930.35,2339.72,22603.05,0,0,65
2026-10-07,IDO,2026-10-19,20350.0,CE,2880.75,2289.81,22603.05,0,0,65
2026-10-07,IDO,2026-10-19,21650.0,CE,913.55,998.6,22603.05,130,0,65
2026-10-07,IDO,2026-10-19,22150.0,CE,587.2,545.51,22603.05,2210,40,65
2026-10-07,IDO,2026-10-19,22350.0,CE,373.45,373.45,22603.05,14885,632,65
2026-10-07,IDO,2026-10-19,22550.0,CE,235.5,235.5,22603.05,106145,7563,65
2026-10-07,IDO,2026-10-19,22700.0,CE,159.15,159.15,22603.05,693745,53095,65
2026-10-07,IDO,2026-10-19,24200.0,CE,1.9,1.9,22603.05,184405,4830,65
2026-10-07,IDO,2026-10-27,20200.0,CE,4096.9,2463.85,22603.05,0,0,65
2026-10-07,IDO,2026-10-27,23000.0,CE,120.4,120.4,22603.05,5488795,123155,65
2026-10-07,IDO,2026-10-27,24150.0,CE,6.75,6.75,22603.05,86840,3029,65
2026-10-07,IDO,2026-10-27,24350.0,CE,5.2,5.2,22603.05,55770,500,65
2026-10-07,IDO,2026-10-27,25100.0,CE,2.3,2.3,22603.05,83460,450,65
2026-10-07,IDO,2026-10-27,25400.0,CE,1.8,1.8,22603.05,93600,696,65
2026-10-07,IDO,2026-10-27,25500.0,CE,1.65,1.65,22603.05,926900,6102,65
2026-10-07,IDO,2026-10-27,26050.0,CE,1.0,1.0,22603.05,8580,94,65
2026-10-07,IDO,2026-10-27,26100.0,CE,0.65,0.65,22603.05,10335,1,65
2026-10-07,IDO,2026-10-27,26450.0,CE,1.0,0.01,22603.05,520,0,65
2026-10-07,IDO,2026-10-27,26700.0,CE,0.75,0.01,22603.05,650,0,65
2026-10-07,IDO,2026-10-27,26900.0,CE,0.9,0.9,22603.05,35165,151,65
2026-10-07,IDO,2026-10-27,26950.0,CE,1.9,0.01,22603.05,910,0,65
2026-10-07,IDO,2026-11-03,21800.0,CE,1721.95,944.88,22603.05,0,0,65
2026-10-07,IDO,2026-11-03,22150.0,CE,536.65,663.44,22603.05,130,0,65
2026-10-07,IDO,2026-11-03,22550.0,CE,387.7,387.7,22603.05,7085,162,65
2026-10-07,IDO,2026-11-03,22600.0,CE,360.7,360.7,22603.05,74165,1771,65
2026-10-07,IDO,2026-11-03,23550.0,CE,49.1,49.1,22603.05,6370,88,65
2026-10-07,IDO,2026-11-03,24100.0,CE,16.8,16.8,22603.05,9815,178,65
2026-10-07,IDO,2026-11-03,24600.0,CE,7.95,7.95,22603.05,26780,202,65
2026-10-07,IDO,2026-11-09,21250.0,CE,1670.9,1475.58,22603.05,0,0,65
2026-10-07,IDO,2026-11-09,22300.0,CE,797.05,600.97,22603.05,0,0,65
2026-10-07,IDO,2026-11-09,22500.0,CE,664.25,475.73,22603.05,0,0,65
2026-10-07,IDO,2026-11-09,22600.0,CE,602.95,419.52,22603.05,0,0,65
2026-10-07,IDO,2026-11-09,22850.0,CE,465.15,298.11,22603.05,0,0,65
2026-10-07,IDO,2026-11-09,23400.0,CE,100.15,100.15,22603.05,6240,102,65
2026-10-07,IDO,2026-11-09,24200.0,CE,71.9,22.38,22603.05,0,0,65
2026-10-07,IDO,2026-11-23,20250.0,CE,4389.4,2498.29,22603.05,0,0,65
2026-10-07,IDO,2026-11-23,22100.0,CE,819.25,831.87,22603.05,5460,24,65
2026-10-07,IDO,2026-11-23,22500.0,CE,558.8,558.8,22603.05,443950,7177,65
2026-10-07,IDO,2026-11-23,23000.0,CE,303.75,303.75,22603.05,1554800,20407,65
2026-10-07,IDO,2026-11-23,23100.0,CE,261.0,261.0,22603.05,316875,2739,65
2026-10-07,IDO,2026-11-23,24250.0,CE,41.35,41.35,22603.05,15860,47,65
2026-10-07,IDO,2026-11-23,25050.0,CE,18.45,9.36,22603.05,1040,0,65
2026-10-07,IDO,2026-11-23,25100.0,CE,15.55,15.55,22603.05,42445,161,65
2026-10-07,IDO,2026-11-23,25200.0,CE,14.35,14.35,22603.05,10530,88,65
2026-10-07,IDO,2026-11-23,25600.0,CE,11.0,2.55,22603.05,1105,1,65
2026-10-07,IDO,2026-12-29,19500.0,CE,7586.85,3347.82,22603.05,0,0,65
2026-10-07,IDO,2030-12-31,22500.0,PE,219.35,579.1,22603.05,0,0,65
2026-10-07,IDO,2030-06-25,30000.0,PE,2100.85,3432.13,22603.05,0,0,65
2026-10-07,IDO,2029-12-24,19500.0,PE,61.2,180.93,22603.05,0,0,65
2026-10-07,IDO,2029-06-26,27000.0,PE,1252.35,2337.41,22603.05,0,0,65
2026-10-07,IDO,2029-06-26,18000.0,PE,118.45,70.49,22603.05,0,0,65
2026-10-07,IDO,2028-12-26,30000.0,PE,3500.0,4513.66,22603.05,325,0,65
2026-10-07,IDO,2028-06-27,22000.0,PE,650.0,529.3,22603.05,2210,0,65
2026-10-07,IDO,2027-09-28,19500.0,PE,134.1,72.29,22603.05,65,0,65
2026-10-07,IDO,2027-06-29,28500.0,PE,1807.05,4833.19,22603.05,0,0,65
2026-10-07,IDO,2027-06-29,18000.0,PE,70.0,6.73,22603.05,230,0,65
2026-10-07,IDO,2027-03-30,15000.0,PE,19.15,19.15,22603.05,17940,147,65
2026-10-07,IDO,2026-12-29,23700.0,PE,989.15,1068.06,22603.05,3315,31,65
2026-10-07,IDO,2026-12-29,23650.0,PE,923.35,1032.79,22603.05,2275,0,65
2026-10-07,IDO,2026-12-29,23450.0,PE,865.0,897.48,22603.05,1040,0,65
2026-10-07,IDO,2026-12-29,23250.0,PE,689.35,771.89,22603.05,2080,5,65
2026-10-07,IDO,2026-12-29,21800.0,PE,205.3,205.3,22603.05,89700,496,65
2026-10-07,IDO,2026-12-29,21550.0,PE,162.9,162.9,22603.05,6370,94,65
2026-10-07,IDO,2026-12-29,20050.0,PE,53.35,8.88,22603.05,3315,33,65
2026-10-07,IDO,2026-12-29,12000.0,PE,3.45,3.45,22603.05,23025,19,65
2026-10-07,IDO,2026-11-23,26100.0,PE,1675.5,3313.45,22603.05,0,0,65
2026-10-07,IDO,2026-11-23,25900.0,PE,3176.5,3115.35,22603.05,65,0,65
2026-10-07,IDO,2026-11-23,24750.0,PE,2024.7,1990.17,22603.05,65,0,65
2026-10-07,IDO,2026-11-23,24600.0,PE,2050.0,1847.66,22603.05,3575,0,65
2026-10-07,IDO,2026-11-23,24050.0,PE,1132.55,1345.42,22603.05,1040,0,65
2026-10-07,IDO,2026-11-23,23800.0,PE,1114.0,1132.73,22603.05,57915,15,65
2026-10-07,IDO,2026-11-23,23400.0,PE,803.55,803.55,22603.05,92300,96,65
2026-10-07,IDO,2026-11-23,23300.0,PE,735.6,735.6,22603.05,51740,91,65
2026-10-07,IDO,2026-11-23,22200.0,PE,226.1,226.1,22603.05,354900,9801,65
2026-10-07,IDO,2026-11-23,21950.0,PE,167.35,167.35,22603.05,17160,100,65
2026-10-07,IDO,2026-11-23,21750.0,PE,131.75,131.75,22603.05,9295,120,65
2026-10-07,IDO,2026-11-23,21450.0,PE,95.05,95.05,22603.05,5915,202,65
2026-10-07,IDO,2026-11-23,21150.0,PE,66.7,66.7,22603.05,1170,3,65
2026-10-07,IDO,2026-11-23,20650.0,PE,40.0,7.7,22603.05,1820,0,65
2026-10-07,IDO,2026-11-23,20450.0,PE,32.0,4.32,22603.05,260,4,65
2026-10-07,IDO,2026-11-23,20250.0,PE,4.0,2.33,22603.05,0,0,65
2026-10-07,IDO,2026-11-09,24450.0,PE,1585.85,1737.65,22603.05,0,0,65
2026-10-07,IDO,2026-11-09,23200.0,PE,605.95,654.33,22603.05,0,0,65
2026-10-07,IDO,2026-11-09,22900.0,PE,438.2,460.44,22603.05,0,0,65
2026-10-07,IDO,2026-11-09,22000.0,PE,136.8,136.8,22603.05,3120,67,65
2026-10-07,IDO,2026-11-03,25150.0,PE,1711.15,2445.4,22603.05,0,0,65
2026-10-07,IDO,2026-11-03,24500.0,PE,1160.15,1802.67,22603.05,0,0,65
2026-10-07,IDO,2026-11-03,24200.0,PE,1659.45,1511.4,22603.05,65,0,65
2026-10-07,IDO,2026-11-03,24050.0,PE,829.7,1368.56,22603.05,0,0,65
2026-10-07,IDO,2026-11-03,24000.0,PE,788.3,1321.52,22603.05,65,0,65
2026-10-07,IDO,2026-11-03,23650.0,PE,463.5,1003.57,22603.05,195,0,65
2026-10-07,IDO,2026-11-03,23600.0,PE,555.1,960.21,22603.05,0,0,65
2026-10-07,IDO,2026-11-03,22800.0,PE,385.05,385.05,22603.05,15015,390,65
2026-10-07,IDO,2026-11-03,22350.0,PE,194.35,194.35,22603.05,5785,134,65
2026-10-07,IDO,2026-11-03,21900.0,PE,98.1,98.1,22603.05,7930,162,65
2026-10-07,IDO,2026-11-03,21550.0,PE,57.45,57.45,22603.05,5395,49,65
2026-10-07,IDO,2026-11-03,21300.0,PE,40.9,40.9,22603.05,3380,53,65
2026-10-07,IDO,2026-11-03,20350.0,PE,1.3,0.27,22603.05,0,0,65
2026-10-07,IDO,2026-11-03,20250.0,PE,0.95,0.17,22603.05,0,0,65
2026-10-07,IDO,2026-11-03,20150.0,PE,0.7,0.1,22603.05,0,0,65
2026-10-07,IDO,2026-10-27,26950.0,PE,2675.85,4265.85,22603.05,0,0,65
2026-10-07,IDO,2026-10-27,26900.0,PE,3583.15,4216.0,22603.05,1430,0,65
2026-10-07,IDO,2026-10-27,26750.0,PE,2501.2,4066.46,22603.05,0,0,65
2026-10-07,IDO,2026-10-27,26100.0,PE,3200.0,3418.41,22603.05,195,0,65
2026-10-07,IDO,2026-10-27,25250.0,PE,2249.0,2571.02,22603.05,260,0,65
2026-10-07,IDO,2026-10-27,23350.0,PE,739.95,739.95,22603.05,28860,39,65
2026-10-07,IDO,2026-10-27,21900.0,PE,70.05,70.05,22603.05,633425,21198,65
2026-10-07,IDO,2026-10-27,21100.0,PE,18.45,18.45,22603.05,82030,3079,65
2026-10-07,IDO,2026-10-19,24650.0,PE,1460.6,2002.45,22603.05,0,0,65
2026-10-07,IDO,2026-10-19,23900.0,PE,777.4,1256.19,22603.05,0,0,65
2026-10-07,IDO,2026-10-19,23700.0,PE,1116.0,1060.39,22603.05,1820,6,65
2026-10-07,IDO,2026-10-19,23000.0,PE,444.95,444.95,22603.05,105755,5396,65
2026-10-07,IDO,2026-10-19,22650.0,PE,218.7,218.7,22603.05,119080,18243,65
2026-10-07,IDO,2026-10-19,21800.0,PE,27.05,27.05,22603.05,305110,17634,65
2026-10-07,IDO,2026-10-19,21400.0,PE,10.5,10.5,22603.05,323310,14143,65
2026-10-07,IDO,2026-10-19,21200.0,PE,7.55,7.55,22603.05,188760,9654,65
2026-10-07,IDO,2026-10-19,20900.0,PE,5.15,5.15,22603.05,67405,3167,65
2026-10-07,IDO,2026-10-19,20650.0,PE,4.35,4.35,22603.05,8060,295,65
2026-10-07,IDO,2026-10-13,23400.0,PE,812.0,812.0,22603.05,222950,582,65
2026-10-07,IDO,2026-10-13,23000.0,PE,429.3,429.3,22603.05,1352325,103829,65
2026-10-07,IDO,2026-10-13,22850.0,PE,300.0,300.0,22603.05,228865,94845,65
2026-10-07,IDO,2026-10-13,21150.0,PE,1.95,1.95,22603.05,343135,61384,65
2026-10-07,IDO,2026-10-13,20650.0,PE,1.35,1.35,22603.05,102700,14733,65
2026-10-07,IDO,2031-06-24,31500.0,CE,3928.35,1921.36,22603.05,0,0,65
2026-10-07,IDO,2031-06-24,16500.0,CE,11849.25,9914.3,22603.05,0,0,65
2026-10-07,IDO,2030-12-31,15000.0,CE,14862.95,10734.16,22603.05,0,0,65
2026-10-07,IDO,2029-12-24,22500.0,CE,8486.15,4379.78,22603.05,0,0,65
2026-10-07,IDO,2027-03-30,33000.0,CE,8.9,8.9,22603.05,13000,8,65
2026-10-07,IDO,2026-12-29,34500.0,CE,1.65,0.01,22603.05,1365,0,65
2026-10-07,IDO,2026-12-29,27000.0,CE,10.15,10.15,22603.05,1839885,2263,65
2026-10-07,IDO,2026-12-29,25500.0,CE,27.45,27.45,22603.05,1027520,3950,65
2026-10-07,IDO,2026-12-29,23850.0,CE,177.05,177.05,22603.05,21710,164,65
2026-10-07,IDO,2026-12-29,23750.0,CE,199.55,199.55,22603.05,15210,186,65
2026-10-07,IDO,2026-12-29,23500.0,CE,272.25,272.25,22603.05,525330,4352,65
2026-10-07,IDO,2026-11-03,22250.0,CE,568.95,591.41,22603.05,1040,15,65
2026-10-07,IDO,2026-11-03,22650.0,CE,325.25,325.25,22603.05,9490,283,65
2026-10-07,IDO,2026-10-13,20950.0,CE,2803.55,1671.98,22603.05,0,0,65
2026-10-07,IDO,2026-10-13,22050.0,CE,559.55,559.55,22603.05,21125,945,65
2026-10-07,IDO,2026-10-13,22600.0,CE,132.6,132.6,22603.05,6686095,3133009,65
2026-10-07,IDO,2026-10-13,22900.0,CE,32.15,32.15,22603.05,4408235,1482251,65
2026-10-07,IDO,2026-10-13,23150.0,CE,8.1,8.1,22603.05,3232645,472869,65
2026-10-07,IDO,2026-10-13,23300.0,CE,4.4,4.4,22603.05,5221320,743533,65
2026-10-07,IDO,2026-10-13,24150.0,CE,0.95,0.95,22603.05,215020,17377,65
2026-10-07,IDO,2026-10-13,24500.0,CE,0.8,0.8,22603.05,2330640,169309,65
2026-10-07,IDO,2026-10-19,21050.0,CE,2191.7,1591.26,22603.05,0,0,65
2026-10-07,IDO,2026-10-19,21100.0,CE,2143.1,1541.42,22603.05,0,0,65
2026-10-07,IDO,2026-10-19,21200.0,CE,2046.4,1441.84,22603.05,0,0,65
2026-10-07,IDO,2026-10-19,22500.0,CE,267.5,267.5,22603.05,207740,12970,65
2026-10-07,IDO,2026-10-19,22600.0,CE,208.35,208.35,22603.05,523380,41417,65
2026-10-07,IDO,2026-10-19,24050.0,CE,2.1,2.1,22603.05,28080,946,65
2026-10-07,IDO,2026-10-19,24300.0,CE,1.75,1.75,22603.05,53170,1854,65
2026-10-07,IDO,2026-10-19,24750.0,CE,1.4,1.4,22603.05,585,17,65
2026-10-07,IDO,2026-11-09,23750.0,PE,990.05,1090.54,22603.05,0,0,65
2026-10-07,IDO,2026-11-09,23950.0,PE,1150.3,1268.09,22603.05,0,0,65
2026-10-07,IDO,2026-11-23,20950.0,PE,48.75,17.0,22603.05,650,3,65
2026-10-07,IDO,2026-11-23,21100.0,PE,64.65,64.65,22603.05,35425,466,65
2026-10-07,IDO,2026-11-23,22050.0,PE,185.85,185.85,22603.05,15015,198,65
2026-10-07,IDO,2026-11-23,23600.0,PE,964.2,964.2,22603.05,40820,117,65
2026-10-07,IDO,2026-11-23,24000.0,PE,1297.3,1297.3,22603.05,296335,248,65
2026-10-07,IDO,2026-11-23,25300.0,PE,1600.0,2523.68,22603.05,65,0,65
2026-10-07,IDO,2026-11-23,26050.0,PE,1637.9,3263.9,22603.05,0,0,65
2026-10-07,IDO,2026-12-29,16500.0,PE,11.25,0.01,22603.05,5785,15,65
2026-10-07,IDO,2026-12-29,18000.0,PE,21.1,21.1,22603.05,1104305,3877,65
2026-10-07,IDO,2026-12-29,20550.0,PE,55.9,24.68,22603.05,0,0,65
2026-10-07,IDO,2026-12-29,21300.0,PE,132.45,132.45,22603.05,11895,190,65
2026-10-07,IDO,2026-12-29,21950.0,PE,234.75,234.75,22603.05,10530,91,65
2026-10-07,IDO,2026-12-29,22150.0,PE,278.3,278.3,22603.05,8450,106,65
2026-10-07,IDO,2026-12-29,22650.0,PE,441.45,441.45,22603.05,7930,90,65
2026-10-07,IDO,2026-12-29,23000.0,PE,592.45,592.45,22603.05,2683570,5918,65
2026-10-07,IDO,2026-12-29,23300.0,PE,744.7,744.7,22603.05,3055,80,65
2026-10-07,IDO,2026-12-29,23750.0,PE,1120.0,1103.89,22603.05,2795,0,65
2026-10-07,IDO,2026-12-29,26000.0,PE,3048.05,3048.05,22603.05,1617725,180,65
2026-10-07,IDO,2027-03-30,27000.0,PE,3585.1,3585.1,22603.05,82030,40,65
2026-10-07,IDO,2027-09-28,18000.0,PE,40.2,14.63,22603.05,0,0,65
2026-10-07,IDO,2027-12-28,21000.0,PE,406.9,406.9,22603.05,87555,468,65
2026-10-07,IDO,2028-06-27,33000.0,PE,3707.8,7511.4,22603.05,0,0,65
2026-10-07,IDO,2028-12-26,15000.0,PE,22.25,3.74,22603.05,0,0,65
2026-10-07,IDO,2028-12-26,23000.0,PE,913.0,799.45,22603.05,2910,1,65
2026-10-07,IDO,2029-06-26,16500.0,PE,8.1,23.86,22603.05,0,0,65
2026-10-07,IDO,2029-12-24,21000.0,PE,418.05,356.33,22603.05,1885,0,65
2026-10-07,IDO,2029-12-24,22500.0,PE,225.7,628.59,22603.05,0,0,65
2026-10-07,IDO,2026-11-03,21850.0,CE,1676.7,902.23,22603.05,0,0,65
2026-10-07,IDO,2026-11-03,21450.0,CE,2046.95,1260.26,22603.05,0,0,65
2026-10-07,IDO,2026-11-03,21050.0,CE,2431.1,1643.83,22603.05,0,0,65
2026-10-07,IDO,2026-11-03,20750.0,CE,2724.4,1938.95,22603.05,0,0,65
2026-10-07,IDO,2026-11-03,20600.0,CE,2872.0,2087.56,22603.05,0,0,65
2026-10-07,IDO,2026-11-03,20050.0,CE,3416.1,2634.52,22603.05,0,0,65
2026-10-07,IDO,2026-10-27,27150.0,CE,1.0,0.01,22603.05,5590,52,65
2026-10-07,IDO,2026-10-27,24700.0,CE,3.3,3.3,22603.05,278850,1522,65
2026-10-07,IDO,2026-10-27,24400.0,CE,4.8,4.8,22603.05,334750,3485,65
2026-10-07,IDO,2026-10-27,24100.0,CE,7.4,7.4,22603.05,587405,7090,65
2026-10-07,IDO,2026-10-27,23850.0,CE,11.4,11.4,22603.05,127985,2138,65
2026-10-07,IDO,2026-10-27,23200.0,CE,68.5,68.5,22603.05,2756130,45391,65
2026-10-07,IDO,2026-10-27,22650.0,CE,268.25,268.25,22603.05,242060,11553,65
2026-10-07,IDO,2026-10-27,22600.0,CE,295.3,295.3,22603.05,1789905,74711,65
2026-10-07,IDO,2026-10-27,22100.0,CE,643.35,643.35,22603.05,59605,487,65
2026-10-07,IDO,2026-10-27,21350.0,CE,1174.0,1324.22,22603.05,65,0,65
2026-10-07,IDO,2026-10-27,20350.0,CE,3951.55,2314.33,22603.05,0,0,65
2026-10-07,IDO,2026-11-09,23050.0,PE,518.1,552.89,22603.05,0,0,65
2026-10-07,IDO,2026-11-09,23000.0,PE,536.55,536.55,22603.05,195,5,65
2026-10-07,IDO,2026-11-09,22800.0,PE,389.45,404.07,22603.05,0,0,65
2026-10-07,IDO,2026-11-09,22700.0,PE,360.0,352.03,22603.05,130,3,65
2026-10-07,IDO,2026-11-09,21600.0,PE,72.5,43.42,22603.05,325,5,65
2026-10-07,IDO,2026-11-03,24850.0,PE,1448.0,2147.7,22603.05,0,0,65
2026-10-07,IDO,2026-11-03,24150.0,PE,898.65,1463.53,22603.05,0,0,65
2026-10-07,IDO,2026-11-03,23100.0,PE,547.0,547.0,22603.05,5070,38,65
2026-10-07,IDO,2026-11-03,22200.0,PE,156.3,156.3,22603.05,10465,196,65
2026-10-07,IDO,2026-11-03,21700.0,PE,71.95,71.95,22603.05,20540,437,65
2026-10-07,IDO,2026-11-03,21600.0,PE,62.1,62.1,22603.05,9165,123,65
2026-10-07,IDO,2026-11-03,21500.0,PE,54.3,54.3,22603.05,34775,640,65
2026-10-07,IDO,2026-11-03,20200.0,PE,0.85,0.13,22603.05,0,0,65
2026-10-07,IDO,2026-10-27,26300.0,PE,3650.45,3617.81,22603.05,34970,1,65
2026-10-07,IDO,2026-10-27,26150.0,PE,2950.0,3468.26,22603.05,195,0,65
2026-10-07,IDO,2026-10-27,25450.0,PE,1850.0,2770.39,22603.05,325,0,65
2026-10-07,IDO,2026-10-27,25400.0,PE,2600.0,2720.54,22603.05,8840,0,65
2026-10-07,IDO,2026-10-27,24850.0,PE,2096.95,2172.5,22603.05,1365,8,65
2026-10-07,IDO,2026-10-27,24200.0,PE,1548.45,1548.45,22603.05,379340,160,65
2026-10-07,IDO,2026-10-27,24050.0,PE,1197.55,1382.58,22603.05,4030,1,65
2026-10-07,IDO,2026-10-27,22200.0,PE,124.0,124.0,22603.05,1487720,24663,65
2026-10-07,IDO,2026-10-27,21950.0,PE,75.75,75.75,22603.05,73905,2594,65
2026-10-07,IDO,2026-10-27,21550.0,PE,37.25,37.25,22603.05,28600,667,65
2026-10-07,IDO,2026-10-19,23600.0,PE,986.65,986.65,22603.05,3380,45,65
2026-10-07,IDO,2026-10-19,23150.0,PE,549.35,558.56,22603.05,2275,41,65
2026-10-07,IDO,2026-10-19,22750.0,PE,272.15,272.15,22603.05,68055,6992,65
2026-10-07,IDO,2026-10-19,22700.0,PE,244.2,244.2,22603.05,396045,41440,65
2026-10-07,IDO,2026-10-19,21950.0,PE,38.65,38.65,22603.05,70915,5040,65
2026-10-07,IDO,2026-10-19,21550.0,PE,14.9,14.9,22603.05,46150,4057,65
2026-10-07,IDO,2026-10-19,21250.0,PE,8.45,8.45,22603.05,53235,2271,65
2026-10-07,IDO,2026-10-19,20950.0,PE,5.3,5.3,22603.05,7800,302,65
2026-10-07,IDO,2026-10-19,20200.0,PE,3.65,3.65,22603.05,4810,94,65
2026-10-07,IDO,2026-10-13,22600.0,PE,141.7,141.7,22603.05,6250595,4392616,65
2026-10-07,IDO,2026-10-13,21650.0,PE,4.3,4.3,22603.05,709020,218201,65
2026-10-07,IDO,2026-10-13,20850.0,PE,1.55,1.55,22603.05,130715,26532,65
2026-10-07,IDO,2026-10-13,20100.0,PE,1.0,1.0,22603.05,3719820,91217,65
2026-10-07,IDO,2030-12-31,21000.0,CE,10552.5,6313.11,22603.05,0,0,65
2026-10-07,IDO,2030-06-25,30000.0,CE,5580.35,1583.03,22603.05,0,0,65
2026-10-07,IDO,2030-06-25,22500.0,CE,9012.4,4869.26,22603.05,0,0,65
2026-10-07,IDO,2030-06-25,18000.0,CE,12423.9,8018.91,22603.05,0,0,65
2026-10-07,IDO,2029-12-24,30000.0,CE,1331.0,1215.6,22603.05,13670,5,65
2026-10-07,IDO,2029-06-26,27000.0,CE,6570.4,1692.74,22603.05,0,0,65
2026-10-07,IDO,2029-06-26,24000.0,CE,8085.35,3010.48,22603.05,0,0,65
2026-10-07,IDO,2029-06-26,19500.0,CE,10206.95,5983.88,22603.05,0,0,65
2026-10-07,IDO,2027-03-30,19500.0,PE,85.95,85.95,22603.05,527215,945,65
2026-10-07,IDO,2027-03-30,21000.0,PE,197.5,197.5,22603.05,1112800,2855,65
2026-10-07,IDO,2027-09-28,27000.0,PE,3265.0,3276.87,22603.05,0,0,65
2026-10-07,IDO,2027-12-28,30000.0,PE,5090.55,5559.0,22603.05,6760,1,65
2026-10-07,IDO,2028-12-26,24000.0,PE,1236.0,1130.28,22603.05,4810,2,65
2026-10-07,IDO,2030-06-25,21000.0,PE,220.0,353.13,22603.05,65,0,65
2026-10-07,IDO,2031-06-24,22500.0,PE,663.6,553.88,22603.05,0,0,65
2026-10-07,IDO,2028-12-26,33000.0,PE,3315.4,6834.12,22603.05,0,0,65
2026-10-07,IDO,2027-09-28,28500.0,PE,4441.5,4538.13,22603.05,0,0,65
2026-10-07,IDO,2027-06-29,21000.0,PE,270.5,270.5,22603.05,70120,472,65
2026-10-07,IDO,2027-06-29,15000.0,PE,1173.2,0.02,22603.05,0,0,65
2026-10-07,IDO,2027-03-30,18000.0,PE,50.4,50.4,22603.05,150150,885,65
