TradDt,FinInstrmTp,XpryDt,StrkPric,OptnTp,ClsPric,SttlmPric,UndrlygPric,OpnIntrst,TtlTradgVol,NewBrdLotQty
2026-09-25,IDO,2031-06-24,22500.0,PE,663.6,615.07,23140.5,0,0,65
2026-09-25,IDO,2026-10-13,24900.0,PE,1237.05,1693.92,23140.5,0,0,65
2026-09-25,IDO,2031-06-24,19500.0,PE,289.2,247.58,23140.5,0,0,65
2026-09-25,IDO,2030-12-31,24000.0,PE,1000.0,936.32,23140.5,520,0,65
2026-09-25,IDO,2030-06-25,28500.0,PE,1167.6,2466.41,23140.5,0,0,65
2026-09-25,IDO,2029-12-24,33000.0,PE,2953.7,5087.39,23140.5,0,0,65
2026-09-25,IDO,2029-12-24,24000.0,PE,755.0,1033.56,23140.5,520,0,65
2026-09-25,IDO,2029-06-26,30000.0,PE,2031.05,3695.22,23140.5,0,0,65
2026-09-25,IDO,2029-06-26,27000.0,PE,1252.35,2176.32,23140.5,0,0,65
2026-09-25,IDO,2029-06-26,25500.0,PE,624.25,1571.52,23140.5,0,0,65
2026-09-25,IDO,2028-12-26,26000.0,PE,1443.05,1443.05,23140.5,6940,6,65
2026-09-25,IDO,2028-12-26,23000.0,PE,720.9,720.9,23140.5,2715,3,65
2026-09-25,IDO,2028-06-27,33000.0,PE,3707.8,6728.43,23140.5,0,0,65
2026-09-25,IDO,2027-12-28,26000.0,PE,1627.65,1627.65,23140.5,87950,74,65
2026-09-25,IDO,2027-12-28,25000.0,PE,1154.85,1154.85,23140.5,246935,371,65
2026-09-25,IDO,2027-06-29,22500.0,PE,411.9,411.9,23140.5,7930,89,65
2026-09-25,IDO,2027-03-30,24000.0,PE,794.75,794.75,23140.5,809055,1793,65
2026-09-25,IDO,2026-12-29,30000.0,PE,6282.4,6282.4,23140.5,428845,356,65
2026-09-25,IDO,2026-12-29,23000.0,PE,335.25,335.25,23140.5,3345100,12942,65
2026-09-25,IDO,2026-11-23,25300.0,PE,1600.0,1981.69,23140.5,65,0,65
2026-09-25,IDO,2026-11-23,24900.0,PE,1365.0,1635.62,23140.5,1040,0,65
2026-09-25,IDO,2026-11-23,24600.0,PE,1221.6,1391.18,23140.5,3250,4,65
2026-09-25,IDO,2026-11-23,24500.0,PE,1184.75,1184.75,23140.5,238810,231,65
2026-09-25,IDO,2026-11-23,24000.0,PE,779.8,779.8,23140.5,293865,806,65
2026-09-25,IDO,2026-11-23,23800.0,PE,640.2,640.2,23140.5,84045,186,65
2026-09-25,IDO,2026-11-23,22000.0,PE,93.3,93.3,23140.5,734695,8714,65
2026-09-25,IDO,2026-11-23,21550.0,PE,34.3,67.38,23140.5,0,0,65
2026-09-25,IDO,2026-11-23,21150.0,PE,18.9,34.7,23140.5,0,0,65
2026-09-25,IDO,2026-11-03,24150.0,PE,898.65,1022.85,23140.5,0,0,65
2026-09-25,IDO,2026-11-03,24100.0,PE,863.85,986.01,23140.5,0,0,65
2026-09-25,IDO,2026-11-03,23450.0,PE,425.0,558.68,23140.5,260,1,65
2026-09-25,IDO,2026-11-03,23400.0,PE,458.3,531.24,23140.5,4030,10,65
2026-09-25,IDO,2026-11-03,23300.0,PE,344.85,344.85,23140.5,2665,25,65
2026-09-25,IDO,2026-11-03,22850.0,PE,186.35,186.35,23140.5,195,8,65
2026-09-25,IDO,2026-11-03,22650.0,PE,143.3,143.3,23140.5,910,20,65
2026-09-25,IDO,2026-11-03,22200.0,PE,77.65,77.65,23140.5,2665,67,65
2026-09-25,IDO,2026-11-03,22100.0,PE,67.35,67.35,23140.5,910,13,65
2026-09-25,IDO,2026-11-03,21600.0,PE,29.95,36.93,23140.5,0,0,65
2026-09-25,IDO,2026-11-03,21500.0,PE,33.0,33.0,23140.5,260,4,65
2026-09-25,IDO,2026-10-27,27200.0,PE,3900.65,3900.65,23140.5,35750,523,65
2026-09-25,IDO,2026-10-27,27150.0,PE,3860.6,3859.87,23140.5,325,5,65
2026-09-25,IDO,2026-10-27,26850.0,PE,2588.1,3561.74,23140.5,0,0,65
2026-09-25,IDO,2026-10-27,26550.0,PE,2330.1,3263.87,23140.5,0,0,65
2026-09-25,IDO,2026-10-27,24950.0,PE,1755.8,1705.7,23140.5,3900,1,65
2026-09-25,IDO,2026-10-27,24700.0,PE,1434.25,1434.25,23140.5,206635,726,65
2026-09-25,IDO,2026-10-27,24650.0,PE,1470.0,1432.41,23140.5,2925,1,65
2026-09-25,IDO,2026-10-27,24200.0,PE,957.35,957.35,23140.5,364650,2041,65
2026-09-25,IDO,2026-10-27,23650.0,PE,523.95,523.95,23140.5,26000,99,65
2026-09-25,IDO,2026-10-27,23600.0,PE,486.4,486.4,23140.5,708435,3867,65
2026-09-25,IDO,2026-10-27,23400.0,PE,373.6,373.6,23140.5,1620255,10291,65
2026-09-25,IDO,2026-10-19,23850.0,PE,815.85,765.81,23140.5,0,0,65
2026-09-25,IDO,2026-10-19,23550.0,PE,480.0,557.03,23140.5,3445,4,65
2026-09-25,IDO,2026-10-19,22850.0,PE,130.0,130.0,23140.5,3640,119,65
2026-09-25,IDO,2026-10-19,21350.0,PE,21.0,6.16,23140.5,1235,0,65
2026-09-25,IDO,2026-10-13,24800.0,PE,1155.2,1596.7,23140.5,0,0,65
2026-09-25,IDO,2026-10-13,23200.0,PE,212.15,212.15,23140.5,255515,8147,65
2026-09-25,IDO,2026-10-13,23050.0,PE,155.85,155.85,23140.5,25480,1468,65
2026-09-25,IDO,2026-10-13,22250.0,PE,28.25,28.25,23140.5,12870,343,65
2026-09-25,IDO,2026-10-13,21250.0,PE,4.45,1.52,23140.5,0,0,65
2026-09-25,IDO,2026-10-06,25550.0,PE,1432.35,2363.91,23140.5,0,0,65
2026-09-25,IDO,2026-10-06,25300.0,PE,1222.15,2114.46,23140.5,0,0,65
2026-09-25,IDO,2026-10-06,25200.0,PE,2080.0,2014.72,23140.5,65,1,65
2026-09-25,IDO,2026-10-06,24750.0,PE,1438.5,1567.19,23140.5,195,0,65
2026-09-25,IDO,2026-10-06,24200.0,PE,1007.0,1007.0,23140.5,10855,129,65
2026-09-25,IDO,2026-10-06,24100.0,PE,899.5,899.5,23140.5,15860,191,65
2026-09-25,IDO,2026-10-06,24050.0,PE,841.9,841.9,23140.5,3055,44,65
2026-09-25,IDO,2026-10-06,23800.0,PE,616.15,616.15,23140.5,120315,893,65
2026-09-25,IDO,2026-10-06,23550.0,PE,397.2,397.2,23140.5,31200,349,65
2026-09-25,IDO,2026-10-06,23400.0,PE,284.6,284.6,23140.5,859040,11855,65
2026-09-25,IDO,2026-10-06,22550.0,PE,24.85,24.85,23140.5,241345,18663,65
2026-09-25,IDO,2026-10-06,22200.0,PE,11.85,11.85,23140.5,1289795,43673,65
2026-09-25,IDO,2026-09-29,25950.0,PE,1299.0,2792.64,23140.5,65,0,65
2026-09-25,IDO,2026-09-29,25450.0,PE,2000.0,2292.97,23140.5,585,0,65
2026-09-25,IDO,2026-09-29,25400.0,PE,2232.25,2243.0,23140.5,19760,23,65
2026-09-25,IDO,2026-09-29,25200.0,PE,2008.8,2008.8,23140.5,66235,117,65
2026-09-25,IDO,2026-09-29,24650.0,PE,1469.4,1469.4,23140.5,33800,52,65
2026-09-25,IDO,2026-09-29,24500.0,PE,1308.7,1308.7,23140.5,1332825,16822,65
2026-09-25,IDO,2026-09-29,24300.0,PE,1113.2,1113.2,23140.5,2038595,15797,65
2026-09-25,IDO,2026-09-29,24200.0,PE,1014.6,1014.6,23140.5,939445,5255,65
2026-09-25,IDO,2026-09-29,21750.0,PE,1.5,1.5,23140.5,683930,86653,65
2026-09-25,IDO,2026-09-29,21400.0,PE,1.15,1.15,23140.5,2709005,129517,65
2026-09-25,IDO,2026-09-29,21200.0,PE,0.95,0.95,23140.5,159445,40172,65
2026-09-25,IDO,2026-09-29,20900.0,PE,0.8,0.8,23140.5,100620,13874,65
2026-09-25,IDO,2026-09-29,19500.0,PE,0.4,0.4,23140.5,843115,18370,65
2026-09-25,IDO,2031-06-24,25500.0,CE,6409.8,5474.44,23140.5,0,0,65
2026-09-25,IDO,2031-06-24,19500.0,CE,9840.6,8936.28,23140.5,0,0,65
2026-09-25,IDO,2030-06-25,27000.0,CE,6972.5,3717.85,23140.5,0,0,65
2026-09-25,IDO,2029-06-26,16500.0,CE,12587.95,9317.5,23140.5,0,0,65
2026-09-25,IDO,2028-06-27,33000.0,CE,2004.15,330.46,23140.5,0,0,65
2026-09-25,IDO,2027-12-28,27000.0,CE,458.6,458.6,23140.5,177530,316,65
2026-09-25,IDO,2027-12-28,19500.0,CE,8684.7,5257.51,23140.5,0,0,65
2026-09-25,IDO,2027-12-28,15000.0,CE,7931.05,9286.53,23140.5,0,0,65
2026-09-25,IDO,2027-06-29,22500.0,CE,5539.6,2252.15,23140.5,0,0,65
2026-09-25,IDO,2027-03-30,25500.0,CE,211.95,211.95,23140.5,756015,3418,65
2026-09-25,IDO,2026-12-29,33000.0,CE,3.0,0.01,23140.5,107965,25,65
2026-09-25,IDO,2026-11-23,25050.0,CE,25.8,25.8,23140.5,845,2,65
2026-09-25,IDO,2026-11-23,23050.0,CE,594.05,594.05,23140.5,2860,139,65
2026-09-25,IDO,2026-11-23,22150.0,CE,1411.85,1373.64,23140.5,195,0,65
2026-09-25,IDO,2026-11-23,21900.0,CE,2815.2,1575.82,23140.5,0,0,65
2026-09-25,IDO,2026-11-23,21350.0,CE,3327.35,2056.0,23140.5,0,0,65
2026-09-25,IDO,2026-11-23,21150.0,CE,3517.65,2239.83,23140.5,0,0,65
2026-09-25,IDO,2026-11-03,25200.0,CE,56.85,35.11,23140.5,0,0,65
2026-09-25,IDO,2026-11-03,25000.0,CE,77.25,49.32,23140.5,0,0,65
2026-09-25,IDO,2026-11-03,24950.0,CE,83.2,53.57,23140.5,0,0,65
2026-09-25,IDO,2026-11-03,24350.0,CE,190.35,133.59,23140.5,0,0,65
2026-09-25,IDO,2026-11-03,23750.0,CE,380.65,290.03,23140.5,0,0,65
2026-09-25,IDO,2026-11-03,23000.0,CE,464.0,636.42,23140.5,520,9,65
2026-09-25,IDO,2026-11-03,22350.0,CE,1246.8,1081.21,23140.5,0,0,65
2026-09-25,IDO,2026-11-03,22150.0,CE,1413.3,1241.28,23140.5,0,0,65
2026-09-25,IDO,2026-11-03,22050.0,CE,1499.4,1324.69,23140.5,0,0,65
2026-09-25,IDO,2026-11-03,21500.0,CE,1999.75,1814.99,23140.5,0,0,65
2026-09-25,IDO,2026-10-27,26900.0,CE,1.2,0.32,23140.5,24375,89,65
2026-09-25,IDO,2026-10-27,26400.0,CE,1.85,1.25,23140.5,8450,19,65
2026-09-25,IDO,2026-10-27,24700.0,CE,11.1,11.1,23140.5,365950,4731,65
2026-09-25,IDO,2026-10-27,24300.0,CE,25.0,25.0,23140.5,680290,14973,65
2026-09-25,IDO,2026-10-27,24150.0,CE,36.4,36.4,23140.5,82420,1333,65
2026-09-25,IDO,2026-10-27,23550.0,CE,170.9,170.9,23140.5,66885,1678,65
2026-09-25,IDO,2026-10-27,21100.0,CE,3235.55,2163.83,23140.5,0,0,65
2026-09-25,IDO,2026-10-19,23500.0,CE,142.25,142.25,23140.5,65845,1388,65
2026-09-25,IDO,2026-10-19,23450.0,CE,161.05,161.05,23140.5,12350,132,65
2026-09-25,IDO,2026-10-19,23050.0,CE,375.5,375.5,23140.5,6760,194,65
2026-09-25,IDO,2026-10-19,22750.0,CE,732.15,658.34,23140.5,0,0,65
2026-09-25,IDO,2026-10-19,22500.0,CE,725.35,841.67,23140.5,325,27,65
2026-09-25,IDO,2026-10-19,22100.0,CE,1223.75,1174.94,23140.5,0,0,65
2026-09-25,IDO,2026-10-19,21450.0,CE,1807.8,1782.4,23140.5,0,0,65
2026-09-25,IDO,2026-10-13,24250.0,CE,9.05,9.05,23140.5,19565,107,65
2026-09-25,IDO,2026-10-13,24000.0,CE,18.45,18.45,23140.5,546325,17844,65
2026-09-25,IDO,2026-10-13,23850.0,CE,29.8,29.8,23140.5,79365,1142,65
2026-09-25,IDO,2026-10-13,23600.0,CE,72.8,72.8,23140.5,178555,6948,65
2026-09-25,IDO,2026-10-13,23200.0,CE,232.0,232.0,23140.5,221715,7506,65
2026-09-25,IDO,2026-10-13,22300.0,CE,1511.7,956.68,23140.5,0,0,65
2026-09-25,IDO,2026-10-06,25800.0,CE,0.95,0.95,23140.5,117520,1564,65
2026-09-25,IDO,2026-10-06,25650.0,CE,1.2,1.2,23140.5,4680,62,65
2026-09-25,IDO,2026-10-06,24400.0,CE,3.1,3.1,23140.5,365560,10604,65
2026-09-25,IDO,2026-10-06,23800.0,CE,13.15,13.15,23140.5,1106560,58350,65
2026-09-25,IDO,2026-10-06,23650.0,CE,25.8,25.8,23140.5,383890,24981,65
2026-09-25,IDO,2026-10-06,22700.0,CE,532.95,532.95,23140.5,118950,3529,65
2026-09-25,IDO,2026-10-06,21500.0,CE,2683.35,1679.46,23140.5,0,0,65
2026-09-25,IDO,2026-10-06,21350.0,CE,2831.3,1828.86,23140.5,0,0,65
2026-09-25,IDO,2026-10-06,21000.0,CE,3177.85,2178.02,23140.5,0,0,65
2026-09-25,IDO,2026-10-06,20950.0,CE,3227.45,2227.92,23140.5,0,0,65
2026-09-25,IDO,2026-10-06,20800.0,CE,3376.3,2377.64,23140.5,0,0,65
2026-09-25,IDO,2026-09-29,31500.0,CE,0.25,0.25,23140.5,17095,191,65
2026-09-25,IDO,2026-09-29,28500.0,CE,0.25,0.25,23140.5,378235,4343,65
2026-09-25,IDO,2026-09-29,26650.0,CE,0.4,0.4,23140.5,9360,276,65
2026-09-25,IDO,2026-09-29,26500.0,CE,0.4,0.4,23140.5,582205,10849,65
2026-09-25,IDO,2026-09-29,25400.0,CE,0.55,0.55,23140.5,178685,7655,65
2026-09-25,IDO,2026-09-29,24950.0,CE,0.55,0.55,23140.5,188760,10657,65
2026-09-25,IDO,2026-09-29,23850.0,CE,2.75,2.75,23140.5,2463175,457623,65
2026-09-25,IDO,2026-09-29,22600.0,CE,593.3,593.3,23140.5,58175,3289,65
2026-09-25,IDO,2026-09-29,21400.0,CE,2015.2,1754.4,23140.5,65,0,65
2026-09-25,IDO,2026-09-29,20850.0,CE,3364.75,2304.05,23140.5,0,0,65
2026-09-25,IDO,2026-10-13,22400.0,CE,837.0,871.53,23140.5,65,2,65
2026-09-25,IDO,2026-10-13,25350.0,PE,1628.0,2137.12,23140.5,0,0,65
2026-09-25,IDO,2026-10-19,20850.0,PE,4.65,1.06,23140.5,0,0,65
2026-09-25,IDO,2026-10-19,21800.0,PE,23.2,23.2,23140.5,10595,273,65
2026-09-25,IDO,2026-10-19,22700.0,PE,98.3,98.3,23140.5,28015,550,65
2026-09-25,IDO,2026-11-23,23250.0,PE,365.9,365.9,23140.5,133380,134,65
2026-09-25,IDO,2026-11-23,25450.0,PE,1217.0,2116.27,23140.5,0,0,65
2026-09-25,IDO,2026-09-29,27000.0,CE,0.4,0.4,23140.5,1530490,13518,65
2026-09-25,IDO,2026-09-29,26100.0,CE,0.45,0.45,23140.5,30485,908,65
2026-09-25,IDO,2026-09-29,22900.0,CE,308.0,308.0,23140.5,453180,259640,65
2026-09-25,IDO,2026-12-29,28000.0,PE,4337.05,4337.05,23140.5,1022430,352,65
2026-09-25,IDO,2026-11-23,25950.0,PE,1562.8,2578.97,23140.5,0,0,65
2026-09-25,IDO,2026-11-23,25400.0,PE,1960.0,2071.16,23140.5,65,0,65
2026-09-25,IDO,2026-11-23,25200.0,PE,1060.25,1893.3,23140.5,0,0,65
2026-09-25,IDO,2026-11-23,23400.0,PE,432.9,432.9,23140.5,104975,381,65
2026-09-25,IDO,2026-11-23,23150.0,PE,330.2,330.2,23140.5,6240,78,65
2026-09-25,IDO,2026-11-23,23050.0,PE,296.15,296.15,23140.5,5395,144,65
2026-09-25,IDO,2026-11-23,22550.0,PE,164.4,164.4,23140.5,3510,77,65
2026-09-25,IDO,2026-10-27,21650.0,PE,30.1,30.1,23140.5,24245,310,65
2026-09-25,IDO,2026-10-27,21500.0,PE,24.9,24.9,23140.5,1110330,14531,65
2026-09-25,IDO,2026-10-27,21350.0,PE,22.75,22.75,23140.5,356265,4628,65
2026-09-25,IDO,2026-10-27,21250.0,PE,20.25,20.25,23140.5,2665,71,65
2026-09-25,IDO,2026-10-19,25200.0,PE,1967.2,1969.64,23140.5,0,0,65
2026-09-25,IDO,2026-10-19,24450.0,PE,1286.65,1262.11,23140.5,0,0,65
2026-09-25,IDO,2026-10-19,23750.0,PE,746.7,691.97,23140.5,0,0,65
2026-09-25,IDO,2026-10-19,22950.0,PE,158.6,158.6,23140.5,3835,124,65
2026-09-25,IDO,2026-10-19,22500.0,PE,70.2,70.2,23140.5,38415,1137,65
2026-09-25,IDO,2026-10-13,24250.0,PE,1053.4,1080.88,23140.5,195,0,65
2026-09-25,IDO,2026-10-13,22550.0,PE,52.1,52.1,23140.5,14170,508,65
2026-09-25,IDO,2026-10-13,22500.0,PE,47.0,47.0,23140.5,252850,11057,65
2026-09-25,IDO,2026-10-13,21550.0,PE,9.85,4.96,23140.5,0,0,65
2026-09-25,IDO,2026-10-13,21450.0,PE,7.65,3.4,23140.5,0,0,65
2026-09-25,IDO,2026-10-13,21400.0,PE,8.65,8.65,23140.5,17615,298,65
2026-09-25,IDO,2026-10-13,21350.0,PE,7.85,7.85,23140.5,15210,577,65
2026-09-25,IDO,2026-10-06,25250.0,PE,1181.55,2064.59,23140.5,0,0,65
2026-09-25,IDO,2026-10-06,24600.0,PE,1397.0,1397.0,23140.5,2340,20,65
2026-09-25,IDO,2026-10-06,24550.0,PE,1259.9,1370.06,23140.5,130,0,65
2026-09-25,IDO,2026-10-06,22850.0,PE,59.15,59.15,23140.5,152035,15760,65
2026-09-25,IDO,2026-10-06,22400.0,PE,16.75,16.75,23140.5,1214720,43093,65
2026-09-25,IDO,2026-10-06,21500.0,PE,5.55,5.55,23140.5,1263925,34963,65
2026-09-25,IDO,2026-10-06,21000.0,PE,4.0,4.0,23140.5,770640,23303,65
2026-09-25,IDO,2026-10-06,20850.0,PE,3.3,3.3,23140.5,1495,64,65
2026-09-25,IDO,2026-09-29,26600.0,PE,2474.55,3442.22,23140.5,0,0,65
2026-09-25,IDO,2026-09-29,26250.0,PE,2180.0,3092.45,23140.5,0,0,65
2026-09-25,IDO,2026-09-29,26100.0,PE,3000.0,2942.54,23140.5,4355,51,65
2026-09-25,IDO,2026-09-29,25500.0,PE,2310.55,2310.55,23140.5,599040,4292,65
2026-09-25,IDO,2026-09-29,25100.0,PE,1911.0,1911.0,23140.5,80275,168,65
2026-09-25,IDO,2026-09-29,23800.0,PE,615.5,615.5,23140.5,822510,15795,65
2026-09-25,IDO,2026-10-27,26300.0,PE,3007.8,3007.8,23140.5,15860,193,65
2026-09-25,IDO,2026-10-27,25300.0,PE,2130.0,2036.69,23140.5,3705,16,65
2026-09-25,IDO,2026-10-27,24250.0,PE,1010.0,1090.83,23140.5,12610,12,65
2026-09-25,IDO,2026-10-27,24050.0,PE,822.45,933.14,23140.5,5265,18,65
2026-09-25,IDO,2026-10-27,23900.0,PE,705.65,705.65,23140.5,188175,642,65
2026-09-25,IDO,2026-10-27,23250.0,PE,301.85,301.85,23140.5,77675,1748,65
2026-09-25,IDO,2026-10-27,22450.0,PE,89.0,89.0,23140.5,50180,1067,65
2026-09-25,IDO,2026-10-27,22350.0,PE,75.9,75.9,23140.5,39195,488,65
2026-09-25,IDO,2026-09-29,23100.0,PE,59.2,59.2,23140.5,10946390,7190858,65
2026-09-25,IDO,2026-09-29,22700.0,PE,7.45,7.45,23140.5,6573255,1269553,65
2026-09-25,IDO,2026-09-29,22000.0,PE,2.05,2.05,23140.5,13120575,893153,65
2026-09-25,IDO,2030-12-31,33000.0,CE,3948.25,2210.26,23140.5,0,0,65
2026-09-25,IDO,2029-12-24,27000.0,CE,6201.65,3171.8,23140.5,0,0,65
2026-09-25,IDO,2029-06-26,24000.0,CE,8085.35,4045.61,23140.5,0,0,65
2026-09-25,IDO,2028-12-26,33000.0,CE,2477.5,618.09,23140.5,0,0,65
2026-09-25,IDO,2028-12-26,19500.0,CE,9716.4,6431.62,23140.5,0,0,65
2026-09-25,IDO,2028-06-27,21000.0,CE,5226.55,4713.13,23140.5,0,0,65
2026-09-25,IDO,2027-06-29,18000.0,CE,4066.45,5996.79,23140.5,0,0,65
2026-09-25,IDO,2026-12-29,30000.0,CE,5.75,5.75,23140.5,812295,1033,65
2026-09-25,IDO,2026-12-29,24000.0,CE,314.85,314.85,23140.5,2186035,12836,65
2026-09-25,IDO,2026-12-29,15000.0,CE,5977.65,8384.84,23140.5,0,0,65
2026-09-25,IDO,2026-11-23,26100.0,CE,11.9,11.9,23140.5,7410,99,65
2026-09-25,IDO,2026-11-23,25800.0,CE,372.6,40.54,23140.5,0,0,65
2026-09-25,IDO,2026-11-23,25750.0,CE,386.65,43.45,23140.5,0,0,65
2026-09-25,IDO,2026-11-23,25150.0,CE,588.45,95.27,23140.5,0,0,65
2026-09-25,IDO,2026-11-23,25100.0,CE,23.3,23.3,23140.5,68250,171,65
2026-09-25,IDO,2026-11-23,24550.0,CE,57.35,57.35,23140.5,9620,67,65
2026-09-25,IDO,2026-11-23,24350.0,CE,84.0,84.0,23140.5,13910,63,65
2026-09-25,IDO,2026-11-23,24050.0,CE,142.0,142.0,23140.5,17160,123,65
2026-09-25,IDO,2026-10-27,21800.0,PE,36.2,36.2,23140.5,368940,6703,65
2026-09-25,IDO,2026-10-27,27000.0,PE,3699.75,3699.75,23140.5,644800,1411,65
2026-09-25,IDO,2026-11-03,20900.0,PE,6.0,7.38,23140.5,0,0,65
2026-09-25,IDO,2026-11-23,23250.0,CE,477.65,477.65,23140.5,130975,161,65
2026-09-25,IDO,2026-11-23,22600.0,CE,875.35,1042.05,23140.5,390,0,65
2026-09-25,IDO,2026-11-23,22100.0,CE,1364.3,1364.3,23140.5,975,22,65
2026-09-25,IDO,2026-11-23,21650.0,CE,3045.65,1788.77,23140.5,0,0,65
2026-09-25,IDO,2026-11-03,24450.0,CE,166.6,115.84,23140.5,0,0,65
2026-09-25,IDO,2026-11-03,24300.0,CE,201.5,143.25,23140.5,0,0,65
2026-09-25,IDO,2026-11-03,23600.0,CE,193.7,193.7,23140.5,6890,94,65
2026-09-25,IDO,2026-11-03,23350.0,CE,308.15,452.02,23140.5,4030,68,65
2026-09-25,IDO,2026-11-03,23250.0,CE,351.65,500.66,23140.5,5200,81,65
2026-09-25,IDO,2026-11-03,22800.0,CE,906.0,759.64,23140.5,0,0,65
2026-09-25,IDO,2026-11-03,22750.0,CE,941.2,792.41,23140.5,0,0,65
2026-09-25,IDO,2026-11-03,22500.0,CE,1127.65,968.58,23140.5,0,0,65
2026-09-25,IDO,2026-10-27,27150.0,CE,5.0,0.15,23140.5,1950,0,65
2026-09-25,IDO,2026-10-27,27050.0,CE,1.95,0.21,23140.5,4030,0,65
2026-09-25,IDO,2026-10-27,25900.0,CE,3.55,4.37,23140.5,16250,0,65
2026-09-25,IDO,2026-10-27,25700.0,CE,3.5,3.5,23140.5,43030,275,65
2026-09-25,IDO,2026-10-27,25550.0,CE,7.0,9.78,23140.5,1495,0,65
2026-09-25,IDO,2026-10-27,24900.0,CE,7.85,7.85,23140.5,218790,2086,65
2026-09-25,IDO,2026-10-27,24450.0,CE,18.1,18.1,23140.5,176085,1915,65
2026-09-25,IDO,2026-10-27,24400.0,CE,20.3,20.3,23140.5,601770,7171,65
2026-09-25,IDO,2026-10-27,24000.0,CE,54.15,54.15,23140.5,5225090,85121,65
2026-09-25,IDO,2026-10-27,22850.0,CE,564.4,564.4,23140.5,3770,92,65
2026-09-25,IDO,2026-10-27,22700.0,CE,682.5,682.5,23140.5,37180,482,65
2026-09-25,IDO,2026-10-27,22600.0,CE,757.3,757.3,23140.5,7605,142,65
2026-09-25,IDO,2026-10-27,22400.0,CE,939.9,939.9,23140.5,1820,28,65
2026-09-25,IDO,2026-10-27,22300.0,CE,1000.0,1068.81,23140.5,715,3,65
2026-09-25,IDO,2026-11-03,20950.0,PE,6.8,8.39,23140.5,0,0,65
2026-09-25,IDO,2026-11-03,21150.0,PE,11.1,13.7,23140.5,0,0,65
2026-09-25,IDO,2026-11-03,22450.0,PE,111.85,111.85,23140.5,1040,16,65
2026-09-25,IDO,2026-11-03,22750.0,PE,169.2,169.2,23140.5,780,17,65
2026-09-25,IDO,2026-11-03,23000.0,PE,227.95,227.95,23140.5,3185,147,65
2026-09-25,IDO,2026-11-03,23650.0,PE,463.5,676.41,23140.5,195,0,65
2026-09-25,IDO,2026-11-03,23750.0,PE,639.9,739.94,23140.5,0,0,65
2026-09-25,IDO,2026-11-03,24000.0,PE,788.3,911.54,23140.5,65,1,65
2026-09-25,IDO,2026-10-27,22150.0,CE,1095.0,1192.67,23140.5,4810,0,65
2026-09-25,IDO,2026-10-27,21000.0,CE,2251.0,2251.0,23140.5,30225,558,65
2026-09-25,IDO,2026-10-19,25200.0,CE,3.1,8.21,23140.5,780,0,65
2026-09-25,IDO,2026-10-19,25150.0,CE,3.85,9.34,23140.5,325,0,65
2026-09-25,IDO,2026-10-19,25100.0,CE,5.1,10.61,23140.5,1755,7,65
2026-09-25,IDO,2026-12-29,21000.0,PE,73.9,73.9,23140.5,2083245,10569,65
2026-09-25,IDO,2026-10-19,25050.0,CE,3.95,12.04,23140.5,780,4,65
2026-09-25,IDO,2026-10-19,24700.0,CE,6.7,27.72,23140.5,910,28,65
2026-09-25,IDO,2026-10-19,24500.0,CE,9.85,9.85,23140.5,62205,893,65
2026-09-25,IDO,2026-10-19,24000.0,CE,34.5,34.5,23140.5,143585,3792,65
2026-09-25,IDO,2026-10-19,23850.0,CE,52.95,52.95,23140.5,9945,209,65
2026-09-25,IDO,2026-10-19,23800.0,CE,59.9,59.9,23140.5,36985,713,65
2026-09-25,IDO,2026-10-19,23700.0,CE,81.95,81.95,23140.5,24375,683,65
2026-09-25,IDO,2026-10-19,23650.0,CE,94.3,94.3,23140.5,7735,200,65
2026-09-25,IDO,2026-10-19,23600.0,CE,108.9,108.9,23140.5,16640,890,65
2026-09-25,IDO,2026-10-19,23400.0,CE,183.4,183.4,23140.5,28860,621,65
2026-09-25,IDO,2026-10-13,25100.0,CE,2.75,3.8,23140.5,3575,24,65
2026-09-25,IDO,2026-10-13,24750.0,CE,4.3,11.14,23140.5,2145,2,65
2026-09-25,IDO,2026-10-13,24150.0,CE,302.85,53.53,23140.5,0,0,65
2026-09-25,IDO,2026-10-13,23750.0,CE,43.9,43.9,23140.5,59800,1505,65
2026-09-25,IDO,2026-10-13,21850.0,CE,1927.0,1368.24,23140.5,0,0,65
2026-09-25,IDO,2026-10-13,21650.0,CE,2118.25,1560.83,23140.5,0,0,65
2026-09-25,IDO,2026-10-13,21500.0,CE,2263.45,1707.4,23140.5,0,0,65
2026-09-25,IDO,2026-10-13,21100.0,CE,2655.45,2102.91,23140.5,0,0,65
2026-09-25,IDO,2026-10-06,24750.0,CE,1.75,1.75,23140.5,35685,994,65
2026-09-25,IDO,2026-10-06,23550.0,CE,41.4,41.4,23140.5,422695,27856,65
2026-09-25,IDO,2026-10-06,23400.0,CE,79.3,79.3,23140.5,2019095,96885,65
2026-09-25,IDO,2026-10-06,23250.0,CE,138.95,138.95,23140.5,445250,29508,65
2026-09-25,IDO,2026-10-06,22850.0,CE,403.95,403.95,23140.5,63895,997,65
2026-09-25,IDO,2026-10-06,21150.0,CE,3029.15,2028.33,23140.5,0,0,65
2026-09-25,IDO,2026-09-29,34500.0,CE,0.2,0.2,23140.5,14755,505,65
2026-09-25,IDO,2026-09-29,27200.0,CE,0.35,0.35,23140.5,258895,6563,65
2026-09-25,IDO,2026-09-29,26550.0,CE,0.4,0.4,23140.5,10335,454,65
2026-09-25,IDO,2026-09-29,26350.0,CE,0.45,0.45,23140.5,26000,854,65
2026-09-25,IDO,2026-09-29,26250.0,CE,0.45,0.45,23140.5,30485,484,65
2026-09-25,IDO,2026-09-29,25350.0,CE,0.6,0.6,23140.5,27365,914,65
2026-09-25,IDO,2026-09-29,24200.0,CE,1.3,1.3,23140.5,7948330,516206,65
2026-09-25,IDO,2026-09-29,23950.0,CE,2.3,2.3,23140.5,1897740,385701,65
2026-09-25,IDO,2026-09-29,22950.0,CE,264.1,264.1,23140.5,401765,268885,65
2026-09-25,IDO,2026-11-03,24600.0,PE,1240.0,1387.06,23140.5,0,0,65
2026-09-25,IDO,2026-11-03,24650.0,PE,1280.65,1429.96,23140.5,0,0,65
2026-09-25,IDO,2026-11-23,21200.0,PE,20.45,37.87,23140.5,0,0,65
2026-09-25,IDO,2026-11-23,21250.0,PE,22.05,41.27,23140.5,0,0,65
2026-09-25,IDO,2026-11-23,21450.0,PE,29.7,57.5,23140.5,0,0,65
2026-09-25,IDO,2026-11-23,22200.0,PE,113.05,113.05,23140.5,61750,592,65
2026-09-25,IDO,2026-09-29,22500.0,CE,688.6,688.6,23140.5,551915,13836,65
2026-09-25,IDO,2026-09-29,21900.0,CE,1210.0,1254.76,23140.5,650,0,65
2026-09-25,IDO,2031-06-24,16500.0,PE,95.65,72.39,23140.5,0,0,65
2026-09-25,IDO,2030-12-31,18000.0,PE,32.3,137.14,23140.5,0,0,65
2026-09-25,IDO,2030-06-25,30000.0,PE,2100.85,3126.56,23140.5,0,0,65
2026-09-25,IDO,2030-06-25,27000.0,PE,1286.05,1887.19,23140.5,0,0,65
2026-09-25,IDO,2030-06-25,22500.0,PE,223.75,662.53,23140.5,0,0,65
2026-09-25,IDO,2030-06-25,18000.0,PE,116.65,130.91,23140.5,0,0,65
2026-09-25,IDO,2030-06-25,15000.0,PE,29.65,25.56,23140.5,0,0,65
2026-09-25,IDO,2029-12-24,15000.0,PE,29.0,20.87,23140.5,65,0,65
2026-09-25,IDO,2027-12-28,27000.0,PE,2246.75,2246.75,23140.5,60670,61,65
2026-09-25,IDO,2027-12-28,16500.0,PE,52.05,10.42,23140.5,130,0,65
2026-09-25,IDO,2027-03-30,27000.0,PE,2990.0,2990.0,23140.5,61945,56,65
2026-09-25,IDO,2026-12-29,31500.0,PE,4059.3,7846.47,23140.5,0,0,65
2026-09-25,IDO,2026-09-29,22200.0,PE,2.55,2.55,23140.5,4161495,642071,65
2026-09-25,IDO,2026-10-06,25600.0,PE,2443.05,2413.82,23140.5,130,2,65
2026-09-25,IDO,2026-09-29,22450.0,PE,3.9,3.9,23140.5,1895855,536966,65
2026-09-25,IDO,2027-03-30,24000.0,CE,696.0,696.0,23140.5,550745,2049,65
2026-09-25,IDO,2026-12-29,31500.0,CE,4.2,0.08,23140.5,32890,0,65
2026-09-25,IDO,2026-11-23,23800.0,CE,221.1,221.1,23140.5,159965,2249,65
2026-09-25,IDO,2026-11-23,23500.0,CE,347.35,347.35,23140.5,716430,7181,65
2026-09-25,IDO,2026-11-23,21250.0,CE,3422.3,2147.42,23140.5,0,0,65
2026-09-25,IDO,2026-11-03,21450.0,CE,2046.95,1861.62,23140.5,0,0,65
2026-09-25,IDO,2026-10-27,21400.0,CE,1832.75,1873.96,23140.5,130,0,65
2026-09-25,IDO,2026-10-13,21800.0,CE,1974.5,1416.0,23140.5,0,0,65
2026-09-25,IDO,2026-10-06,25450.0,CE,1.35,1.35,23140.5,1560,50,65
2026-09-25,IDO,2026-10-06,24550.0,CE,2.25,2.25,23140.5,29510,597,65
2026-09-25,IDO,2026-10-06,21950.0,CE,2243.55,1235.14,23140.5,0,0,65
2026-09-25,IDO,2026-10-06,21250.0,CE,2930.15,1928.57,23140.5,0,0,65
2026-09-25,IDO,2026-11-23,21650.0,PE,65.7,78.57,23140.5,390,0,65
2026-09-25,IDO,2026-11-23,21050.0,PE,16.15,29.03,23140.5,0,0,65
2026-09-25,IDO,2026-11-23,20850.0,PE,11.65,19.99,23140.5,0,0,65
2026-09-25,IDO,2026-11-03,24550.0,PE,1199.8,1344.6,23140.5,0,0,65
2026-09-25,IDO,2026-11-03,23850.0,PE,700.25,806.45,23140.5,0,0,65
2026-09-25,IDO,2026-11-03,22550.0,PE,127.3,189.02,23140.5,845,14,65
2026-09-25,IDO,2026-11-03,21250.0,PE,14.0,17.31,23140.5,0,0,65
2026-09-25,IDF,2026-11-23,,,23377.1,23377.1,23140.5,1292005,3278,65
2026-09-25,IDO,2026-09-29,19500.0,CE,3683.15,3683.15,23140.5,97630,449,65
2026-09-25,IDO,2026-09-29,21200.0,CE,3038.1,1954.27,23140.5,0,0,65
2026-09-25,IDO,2026-09-29,21750.0,CE,1700.0,1404.64,23140.5,65,0,65
2026-09-25,IDO,2026-09-29,21800.0,CE,1300.0,1354.67,23140.5,65,1,65
2026-09-25,IDO,2026-09-29,22100.0,CE,1083.75,1083.75,23140.5,1560,10,65
2026-09-25,IDO,2026-09-29,24400.0,CE,1.0,1.0,23140.5,3640065,198218,65
2026-09-25,IDO,2026-09-29,24700.0,CE,0.65,0.65,23140.5,3615105,80560,65
2026-09-25,IDO,2026-09-29,24800.0,CE,0.6,0.6,23140.5,2895100,86229,65
2026-09-25,IDO,2026-09-29,24900.0,CE,0.55,0.55,23140.5,1385215,51591,65
2026-09-25,IDO,2026-09-29,26400.0,CE,0.45,0.45,23140.5,16900,714,65
2026-09-25,IDO,2026-10-06,23500.0,CE,51.55,51.55,23140.5,2760225,139250,65
2026-09-25,IDO,2026-10-06,24150.0,CE,4.85,4.85,23140.5,85150,6874,65
2026-09-25,IDO,2026-10-06,24700.0,CE,1.7,1.7,23140.5,617955,19582,65
2026-09-25,IDO,2026-10-06,25100.0,CE,1.55,1.55,23140.5,41795,2224,65
2026-09-25,IDO,2026-10-06,25150.0,CE,1.35,1.35,23140.5,5525,272,65
2026-09-25,IDO,2026-10-13,22500.0,CE,757.1,757.1,23140.5,3120,87,65
2026-09-25,IDO,2026-10-13,23300.0,CE,180.4,180.4,23140.5,255255,5652,65
2026-09-25,IDO,2026-10-13,23650.0,CE,61.05,61.05,23140.5,45175,1539,65
2026-09-25,IDO,2026-10-13,24450.0,CE,5.95,5.95,23140.5,6370,68,65
2026-09-25,IDO,2026-10-13,25050.0,CE,3.3,4.47,23140.5,1235,2,65
2026-09-25,IDO,2026-10-13,25150.0,CE,2.6,3.23,23140.5,1560,0,65
2026-09-25,IDO,2026-10-19,21000.0,CE,2240.4,2224.08,23140.5,0,0,65
2026-09-25,IDO,2026-10-19,21300.0,CE,1950.35,1928.63,23140.5,0,0,65
2026-09-25,IDO,2026-10-19,21600.0,CE,1667.5,1637.73,23140.5,0,0,65
2026-09-25,IDO,2026-10-19,21800.0,CE,1484.95,1448.27,23140.5,0,0,65
2026-09-25,IDO,2026-10-19,21950.0,CE,1352.2,1309.66,23140.5,0,0,65
2026-09-25,IDO,2026-10-19,22600.0,CE,834.65,766.66,23140.5,0,0,65
2026-09-25,IDO,2026-10-19,24400.0,CE,11.2,11.2,23140.5,27235,493,65
2026-09-25,IDO,2026-10-19,24800.0,CE,7.05,22.03,23140.5,1560,13,65
2026-09-25,IDO,2026-10-19,25000.0,CE,5.15,5.15,23140.5,44850,844,65
2026-09-25,IDO,2026-10-27,21150.0,CE,3188.75,2115.14,23140.5,0,0,65
2026-09-25,IDO,2026-10-27,21300.0,CE,3049.15,1969.92,23140.5,0,0,65
2026-09-25,IDO,2026-10-27,21650.0,CE,2729.45,1638.07,23140.5,0,0,65
2026-09-25,IDO,2026-10-27,21850.0,CE,2551.3,1454.83,23140.5,0,0,65
2026-09-25,IDO,2026-10-27,22350.0,CE,2124.25,1028.77,23140.5,0,0,65
2026-09-25,IDO,2026-10-27,22950.0,CE,500.85,500.85,23140.5,3770,59,65
2026-09-25,IDO,2026-10-27,23900.0,CE,70.75,70.75,23140.5,673855,19408,65
2026-09-25,IDO,2026-10-27,24200.0,CE,31.3,31.3,23140.5,875095,14744,65
2026-09-25,IDO,2026-10-27,24500.0,CE,16.75,16.75,23140.5,2734485,20331,65
2026-09-25,IDO,2026-10-27,25450.0,CE,4.5,12.17,23140.5,2145,10,65
2026-09-25,IDO,2026-10-27,26000.0,CE,2.15,2.15,23140.5,1534065,12462,65
2026-09-25,IDO,2026-10-27,26600.0,CE,2.6,0.73,23140.5,2795,0,65
2026-09-25,IDO,2026-10-27,26750.0,CE,6.35,0.48,23140.5,975,0,65
2026-09-25,IDO,2026-11-03,21250.0,CE,2237.75,2050.6,23140.5,0,0,65
2026-09-25,IDO,2026-11-03,22200.0,CE,1370.9,1200.39,23140.5,0,0,65
2026-09-25,IDO,2026-11-03,23050.0,CE,426.1,607.62,23140.5,390,6,65
2026-09-25,IDO,2026-11-03,23500.0,CE,233.45,233.45,23140.5,15340,241,65
2026-09-25,IDO,2026-11-23,21500.0,CE,1830.0,1920.96,23140.5,390,3,65
2026-09-25,IDO,2026-11-23,21600.0,CE,3092.25,1832.5,23140.5,0,0,65
2026-09-25,IDO,2026-11-23,22350.0,CE,1245.35,1220.81,23140.5,195,0,65
2026-09-25,IDO,2026-11-23,22950.0,CE,628.0,817.79,23140.5,130,1,65
2026-09-25,IDO,2026-11-23,23300.0,CE,452.55,452.55,23140.5,104390,1476,65
2026-09-25,IDO,2026-11-23,24000.0,CE,157.5,157.5,23140.5,846560,9404,65
2026-09-25,IDO,2026-11-23,24100.0,CE,131.6,131.6,23140.5,91520,985,65
2026-09-25,IDO,2026-11-23,24750.0,CE,38.05,38.05,23140.5,18395,45,65
2026-09-25,IDO,2026-11-23,25850.0,CE,358.95,37.8,23140.5,0,0,65
2026-09-25,IDO,2026-12-29,21000.0,CE,2539.9,2539.9,23140.5,385665,1152,65
2026-09-25,IDO,2027-03-30,18000.0,CE,5643.55,5714.52,23140.5,0,0,65
2026-09-25,IDO,2027-06-29,21000.0,CE,3061.8,3346.44,23140.5,0,0,65
2026-09-25,IDO,2027-06-29,24000.0,CE,1068.7,1068.7,23140.5,10740,145,65
2026-09-25,IDO,2027-06-29,27000.0,CE,153.95,153.95,23140.5,44460,462,65
2026-09-25,IDO,2027-12-28,22500.0,CE,3011.0,3006.98,23140.5,65,0,65
2026-09-25,IDO,2027-12-28,25500.0,CE,2400.0,1451.3,23140.5,0,0,65
2026-09-25,IDO,2027-12-28,28500.0,CE,228.7,228.7,23140.5,68965,130,65
2026-09-25,IDO,2028-06-27,25500.0,CE,1900.0,2080.39,23140.5,195,3,65
2026-09-25,IDO,2028-06-27,31500.0,CE,1784.8,496.6,23140.5,0,0,65
2026-09-25,IDO,2028-12-26,15000.0,CE,11381.75,10140.21,23140.5,0,0,65
2026-09-25,IDO,2028-12-26,21000.0,CE,7512.5,5325.32,23140.5,0,0,65
2026-09-25,IDO,2029-06-26,15000.0,CE,13671.85,10548.53,23140.5,0,0,65
2026-09-25,IDO,2029-12-24,22500.0,CE,8486.15,5493.16,23140.5,0,0,65
2026-09-25,IDO,2030-06-25,16500.0,CE,13374.05,10180.07,23140.5,0,0,65
2026-09-25,IDO,2030-06-25,19500.0,CE,11140.25,7995.29,23140.5,0,0,65
2026-09-25,IDO,2031-06-24,28500.0,CE,5048.95,4142.29,23140.5,0,0,65
2026-09-25,IDO,2026-09-29,21250.0,PE,1.0,1.0,23140.5,72865,10638,65
2026-09-25,IDO,2026-09-29,21700.0,PE,1.5,1.5,23140.5,1720030,138764,65
2026-09-25,IDO,2026-09-29,22250.0,PE,2.75,2.75,23140.5,1045330,433215,65
2026-09-25,IDO,2026-10-27,23300.0,CE,284.55,284.55,23140.5,2711800,27260,65
2026-09-25,IDO,2026-10-27,22900.0,CE,536.0,536.0,23140.5,68575,2009,65
2026-09-25,IDO,2026-10-27,22200.0,CE,1115.15,1115.15,23140.5,2990,13,65
2026-09-25,IDO,2026-10-27,21900.0,CE,1380.0,1409.97,23140.5,195,1,65
2026-09-25,IDO,2026-10-27,21700.0,CE,1560.0,1591.73,23140.5,130,1,65
2026-09-25,IDO,2026-10-27,21450.0,CE,2911.0,1826.29,23140.5,0,0,65
2026-09-25,IDO,2026-10-27,21250.0,CE,3095.5,2018.17,23140.5,0,0,65
2026-09-25,IDO,2026-10-27,20950.0,CE,3376.9,2310.57,23140.5,0,0,65
2026-09-25,IDO,2026-10-19,24550.0,CE,9.2,38.62,23140.5,1235,0,65
2026-09-25,IDO,2026-10-19,23000.0,CE,409.35,409.35,23140.5,10465,401,65
2026-09-25,IDO,2026-10-19,22550.0,CE,870.4,803.29,23140.5,0,0,65
2026-09-25,IDO,2026-10-19,22200.0,CE,1140.8,1087.73,23140.5,0,0,65
2026-09-25,IDO,2026-10-19,21900.0,CE,1396.0,1355.47,23140.5,0,0,65
2026-09-25,IDO,2026-10-19,21400.0,CE,1855.05,1831.0,23140.5,0,0,65
2026-09-25,IDO,2026-10-19,21100.0,CE,2143.1,2125.28,23140.5,0,0,65
2026-09-25,IDO,2026-10-19,20850.0,CE,2387.15,2372.7,23140.5,0,0,65
2026-09-25,IDO,2026-10-13,24800.0,CE,3.85,3.85,23140.5,38480,353,65
2026-09-25,IDO,2026-10-13,24400.0,CE,6.5,6.5,23140.5,38025,1128,65
2026-09-25,IDO,2026-10-13,22900.0,CE,429.7,429.7,23140.5,9230,313,65
2026-09-25,IDO,2026-10-13,21550.0,CE,2214.9,1658.39,23140.5,0,0,65
2026-09-25,IDO,2026-10-13,21200.0,CE,2556.95,2003.64,23140.5,0,0,65
2026-09-25,IDO,2026-10-13,21050.0,CE,2704.75,2152.61,23140.5,0,0,65
2026-09-25,IDO,2026-10-13,21000.0,CE,2754.15,2202.33,23140.5,0,0,65
2026-09-25,IDO,2026-10-06,25750.0,CE,1.0,1.0,23140.5,22685,309,65
2026-09-25,IDO,2026-10-06,25600.0,CE,1.0,1.0,23140.5,98150,1775,65
2026-09-25,IDO,2026-10-06,25550.0,CE,1.15,1.15,23140.5,4160,153,65
2026-09-25,IDO,2026-10-06,24800.0,CE,1.55,1.55,23140.5,591630,18337,65
2026-09-25,IDO,2026-10-06,24600.0,CE,2.05,2.05,23140.5,655525,16890,65
2026-09-25,IDO,2026-10-06,23950.0,CE,7.6,7.6,23140.5,492830,12279,65
2026-09-25,IDO,2026-10-06,22800.0,CE,443.35,443.35,23140.5,169325,4017,65
2026-09-25,IDO,2026-10-06,22000.0,CE,1187.45,1187.45,23140.5,44655,183,65
2026-09-25,IDO,2026-10-06,21600.0,CE,2585.0,1580.05,23140.5,0,0,65
2026-09-25,IDO,2026-10-06,21550.0,CE,2634.15,1629.73,23140.5,0,0,65
2026-09-25,IDO,2026-09-29,26900.0,CE,0.35,0.35,23140.5,13975,349,65
2026-09-25,IDO,2026-09-29,26700.0,CE,0.35,0.35,23140.5,10855,755,65
2026-09-25,IDO,2026-09-29,25650.0,CE,0.5,0.5,23140.5,58955,958,65
2026-09-25,IDO,2026-09-29,24850.0,CE,0.65,0.65,23140.5,149045,6582,65
2026-09-25,IDO,2026-09-29,24100.0,CE,1.6,1.6,23140.5,5602480,525129,65
2026-09-25,IDO,2026-09-29,24000.0,CE,2.15,2.15,23140.5,15609815,1319868,65
2026-09-25,IDO,2026-09-29,23900.0,CE,2.55,2.55,23140.5,5832255,859438,65
2026-09-25,IDO,2026-09-29,21250.0,CE,2992.05,1904.31,23140.5,0,0,65
2026-09-25,IDO,2026-09-29,20800.0,CE,3411.95,2354.01,23140.5,0,0,65
2026-09-25,IDO,2026-10-27,22650.0,CE,715.7,715.7,23140.5,2665,20,65
2026-09-25,IDO,2026-10-27,21950.0,CE,2463.7,1365.55,23140.5,0,0,65
2026-09-25,IDO,2026-10-27,21800.0,CE,1600.0,1500.09,23140.5,2795,0,65
2026-09-25,IDO,2026-10-27,20800.0,CE,3519.25,2458.1,23140.5,0,0,65
2026-09-25,IDO,2026-10-19,23950.0,CE,186.0,124.83,23140.5,65,0,65
2026-09-25,IDO,2026-10-19,22900.0,CE,675.65,559.65,23140.5,0,0,65
2026-09-25,IDO,2026-10-19,22250.0,CE,1100.2,1045.02,23140.5,0,0,65
2026-09-25,IDO,2026-11-23,25750.0,PE,1419.55,2391.64,23140.5,0,0,65
2026-09-25,IDO,2026-11-23,24950.0,PE,915.05,1677.72,23140.5,0,0,65
2026-09-25,IDO,2026-11-23,24850.0,PE,860.35,1593.88,23140.5,0,0,65
2026-09-25,IDO,2026-11-23,24350.0,PE,1134.85,1200.36,23140.5,4030,0,65
2026-09-25,IDO,2026-11-23,22100.0,PE,102.1,102.1,23140.5,30225,382,65
2026-09-25,IDO,2026-11-23,21500.0,PE,57.1,57.1,23140.5,373035,5878,65
2026-09-25,IDO,2026-11-03,25150.0,PE,1711.15,1878.79,23140.5,0,0,65
2026-09-25,IDO,2026-11-03,24300.0,PE,1007.0,1139.47,23140.5,0,0,65
2026-09-25,IDO,2026-11-03,24200.0,PE,934.1,1061.14,23140.5,0,0,65
2026-09-25,IDO,2026-11-03,23350.0,PE,375.25,504.62,23140.5,845,24,65
2026-09-25,IDO,2026-11-03,23050.0,PE,245.85,245.85,23140.5,1430,58,65
2026-09-25,IDO,2026-11-03,22400.0,PE,102.9,102.9,23140.5,1755,79,65
2026-09-25,IDO,2026-11-03,22150.0,PE,70.4,70.4,23140.5,1690,55,65
2026-09-25,IDO,2026-11-03,21900.0,PE,53.6,65.89,23140.5,0,0,65
2026-09-25,IDO,2026-11-03,21700.0,PE,40.75,40.75,23140.5,455,8,65
2026-09-25,IDO,2026-10-27,27100.0,PE,3809.35,3810.17,23140.5,260,3,65
2026-09-25,IDO,2026-10-27,27050.0,PE,2764.35,3760.48,23140.5,0,0,65
2026-09-25,IDO,2026-10-27,26800.0,PE,3550.0,3512.07,23140.5,195,2,65
2026-09-25,IDO,2026-10-27,26650.0,PE,2415.2,3363.12,23140.5,0,0,65
2026-09-25,IDO,2026-10-27,26450.0,PE,2246.05,3164.67,23140.5,0,0,65
2026-09-25,IDO,2026-10-27,25850.0,PE,1093.8,2571.81,23140.5,65,0,65
2026-09-25,IDO,2026-12-29,17000.0,PE,13.0,13.0,23140.5,212430,176,65
2026-09-25,IDO,2026-12-29,22500.0,PE,217.65,217.65,23140.5,1772940,6562,65
2026-09-25,IDO,2026-12-29,27000.0,PE,3371.0,3371.0,23140.5,1328800,1638,65
2026-09-25,IDO,2026-12-29,29000.0,PE,5311.45,5311.45,23140.5,297650,859,65
2026-09-25,IDO,2027-03-30,15000.0,PE,17.0,17.0,23140.5,5330,18,65
2026-09-25,IDO,2026-10-27,25550.0,PE,2039.45,2278.32,23140.5,195,0,65
2026-09-25,IDO,2026-10-27,24500.0,PE,1255.1,1255.1,23140.5,1372865,4910,65
2026-09-25,IDO,2026-10-27,24400.0,PE,1161.05,1215.25,23140.5,123370,218,65
2026-09-25,IDO,2026-10-27,24350.0,PE,1093.45,1093.45,23140.5,13325,20,65
2026-09-25,IDO,2026-10-27,23850.0,PE,662.5,662.5,23140.5,13065,68,65
2026-09-25,IDO,2026-10-27,23550.0,PE,462.95,462.95,23140.5,28730,283,65
2026-09-25,IDO,2026-10-27,22700.0,PE,130.15,130.15,23140.5,519935,7435,65
2026-09-25,IDO,2026-10-27,22550.0,PE,102.5,102.5,23140.5,42055,887,65
2026-09-25,IDO,2026-10-27,21850.0,PE,39.0,39.0,23140.5,29055,246,65
2026-09-25,IDO,2026-10-27,21300.0,PE,21.0,21.0,23140.5,23270,872,65
2026-09-25,IDO,2026-10-27,21050.0,PE,31.05,6.01,23140.5,0,0,65
2026-09-25,IDO,2026-10-27,20850.0,PE,23.2,3.33,23140.5,0,0,65
2026-09-25,IDO,2026-10-19,25100.0,PE,1872.7,1872.44,23140.5,0,0,65
2026-09-25,IDO,2026-10-19,25000.0,PE,1779.1,1775.84,23140.5,0,0,65
2026-09-25,IDO,2026-10-19,24350.0,PE,1202.45,1173.41,23140.5,0,0,65
2026-09-25,IDO,2026-10-19,24150.0,PE,1040.4,1002.25,23140.5,0,0,65
2026-09-25,IDO,2026-10-19,23700.0,PE,548.25,656.85,23140.5,2210,0,65
2026-09-25,IDO,2026-10-19,22450.0,PE,62.5,62.5,23140.5,1820,52,65
2026-09-25,IDO,2026-10-19,22200.0,PE,40.55,40.55,23140.5,2015,131,65
2026-09-25,IDO,2026-10-13,25200.0,PE,1494.1,1988.65,23140.5,0,0,65
2026-09-25,IDO,2026-10-13,24600.0,PE,1215.75,1404.69,23140.5,65,0,65
2026-09-25,IDO,2026-10-13,24400.0,PE,1171.25,1171.25,23140.5,325,9,65
2026-09-25,IDO,2026-10-13,24300.0,PE,1145.7,1125.87,23140.5,1495,19,65
2026-09-25,IDO,2027-06-29,28500.0,PE,1807.05,4235.77,23140.5,0,0,65
2026-09-25,IDO,2027-06-29,30000.0,PE,4000.0,5552.58,23140.5,455,0,65
2026-09-25,IDO,2027-12-28,23000.0,PE,615.1,615.1,23140.5,116380,311,65
2026-09-25,IDO,2028-06-27,16500.0,PE,3.8,22.32,23140.5,0,0,65
2026-09-25,IDO,2028-12-26,20000.0,PE,270.0,259.7,23140.5,5350,1,65
2026-09-25,IDO,2030-06-25,31500.0,PE,2056.3,3861.71,23140.5,0,0,65
2026-09-25,IDO,2031-06-24,21000.0,PE,450.5,403.0,23140.5,0,0,65
2026-09-25,IDO,2026-10-13,24050.0,PE,621.65,906.55,23140.5,0,0,65
2026-09-25,IDO,2026-10-13,23550.0,PE,401.9,524.92,23140.5,9490,47,65
2026-09-25,IDO,2026-10-13,23400.0,PE,317.45,317.45,23140.5,128310,1127,65
2026-09-25,IDO,2026-10-13,22750.0,PE,82.0,82.0,23140.5,18200,718,65
2026-09-25,IDO,2026-10-13,22450.0,PE,42.35,42.35,23140.5,11375,266,65
2026-09-25,IDO,2026-10-13,22350.0,PE,35.35,35.35,23140.5,12935,300,65
2026-09-25,IDO,2026-10-06,24900.0,PE,913.3,1716.0,23140.5,0,0,65
2026-09-25,IDO,2026-10-06,23500.0,PE,356.2,356.2,23140.5,826995,12631,65
2026-09-25,IDO,2026-10-06,23150.0,PE,147.6,147.6,23140.5,305435,29154,65
2026-09-25,IDO,2026-10-06,21800.0,PE,7.05,7.05,23140.5,459160,11099,65
2026-09-25,IDO,2026-10-06,21700.0,PE,6.55,6.55,23140.5,267345,11459,65
2026-09-25,IDO,2026-10-06,21600.0,PE,6.05,6.05,23140.5,243685,13253,65
2026-09-25,IDF,2026-10-27,,,23263.6,23263.6,23140.5,10418395,46784,65
2026-09-25,IDO,2026-09-29,20900.0,CE,3317.65,2254.08,23140.5,0,0,65
2026-09-25,IDO,2026-09-29,21000.0,CE,2189.2,2189.2,23140.5,316680,2238,65
2026-09-25,IDO,2026-09-29,21450.0,CE,2809.7,1704.44,23140.5,0,0,65
2026-09-25,IDO,2026-09-29,27050.0,PE,2869.35,3891.93,23140.5,0,0,65
2026-09-25,IDO,2026-09-29,26500.0,PE,3312.55,3312.55,23140.5,555750,1534,65
2026-09-25,IDO,2026-09-29,26200.0,PE,3012.35,3012.35,23140.5,33930,92,65
2026-09-25,IDO,2026-09-29,25850.0,PE,2809.85,2692.71,23140.5,845,13,65
2026-09-25,IDO,2026-09-29,24800.0,PE,1623.5,1623.5,23140.5,203580,1122,65
2026-09-25,IDO,2026-09-29,24450.0,PE,1266.5,1266.5,23140.5,73320,76,65
2026-09-25,IDO,2026-09-29,23650.0,PE,464.4,464.4,23140.5,230360,2825,65
2026-09-25,IDO,2026-09-29,23600.0,PE,417.25,417.25,23140.5,950105,24507,65
2026-09-25,IDO,2026-09-29,23000.0,PE,34.25,34.25,23140.5,14434665,6262310,65
2026-09-25,IDO,2026-09-29,21550.0,CE,2719.75,1604.5,23140.5,0,0,65
2026-09-25,IDO,2026-09-29,21600.0,CE,1584.5,1584.5,23140.5,37830,141,65
2026-09-25,IDO,2026-09-29,21950.0,CE,1267.85,1204.82,23140.5,130,0,65
2026-09-25,IDO,2026-09-29,22850.0,CE,354.95,354.95,23140.5,102505,42184,65
2026-09-25,IDO,2026-09-29,23100.0,CE,147.4,147.4,23140.5,9081020,5382131,65
2026-09-25,IDO,2026-09-29,24300.0,CE,1.15,1.15,23140.5,5826860,360064,65
2026-09-25,IDO,2026-09-29,25950.0,CE,0.45,0.45,23140.5,27690,820,65
2026-09-25,IDO,2026-10-06,22100.0,CE,1031.8,1090.3,23140.5,195,0,65
2026-09-25,IDO,2026-10-06,22300.0,CE,909.65,909.65,23140.5,910,28,65
2026-09-25,IDO,2026-10-06,22350.0,CE,810.65,857.14,23140.5,65,1,65
2026-09-25,IDO,2026-10-06,22400.0,CE,811.5,811.5,23140.5,195,6,65
2026-09-25,IDO,2026-10-06,22500.0,CE,711.9,711.9,23140.5,97110,2096,65
2026-09-25,IDO,2026-10-06,22900.0,CE,363.7,363.7,23140.5,309140,10071,65
2026-09-25,IDO,2026-10-06,23600.0,CE,32.65,32.65,23140.5,1140555,68287,65
2026-09-25,IDO,2026-10-06,23750.0,CE,16.6,16.6,23140.5,390325,16878,65
2026-09-25,IDO,2026-10-06,24900.0,CE,1.45,1.45,23140.5,138840,5205,65
2026-09-25,IDO,2026-10-06,25050.0,CE,1.65,1.65,23140.5,12285,356,65
2026-09-25,IDO,2026-10-06,25250.0,CE,1.4,1.4,23140.5,3510,111,65
2026-09-25,IDO,2026-10-13,20850.0,CE,2902.5,2351.63,23140.5,0,0,65
2026-09-25,IDO,2026-10-13,21450.0,CE,2312.1,1756.54,23140.5,0,0,65
2026-09-25,IDO,2026-10-13,21750.0,CE,2022.25,1464.04,23140.5,0,0,65
2026-09-25,IDO,2026-10-13,21950.0,CE,1832.65,1273.66,23140.5,0,0,65
2026-09-25,IDO,2026-09-29,22900.0,PE,19.4,19.4,23140.5,6487455,2622262,65
2026-09-25,IDO,2031-06-24,30000.0,CE,4459.9,3578.66,23140.5,0,0,65
2026-09-25,IDO,2031-06-24,18000.0,CE,10825.95,9940.95,23140.5,0,0,65
2026-09-25,IDO,2030-12-31,25500.0,CE,7639.65,4969.17,23140.5,0,0,65
2026-09-25,IDO,2030-12-31,19500.0,CE,11601.15,8492.82,23140.5,0,0,65
2026-09-25,IDO,2029-12-24,21000.0,CE,9463.95,6453.51,23140.5,0,0,65
2026-09-25,IDO,2029-06-26,25500.0,CE,5917.35,3278.9,23140.5,0,0,65
2026-09-25,IDO,2028-06-27,27000.0,CE,1935.0,1503.09,23140.5,65,0,65
2026-09-25,IDO,2027-12-28,21000.0,CE,4902.4,4059.0,23140.5,0,0,65
2026-09-25,IDO,2027-06-29,19500.0,CE,8143.4,4620.58,23140.5,0,0,65
2026-09-25,IDO,2027-06-29,16500.0,CE,10867.2,7414.01,23140.5,0,0,65
2026-09-25,IDO,2027-06-29,15000.0,CE,5367.85,8842.03,23140.5,0,0,65
2026-09-25,IDO,2027-03-30,30000.0,CE,19.35,19.35,23140.5,165555,183,65
2026-09-25,IDO,2027-03-30,21000.0,CE,2858.0,2959.3,23140.5,19045,77,65
2026-09-25,IDO,2027-03-30,15000.0,CE,8379.85,8615.16,23140.5,0,0,65
2026-09-25,IDO,2026-10-13,22050.0,CE,1739.4,1180.6,23140.5,0,0,65
2026-09-25,IDO,2026-10-13,23450.0,CE,117.5,117.5,23140.5,44850,1473,65
2026-09-25,IDO,2026-10-13,24350.0,CE,236.65,32.95,23140.5,0,0,65
2026-09-25,IDO,2026-10-19,20950.0,CE,2289.2,2273.58,23140.5,0,0,65
2026-09-25,IDO,2026-10-19,21750.0,CE,1530.05,1495.2,23140.5,0,0,65
2026-09-25,IDO,2026-10-19,22000.0,CE,1308.9,1264.28,23140.5,0,0,65
2026-09-25,IDO,2026-12-29,25500.0,CE,45.4,45.4,23140.5,933400,10433,65
2026-09-25,IDO,2026-12-29,19500.0,CE,7586.85,3963.96,23140.5,0,0,65
2026-09-25,IDO,2026-11-23,25900.0,CE,12.5,12.5,23140.5,1950,86,65
2026-09-25,IDO,2026-11-23,25300.0,CE,532.0,78.93,23140.5,0,0,65
2026-09-25,IDO,2026-11-23,24800.0,CE,36.35,36.35,23140.5,128440,1115,65
2026-09-25,IDO,2026-11-23,24300.0,CE,91.0,91.0,23140.5,143390,1549,65
2026-09-25,IDO,2026-11-23,22300.0,CE,1286.5,1258.22,23140.5,195,0,65
2026-09-25,IDO,2026-11-23,21950.0,CE,2769.65,1534.47,23140.5,0,0,65
2026-09-25,IDO,2026-11-23,21100.0,CE,3565.5,2286.38,23140.5,0,0,65
2026-09-25,IDO,2026-11-03,24850.0,CE,96.3,62.99,23140.5,0,0,65
2026-09-25,IDO,2026-11-03,24650.0,CE,127.55,86.09,23140.5,0,0,65
2026-09-25,IDO,2026-11-03,24000.0,CE,82.25,82.25,23140.5,21710,495,65
2026-09-25,IDO,2026-11-03,23950.0,CE,305.7,227.26,23140.5,0,0,65
2026-09-25,IDO,2026-11-03,21800.0,CE,1721.95,1541.68,23140.5,0,0,65
2026-09-25,IDO,2026-11-03,21100.0,CE,2382.6,2194.44,23140.5,0,0,65
2026-09-25,IDO,2026-11-03,21050.0,CE,2431.1,2242.71,23140.5,0,0,65
2026-09-25,IDO,2026-11-03,20800.0,CE,2675.3,2485.94,23140.5,0,0,65
2026-09-25,IDO,2026-10-27,26450.0,CE,8.15,1.09,23140.5,520,0,65
2026-09-25,IDO,2026-10-27,24600.0,CE,13.4,13.4,23140.5,361075,5576,65
2026-09-25,IDO,2026-10-27,24100.0,CE,41.25,41.25,23140.5,806585,10340,65
2026-09-25,IDO,2026-10-27,23650.0,CE,134.1,134.1,23140.5,59020,1402,65
2026-09-25,IDO,2026-10-27,23250.0,CE,310.5,310.5,23140.5,75400,2347,65
2026-09-25,IDO,2029-06-26,21000.0,PE,320.25,414.87,23140.5,0,0,65
2026-09-25,IDO,2028-12-26,25000.0,PE,1200.0,1200.0,23140.5,12890,12,65
2026-09-25,IDO,2028-12-26,18000.0,PE,250.0,91.71,23140.5,75,0,65
2026-09-25,IDO,2028-06-27,21000.0,PE,325.0,369.84,23140.5,195,0,65
2026-09-25,IDO,2027-12-28,22000.0,PE,423.4,423.4,23140.5,85370,158,65
2026-09-25,IDO,2027-12-28,15000.0,PE,21.7,1.77,23140.5,755,0,65
2026-09-25,IDO,2027-06-29,31500.0,PE,3604.7,6927.9,23140.5,0,0,65
2026-09-25,IDO,2027-06-29,24000.0,PE,810.1,810.1,23140.5,15730,68,65
2026-09-25,IDO,2027-06-29,15000.0,PE,1173.2,0.15,23140.5,0,0,65
2026-09-25,IDO,2027-03-30,31500.0,PE,7066.15,7369.84,23140.5,0,0,65
2026-09-25,IDO,2027-03-30,30000.0,PE,5850.0,5934.21,23140.5,3575,7,65
2026-09-25,IDO,2027-03-30,25500.0,PE,1723.0,1723.0,23140.5,247975,223,65
2026-09-25,IDO,2026-12-29,28500.0,PE,3320.25,4901.26,23140.5,130,0,65
2026-09-25,IDO,2026-12-29,25000.0,PE,1509.85,1509.85,23140.5,2109820,1897,65
2026-09-25,IDO,2026-12-29,19500.0,PE,34.8,34.8,23140.5,178035,570,65
2026-09-25,IDO,2026-11-23,25900.0,PE,1526.4,2531.9,23140.5,0,0,65
2026-09-25,IDO,2026-11-23,25850.0,PE,1490.4,2484.98,23140.5,0,0,65
2026-09-25,IDO,2026-11-23,25050.0,PE,1014.95,1762.97,23140.5,0,0,65
2026-09-25,IDO,2026-11-23,25000.0,PE,1623.85,1623.85,23140.5,253110,358,65
2026-09-25,IDO,2026-11-23,23600.0,PE,530.25,530.25,23140.5,56095,134,65
2026-09-25,IDO,2026-11-23,21700.0,PE,68.9,68.9,23140.5,51025,351,65
2026-09-25,IDO,2026-11-03,23700.0,PE,610.85,707.8,23140.5,0,0,65
2026-09-25,IDO,2026-11-03,23550.0,PE,528.4,615.96,23140.5,0,0,65
2026-09-25,IDO,2026-10-27,26700.0,PE,3424.95,3412.76,23140.5,130,0,65
2026-09-25,IDO,2026-10-27,26350.0,PE,2163.0,3065.55,23140.5,0,0,65
2026-09-25,IDO,2026-10-27,26200.0,PE,2905.6,2905.6,23140.5,1560,24,65
2026-09-25,IDO,2026-10-27,22500.0,PE,95.8,95.8,23140.5,3268070,33541,65
2026-09-25,IDO,2026-10-27,22100.0,PE,52.15,52.15,23140.5,230490,7682,65
2026-09-25,IDO,2026-10-27,21400.0,PE,22.8,22.8,23140.5,144300,1894,65
2026-09-25,IDO,2026-10-27,21100.0,PE,17.7,17.7,23140.5,23920,716,65
2026-09-25,IDO,2026-10-19,24950.0,PE,1732.7,1727.82,23140.5,0,0,65
2026-09-25,IDO,2026-10-19,23050.0,PE,188.0,188.0,23140.5,3185,182,65
2026-09-25,IDO,2026-10-19,22350.0,PE,52.45,84.05,23140.5,715,31,65
2026-09-25,IDO,2026-10-19,22300.0,PE,49.25,49.25,23140.5,14755,283,65
2026-09-25,IDO,2026-10-19,22100.0,PE,35.05,35.05,23140.5,5070,243,65
2026-09-25,IDO,2026-10-19,21050.0,PE,8.1,2.23,23140.5,0,0,65
2026-09-25,IDO,2026-10-13,25150.0,PE,1450.15,1939.29,23140.5,0,0,65
2026-09-25,IDO,2026-10-13,24500.0,PE,1350.2,1310.29,23140.5,1495,7,65
2026-09-25,IDO,2026-10-13,24350.0,PE,1000.0,1171.34,23140.5,390,0,65
2026-09-25,IDO,2026-10-13,24200.0,PE,999.25,1036.41,23140.5,1235,15,65
2026-09-25,IDO,2026-10-13,24100.0,PE,1020.65,949.21,23140.5,6565,2,65
2026-09-25,IDO,2026-10-13,24000.0,PE,791.0,791.0,23140.5,6890,39,65
2026-09-25,IDO,2026-10-13,23150.0,PE,193.0,193.0,23140.5,24635,1041,65
2026-09-25,IDO,2026-10-13,22150.0,PE,24.7,24.7,23140.5,10855,253,65
2026-09-25,IDO,2026-10-13,22000.0,PE,18.55,18.55,23140.5,187785,7684,65
2026-09-25,IDO,2026-10-13,21900.0,PE,15.6,15.6,23140.5,23465,1081,65
2026-09-25,IDO,2026-10-06,25700.0,PE,2575.0,2513.63,23140.5,715,11,65
2026-09-25,IDO,2026-10-06,24950.0,PE,1475.85,1765.71,23140.5,65,0,65
2026-09-25,IDO,2026-10-06,24500.0,PE,1295.15,1295.15,23140.5,43290,175,65
2026-09-25,IDO,2026-10-06,24150.0,PE,960.0,960.0,23140.5,1560,21,65
2026-09-25,IDO,2026-10-06,23750.0,PE,567.8,567.8,23140.5,13650,38,65
2026-09-25,IDO,2026-10-06,23250.0,PE,194.3,194.3,23140.5,218140,10329,65
2026-09-25,IDO,2026-10-06,23100.0,PE,127.2,127.2,23140.5,2353260,157060,65
2026-09-25,IDO,2026-10-06,22750.0,PE,43.25,43.25,23140.5,450255,16874,65
2026-09-25,IDO,2026-10-06,22100.0,PE,10.15,10.15,23140.5,397930,19012,65
2026-09-25,IDO,2026-10-06,21450.0,PE,5.45,5.45,23140.5,33410,303,65
2026-09-25,IDO,2026-09-29,26700.0,PE,2560.85,3542.15,23140.5,0,0,65
2026-09-25,IDO,2026-09-29,25350.0,PE,850.0,2193.03,23140.5,1040,0,65
2026-09-25,IDO,2026-09-29,25150.0,PE,1926.0,1993.16,23140.5,1625,0,65
2026-09-25,IDO,2026-09-29,24350.0,PE,1162.9,1162.9,23140.5,288990,240,65
2026-09-25,IDO,2026-09-29,23850.0,PE,659.6,659.6,23140.5,101920,755,65
2026-09-25,IDO,2026-09-29,23300.0,PE,158.95,158.95,23140.5,5132465,613061,65
2026-09-25,IDO,2026-09-29,21100.0,PE,0.9,0.9,23140.5,386490,33973,65
2026-09-25,IDO,2026-09-29,20950.0,PE,0.8,0.8,23140.5,26910,2563,65
2026-09-25,IDO,2026-09-29,20800.0,PE,0.75,0.75,23140.5,401115,85999,65
2026-09-25,IDO,2026-09-29,18000.0,PE,0.25,0.25,23140.5,791960,14110,65
2026-09-25,IDO,2031-06-24,31500.0,CE,3928.35,3079.26,23140.5,0,0,65
2026-09-25,IDO,2030-12-31,28500.0,CE,5968.3,3650.22,23140.5,0,0,65
2026-09-25,IDO,2030-12-31,16500.0,CE,13763.55,10604.69,23140.5,0,0,65
2026-09-25,IDO,2030-12-31,15000.0,CE,14862.95,11712.01,23140.5,0,0,65
2026-09-25,IDO,2030-06-25,31500.0,CE,3984.8,2140.74,23140.5,0,0,65
2026-09-25,IDO,2030-06-25,18000.0,CE,12423.9,9064.86,23140.5,0,0,65
2026-09-25,IDO,2030-06-25,15000.0,CE,14543.9,11327.27,23140.5,0,0,65
2026-09-25,IDO,2029-12-24,28500.0,CE,4802.1,2590.01,23140.5,0,0,65
2026-09-25,IDO,2029-12-24,16500.0,CE,12984.85,9753.95,23140.5,0,0,65
2026-09-25,IDO,2029-06-26,33000.0,CE,4179.45,963.19,23140.5,0,0,65
2026-09-25,IDO,2029-06-26,21000.0,CE,9799.75,5904.56,23140.5,0,0,65
2026-09-25,IDO,2029-06-26,18000.0,CE,11678.65,8120.23,23140.5,0,0,65
2026-09-25,IDO,2028-06-27,19500.0,CE,9209.1,5860.13,23140.5,0,0,65
2026-09-25,IDO,2027-12-28,33000.0,CE,64.0,64.0,23140.5,9035,8,65
2026-09-25,IDO,2027-06-29,33000.0,CE,1122.75,16.82,23140.5,0,0,65
2026-09-25,IDO,2027-06-29,25500.0,CE,425.0,425.0,23140.5,2665,38,65
2026-09-25,IDO,2026-12-29,22500.0,CE,1211.0,1211.0,23140.5,431470,931,65
2026-09-25,IDO,2026-12-29,16000.0,CE,7200.0,7401.13,23140.5,260,2,65
2026-09-25,IDO,2026-11-23,25550.0,CE,446.95,56.99,23140.5,0,0,65
2026-09-25,IDO,2026-11-23,25450.0,CE,479.65,65.04,23140.5,0,0,65
2026-09-25,IDO,2026-11-23,24600.0,CE,51.9,51.9,23140.5,88595,1403,65
2026-09-25,IDO,2026-11-23,24250.0,CE,100.1,100.1,23140.5,14950,152,65
2026-09-25,IDO,2026-11-23,23600.0,CE,301.3,301.3,23140.5,84435,1043,65
2026-09-25,IDO,2026-11-23,23450.0,CE,373.65,373.65,23140.5,7215,61,65
2026-09-25,IDO,2026-11-23,23400.0,CE,398.35,398.35,23140.5,117195,746,65
2026-09-25,IDO,2026-11-23,23100.0,CE,574.45,574.45,23140.5,18330,401,65
2026-09-25,IDO,2026-11-23,22700.0,CE,854.0,854.0,23140.5,845,20,65
2026-09-25,IDO,2026-11-23,21700.0,CE,2999.2,1745.41,23140.5,0,0,65
2026-09-25,IDO,2026-11-23,20900.0,CE,3757.7,2474.58,23140.5,0,0,65
2026-09-25,IDO,2026-11-03,25150.0,CE,61.5,38.28,23140.5,0,0,65
2026-09-25,IDO,2026-11-03,24250.0,CE,214.4,153.47,23140.5,0,0,65
2026-09-25,IDO,2026-11-03,23400.0,CE,274.95,428.98,23140.5,3705,71,65
2026-09-25,IDO,2026-11-03,22700.0,CE,978.1,825.95,23140.5,0,0,65
2026-09-25,IDO,2026-11-03,22650.0,CE,1014.85,860.25,23140.5,0,0,65
2026-09-25,IDO,2026-11-03,21200.0,CE,2285.9,2098.37,23140.5,0,0,65
2026-09-25,IDO,2026-11-03,20900.0,CE,2577.35,2388.32,23140.5,0,0,65
2026-09-25,IDO,2026-10-27,27200.0,CE,0.75,0.75,23140.5,51805,608,65
2026-09-25,IDO,2026-10-27,25650.0,CE,4.45,7.81,23140.5,3835,4,65
2026-09-25,IDO,2026-10-27,25150.0,CE,5.35,5.35,23140.5,17940,225,65
2026-09-25,IDO,2026-10-27,25050.0,CE,7.1,7.1,23140.5,166725,849,65
2026-09-25,IDO,2026-10-27,23050.0,CE,432.9,432.9,23140.5,53560,1690,65
2026-09-25,IDO,2026-10-27,23000.0,CE,465.15,465.15,23140.5,1888575,38781,65
2026-09-25,IDO,2026-10-27,22050.0,CE,2377.1,1278.09,23140.5,0,0,65
2026-09-25,IDO,2026-10-27,21600.0,CE,1707.4,1684.71,23140.5,585,2,65
2026-09-25,IDO,2026-10-19,24850.0,CE,8.2,8.2,23140.5,2470,3,65
2026-09-25,IDO,2026-10-19,24150.0,CE,29.8,29.8,23140.5,3250,3,65
2026-09-25,IDO,2026-10-19,24100.0,CE,25.1,25.1,23140.5,26455,620,65
2026-09-25,IDO,2026-10-19,23750.0,CE,245.05,174.89,23140.5,0,0,65
2026-09-25,IDO,2026-10-19,23300.0,CE,227.8,227.8,23140.5,32305,829,65
2026-09-25,IDO,2026-10-19,22350.0,CE,1020.95,961.52,23140.5,0,0,65
2026-09-25,IDO,2026-10-19,22300.0,CE,1060.25,1002.93,23140.5,0,0,65
2026-09-25,IDO,2026-10-19,21050.0,CE,2191.7,2174.65,23140.5,0,0,65
2026-09-25,IDO,2026-10-19,20800.0,CE,2436.25,2422.32,23140.5,0,0,65
2026-09-25,IDO,2026-10-13,24950.0,CE,3.6,6.11,23140.5,7800,10,65
2026-09-25,IDO,2026-10-13,24700.0,CE,4.55,4.55,23140.5,5265,70,65
2026-09-25,IDO,2026-10-13,23950.0,CE,381.6,83.79,23140.5,0,0,65
2026-09-25,IDO,2026-10-13,23900.0,CE,28.0,28.0,23140.5,2080,33,65
2026-09-25,IDO,2026-10-13,23700.0,CE,51.6,51.6,23140.5,214760,7971,65
2026-09-25,IDO,2026-10-13,23400.0,CE,136.15,136.15,23140.5,323505,11896,65
2026-09-25,IDO,2026-10-13,23000.0,CE,357.25,357.25,23140.5,93535,4684,65
2026-09-25,IDO,2026-10-13,22950.0,CE,395.7,395.7,23140.5,2665,89,65
2026-09-25,IDO,2026-10-13,22700.0,CE,581.9,581.9,23140.5,2340,74,65
2026-09-25,IDO,2026-10-13,22650.0,CE,1210.6,672.94,23140.5,0,0,65
2026-09-25,IDO,2026-10-13,22250.0,CE,1556.55,1000.29,23140.5,0,0,65
2026-09-25,IDO,2026-10-13,21150.0,CE,2606.15,2053.25,23140.5,0,0,65
2026-09-25,IDO,2026-10-06,25400.0,CE,1.2,1.2,23140.5,11115,247,65
2026-09-25,IDO,2026-10-06,23900.0,CE,9.05,9.05,23140.5,910975,42241,65
2026-09-25,IDO,2026-10-06,23300.0,CE,116.8,116.8,23140.5,2588300,99641,65
2026-09-25,IDO,2026-10-06,22650.0,CE,579.2,579.2,23140.5,3965,81,65
2026-09-25,IDO,2026-10-06,22250.0,CE,1956.3,948.82,23140.5,0,0,65
2026-09-25,IDO,2026-10-06,20850.0,CE,3326.65,2327.74,23140.5,0,0,65
2026-09-25,IDO,2026-09-29,27050.0,CE,0.3,0.3,23140.5,23465,1014,65
2026-09-25,IDO,2026-09-29,26150.0,CE,0.5,0.5,23140.5,17160,567,65
2026-09-25,IDO,2026-09-29,25100.0,CE,0.55,0.55,23140.5,623350,27284,65
2026-09-25,IDO,2026-09-29,23800.0,CE,3.15,3.15,23140.5,7114185,975498,65
2026-09-25,IDO,2026-09-29,23550.0,CE,9.1,9.1,23140.5,5358340,897661,65
2026-09-25,IDO,2026-09-29,23250.0,CE,66.5,66.5,23140.5,5950100,2510577,65
2026-09-25,IDO,2026-09-29,22400.0,CE,791.8,791.8,23140.5,9945,311,65
2026-09-25,IDO,2026-09-29,22250.0,CE,820.0,905.96,23140.5,390,22,65
2026-09-25,IDO,2026-09-29,22150.0,CE,960.0,1005.32,23140.5,4030,0,65
2026-09-25,IDO,2026-09-29,21300.0,CE,2946.2,1854.34,23140.5,0,0,65
2026-09-25,IDO,2028-12-26,33000.0,PE,3315.4,6101.14,23140.5,0,0,65
2026-09-25,IDO,2030-06-25,33000.0,PE,3143.9,4664.93,23140.5,0,0,65
2026-09-25,IDO,2030-06-25,19500.0,PE,64.95,245.23,23140.5,0,0,65
2026-09-25,IDO,2030-06-25,16500.0,PE,12.0,62.24,23140.5,0,0,65
2026-09-25,IDO,2029-06-26,31500.0,PE,2443.35,4589.46,23140.5,0,0,65
2026-09-25,IDO,2026-11-03,23450.0,CE,249.95,406.75,23140.5,3575,57,65
2026-09-25,IDO,2026-11-03,22100.0,CE,1456.1,1282.72,23140.5,0,0,65
2026-09-25,IDO,2026-11-03,21900.0,CE,1631.8,1453.54,23140.5,0,0,65
2026-09-25,IDO,2029-12-24,28500.0,PE,1255.9,2666.23,23140.5,0,0,65
2026-09-25,IDO,2029-12-24,27000.0,PE,1177.9,2026.08,23140.5,0,0,65
2026-09-25,IDO,2029-12-24,22500.0,PE,225.7,681.64,23140.5,0,0,65
2026-09-25,IDO,2029-06-26,33000.0,PE,3022.85,5559.67,23140.5,0,0,65
2026-09-25,IDO,2031-06-24,27000.0,PE,1653.15,1642.83,23140.5,0,0,65
2026-09-25,IDO,2026-09-29,22200.0,CE,993.25,993.25,23140.5,4940,209,65
2026-09-25,IDO,2026-09-29,22800.0,CE,400.05,400.05,23140.5,414375,87518,65
2026-09-25,IDO,2026-09-29,23000.0,CE,222.85,222.85,23140.5,3278665,2153988,65
2026-09-25,IDO,2026-09-29,23700.0,CE,4.3,4.3,23140.5,7209150,964887,65
2026-09-25,IDO,2029-06-26,28500.0,PE,1349.1,2887.16,23140.5,0,0,65
2026-09-25,IDO,2028-12-26,25500.0,PE,648.2,1666.86,23140.5,0,0,65
2026-09-25,IDO,2028-12-26,15000.0,PE,22.25,10.42,23140.5,0,0,65
2026-09-25,IDO,2028-06-27,24000.0,PE,680.05,1149.11,23140.5,65,0,65
2026-09-25,IDO,2027-12-28,21000.0,PE,273.1,273.1,23140.5,56430,77,65
2026-09-25,IDO,2027-12-28,17000.0,PE,69.1,17.25,23140.5,17775,0,65
2026-09-25,IDO,2027-06-29,25500.0,PE,667.15,1968.92,23140.5,0,0,65
2026-09-25,IDO,2027-06-29,21000.0,PE,180.75,180.75,23140.5,28825,97,65
2026-09-25,IDO,2026-11-23,25550.0,PE,1282.8,2207.21,23140.5,0,0,65
2026-09-25,IDO,2026-11-23,24800.0,PE,1457.4,1552.53,23140.5,5330,29,65
2026-09-25,IDO,2026-11-23,24700.0,PE,1456.7,1471.02,23140.5,3575,0,65
2026-09-25,IDO,2026-11-23,23900.0,PE,705.45,705.45,23140.5,13390,33,65
2026-09-25,IDO,2026-11-23,23700.0,PE,600.0,764.22,23140.5,38480,78,65
2026-09-25,IDO,2026-11-23,23500.0,PE,482.2,482.2,23140.5,646230,3198,65
2026-09-25,IDO,2026-11-23,23100.0,PE,312.3,312.3,23140.5,34840,532,65
2026-09-25,IDO,2026-11-23,22800.0,PE,221.55,221.55,23140.5,221065,1637,65
2026-09-25,IDO,2026-11-23,22150.0,PE,110.1,110.1,23140.5,7800,68,65
2026-09-25,IDO,2026-11-23,22050.0,PE,97.35,97.35,23140.5,9555,74,65
2026-09-25,IDO,2026-11-23,21950.0,PE,99.75,121.22,23140.5,2340,0,65
2026-09-25,IDO,2026-11-23,21350.0,PE,55.0,48.84,23140.5,8970,23,65
2026-09-25,IDO,2026-11-23,21000.0,PE,38.25,38.25,23140.5,36205,1250,65
2026-09-25,IDO,2026-11-03,25000.0,PE,1577.95,1740.84,23140.5,0,0,65
2026-09-25,IDO,2026-11-03,24900.0,PE,1490.95,1650.3,23140.5,0,0,65
2026-09-25,IDO,2026-11-03,24700.0,PE,1321.8,1473.27,23140.5,0,0,65
2026-09-25,IDO,2026-11-03,22300.0,PE,90.7,129.99,23140.5,2015,96,65
2026-09-25,IDO,2026-11-03,21850.0,PE,48.85,60.08,23140.5,0,0,65
2026-09-25,IDO,2026-11-03,21800.0,PE,44.45,54.7,23140.5,0,0,65
2026-09-25,IDO,2026-11-03,21650.0,PE,33.15,40.84,23140.5,0,0,65
2026-09-25,IDO,2026-11-03,21400.0,PE,19.6,24.22,23140.5,0,0,65
2026-09-25,IDO,2026-11-03,21200.0,PE,12.5,15.42,23140.5,0,0,65
2026-09-25,IDO,2026-10-27,26400.0,PE,3030.0,3115.1,23140.5,130,0,65
2026-09-25,IDO,2026-10-27,26250.0,PE,3000.0,2966.52,23140.5,260,4,65
2026-09-25,IDO,2026-10-27,25700.0,PE,2420.0,2424.69,23140.5,2470,23,65
2026-09-25,IDO,2026-10-27,23800.0,PE,624.9,624.9,23140.5,542880,2074,65
2026-09-25,IDO,2026-10-27,23750.0,PE,591.45,591.45,23140.5,14950,128,65
2026-09-25,IDO,2026-10-27,23150.0,PE,260.2,260.2,23140.5,54795,1651,65
2026-09-25,IDO,2026-10-27,22950.0,PE,191.25,191.25,23140.5,55055,782,65
2026-09-25,IDO,2026-10-27,22900.0,PE,177.45,177.45,23140.5,382395,8109,65
2026-09-25,IDO,2026-10-27,22000.0,PE,46.8,46.8,23140.5,2478580,42735,65
2026-09-25,IDO,2026-10-27,21950.0,PE,43.05,43.05,23140.5,16445,219,65
2026-09-25,IDO,2026-10-27,21900.0,PE,41.15,41.15,23140.5,267930,5740,65
2026-09-25,IDO,2026-10-27,21600.0,PE,28.45,28.45,23140.5,99775,2058,65
2026-09-25,IDO,2026-10-19,24600.0,PE,1416.5,1398.41,23140.5,0,0,65
2026-09-25,IDO,2026-10-19,24550.0,PE,1372.75,1352.58,23140.5,0,0,65
2026-09-25,IDO,2026-10-19,24200.0,PE,1040.0,1044.18,23140.5,65,1,65
2026-09-25,IDO,2026-10-19,23400.0,PE,342.0,342.0,23140.5,10920,94,65
2026-09-25,IDO,2026-10-19,21950.0,PE,63.7,33.74,23140.5,0,0,65
2026-09-25,IDO,2026-10-19,21850.0,PE,52.35,26.16,23140.5,0,0,65
2026-09-25,IDO,2026-10-13,25000.0,PE,1710.0,1791.73,23140.5,455,0,65
2026-09-25,IDO,2026-10-13,23650.0,PE,493.9,493.9,23140.5,7150,25,65
2026-09-25,IDO,2026-10-13,23350.0,PE,288.75,288.75,23140.5,11245,182,65
2026-09-25,IDO,2026-10-13,21750.0,PE,10.45,10.45,23140.5,5200,161,65
2026-09-25,IDO,2026-10-13,21050.0,PE,2.5,0.64,23140.5,0,0,65
2026-09-25,IDO,2026-10-06,25800.0,PE,2670.0,2613.44,23140.5,1105,7,65
2026-09-25,IDO,2026-10-06,24000.0,PE,807.4,807.4,23140.5,181480,1343,65
2026-09-25,IDO,2026-10-06,23450.0,PE,320.05,320.05,23140.5,69420,1202,65
2026-09-25,IDO,2026-10-06,22000.0,PE,8.95,8.95,23140.5,1201850,48778,65
2026-09-25,IDO,2026-10-06,21900.0,PE,7.95,7.95,23140.5,229580,10723,65
2026-09-25,IDO,2026-10-06,20950.0,PE,3.3,3.3,23140.5,1170,63,65
2026-09-25,IDO,2026-10-06,20800.0,PE,3.75,3.75,23140.5,1939340,42140,65
2026-09-25,IDO,2026-09-29,34500.0,PE,7064.95,11337.09,23140.5,0,0,65
2026-09-25,IDO,2026-09-29,25200.0,CE,0.55,0.55,23140.5,628875,25005,65
2026-09-25,IDO,2026-09-29,25600.0,CE,0.6,0.6,23140.5,118950,7871,65
2026-09-25,IDO,2026-09-29,26200.0,CE,0.45,0.45,23140.5,165945,3603,65
2026-09-25,IDO,2026-09-29,26800.0,CE,0.35,0.35,23140.5,12155,1290,65
2026-09-25,IDO,2026-09-29,27100.0,CE,0.35,0.35,23140.5,48620,1601,65
2026-09-25,IDO,2026-10-06,22200.0,CE,2003.7,995.52,23140.5,0,0,65
2026-09-25,IDO,2026-10-06,22750.0,CE,484.35,484.35,23140.5,9165,305,65
2026-09-25,IDO,2026-10-06,23100.0,CE,220.9,220.9,23140.5,1955915,136629,65
2026-09-25,IDO,2026-10-06,23350.0,CE,96.7,96.7,23140.5,405535,28155,65
2026-09-25,IDO,2026-10-06,24100.0,CE,5.45,5.45,23140.5,642200,25141,65
2026-09-25,IDO,2026-10-06,24200.0,CE,4.45,4.45,23140.5,539630,25492,65
2026-09-25,IDO,2026-10-06,24500.0,CE,2.65,2.65,23140.5,1187745,32490,65
2026-09-25,IDO,2026-10-06,24650.0,CE,2.0,2.0,23140.5,33605,992,65
2026-09-25,IDO,2026-10-06,24850.0,CE,1.5,1.5,23140.5,48750,673,65
2026-09-25,IDO,2026-09-29,26050.0,PE,2915.0,2892.58,23140.5,65,0,65
2026-09-25,IDO,2026-09-29,26000.0,PE,2815.8,2815.8,23140.5,1157555,7518,65
2026-09-25,IDO,2026-09-29,25550.0,PE,2166.55,2392.9,23140.5,390,0,65
2026-09-25,IDO,2026-09-29,25300.0,PE,2120.0,2143.06,23140.5,23465,56,65
2026-09-25,IDO,2026-09-29,25050.0,PE,1956.0,1893.23,23140.5,3315,3,65
2026-09-25,IDO,2026-09-29,24850.0,PE,1670.8,1693.36,23140.5,10465,13,65
2026-09-25,IDO,2026-09-29,23050.0,PE,44.85,44.85,23140.5,6337825,5075166,65
2026-09-25,IDO,2026-09-29,22400.0,PE,3.4,3.4,23140.5,4157400,699679,65
2026-09-25,IDO,2031-06-24,33000.0,CE,3451.55,2639.89,23140.5,0,0,65
2026-09-25,IDO,2031-06-24,21000.0,CE,8900.75,7980.02,23140.5,0,0,65
2026-09-25,IDO,2031-06-24,15000.0,CE,12902.2,12056.7,23140.5,0,0,65
2026-09-25,IDO,2030-12-31,31500.0,CE,4554.55,2624.51,23140.5,0,0,65
2026-09-25,IDO,2030-06-25,21000.0,CE,10421.65,6984.76,23140.5,0,0,65
2026-09-25,IDO,2029-12-24,18000.0,CE,11362.4,8599.06,23140.5,0,0,65
2026-09-25,IDO,2027-12-28,16500.0,CE,11316.4,7909.61,23140.5,0,0,65
2026-09-25,IDO,2027-03-30,31500.0,CE,12.55,7.12,23140.5,520,0,65
2026-09-25,IDO,2027-03-30,27000.0,CE,59.9,59.9,23140.5,1089400,3036,65
2026-09-25,IDO,2026-12-29,31000.0,CE,5.0,5.0,23140.5,128200,82,65
2026-09-25,IDO,2026-12-29,29000.0,CE,5.65,5.65,23140.5,415595,3423,65
2026-09-25,IDO,2026-12-29,28500.0,CE,7.2,7.2,23140.5,93925,584,65
2026-09-25,IDO,2026-10-06,24950.0,CE,1.4,1.4,23140.5,25350,675,65
2026-09-25,IDO,2026-10-06,25200.0,CE,1.45,1.45,23140.5,29250,3468,65
2026-09-25,IDO,2026-10-06,25300.0,CE,1.35,1.35,23140.5,63050,2233,65
2026-09-25,IDO,2026-10-13,21600.0,CE,2166.5,1609.52,23140.5,0,0,65
2026-09-25,IDO,2026-10-13,21700.0,CE,2070.15,1512.33,23140.5,0,0,65
2026-09-25,IDO,2026-10-13,22350.0,CE,1467.3,913.74,23140.5,0,0,65
2026-09-25,IDO,2026-10-13,22600.0,CE,1252.1,710.85,23140.5,0,0,65
2026-09-25,IDO,2026-10-13,23150.0,CE,261.05,261.05,23140.5,24310,1296,65
2026-09-25,IDO,2026-10-13,23350.0,CE,157.15,157.15,23140.5,34255,1170,65
2026-09-25,IDO,2026-10-13,24100.0,CE,13.25,13.25,23140.5,18395,492,65
2026-09-25,IDO,2026-10-13,24500.0,CE,5.85,5.85,23140.5,232895,5019,65
2026-09-25,IDO,2026-10-13,24600.0,CE,4.6,4.6,23140.5,14560,389,65
2026-09-25,IDO,2026-10-19,21850.0,CE,1440.3,1401.69,23140.5,0,0,65
2026-09-25,IDO,2026-10-19,22050.0,CE,1266.05,1219.36,23140.5,0,0,65
2026-09-25,IDO,2026-10-19,22650.0,CE,799.7,728.93,23140.5,0,0,65
2026-09-25,IDO,2026-10-19,22800.0,CE,699.65,624.46,23140.5,0,0,65
2026-09-25,IDO,2026-10-19,23250.0,CE,255.8,255.8,23140.5,6565,193,65
2026-09-25,IDO,2026-10-19,23550.0,CE,124.65,124.65,23140.5,8580,148,65
2026-09-25,IDO,2026-10-19,24300.0,CE,112.45,64.85,23140.5,0,0,65
2026-09-25,IDO,2026-10-27,20900.0,CE,3424.25,2359.67,23140.5,0,0,65
2026-09-25,IDO,2026-10-27,21200.0,CE,3142.05,2066.58,23140.5,0,0,65
2026-09-25,IDO,2026-10-27,21550.0,CE,2819.8,1731.64,23140.5,0,0,65
2026-09-25,IDO,2026-10-27,22800.0,CE,604.15,604.15,23140.5,77740,1412,65
2026-09-25,IDO,2026-10-27,23200.0,CE,339.7,339.7,23140.5,1942655,34903,65
2026-09-25,IDO,2026-10-27,23450.0,CE,212.4,212.4,23140.5,72280,1776,65
2026-09-25,IDO,2026-10-27,23600.0,CE,151.75,151.75,23140.5,1040780,15319,65
2026-09-25,IDO,2026-10-27,24050.0,CE,47.65,47.65,23140.5,105040,1579,65
2026-09-25,IDO,2026-10-27,24750.0,CE,10.5,10.5,23140.5,41990,389,65
2026-09-25,IDO,2026-12-29,27000.0,CE,12.55,12.55,23140.5,1735900,10715,65
2026-09-25,IDO,2026-12-29,22000.0,CE,1628.35,1628.35,23140.5,403965,1474,65
2026-09-25,IDO,2026-11-23,24500.0,CE,64.15,64.15,23140.5,675285,6524,65
2026-09-25,IDO,2026-11-23,24150.0,CE,119.4,119.4,23140.5,17680,91,65
2026-09-25,IDO,2026-11-23,23350.0,CE,428.85,428.85,23140.5,12935,181,65
2026-09-25,IDO,2026-11-23,22400.0,CE,1080.6,1184.78,23140.5,1170,11,65
2026-09-25,IDO,2026-11-23,22000.0,CE,1434.9,1434.9,23140.5,19435,181,65
2026-09-25,IDO,2026-11-23,20950.0,CE,3709.55,2427.25,23140.5,0,0,65
2026-09-25,IDO,2026-11-23,20850.0,CE,3805.95,2522.07,23140.5,0,0,65
2026-09-25,IDO,2026-10-27,24850.0,CE,8.9,8.9,23140.5,28405,210,65
2026-09-25,IDO,2026-10-27,25750.0,CE,3.15,3.15,23140.5,80080,969,65
2026-09-25,IDO,2026-10-27,25850.0,CE,6.0,4.92,23140.5,585,0,65
2026-09-25,IDO,2026-10-27,26300.0,CE,1.95,1.95,23140.5,22230,276,65
2026-09-25,IDO,2026-11-03,20950.0,CE,2528.5,2339.66,23140.5,0,0,65
2026-09-25,IDO,2026-11-03,21150.0,CE,2334.2,2146.32,23140.5,0,0,65
2026-09-25,IDO,2026-11-23,20800.0,CE,3854.3,2569.72,23140.5,0,0,65
2026-09-25,IDO,2026-11-03,24200.0,CE,227.95,164.25,23140.5,0,0,65
2026-09-25,IDO,2026-11-23,25650.0,PE,1350.35,2299.03,23140.5,0,0,65
2026-09-25,IDO,2026-11-23,22600.0,PE,175.65,175.65,23140.5,63310,339,65
2026-09-25,IDO,2026-11-23,22500.0,PE,157.8,157.8,23140.5,618735,4833,65
2026-09-25,IDO,2026-11-23,21400.0,PE,50.95,50.95,23140.5,23920,145,65
2026-09-25,IDO,2026-11-03,24950.0,PE,1534.25,1695.42,23140.5,0,0,65
2026-09-25,IDO,2026-11-03,24450.0,PE,1121.05,1261.05,23140.5,0,0,65
2026-09-25,IDO,2026-11-03,24250.0,PE,970.25,1100.02,23140.5,0,0,65
2026-09-25,IDO,2026-11-03,23800.0,PE,669.7,772.83,23140.5,0,0,65
2026-09-25,IDO,2026-11-03,23500.0,PE,437.95,437.95,23140.5,4615,14,65
2026-09-25,IDO,2026-11-03,22700.0,PE,154.15,232.92,23140.5,1300,34,65
2026-09-25,IDO,2026-11-03,22250.0,PE,106.05,120.05,23140.5,260,0,65
2026-09-25,IDO,2026-11-03,21750.0,PE,40.35,49.71,23140.5,0,0,65
2026-09-25,IDO,2026-11-03,21350.0,PE,17.55,21.7,23140.5,0,0,65
2026-09-25,IDO,2026-11-03,20850.0,PE,5.3,6.48,23140.5,0,0,65
2026-09-25,IDO,2026-10-27,26750.0,PE,2501.2,3462.41,23140.5,0,0,65
2026-09-25,IDO,2026-10-27,26500.0,PE,3205.0,3205.0,23140.5,153465,1266,65
2026-09-25,IDO,2026-10-27,25650.0,PE,2492.35,2375.81,23140.5,195,1,65
2026-09-25,IDO,2026-10-27,25450.0,PE,1850.0,2181.27,23140.5,325,0,65
2026-09-25,IDO,2026-10-27,24750.0,PE,1550.0,1522.17,23140.5,1365,0,65
2026-09-25,IDO,2026-10-27,24550.0,PE,1350.0,1344.22,23140.5,6435,20,65
2026-09-25,IDO,2026-10-27,24000.0,PE,790.95,790.95,23140.5,2502435,24939,65
2026-09-25,IDO,2026-10-27,23950.0,PE,739.85,739.85,23140.5,6565,8,65
2026-09-25,IDO,2026-10-27,23350.0,PE,349.95,349.95,23140.5,54340,482,65
2026-09-25,IDO,2026-10-27,23300.0,PE,324.65,324.65,23140.5,2859155,17603,65
2026-09-25,IDO,2026-10-27,23050.0,PE,222.85,222.85,23140.5,76505,2146,65
2026-09-25,IDO,2026-10-27,21700.0,PE,32.5,32.5,23140.5,258570,6043,65
2026-09-25,IDO,2026-10-27,21550.0,PE,26.0,26.0,23140.5,3640,121,65
2026-09-25,IDO,2026-10-19,24250.0,PE,1120.3,1086.7,23140.5,0,0,65
2026-09-25,IDO,2026-10-19,23500.0,PE,401.7,401.7,23140.5,27625,164,65
2026-09-25,IDO,2026-10-19,23100.0,PE,204.5,204.5,23140.5,11830,664,65
2026-09-25,IDO,2026-10-19,21700.0,PE,38.4,17.48,23140.5,0,0,65
2026-09-25,IDO,2026-10-19,21550.0,PE,27.65,11.39,23140.5,0,0,65
2026-09-25,IDO,2026-10-19,21200.0,PE,12.0,3.76,23140.5,0,0,65
2026-09-25,IDO,2026-10-13,25400.0,PE,1673.35,2186.71,23140.5,0,0,65
2026-09-25,IDO,2026-10-13,24550.0,PE,961.3,1357.34,23140.5,0,0,65
2026-09-25,IDO,2026-10-13,23600.0,PE,451.65,451.65,23140.5,38415,160,65
2026-09-25,IDO,2026-10-13,23450.0,PE,347.85,347.85,23140.5,17095,131,65
2026-09-25,IDO,2026-10-13,23300.0,PE,258.3,258.3,23140.5,128180,2199,65
2026-09-25,IDO,2026-10-13,22900.0,PE,112.75,112.75,23140.5,74165,4367,65
2026-09-25,IDO,2026-10-13,22650.0,PE,65.65,65.65,23140.5,10725,535,65
2026-09-25,IDO,2026-10-13,22100.0,PE,21.85,21.85,23140.5,38870,1732,65
2026-09-25,IDO,2026-10-13,20950.0,PE,1.85,0.4,23140.5,0,0,65
2026-09-25,IDO,2026-10-13,20800.0,PE,1.15,0.19,23140.5,0,0,65
2026-09-25,IDO,2026-10-06,24800.0,PE,1600.0,1600.0,23140.5,15600,4,65
2026-09-25,IDO,2026-10-06,23600.0,PE,435.65,435.65,23140.5,120055,2131,65
2026-09-25,IDO,2026-10-06,22250.0,PE,12.7,12.7,23140.5,180570,9155,65
2026-09-25,IDO,2026-10-06,22150.0,PE,10.85,10.85,23140.5,68445,5034,65
2026-09-25,IDO,2026-10-06,21950.0,PE,8.5,8.5,23140.5,175630,5328,65
2026-09-25,IDO,2026-10-06,21400.0,PE,5.25,5.25,23140.5,1257165,28663,65
2026-09-25,IDO,2026-10-06,21350.0,PE,5.1,5.1,23140.5,600340,9454,65
2026-09-25,IDO,2026-10-06,21200.0,PE,4.45,4.45,23140.5,92430,5669,65
2026-09-25,IDO,2026-09-29,28500.0,PE,5317.1,5317.1,23140.5,222885,1817,65
2026-09-25,IDO,2026-09-29,26900.0,PE,2776.0,3742.02,23140.5,65,0,65
2026-09-25,IDO,2026-09-29,26850.0,PE,2691.9,3692.06,23140.5,0,0,65
2026-09-25,IDO,2026-09-29,26750.0,PE,2201.15,3592.12,23140.5,65,0,65
2026-09-25,IDO,2026-09-29,25600.0,PE,2420.25,2420.25,23140.5,28795,105,65
2026-09-25,IDO,2026-09-29,25000.0,PE,1811.0,1811.0,23140.5,1000090,8835,65
2026-09-25,IDO,2026-09-29,23900.0,PE,715.1,715.1,23140.5,574015,5344,65
2026-09-25,IDO,2026-09-29,23350.0,PE,195.15,195.15,23140.5,887185,128902,65
2026-09-25,IDO,2026-09-29,23250.0,PE,127.95,127.95,23140.5,3416985,672845,65
2026-09-25,IDO,2026-09-29,22850.0,PE,14.6,14.6,23140.5,4365855,1357855,65
2026-09-25,IDO,2026-09-29,22300.0,PE,2.85,2.85,23140.5,3800745,601606,65
2026-09-25,IDO,2026-09-29,21800.0,PE,1.55,1.55,23140.5,3080285,307760,65
2026-09-25,IDO,2026-09-29,21600.0,PE,1.35,1.35,23140.5,1121705,121173,65
2026-09-25,IDO,2026-09-29,21450.0,PE,1.15,1.15,23140.5,227435,30969,65
2026-09-25,IDO,2026-09-29,20850.0,PE,0.75,0.75,23140.5,26585,2670,65
2026-09-25,IDO,2031-06-24,22500.0,CE,8012.75,7080.41,23140.5,0,0,65
2026-09-25,IDO,2030-06-25,30000.0,CE,5580.35,2589.47,23140.5,0,0,65
2026-09-25,IDO,2030-06-25,28500.0,CE,5382.85,3113.2,23140.5,0,0,65
2026-09-25,IDO,2029-06-26,22500.0,CE,7946.5,4924.46,23140.5,0,0,65
2026-09-25,IDO,2028-12-26,27000.0,CE,1660.5,1660.5,23140.5,4550,12,65
2026-09-25,IDO,2028-06-27,28500.0,CE,2990.0,1060.5,23140.5,0,0,65
2026-09-25,IDO,2028-06-27,22500.0,CE,6796.05,3688.65,23140.5,0,0,65
2026-09-25,IDO,2027-03-30,28500.0,CE,30.75,30.75,23140.5,214695,488,65
2026-09-25,IDO,2027-03-30,16500.0,CE,6995.9,7162.92,23140.5,0,0,65
2026-09-25,IDO,2026-12-29,20000.0,CE,3478.65,3478.65,23140.5,703390,1316,65
2026-09-25,IDO,2026-11-23,25700.0,CE,40.7,46.54,23140.5,195,0,65
2026-09-25,IDO,2026-11-23,24200.0,CE,109.2,109.2,23140.5,212225,2511,65
2026-09-25,IDO,2026-11-23,23650.0,CE,280.0,280.0,23140.5,9945,58,65
2026-09-25,IDO,2026-11-23,23150.0,CE,541.8,541.8,23140.5,5200,66,65
2026-09-25,IDO,2026-11-23,22850.0,CE,858.45,878.68,23140.5,65,0,65
2026-09-25,IDO,2026-11-23,21800.0,CE,1571.45,1659.81,23140.5,130,2,65
2026-09-25,IDO,2026-11-23,21400.0,CE,3280.1,2010.69,23140.5,0,0,65
2026-09-25,IDO,2026-11-23,21300.0,CE,3374.8,2101.57,23140.5,0,0,65
2026-09-25,IDO,2026-11-23,21050.0,CE,3613.45,2333.14,23140.5,0,0,65
2026-09-25,IDO,2026-11-03,24750.0,CE,111.0,73.79,23140.5,0,0,65
2026-09-25,IDO,2026-11-03,24700.0,CE,22.3,22.3,23140.5,9685,132,65
2026-09-25,IDO,2026-11-03,24550.0,CE,146.05,100.06,23140.5,0,0,65
2026-09-25,IDO,2026-11-03,24500.0,CE,156.05,107.71,23140.5,0,0,65
2026-09-25,IDO,2026-11-03,23800.0,CE,360.8,273.26,23140.5,0,0,65
2026-09-25,IDO,2026-11-03,23700.0,CE,401.3,307.55,23140.5,0,0,65
2026-09-25,IDO,2026-11-03,23650.0,CE,181.9,325.83,23140.5,1495,23,65
2026-09-25,IDO,2026-11-03,22950.0,CE,804.6,666.02,23140.5,0,0,65
2026-09-25,IDO,2026-11-03,22000.0,CE,1543.15,1367.17,23140.5,0,0,65
2026-09-25,IDO,2026-11-03,21000.0,CE,2479.75,2291.12,23140.5,0,0,65
2026-09-25,IDO,2026-11-03,20850.0,CE,2626.3,2437.08,23140.5,0,0,65
2026-09-25,IDO,2026-10-27,26500.0,CE,1.55,1.55,23140.5,398840,2453,65
2026-09-25,IDO,2026-10-27,25950.0,CE,3.75,3.87,23140.5,1170,0,65
2026-09-25,IDO,2026-10-27,25250.0,CE,8.3,18.6,23140.5,2080,0,65
2026-09-25,IDO,2026-10-27,24650.0,CE,12.0,12.0,23140.5,51610,312,65
2026-09-25,IDO,2026-10-27,23850.0,CE,80.5,80.5,23140.5,87100,1923,65
2026-09-25,IDO,2026-10-27,23800.0,CE,91.25,91.25,23140.5,1201590,28180,65
2026-09-25,IDO,2026-10-27,23750.0,CE,104.9,104.9,23140.5,88465,2278,65
2026-09-25,IDO,2026-10-27,22500.0,CE,849.75,849.75,23140.5,369135,3927,65
2026-09-25,IDO,2026-10-19,24450.0,CE,11.8,11.8,23140.5,3055,35,65
2026-09-25,IDO,2026-10-19,22950.0,CE,607.05,528.76,23140.5,0,0,65
2026-09-25,IDO,2026-10-19,22400.0,CE,982.3,920.82,23140.5,0,0,65
2026-09-25,IDO,2026-10-19,21350.0,CE,1902.6,1879.75,23140.5,0,0,65
2026-09-25,IDO,2026-10-19,21250.0,CE,1998.25,1977.64,23140.5,0,0,65
2026-09-25,IDO,2026-10-13,25300.0,CE,2.5,1.95,23140.5,1105,0,65
2026-09-25,IDO,2026-10-13,25000.0,CE,2.85,2.85,23140.5,85540,1784,65
2026-09-25,IDO,2026-10-13,23800.0,CE,35.8,35.8,23140.5,243945,7093,65
2026-09-25,IDO,2026-10-06,25350.0,CE,1.35,1.35,23140.5,2405,45,65
2026-09-25,IDO,2026-10-06,24000.0,CE,6.9,6.9,23140.5,2261545,73830,65
2026-09-25,IDO,2026-10-06,22550.0,CE,676.75,676.75,23140.5,1625,47,65
2026-09-25,IDO,2026-10-06,21300.0,CE,2880.7,1878.71,23140.5,0,0,65
2026-09-25,IDO,2026-09-29,27150.0,CE,0.35,0.35,23140.5,78650,1720,65
2026-09-25,IDO,2026-09-29,26600.0,CE,0.35,0.35,23140.5,40690,1385,65
2026-09-25,IDO,2026-09-29,26000.0,CE,0.45,0.45,23140.5,2943670,31404,65
2026-09-25,IDO,2026-09-29,25850.0,CE,0.5,0.5,23140.5,21580,712,65
2026-09-25,IDO,2026-09-29,25750.0,CE,0.5,0.5,23140.5,20280,577,65
2026-09-25,IDO,2026-09-29,25500.0,CE,0.6,0.6,23140.5,2587520,30428,65
2026-09-25,IDO,2026-09-29,24550.0,CE,0.7,0.7,23140.5,1171430,79242,65
2026-09-25,IDO,2026-09-29,23350.0,CE,35.1,35.1,23140.5,5125250,1702148,65
2026-09-25,IDO,2026-09-29,21650.0,CE,1590.0,1504.57,23140.5,65,0,65
2026-09-25,IDO,2026-09-29,21350.0,CE,2900.5,1804.37,23140.5,0,0,65
2026-09-25,IDO,2026-09-29,21150.0,CE,3084.3,2004.24,23140.5,0,0,65
2026-09-25,IDO,2026-09-29,21100.0,CE,3130.65,2054.21,23140.5,0,0,65
2026-09-25,IDO,2026-09-29,20950.0,CE,3270.7,2204.11,23140.5,0,0,65
2026-09-25,IDO,2026-09-29,16500.0,CE,10168.85,6651.22,23140.5,0,0,65
2026-09-25,IDO,2026-11-23,25600.0,PE,1316.4,2253.02,23140.5,0,0,65
2026-09-25,IDO,2030-12-31,19500.0,PE,67.4,248.02,23140.5,0,0,65
2026-09-25,IDO,2030-12-31,16500.0,PE,13.65,68.24,23140.5,0,0,65
2026-09-25,IDO,2029-12-24,30000.0,PE,2500.05,3395.2,23140.5,1365,0,65
2026-09-25,IDO,2029-12-24,21000.0,PE,418.05,420.06,23140.5,1885,0,65
2026-09-25,IDO,2029-12-24,16500.0,PE,10.15,54.71,23140.5,0,0,65
2026-09-25,IDO,2027-12-28,24000.0,PE,862.0,862.0,23140.5,243715,303,65
2026-09-25,IDO,2027-03-30,22500.0,PE,324.6,324.6,23140.5,872365,2493,65
2026-09-25,IDO,2026-12-29,20000.0,PE,44.4,44.4,23140.5,1449020,6816,65
2026-09-25,IDO,2026-12-29,18000.0,PE,19.2,19.2,23140.5,704165,894,65
2026-09-25,IDO,2026-12-29,16500.0,PE,9.5,9.5,23140.5,4095,5,65
2026-09-25,IDO,2026-12-29,14000.0,PE,6.15,0.0,23140.5,11105,35,65
2026-09-25,IDO,2028-06-27,28500.0,PE,1560.85,3430.5,23140.5,0,0,65
2026-09-25,IDO,2027-12-28,20000.0,PE,184.55,184.55,23140.5,79460,78,65
2026-09-25,IDO,2027-12-28,19000.0,PE,119.0,119.0,23140.5,29025,22,65
2026-09-25,IDO,2027-12-28,18000.0,PE,90.0,42.37,23140.5,15560,4,65
2026-09-25,IDO,2027-06-29,19500.0,PE,17.3,68.29,23140.5,0,0,65
2026-09-25,IDO,2027-06-29,19000.0,PE,90.0,42.7,23140.5,940,0,65
2026-09-25,IDO,2027-03-30,16500.0,PE,20.4,0.3,23140.5,2210,2,65
2026-09-25,IDO,2026-11-23,26000.0,PE,2600.55,2600.55,23140.5,37570,118,65
2026-09-25,IDO,2026-11-23,25350.0,PE,1152.95,2026.29,23140.5,0,0,65
2026-09-25,IDO,2026-11-23,25100.0,PE,1027.25,1806.1,23140.5,130,0,65
2026-09-25,IDO,2026-11-23,24400.0,PE,1089.95,1237.82,23140.5,11960,38,65
2026-09-25,IDO,2026-11-23,24150.0,PE,900.0,1055.18,23140.5,1235,0,65
2026-09-25,IDO,2026-11-23,23350.0,PE,411.2,411.2,23140.5,9035,72,65
2026-09-25,IDO,2026-11-23,23300.0,PE,389.25,389.25,23140.5,56680,718,65
2026-09-25,IDO,2026-11-23,23200.0,PE,350.6,350.6,23140.5,170495,1204,65
2026-09-25,IDO,2026-11-23,23000.0,PE,279.25,279.25,23140.5,902850,4606,65
2026-09-25,IDO,2026-11-23,22350.0,PE,137.45,203.5,23140.5,3185,45,65
2026-09-25,IDO,2026-11-23,21900.0,PE,83.0,83.0,23140.5,16120,162,65
2026-09-25,IDO,2026-11-23,21850.0,PE,75.55,75.55,23140.5,130,1,65
2026-09-25,IDO,2026-11-03,25100.0,PE,1666.4,1832.54,23140.5,0,0,65
2026-09-25,IDO,2026-11-03,23200.0,PE,303.8,303.8,23140.5,2665,78,65
2026-09-25,IDO,2026-11-03,23150.0,PE,282.05,282.05,23140.5,910,15,65
2026-09-25,IDO,2026-11-03,22950.0,PE,219.8,321.31,23140.5,195,3,65
2026-09-25,IDO,2026-11-03,22350.0,PE,95.55,140.53,23140.5,975,19,65
2026-09-25,IDO,2026-11-03,22050.0,PE,66.3,86.03,23140.5,1495,25,65
2026-09-25,IDO,2026-11-03,21000.0,PE,7.7,9.51,23140.5,0,0,65
2026-09-25,IDO,2026-11-03,20800.0,PE,4.65,5.68,23140.5,0,0,65
2026-09-25,IDO,2026-10-27,26900.0,PE,2631.85,3611.42,23140.5,0,0,65
2026-09-25,IDO,2026-10-27,26100.0,PE,2615.0,2818.2,23140.5,65,0,65
2026-09-25,IDO,2026-10-27,25250.0,PE,1826.6,1988.8,23140.5,130,0,65
2026-09-25,IDO,2026-10-27,25050.0,PE,1161.25,1799.16,23140.5,325,0,65
2026-09-25,IDO,2026-10-27,24150.0,PE,925.45,1010.73,23140.5,15080,18,65
2026-09-25,IDO,2026-10-27,24100.0,PE,868.85,868.85,23140.5,220935,267,65
2026-09-25,IDO,2026-10-27,22400.0,PE,82.05,82.05,23140.5,362895,7436,65
2026-09-25,IDO,2026-10-27,21750.0,PE,34.1,34.1,23140.5,73125,278,65
2026-09-25,IDO,2026-10-27,21450.0,PE,24.45,24.45,23140.5,7020,126,65
2026-09-25,IDO,2026-10-19,25150.0,PE,1919.85,1920.97,23140.5,0,0,65
2026-09-25,IDO,2026-10-19,24700.0,PE,1505.1,1491.1,23140.5,0,0,65
2026-09-25,IDO,2026-10-19,24050.0,PE,962.95,920.3,23140.5,0,0,65
2026-09-25,IDO,2026-10-19,24000.0,PE,796.15,880.35,23140.5,845,49,65
2026-09-25,IDO,2026-10-19,23800.0,PE,588.45,727.97,23140.5,130,9,65
2026-09-25,IDO,2026-10-19,23000.0,PE,172.4,172.4,23140.5,48490,1565,65
2026-09-25,IDO,2026-10-19,22900.0,PE,142.0,142.0,23140.5,15340,375,65
2026-09-25,IDO,2026-10-19,22550.0,PE,73.25,73.25,23140.5,1755,29,65
2026-09-25,IDO,2026-10-19,21450.0,PE,22.0,8.43,23140.5,0,0,65
2026-09-25,IDO,2026-10-19,21300.0,PE,15.4,5.24,23140.5,0,0,65
2026-09-25,IDO,2026-10-19,21250.0,PE,13.6,4.45,23140.5,0,0,65
2026-09-25,IDO,2026-10-13,23900.0,PE,719.85,719.85,23140.5,1625,2,65
2026-09-25,IDO,2026-10-13,23700.0,PE,536.1,629.56,23140.5,11375,118,65
2026-09-25,IDO,2026-10-13,23250.0,PE,235.4,235.4,23140.5,26780,557,65
2026-09-25,IDO,2026-10-13,23000.0,PE,139.95,139.95,23140.5,265395,8336,65
2026-09-25,IDO,2026-10-13,21700.0,PE,11.5,11.5,23140.5,10530,558,65
2026-09-25,IDO,2026-10-13,21600.0,PE,10.7,10.7,23140.5,6760,381,65
2026-09-25,IDO,2026-10-13,21300.0,PE,5.1,1.88,23140.5,0,0,65
2026-09-25,IDO,2026-10-13,21000.0,PE,7.2,7.2,23140.5,4420,121,65
2026-09-25,IDO,2026-10-13,20900.0,PE,1.6,0.32,23140.5,0,0,65
2026-09-25,IDO,2026-10-06,24250.0,PE,1059.7,1079.99,23140.5,3445,8,65
2026-09-25,IDO,2026-10-06,23650.0,PE,480.0,480.0,23140.5,16185,168,65
2026-09-25,IDO,2026-10-06,22900.0,PE,69.5,69.5,23140.5,693355,49742,65
2026-09-25,IDO,2026-10-06,22600.0,PE,28.25,28.25,23140.5,1076075,50990,65
2026-09-25,IDO,2026-10-06,21300.0,PE,4.95,4.95,23140.5,182390,12222,65
2026-09-25,IDO,2026-10-06,21150.0,PE,4.0,4.0,23140.5,1300,27,65
2026-09-25,IDO,2026-10-06,21100.0,PE,4.0,4.0,23140.5,7345,159,65
2026-09-25,IDO,2026-10-06,21050.0,PE,3.65,3.65,23140.5,1235,93,65
2026-09-25,IDO,2026-09-29,31500.0,PE,4341.2,8339.04,23140.5,0,0,65
2026-09-25,IDO,2026-09-29,27000.0,PE,3815.65,3815.65,23140.5,1077730,3341,65
2026-09-25,IDO,2026-09-29,26950.0,PE,2780.25,3791.99,23140.5,0,0,65
2026-09-25,IDO,2026-09-29,22650.0,PE,6.3,6.3,23140.5,2895425,609078,65
2026-09-25,IDO,2026-09-29,22500.0,PE,4.3,4.3,23140.5,10457200,1167566,65
2026-09-25,IDO,2026-09-29,21900.0,PE,1.75,1.75,23140.5,1745445,236005,65
2026-09-25,IDO,2026-09-29,15000.0,PE,0.3,0.3,23140.5,121680,1843,65
2026-09-25,IDO,2030-12-31,18000.0,CE,12674.15,9527.76,23140.5,0,0,65
2026-09-25,IDO,2029-12-24,33000.0,CE,3816.05,1345.39,23140.5,0,0,65
2026-09-25,IDO,2029-12-24,24000.0,CE,5200.0,4623.15,23140.5,65,0,65
2026-09-25,IDO,2029-06-26,31500.0,CE,2878.65,1253.76,23140.5,0,0,65
2026-09-25,IDO,2028-12-26,31500.0,CE,480.0,852.79,23140.5,585,3,65
2026-09-25,IDO,2028-12-26,22500.0,CE,7382.9,4323.89,23140.5,0,0,65
2026-09-25,IDO,2028-06-27,30000.0,CE,2278.45,733.82,23140.5,0,0,65
2026-09-25,IDO,2028-06-27,24000.0,CE,3918.85,2807.09,23140.5,0,0,65
2026-09-25,IDO,2027-12-28,18000.0,CE,6285.7,6555.98,23140.5,0,0,65
2026-09-25,IDO,2027-03-30,33000.0,CE,8.0,8.0,23140.5,7280,16,65
2026-09-25,IDO,2027-03-30,19500.0,CE,4136.5,4291.35,23140.5,195,0,65
2026-09-25,IDO,2026-12-29,19000.0,CE,4444.3,4444.3,23140.5,140855,751,65
2026-09-25,IDO,2026-12-29,16500.0,CE,10405.0,6909.27,23140.5,0,0,65
2026-09-25,IDO,2026-11-23,25650.0,CE,38.55,49.82,23140.5,65,0,65
2026-09-25,IDO,2026-11-23,25600.0,CE,431.25,53.3,23140.5,0,0,65
2026-09-25,IDO,2026-11-23,25400.0,CE,496.65,69.41,23140.5,0,0,65
2026-09-25,IDO,2026-11-23,23950.0,CE,173.55,173.55,23140.5,17355,123,65
2026-09-25,IDO,2026-11-23,23750.0,CE,240.0,240.0,23140.5,11895,73,65
2026-09-25,IDO,2026-11-23,23550.0,CE,327.2,327.2,23140.5,9295,68,65
2026-09-25,IDO,2026-11-23,22750.0,CE,932.0,942.14,23140.5,65,0,65
2026-09-25,IDO,2026-11-23,21850.0,CE,2860.95,1617.61,23140.5,0,0,65
2026-09-25,IDO,2026-11-03,24800.0,CE,103.45,68.21,23140.5,0,0,65
2026-09-25,IDO,2026-11-03,24600.0,CE,21.9,21.9,23140.5,1365,50,65
2026-09-25,IDO,2026-11-03,24150.0,CE,242.15,175.63,23140.5,0,0,65
2026-09-25,IDO,2026-11-03,24050.0,CE,272.55,200.04,23140.5,0,0,65
2026-09-25,IDO,2026-11-03,23900.0,CE,323.3,241.88,23140.5,0,0,65
2026-09-25,IDO,2026-11-03,23150.0,CE,419.15,419.15,23140.5,2795,49,65
2026-09-25,IDO,2026-11-03,22600.0,CE,1051.2,895.28,23140.5,0,0,65
2026-09-25,IDO,2026-11-03,21700.0,CE,1813.4,1631.41,23140.5,0,0,65
2026-09-25,IDO,2026-11-03,21550.0,CE,1952.8,1768.63,23140.5,0,0,65
2026-09-25,IDO,2026-10-27,26650.0,CE,6.95,0.64,23140.5,390,0,65
2026-09-25,IDO,2026-10-27,26200.0,CE,2.1,2.1,23140.5,5850,53,65
2026-09-25,IDO,2026-10-27,25350.0,CE,6.3,15.08,23140.5,1170,0,65
2026-09-25,IDO,2026-10-27,24250.0,CE,27.95,27.95,23140.5,94575,1686,65
2026-09-25,IDO,2026-10-27,23500.0,CE,190.1,190.1,23140.5,6174415,58668,65
2026-09-25,IDO,2026-10-19,24600.0,CE,8.05,8.05,23140.5,12285,200,65
2026-09-25,IDO,2026-10-19,24200.0,CE,130.85,78.85,23140.5,0,0,65
2026-09-25,IDO,2026-10-19,24050.0,CE,162.9,104.39,23140.5,0,0,65
2026-09-25,IDO,2026-10-19,23900.0,CE,200.65,136.17,23140.5,0,0,65
2026-09-25,IDO,2026-10-19,23150.0,CE,312.35,312.35,23140.5,9230,393,65
2026-09-25,IDO,2026-10-19,22450.0,CE,944.35,880.86,23140.5,0,0,65
2026-09-25,IDO,2026-10-19,21650.0,CE,1621.35,1589.95,23140.5,0,0,65
2026-09-25,IDO,2026-10-19,21200.0,CE,2046.4,2026.76,23140.5,0,0,65
2026-09-25,IDO,2026-10-13,25400.0,CE,1.95,1.95,23140.5,23205,562,65
2026-09-25,IDO,2026-10-13,25350.0,CE,2.2,1.64,23140.5,585,10,65
2026-09-25,IDO,2026-10-13,25200.0,CE,2.45,2.45,23140.5,3575,62,65
2026-09-25,IDO,2026-10-13,24650.0,CE,4.8,4.8,23140.5,4095,39,65
2026-09-25,IDO,2026-10-13,24300.0,CE,8.3,8.3,23140.5,71175,1530,65
2026-09-25,IDO,2026-10-13,22850.0,CE,425.0,531.53,23140.5,1300,16,65
2026-09-25,IDO,2026-10-13,22550.0,CE,1294.15,749.7,23140.5,0,0,65
2026-09-25,IDO,2026-10-13,21350.0,CE,2409.75,1855.14,23140.5,0,0,65
2026-09-25,IDO,2026-10-13,21250.0,CE,2507.8,1954.08,23140.5,0,0,65
2026-09-25,IDO,2026-10-06,24050.0,CE,6.2,6.2,23140.5,169325,8384,65
2026-09-25,IDO,2026-10-06,23050.0,CE,254.15,254.15,23140.5,472160,33969,65
2026-09-25,IDO,2026-10-06,22600.0,CE,617.8,617.8,23140.5,63505,957,65
2026-09-25,IDO,2026-10-06,21850.0,CE,2340.55,1332.96,23140.5,0,0,65
2026-09-25,IDO,2026-10-06,21800.0,CE,1408.6,1408.6,23140.5,65,1,65
2026-09-25,IDO,2026-10-06,21400.0,CE,2781.95,1779.03,23140.5,0,0,65
2026-09-25,IDO,2026-10-06,21050.0,CE,3128.25,2128.12,23140.5,0,0,65
2026-09-25,IDO,2026-09-29,33000.0,CE,0.25,0.25,23140.5,73580,736,65
2026-09-25,IDO,2026-09-29,26950.0,CE,0.35,0.35,23140.5,14560,507,65
2026-09-25,IDO,2026-09-29,26300.0,CE,0.45,0.45,23140.5,122460,2588,65
2026-09-25,IDO,2026-09-29,25150.0,CE,0.55,0.55,23140.5,79820,4356,65
2026-09-25,IDO,2026-09-29,24450.0,CE,0.95,0.95,23140.5,364195,30089,65
2026-09-25,IDO,2026-09-29,24050.0,CE,1.8,1.8,23140.5,1510535,277388,65
2026-09-25,IDO,2026-09-29,23600.0,CE,6.8,6.8,23140.5,7514195,1202948,65
2026-09-25,IDO,2026-09-29,23300.0,CE,48.8,48.8,23140.5,9673105,3341085,65
2026-09-25,IDO,2026-09-29,23050.0,CE,183.0,183.0,23140.5,2358525,2337088,65
2026-09-25,IDO,2026-09-29,22650.0,CE,544.0,544.0,23140.5,46995,1965,65
2026-09-25,IDO,2026-09-29,22050.0,CE,1140.0,1140.0,23140.5,650,11,65
2026-09-25,IDO,2026-09-29,21500.0,CE,1940.0,1654.47,23140.5,65,0,65
2026-09-25,IDF,2026-09-29,,,23186.7,23186.7,23140.5,11650990,56852,65
2026-09-25,IDO,2031-06-24,30000.0,PE,2616.25,2671.7,23140.5,0,0,65
2026-09-25,IDO,2031-06-24,28500.0,PE,2104.2,2123.65,23140.5,0,0,65
2026-09-25,IDO,2031-06-24,25500.0,PE,1262.85,1232.45,23140.5,0,0,65
2026-09-25,IDO,2031-06-24,24000.0,PE,933.85,890.64,23140.5,65,0,65
2026-09-25,IDO,2030-12-31,30000.0,PE,1450.1,2878.67,23140.5,0,0,65
2026-09-25,IDO,2028-12-26,22000.0,PE,537.5,537.5,23140.5,9670,4,65
2026-09-25,IDO,2026-10-27,24800.0,CE,9.55,9.55,23140.5,530465,9782,65
2026-09-25,IDO,2026-10-27,24950.0,CE,7.25,7.25,23140.5,64415,482,65
2026-09-25,IDO,2026-10-27,25000.0,CE,7.05,7.05,23140.5,2464280,15887,65
2026-09-25,IDO,2026-10-27,25400.0,CE,4.7,4.7,23140.5,75660,376,65
2026-09-25,IDO,2026-10-27,26050.0,CE,3.0,3.04,23140.5,6630,2,65
2026-09-25,IDO,2026-10-27,26850.0,CE,6.1,0.37,23140.5,845,0,65
2026-09-25,IDO,2026-10-27,27000.0,CE,0.85,0.85,23140.5,719160,6473,65
2026-09-25,IDO,2026-10-27,27100.0,CE,1.05,0.18,23140.5,8320,0,65
2026-09-25,IDO,2026-11-03,21300.0,CE,2189.8,2003.03,23140.5,0,0,65
2026-09-25,IDO,2026-11-03,21350.0,CE,2142.0,1955.66,23140.5,0,0,65
2026-09-25,IDO,2026-11-03,22250.0,CE,1329.0,1160.06,23140.5,0,0,65
2026-09-25,IDO,2026-11-03,22400.0,CE,1206.5,1042.72,23140.5,0,0,65
2026-09-25,IDO,2026-11-03,23100.0,CE,457.0,457.0,23140.5,1885,55,65
2026-09-25,IDO,2026-11-03,23300.0,CE,332.6,332.6,23140.5,5005,84,65
2026-09-25,IDO,2026-11-03,23550.0,CE,207.65,364.71,23140.5,3835,29,65
2026-09-25,IDO,2026-11-23,22200.0,CE,1369.7,1334.65,23140.5,195,0,65
2026-09-25,IDO,2026-11-23,22250.0,CE,1327.75,1296.17,23140.5,195,0,65
2026-09-25,IDO,2026-11-23,22500.0,CE,1004.45,1004.45,23140.5,39650,341,65
2026-09-25,IDO,2026-11-23,22800.0,CE,774.75,774.75,23140.5,6110,126,65
2026-09-25,IDO,2026-11-23,23200.0,CE,513.55,513.55,23140.5,162240,1202,65
2026-09-25,IDO,2026-11-23,24850.0,CE,118.8,136.56,23140.5,390,0,65
2026-09-25,IDO,2026-11-23,25200.0,CE,24.5,24.5,23140.5,5980,177,65
2026-09-25,IDO,2026-11-23,25250.0,CE,550.35,84.09,23140.5,0,0,65
2026-09-25,IDO,2026-12-29,28000.0,CE,7.25,7.25,23140.5,1737780,1903,65
2026-09-25,IDO,2027-06-29,28500.0,CE,1711.9,208.88,23140.5,0,0,65
2026-09-25,IDO,2027-12-28,25000.0,CE,1213.2,1213.2,23140.5,133000,582,65
2026-09-25,IDO,2027-12-28,26000.0,CE,767.9,767.9,23140.5,141805,681,65
2026-09-25,IDO,2027-12-28,30000.0,CE,119.7,119.7,23140.5,238485,156,65
2026-09-25,IDO,2027-12-28,31500.0,CE,98.0,213.75,23140.5,2145,0,65
2026-09-25,IDO,2028-06-27,16500.0,CE,11752.8,8393.59,23140.5,0,0,65
2026-09-25,IDO,2029-06-26,19500.0,CE,10206.95,6975.92,23140.5,0,0,65
2026-09-25,IDO,2029-12-24,19500.0,CE,10678.8,7493.51,23140.5,0,0,65
2026-09-25,IDO,2030-06-25,25500.0,CE,7070.45,4407.28,23140.5,0,0,65
2026-09-25,IDO,2030-12-31,24000.0,CE,8563.3,5743.65,23140.5,0,0,65
2026-09-25,IDO,2031-06-24,16500.0,CE,11849.25,10984.44,23140.5,0,0,65
2026-09-25,IDO,2026-09-29,16500.0,PE,0.35,0.35,23140.5,154700,4488,65
2026-09-25,IDO,2026-09-29,21650.0,PE,1.45,1.45,23140.5,344045,46854,65
2026-09-25,IDO,2026-09-29,22050.0,PE,2.15,2.15,23140.5,491920,146834,65
2026-09-25,IDO,2026-09-29,22100.0,PE,2.25,2.25,23140.5,2125760,271170,65
2026-09-25,IDO,2026-09-29,22350.0,PE,3.2,3.2,23140.5,1280565,400781,65
2026-09-25,IDO,2026-09-29,22750.0,PE,9.0,9.0,23140.5,3641885,962262,65
2026-09-25,IDO,2026-09-29,23200.0,PE,100.1,100.1,23140.5,6103500,2463211,65
2026-09-25,IDO,2026-09-29,23450.0,PE,278.35,278.35,23140.5,896675,37122,65
2026-09-25,IDO,2026-09-29,24050.0,PE,867.05,867.05,23140.5,80470,98,65
2026-09-25,IDO,2026-09-29,24150.0,PE,964.2,964.2,23140.5,113880,214,65
2026-09-25,IDO,2026-09-29,24900.0,PE,1725.0,1743.32,23140.5,54405,96,65
2026-09-25,IDO,2026-09-29,25250.0,PE,1800.0,2093.1,23140.5,2210,0,65
2026-09-25,IDO,2026-09-29,25900.0,PE,2727.45,2727.45,23140.5,2405,29,65
2026-09-25,IDO,2026-09-29,26450.0,PE,2346.8,3292.32,23140.5,0,0,65
2026-09-25,IDO,2026-10-06,21250.0,PE,4.7,4.7,23140.5,3380,315,65
2026-09-25,IDO,2026-10-06,22300.0,PE,13.9,13.9,23140.5,435045,30983,65
2026-09-25,IDO,2026-10-06,23300.0,PE,222.95,222.95,23140.5,1957345,44734,65
2026-09-25,IDO,2026-10-06,25350.0,PE,1263.25,2164.34,23140.5,0,0,65
2026-09-25,IDO,2026-10-13,21100.0,PE,2.9,0.8,23140.5,0,0,65
2026-09-25,IDO,2026-10-13,22050.0,PE,20.35,20.35,23140.5,7085,92,65
2026-09-25,IDO,2026-10-13,22950.0,PE,125.95,125.95,23140.5,20995,694,65
2026-09-25,IDO,2026-10-13,23800.0,PE,617.3,704.48,23140.5,8515,63,65
2026-09-25,IDO,2026-10-13,23850.0,PE,587.85,743.26,23140.5,2210,0,65
2026-09-25,IDO,2026-10-13,23950.0,PE,563.2,823.35,23140.5,0,0,65
2026-09-25,IDO,2026-10-13,24450.0,PE,886.75,1263.59,23140.5,0,0,65
2026-09-25,IDO,2026-10-13,24650.0,PE,1036.55,1452.34,23140.5,0,0,65
2026-09-25,IDO,2026-10-13,25250.0,PE,1538.35,2038.08,23140.5,0,0,65
2026-09-25,IDO,2026-10-19,20800.0,PE,4.05,0.87,23140.5,0,0,65
2026-09-25,IDO,2026-10-19,20900.0,PE,5.35,1.28,23140.5,0,0,65
2026-09-25,IDO,2026-10-19,21100.0,PE,9.25,2.66,23140.5,0,0,65
2026-09-25,IDO,2026-10-19,23300.0,PE,291.25,291.25,23140.5,17550,191,65
2026-09-25,IDO,2026-10-19,24400.0,PE,1244.3,1217.53,23140.5,0,0,65
2026-09-25,IDO,2026-10-19,24650.0,PE,1460.6,1444.59,23140.5,0,0,65
2026-09-25,IDO,2026-10-19,24800.0,PE,1595.2,1585.02,23140.5,0,0,65
2026-09-25,IDO,2026-10-19,24850.0,PE,1640.7,1632.39,23140.5,0,0,65
2026-09-25,IDO,2026-10-27,22150.0,PE,56.4,56.4,23140.5,27300,505,65
2026-09-25,IDO,2026-10-27,22600.0,PE,111.45,111.45,23140.5,406445,8143,65
2026-09-25,IDO,2026-10-27,22750.0,PE,140.95,140.95,23140.5,50180,958,65
2026-09-25,IDO,2026-10-27,23000.0,PE,208.0,208.0,23140.5,4766580,65459,65
2026-09-25,IDO,2026-10-27,24600.0,PE,1336.05,1336.05,23140.5,166270,741,65
2026-09-25,IDO,2026-10-27,24900.0,PE,1623.1,1623.1,23140.5,144820,535,65
2026-09-25,IDO,2026-10-27,25100.0,PE,1820.0,1820.0,23140.5,17290,29,65
2026-09-25,IDO,2026-10-27,25150.0,PE,1554.2,1893.57,23140.5,260,0,65
2026-09-25,IDO,2026-10-27,25400.0,PE,2125.0,2132.93,23140.5,1950,12,65
2026-09-25,IDO,2026-10-27,25500.0,PE,2215.8,2215.8,23140.5,827125,1106,65
2026-09-25,IDO,2026-10-27,26950.0,PE,2675.85,3661.1,23140.5,0,0,65
2026-09-25,IDO,2026-11-03,21550.0,PE,27.0,33.32,23140.5,0,0,65
2026-09-25,IDO,2026-11-03,23900.0,PE,731.5,840.79,23140.5,0,0,65
2026-09-25,IDO,2026-11-03,24350.0,PE,1045.45,1179.47,23140.5,0,0,65
2026-09-25,IDO,2026-11-03,24800.0,PE,1405.5,1561.07,23140.5,0,0,65
2026-09-25,IDO,2026-11-03,25050.0,PE,1622.0,1786.55,23140.5,0,0,65
2026-09-25,IDO,2026-11-23,20900.0,PE,45.0,21.98,23140.5,65,1,65
2026-09-25,IDO,2026-11-23,21300.0,PE,47.15,47.15,23140.5,3055,81,65
2026-09-25,IDO,2026-11-23,21600.0,PE,61.75,61.75,23140.5,4225,73,65
2026-09-25,IDO,2026-11-23,21800.0,PE,74.7,74.7,23140.5,35685,593,65
2026-09-25,IDO,2026-11-23,22400.0,PE,141.7,141.7,23140.5,81445,776,65
2026-09-25,IDO,2026-11-23,22650.0,PE,187.8,187.8,23140.5,2210,52,65
2026-09-25,IDO,2026-11-23,23550.0,PE,499.05,499.05,23140.5,16705,10,65
2026-09-25,IDO,2026-11-23,24050.0,PE,589.15,986.38,23140.5,1105,0,65
2026-09-25,IDO,2026-11-23,24450.0,PE,1219.0,1274.79,23140.5,1430,0,65
2026-09-25,IDO,2026-11-23,24650.0,PE,1018.5,1430.88,23140.5,195,0,65
2026-09-25,IDO,2026-12-29,15000.0,PE,8.8,8.8,23140.5,137395,39,65
2026-09-25,IDO,2026-12-29,16000.0,PE,9.5,9.5,23140.5,126290,98,65
2026-09-25,IDO,2026-12-29,24000.0,PE,772.4,772.4,23140.5,2273515,5236,65
2026-09-25,IDO,2026-12-29,33000.0,PE,5263.45,9321.96,23140.5,0,0,65
2026-09-25,IDO,2027-12-28,28500.0,PE,2979.7,3783.27,23140.5,260,0,65
2026-09-25,IDO,2027-12-28,31500.0,PE,3240.0,6170.31,23140.5,0,0,65
2026-09-25,IDO,2027-12-28,33000.0,PE,4155.55,7464.44,23140.5,0,0,65
2026-09-25,IDO,2028-06-27,19500.0,PE,40.05,174.18,23140.5,0,0,65
2026-09-25,IDO,2028-06-27,30000.0,PE,3779.25,4446.48,23140.5,0,0,65
2026-09-25,IDO,2028-12-26,16500.0,PE,5.9,34.51,23140.5,0,0,65
2026-09-25,IDO,2029-06-26,15000.0,PE,30.9,15.75,23140.5,0,0,65
2026-09-25,IDO,2029-12-24,18000.0,PE,96.5,121.75,23140.5,0,0,65
2026-09-25,IDO,2029-12-24,23000.0,PE,725.05,789.06,23140.5,1560,0,65
2026-09-25,IDO,2029-12-24,26000.0,PE,1588.75,1588.75,23140.5,4380,4,65
2026-09-25,IDO,2030-06-25,24000.0,PE,698.15,986.09,23140.5,0,0,65
2026-09-25,IDO,2030-12-31,25500.0,PE,538.25,1307.66,23140.5,0,0,65
2026-09-25,IDO,2031-06-24,31500.0,PE,3185.85,3283.98,23140.5,0,0,65
2026-09-25,IDO,2026-10-13,24200.0,CE,9.75,9.75,23140.5,268645,5886,65
2026-09-25,IDO,2026-10-13,23550.0,CE,85.8,85.8,23140.5,33605,1105,65
2026-09-25,IDO,2026-10-13,23250.0,CE,205.05,205.05,23140.5,47580,1838,65
2026-09-25,IDO,2026-10-13,22000.0,CE,1220.7,1226.92,23140.5,715,30,65
2026-09-25,IDO,2026-10-13,21400.0,CE,2360.9,1805.79,23140.5,0,0,65
2026-09-25,IDO,2026-10-13,21300.0,CE,2458.75,1904.57,23140.5,0,0,65
2026-09-25,IDO,2026-10-13,20950.0,CE,2803.55,2252.08,23140.5,0,0,65
2026-09-25,IDO,2026-10-06,23700.0,CE,20.3,20.3,23140.5,1372345,64181,65
2026-09-25,IDO,2026-10-06,23450.0,CE,64.55,64.55,23140.5,414180,25224,65
2026-09-25,IDO,2026-10-06,23000.0,CE,287.25,287.25,23140.5,853775,78289,65
2026-09-25,IDO,2026-10-06,22950.0,CE,325.35,325.35,23140.5,64545,2119,65
2026-09-25,IDO,2026-10-06,21900.0,CE,2291.95,1283.95,23140.5,0,0,65
2026-09-25,IDO,2026-10-06,21200.0,CE,2979.65,1978.45,23140.5,0,0,65
2026-09-25,IDO,2026-10-06,20900.0,CE,3277.05,2277.83,23140.5,0,0,65
2026-09-25,IDO,2026-09-29,25800.0,CE,0.45,0.45,23140.5,323375,9443,65
2026-09-25,IDO,2026-09-29,24500.0,CE,0.85,0.85,23140.5,10171070,504459,65
2026-09-25,IDO,2026-09-29,24150.0,CE,1.5,1.5,23140.5,1633840,134664,65
2026-09-25,IDO,2026-09-29,23750.0,CE,3.6,3.6,23140.5,2415595,534490,65
2026-09-25,IDO,2026-09-29,22750.0,CE,448.45,448.45,23140.5,60905,7643,65
2026-09-25,IDO,2026-09-29,21700.0,CE,1820.0,1454.6,23140.5,0,0,65
2026-09-25,IDO,2026-09-29,21050.0,CE,3177.2,2104.18,23140.5,0,0,65
2026-09-25,IDO,2026-10-13,25250.0,CE,2.5,2.32,23140.5,585,0,65
2026-09-25,IDO,2026-10-19,20900.0,CE,2338.15,2323.12,23140.5,0,0,65
2026-09-25,IDO,2026-10-19,22850.0,CE,667.95,591.56,23140.5,0,0,65
2026-09-25,IDO,2026-10-19,24250.0,CE,121.35,71.57,23140.5,0,0,65
2026-09-25,IDO,2026-10-19,24650.0,CE,63.85,31.02,23140.5,0,0,65
2026-09-25,IDO,2026-10-19,24900.0,CE,5.0,17.39,23140.5,1365,51,65
2026-09-25,IDO,2026-10-27,21350.0,CE,3002.9,1921.84,23140.5,0,0,65
2026-09-25,IDO,2026-10-27,22100.0,CE,1212.45,1212.45,23140.5,1625,8,65
2026-09-25,IDO,2026-10-27,23100.0,CE,400.5,400.5,23140.5,788450,22543,65
2026-09-25,IDO,2026-10-27,23350.0,CE,258.2,258.2,23140.5,72735,1068,65
2026-09-25,IDO,2026-10-27,23400.0,CE,233.6,233.6,23140.5,1731600,22130,65
2026-09-25,IDO,2026-10-27,23700.0,CE,118.5,118.5,23140.5,807495,15203,65
2026-09-25,IDO,2026-11-03,22800.0,PE,173.4,173.4,23140.5,2535,65,65
2026-09-25,IDO,2026-09-29,15000.0,CE,10499.3,8150.24,23140.5,0,0,65
2026-09-25,IDO,2026-09-29,18000.0,CE,5190.0,5190.0,23140.5,780,4,65
2026-09-25,IDO,2026-09-29,22300.0,CE,889.85,889.85,23140.5,3900,88,65
2026-09-25,IDO,2026-09-29,22350.0,CE,843.95,843.95,23140.5,2145,17,65
2026-09-25,IDO,2026-09-29,23200.0,CE,89.15,89.15,23140.5,9387040,4735677,65
2026-09-25,IDO,2026-09-29,23400.0,CE,24.7,24.7,23140.5,9820980,2204459,65
2026-09-25,IDO,2026-09-29,23450.0,CE,17.45,17.45,23140.5,4395300,1245654,65
2026-09-25,IDO,2026-09-29,23500.0,CE,12.5,12.5,23140.5,14143480,2113409,65
2026-09-25,IDO,2026-09-29,23650.0,CE,5.3,5.3,23140.5,3966365,804319,65
2026-09-25,IDO,2026-09-29,24250.0,CE,1.25,1.25,23140.5,1719510,140681,65
2026-09-25,IDO,2026-09-29,25050.0,CE,0.6,0.6,23140.5,91130,5266,65
2026-09-25,IDO,2026-09-29,25250.0,CE,0.6,0.6,23140.5,58825,1602,65
2026-09-25,IDO,2026-09-29,25300.0,CE,0.55,0.55,23140.5,446160,17295,65
2026-09-25,IDO,2026-09-29,26850.0,CE,0.45,0.45,23140.5,13195,762,65
2026-09-25,IDO,2026-10-06,21700.0,CE,2486.95,1480.9,23140.5,0,0,65
2026-09-25,IDO,2026-10-06,22050.0,CE,2147.1,1138.28,23140.5,0,0,65
2026-09-25,IDO,2026-10-06,23200.0,CE,163.55,163.55,23140.5,2129335,127380,65
2026-09-25,IDO,2026-10-06,23850.0,CE,10.85,10.85,23140.5,328575,15061,65
2026-09-25,IDO,2026-10-06,25700.0,CE,0.95,0.95,23140.5,34255,600,65
2026-09-25,IDO,2026-10-13,20900.0,CE,2853.0,2301.85,23140.5,0,0,65
2026-09-25,IDO,2026-10-13,21900.0,CE,1879.7,1320.78,23140.5,0,0,65
2026-09-25,IDO,2026-10-13,22150.0,CE,1647.3,1089.36,23140.5,0,0,65
2026-09-25,IDO,2026-10-13,22450.0,CE,1379.8,830.09,23140.5,0,0,65
2026-09-25,IDO,2026-10-13,23050.0,CE,325.5,325.5,23140.5,24830,1147,65
2026-09-25,IDO,2026-10-13,23500.0,CE,101.25,101.25,23140.5,416000,13840,65
2026-09-25,IDO,2026-10-19,21150.0,CE,2094.65,2075.98,23140.5,0,0,65
2026-09-25,IDO,2026-10-19,21700.0,CE,1575.5,1542.43,23140.5,0,0,65
2026-09-25,IDO,2026-10-19,23100.0,CE,345.35,345.35,23140.5,15925,501,65
2026-09-25,IDO,2026-10-19,24350.0,CE,104.05,58.67,23140.5,0,0,65
2026-09-25,IDO,2026-10-19,24950.0,CE,4.65,4.65,23140.5,1105,15,65
2026-09-25,IDO,2026-10-27,20850.0,CE,3471.7,2408.85,23140.5,0,0,65
2026-09-25,IDO,2026-10-27,21500.0,CE,1759.35,1759.35,23140.5,97695,610,65
2026-09-25,IDO,2026-10-27,22000.0,CE,1288.25,1288.25,23140.5,548340,4136,65
2026-09-25,IDO,2026-10-27,22250.0,CE,1132.0,1109.49,23140.5,14105,0,65
2026-09-25,IDO,2026-10-27,22450.0,CE,849.55,950.71,23140.5,2405,47,65
2026-09-25,IDO,2026-10-27,22750.0,CE,648.95,648.95,23140.5,6045,95,65
2026-09-25,IDO,2026-10-27,23150.0,CE,370.15,370.15,23140.5,38610,1673,65
2026-09-25,IDO,2026-10-27,24550.0,CE,14.85,14.85,23140.5,163410,1478,65
2026-09-25,IDO,2026-10-27,25200.0,CE,5.85,5.85,23140.5,127530,2282,65
2026-09-25,IDO,2026-10-27,26250.0,CE,2.45,1.84,23140.5,2015,0,65
2026-09-25,IDO,2026-10-27,26350.0,CE,8.0,1.42,23140.5,520,0,65
2026-09-25,IDO,2026-11-03,21400.0,CE,2094.4,1908.52,23140.5,0,0,65
2026-09-25,IDO,2026-11-03,21650.0,CE,1859.6,1676.82,23140.5,0,0,65
2026-09-25,IDO,2026-11-03,21750.0,CE,1767.5,1586.36,23140.5,0,0,65
2026-09-25,IDO,2026-11-03,22550.0,CE,1089.1,931.04,23140.5,0,0,65
2026-09-25,IDO,2026-11-03,22850.0,CE,871.45,727.64,23140.5,0,0,65
2026-09-25,IDO,2026-11-03,22900.0,CE,837.65,696.43,23140.5,0,0,65
2026-09-25,IDO,2026-11-03,24900.0,CE,89.55,58.12,23140.5,0,0,65
2026-09-25,IDO,2026-11-03,25050.0,CE,71.65,45.37,23140.5,0,0,65
2026-09-25,IDO,2026-11-23,22650.0,CE,861.5,1008.13,23140.5,260,4,65
2026-09-25,IDO,2026-11-23,23000.0,CE,636.75,636.75,23140.5,268190,2772,65
2026-09-25,IDO,2026-11-23,23850.0,CE,203.35,203.35,23140.5,13910,202,65
2026-09-25,IDO,2026-11-23,24950.0,CE,670.25,121.41,23140.5,0,0,65
2026-09-25,IDO,2026-11-23,25950.0,CE,14.5,14.5,23140.5,3380,50,65
2026-09-25,IDO,2026-11-23,26000.0,CE,11.7,11.7,23140.5,350155,2735,65
2026-09-25,IDO,2026-12-29,18000.0,CE,5320.0,5433.9,23140.5,2600,2,65
2026-09-25,IDO,2026-12-29,34500.0,CE,1.3,0.0,23140.5,1300,0,65
2026-09-25,IDO,2027-03-30,22500.0,CE,1650.2,1650.2,23140.5,194480,407,65
2026-09-25,IDO,2028-12-26,16500.0,CE,12176.65,8863.23,23140.5,0,0,65
2026-09-25,IDO,2029-06-26,27000.0,CE,6570.4,2622.93,23140.5,0,0,65
2026-09-25,IDO,2029-12-24,25500.0,CE,6500.6,3848.15,23140.5,0,0,65
2026-09-25,IDO,2029-12-24,30000.0,CE,1544.45,2097.05,23140.5,10875,1,65
2026-09-25,IDO,2030-12-31,21000.0,CE,10552.5,7511.05,23140.5,0,0,65
2026-09-25,IDO,2031-06-24,27000.0,CE,5699.0,4773.14,23140.5,0,0,65
2026-09-25,IDO,2026-09-29,21000.0,PE,0.8,0.8,23140.5,9583860,282120,65
2026-09-25,IDO,2026-09-29,21950.0,PE,1.85,1.85,23140.5,642005,111109,65
2026-09-25,IDO,2026-09-29,22550.0,PE,4.7,4.7,23140.5,2108990,553720,65
2026-09-25,IDO,2026-09-29,22600.0,PE,5.4,5.4,23140.5,4898725,916674,65
2026-09-25,IDO,2026-09-29,23400.0,PE,234.4,234.4,23140.5,3602560,181866,65
2026-09-25,IDO,2026-09-29,24750.0,PE,1562.95,1593.42,23140.5,24765,6,65
2026-09-25,IDO,2026-09-29,24950.0,PE,1848.0,1793.29,23140.5,4550,1,65
2026-09-25,IDO,2026-09-29,25650.0,PE,2200.0,2492.84,23140.5,520,0,65
2026-09-25,IDO,2026-09-29,25700.0,PE,2515.0,2542.8,23140.5,8515,34,65
2026-09-25,IDO,2026-09-29,27150.0,PE,2959.15,3991.86,23140.5,0,0,65
2026-09-25,IDO,2026-09-29,33000.0,PE,6552.15,9838.06,23140.5,0,0,65
2026-09-25,IDO,2026-10-06,21550.0,PE,5.9,5.9,23140.5,16640,1025,65
2026-09-25,IDO,2026-10-06,21650.0,PE,6.35,6.35,23140.5,36010,1866,65
2026-09-25,IDO,2026-10-06,21750.0,PE,6.9,6.9,23140.5,48230,1706,65
2026-09-25,IDO,2026-10-06,22500.0,PE,21.35,21.35,23140.5,1825395,66997,65
2026-09-25,IDO,2026-10-06,22650.0,PE,32.15,32.15,23140.5,179270,10558,65
2026-09-25,IDO,2026-10-06,22800.0,PE,51.1,51.1,23140.5,1157195,69642,65
2026-09-25,IDO,2026-10-06,23050.0,PE,109.15,109.15,23140.5,603915,45226,65
2026-09-25,IDO,2026-10-06,23900.0,PE,712.55,712.55,23140.5,65455,338,65
2026-09-25,IDO,2026-10-06,24400.0,PE,1204.2,1204.2,23140.5,11310,147,65
2026-09-25,IDO,2026-10-06,24700.0,PE,1575.0,1517.74,23140.5,390,4,65
2026-09-25,IDO,2026-10-06,25000.0,PE,1796.65,1796.65,23140.5,29965,301,65
2026-09-25,IDO,2026-10-06,25050.0,PE,1932.0,1865.24,23140.5,65,1,65
2026-09-25,IDO,2026-10-06,25750.0,PE,1608.15,2563.53,23140.5,0,0,65
2026-09-25,IDO,2026-10-13,22300.0,PE,31.6,31.6,23140.5,72345,3185,65
2026-09-25,IDO,2026-10-13,22400.0,PE,38.25,38.25,23140.5,79300,2131,65
2026-09-25,IDO,2026-10-13,22600.0,PE,58.5,58.5,23140.5,102635,3750,65
2026-09-25,IDO,2026-10-13,22700.0,PE,72.75,72.75,23140.5,281905,7834,65
2026-09-25,IDO,2026-10-13,22850.0,PE,100.55,100.55,23140.5,19110,665,65
2026-09-25,IDO,2026-10-13,23500.0,PE,381.15,381.15,23140.5,173485,1419,65
2026-09-25,IDO,2026-10-13,24150.0,PE,654.0,992.51,23140.5,65,0,65
2026-09-25,IDO,2026-10-13,24700.0,PE,1075.5,1500.23,23140.5,0,0,65
2026-09-25,IDO,2026-10-13,24850.0,PE,1184.15,1645.23,23140.5,195,0,65
2026-09-25,IDO,2026-10-19,20950.0,PE,11.15,1.55,23140.5,65,1,65
2026-09-25,IDO,2026-10-19,21400.0,PE,19.55,7.22,23140.5,0,0,65
2026-09-25,IDO,2026-10-19,22000.0,PE,29.55,29.55,23140.5,63635,1433,65
2026-09-25,IDO,2026-10-19,22250.0,PE,43.9,43.9,23140.5,7930,199,65
2026-09-25,IDO,2026-10-19,22400.0,PE,58.1,58.1,23140.5,2210,171,65
2026-09-25,IDO,2026-10-19,22750.0,PE,109.7,109.7,23140.5,3510,112,65
2026-09-25,IDO,2026-10-19,23200.0,PE,245.15,245.15,23140.5,19955,811,65
2026-09-25,IDO,2026-10-19,23650.0,PE,579.65,622.64,23140.5,1040,1,65
2026-09-25,IDO,2026-10-27,20800.0,PE,13.95,13.95,23140.5,25350,823,65
2026-09-25,IDO,2026-10-27,20900.0,PE,24.95,3.87,23140.5,0,0,65
2026-09-25,IDO,2026-10-27,21000.0,PE,16.35,16.35,23140.5,221520,10641,65
2026-09-25,IDO,2026-10-27,22050.0,PE,49.3,49.3,23140.5,15730,336,65
2026-09-25,IDO,2026-10-27,22200.0,PE,60.1,60.1,23140.5,387205,11329,65
2026-09-25,IDO,2026-10-27,23100.0,PE,241.15,241.15,23140.5,1021735,23631,65
2026-09-25,IDO,2026-10-27,23450.0,PE,400.2,400.2,23140.5,67535,369,65
2026-09-25,IDO,2026-10-27,24300.0,PE,1051.95,1051.95,23140.5,173225,355,65
2026-09-25,IDO,2026-10-27,24800.0,PE,1527.2,1527.2,23140.5,267540,848,65
2026-09-25,IDO,2026-10-27,24850.0,PE,1650.0,1613.32,23140.5,1235,0,65
2026-09-25,IDO,2026-10-27,25000.0,PE,1727.95,1727.95,23140.5,1468805,3698,65
2026-09-25,IDO,2026-10-27,25200.0,PE,1940.0,1941.09,23140.5,21515,94,65
2026-09-25,IDO,2026-10-27,25600.0,PE,2320.0,2320.0,23140.5,7020,50,65
2026-09-25,IDO,2031-06-24,33000.0,PE,3810.15,3956.28,23140.5,0,0,65
2026-09-25,IDO,2026-10-27,26000.0,PE,2710.6,2710.6,23140.5,1439555,6648,65
2026-09-25,IDO,2026-10-27,26600.0,PE,3029.0,3313.48,23140.5,390,0,65
2026-09-25,IDO,2026-11-03,22000.0,PE,65.45,78.84,23140.5,3835,46,65
2026-09-25,IDO,2026-11-03,22600.0,PE,143.85,202.92,23140.5,520,46,65
2026-09-25,IDO,2026-11-03,23250.0,PE,322.6,322.6,23140.5,2145,57,65
2026-09-25,IDO,2026-11-03,24400.0,PE,1082.55,1220.0,23140.5,0,0,65
2026-09-25,IDO,2026-11-03,24850.0,PE,1448.0,1605.51,23140.5,0,0,65
2026-09-25,IDO,2026-11-03,25200.0,PE,1756.2,1925.28,23140.5,0,0,65
2026-09-25,IDO,2026-11-23,20800.0,PE,40.0,18.14,23140.5,1170,22,65
2026-09-25,IDO,2026-11-23,22450.0,PE,148.65,148.65,23140.5,2795,24,65
2026-09-25,IDO,2026-11-23,22950.0,PE,265.15,265.15,23140.5,5720,69,65
2026-09-25,IDO,2026-11-23,23950.0,PE,512.35,919.89,23140.5,1560,0,65
2026-09-25,IDO,2026-11-23,24100.0,PE,856.25,856.25,23140.5,11180,90,65
2026-09-25,IDO,2026-11-23,24550.0,PE,1001.35,1351.92,23140.5,975,0,65
2026-09-25,IDO,2026-11-23,25250.0,PE,1090.7,1937.35,23140.5,0,0,65
2026-09-25,IDO,2026-11-23,26100.0,PE,1675.5,2721.05,23140.5,0,0,65
2026-09-25,IDO,2026-12-29,12000.0,PE,3.45,0.0,23140.5,19775,8,65
2026-09-25,IDO,2027-03-30,33000.0,PE,8415.45,8817.18,23140.5,0,0,65
2026-09-25,IDO,2027-06-29,33000.0,PE,4691.7,8333.29,23140.5,0,0,65
2026-09-25,IDO,2027-12-28,19500.0,PE,29.25,129.48,23140.5,0,0,65
2026-09-25,IDO,2027-12-28,22500.0,PE,186.5,650.1,23140.5,0,0,65
2026-09-25,IDO,2027-12-28,30000.0,PE,4600.0,4933.94,23140.5,3575,8,65
2026-09-25,IDO,2028-06-27,18000.0,PE,396.75,69.37,23140.5,0,0,65
2026-09-25,IDO,2028-06-27,22000.0,PE,470.1,566.43,23140.5,2145,0,65
2026-09-25,IDO,2028-06-27,25500.0,PE,1034.0,1765.07,23140.5,0,0,65
2026-09-25,IDO,2028-12-26,21000.0,PE,359.2,359.2,23140.5,10660,21,65
2026-09-25,IDO,2028-12-26,22500.0,PE,218.8,699.45,23140.5,0,0,65
2026-09-25,IDO,2028-12-26,30000.0,PE,3500.0,4040.68,23140.5,325,4,65
2026-09-25,IDO,2029-06-26,22500.0,PE,224.45,695.54,23140.5,0,0,65
2026-09-25,IDO,2029-06-26,26000.0,PE,1650.0,1760.98,23140.5,50,0,65
2026-09-25,IDO,2029-12-24,19500.0,PE,61.2,238.13,23140.5,0,0,65
2026-09-25,IDO,2030-12-31,27000.0,PE,779.5,1755.41,23140.5,0,0,65
2026-09-25,IDO,2030-12-31,33000.0,PE,2387.3,4277.86,23140.5,0,0,65
2026-09-25,IDO,2026-09-29,24600.0,CE,0.7,0.7,23140.5,3335150,176868,65
2026-09-25,IDO,2026-09-29,24350.0,CE,1.15,1.15,23140.5,1556490,81288,65
2026-09-25,IDO,2031-06-24,18000.0,PE,173.45,140.57,23140.5,0,0,65
2026-09-25,IDO,2030-12-31,15000.0,PE,4.95,29.74,23140.5,0,0,65
2026-09-25,IDO,2029-12-24,25000.0,PE,1250.0,1320.26,23140.5,1265,0,65
2026-09-25,IDO,2029-06-26,19500.0,PE,56.0,225.46,23140.5,0,0,65
2026-09-25,IDO,2029-06-26,18000.0,PE,118.45,108.99,23140.5,0,0,65
2026-09-25,IDO,2029-06-26,16500.0,PE,8.1,45.49,23140.5,0,0,65
2026-09-25,IDO,2028-12-26,31500.0,PE,2673.4,5034.77,23140.5,0,0,65
2026-09-25,IDO,2028-12-26,24000.0,PE,922.0,1118.02,23140.5,5135,0,65
2026-09-25,IDO,2028-06-27,27000.0,PE,2752.35,2530.43,23140.5,0,0,65
2026-09-25,IDO,2028-06-27,15000.0,PE,127.2,5.47,23140.5,0,0,65
2026-09-25,IDO,2027-06-29,27000.0,PE,2325.1,3021.85,23140.5,195,1,65
2026-09-25,IDO,2027-06-29,18000.0,PE,50.8,14.64,23140.5,295,2,65
2026-09-25,IDO,2027-03-30,18000.0,PE,44.8,44.8,23140.5,60320,303,65
2026-09-25,IDO,2026-12-29,22000.0,PE,146.5,146.5,23140.5,3094335,13394,65
2026-09-25,IDO,2026-12-29,19000.0,PE,29.05,29.05,23140.5,839645,2769,65
2026-09-25,IDO,2026-11-23,25700.0,PE,1890.0,2345.24,23140.5,65,0,65
2026-09-25,IDO,2026-11-23,23650.0,PE,618.15,734.96,23140.5,10140,2,65
2026-09-25,IDO,2026-11-23,23450.0,PE,456.9,456.9,23140.5,11115,21,65
2026-09-25,IDO,2026-11-23,22700.0,PE,198.0,198.0,23140.5,84110,541,65
2026-09-25,IDO,2026-11-23,20950.0,PE,13.75,24.15,23140.5,0,0,65
2026-09-25,IDO,2026-11-03,24750.0,PE,1363.45,1516.98,23140.5,0,0,65
2026-09-25,IDO,2026-11-03,23600.0,PE,555.1,645.8,23140.5,0,0,65
2026-09-25,IDO,2026-11-03,23100.0,PE,265.6,265.6,23140.5,1820,48,65
2026-09-25,IDO,2026-11-03,22900.0,PE,200.15,200.15,23140.5,1235,113,65
2026-09-25,IDO,2026-11-03,21950.0,PE,71.3,72.13,23140.5,65,1,65
2026-09-25,IDO,2026-10-27,25950.0,PE,1842.3,2670.21,23140.5,0,0,65
2026-09-25,IDO,2026-10-27,25350.0,PE,1750.0,2084.73,23140.5,455,0,65
2026-09-25,IDO,2026-10-27,23500.0,PE,428.95,428.95,23140.5,6002750,30623,65
2026-09-25,IDO,2026-10-27,22300.0,PE,69.95,69.95,23140.5,852800,14112,65
2026-09-25,IDO,2026-10-19,25050.0,PE,1825.8,1824.06,23140.5,0,0,65
2026-09-25,IDO,2026-10-19,24900.0,PE,1686.55,1679.99,23140.5,0,0,65
2026-09-25,IDO,2026-10-19,24500.0,PE,1329.5,1307.14,23140.5,0,0,65
2026-09-25,IDO,2026-10-19,22800.0,PE,119.65,119.65,23140.5,45760,767,65
2026-09-25,IDO,2026-10-19,22600.0,PE,82.7,82.7,23140.5,4810,144,65
2026-09-25,IDO,2026-10-19,21900.0,PE,57.8,29.75,23140.5,0,0,65
2026-09-25,IDO,2026-10-19,21750.0,PE,43.95,20.05,23140.5,130,0,65
2026-09-25,IDO,2026-10-19,21650.0,PE,34.5,15.2,23140.5,0,0,65
2026-09-25,IDO,2026-10-13,20850.0,PE,6.35,0.25,23140.5,65,1,65
2026-09-25,IDO,2026-10-06,24850.0,PE,1645.0,1666.33,23140.5,260,1,65
2026-09-25,IDO,2026-10-06,24450.0,PE,1233.45,1233.45,23140.5,650,13,65
2026-09-25,IDO,2026-10-06,23950.0,PE,758.05,758.05,23140.5,38220,54,65
2026-09-25,IDO,2026-10-06,23700.0,PE,522.8,522.8,23140.5,140530,1530,65
2026-09-25,IDO,2026-10-06,22350.0,PE,15.15,15.15,23140.5,132990,5937,65
2026-09-25,IDO,2026-10-06,22050.0,PE,9.3,9.3,23140.5,130260,5569,65
2026-09-25,IDO,2026-09-29,26550.0,PE,2431.75,3392.25,23140.5,0,0,65
2026-09-25,IDO,2026-09-29,26400.0,PE,3242.4,3242.35,23140.5,2665,2,65
2026-09-25,IDO,2026-09-29,26350.0,PE,2262.9,3192.38,23140.5,0,0,65
2026-09-25,IDO,2026-09-29,26150.0,PE,1720.0,2992.51,23140.5,65,0,65
2026-09-25,IDO,2026-09-29,24550.0,PE,1373.2,1373.2,23140.5,44590,14,65
2026-09-25,IDO,2026-09-29,24000.0,PE,814.3,814.3,23140.5,3155140,40943,65
2026-09-25,IDO,2026-09-29,23550.0,PE,366.6,366.6,23140.5,313560,7318,65
2026-09-25,IDO,2026-09-29,23500.0,PE,323.2,323.2,23140.5,4632485,128920,65
2026-09-25,IDO,2026-09-29,21500.0,PE,1.25,1.25,23140.5,3993925,316903,65
2026-09-25,IDO,2026-09-29,21150.0,PE,0.9,0.9,23140.5,74620,9209,65
2026-09-25,IDO,2026-09-29,21050.0,PE,0.8,0.8,23140.5,30745,3996,65
2026-09-25,IDO,2026-09-29,21850.0,CE,1250.0,1304.72,23140.5,65,0,65
2026-09-25,IDO,2030-12-31,27000.0,CE,6772.8,4271.09,23140.5,0,0,65
2026-09-25,IDO,2030-12-31,22500.0,CE,9536.95,6592.07,23140.5,0,0,65
2026-09-25,IDO,2030-06-25,33000.0,CE,4416.45,1760.07,23140.5,0,0,65
2026-09-25,IDO,2030-06-25,24000.0,CE,8591.55,5184.52,23140.5,0,0,65
2026-09-25,IDO,2028-12-26,30000.0,CE,750.0,750.0,23140.5,21315,8,65
2026-09-25,IDO,2028-12-26,28500.0,CE,3608.65,1559.04,23140.5,0,0,65
2026-09-25,IDO,2028-12-26,28000.0,CE,1350.0,1714.99,23140.5,10735,21,65
2026-09-25,IDO,2028-12-26,25500.0,CE,2130.55,2130.55,23140.5,390,10,65
2026-09-25,IDO,2028-12-26,24000.0,CE,3120.05,3441.39,23140.5,2730,0,65
2026-09-25,IDO,2028-12-26,18000.0,CE,9380.3,7619.36,23140.5,0,0,65
2026-09-25,IDO,2028-06-27,15000.0,CE,8633.05,9719.39,23140.5,0,0,65
2026-09-25,IDO,2027-12-28,24000.0,CE,1810.55,1810.55,23140.5,156325,196,65
2026-09-25,IDO,2027-06-29,30000.0,CE,71.0,95.83,23140.5,975,1,65
2026-09-25,IDO,2026-12-29,26000.0,CE,30.35,30.35,23140.5,4292520,11163,65
2026-09-25,IDO,2026-12-29,25000.0,CE,87.85,87.85,23140.5,3798380,16675,65
2026-09-25,IDO,2026-11-23,25500.0,CE,17.8,17.8,23140.5,489320,1820,65
2026-09-25,IDO,2026-11-23,24900.0,CE,691.9,128.8,23140.5,0,0,65
2026-09-25,IDO,2026-11-23,24650.0,CE,48.4,48.4,23140.5,10855,33,65
2026-09-25,IDO,2026-11-23,24450.0,CE,68.05,68.05,23140.5,12025,81,65
2026-09-25,IDO,2026-11-23,23900.0,CE,187.4,187.4,23140.5,54665,832,65
2026-09-25,IDO,2026-11-23,23700.0,CE,259.75,259.75,23140.5,85475,1380,65
2026-09-25,IDO,2026-11-23,22450.0,CE,1210.65,1148.38,23140.5,260,0,65
2026-09-25,IDO,2026-11-23,21750.0,CE,2952.95,1702.42,23140.5,0,0,65
2026-09-25,IDO,2026-11-23,21450.0,CE,3232.9,1965.68,23140.5,0,0,65
2026-09-25,IDO,2026-11-23,21000.0,CE,3661.45,2380.1,23140.5,0,0,65
2026-09-25,IDO,2026-11-03,24400.0,CE,177.75,124.46,23140.5,0,0,65
2026-09-25,IDO,2026-11-03,24100.0,CE,257.0,188.45,23140.5,0,0,65
2026-09-25,IDO,2026-11-03,22450.0,CE,1166.8,1004.88,23140.5,0,0,65
2026-09-25,IDO,2026-09-29,22000.0,CE,1191.45,1191.45,23140.5,519805,3555,65
2026-09-25,IDO,2026-09-29,22450.0,CE,741.85,741.85,23140.5,19890,515,65
2026-09-25,IDO,2026-09-29,22550.0,CE,642.55,642.55,23140.5,18655,1538,65
2026-09-25,IDO,2026-09-29,22700.0,CE,494.5,494.5,23140.5,125710,15934,65
2026-09-25,IDO,2026-09-29,23150.0,CE,116.7,116.7,23140.5,3645655,3355329,65
2026-09-25,IDO,2026-11-03,22300.0,CE,1287.65,1120.33,23140.5,0,0,65
2026-09-25,IDO,2026-10-27,26700.0,CE,2.85,0.56,23140.5,520,0,65
2026-09-25,IDO,2026-10-27,26100.0,CE,2.5,2.5,23140.5,20475,322,65
2026-09-25,IDO,2026-10-27,25800.0,CE,3.05,3.05,23140.5,78650,151,65
2026-09-25,IDO,2026-10-27,25600.0,CE,3.6,3.6,23140.5,42965,109,65
2026-09-25,IDO,2026-10-27,25500.0,CE,3.7,3.7,23140.5,1039805,5461,65
2026-09-25,IDO,2026-10-27,25300.0,CE,5.15,5.15,23140.5,30875,227,65
2026-09-25,IDO,2026-10-27,25100.0,CE,6.7,6.7,23140.5,128375,1304,65
2026-09-25,IDO,2026-10-27,23950.0,CE,61.55,61.55,23140.5,98020,1831,65
2026-09-25,IDO,2026-10-27,22550.0,CE,772.55,876.37,23140.5,3055,5,65
2026-09-25,IDO,2026-10-27,21750.0,CE,2639.9,1545.74,23140.5,0,0,65
2026-09-25,IDO,2026-10-27,21050.0,CE,3282.55,2212.64,23140.5,0,0,65
2026-09-25,IDO,2026-10-19,24750.0,CE,6.2,24.74,23140.5,975,20,65
2026-09-25,IDO,2026-10-19,23350.0,CE,206.9,206.9,23140.5,12740,213,65
2026-09-25,IDO,2026-10-19,23200.0,CE,283.65,283.65,23140.5,49335,1074,65
2026-09-25,IDO,2026-10-19,22700.0,CE,765.55,693.17,23140.5,0,0,65
2026-09-25,IDO,2026-10-19,22150.0,CE,1182.0,1131.05,23140.5,0,0,65
2026-09-25,IDO,2026-10-19,21550.0,CE,1714.0,1685.75,23140.5,0,0,65
2026-09-25,IDO,2026-10-19,21500.0,CE,1760.75,1733.98,23140.5,0,0,65
2026-09-25,IDO,2026-10-13,24900.0,CE,2.95,2.95,23140.5,11570,246,65
2026-09-25,IDO,2026-10-13,24850.0,CE,4.25,8.29,23140.5,2340,0,65
2026-09-25,IDO,2026-10-13,24550.0,CE,5.0,5.0,23140.5,7670,310,65
2026-09-25,IDO,2026-10-13,24050.0,CE,15.65,15.65,23140.5,127725,3316,65
2026-09-25,IDO,2026-10-13,23100.0,CE,291.1,291.1,23140.5,165165,6128,65
2026-09-25,IDO,2026-10-13,22800.0,CE,507.8,507.8,23140.5,5980,148,65
2026-09-25,IDO,2026-10-13,22750.0,CE,1129.3,600.03,23140.5,0,0,65
2026-09-25,IDO,2026-10-13,22200.0,CE,1601.7,1044.53,23140.5,0,0,65
2026-09-25,IDO,2026-10-13,22100.0,CE,1693.15,1134.73,23140.5,0,0,65
2026-09-25,IDO,2026-10-13,20800.0,CE,2952.0,2401.43,23140.5,0,0,65
2026-09-25,IDO,2026-10-06,25500.0,CE,1.15,1.15,23140.5,133965,2273,65
2026-09-25,IDO,2026-10-06,25000.0,CE,1.65,1.65,23140.5,2008045,51521,65
2026-09-25,IDO,2026-10-06,24450.0,CE,2.95,2.95,23140.5,51610,785,65
2026-09-25,IDO,2026-10-06,24350.0,CE,3.4,3.4,23140.5,57590,1803,65
2026-09-25,IDO,2026-10-06,24300.0,CE,3.75,3.75,23140.5,874965,15326,65
2026-09-25,IDO,2026-10-06,24250.0,CE,3.95,3.95,23140.5,201435,6885,65
2026-09-25,IDO,2026-10-06,23150.0,CE,191.8,191.8,23140.5,294840,30556,65
2026-09-25,IDO,2026-10-06,22450.0,CE,767.9,767.9,23140.5,0,4,65
2026-09-25,IDO,2026-10-06,22150.0,CE,1063.35,1063.35,23140.5,65,1,65
2026-09-25,IDO,2026-10-06,21750.0,CE,2438.05,1431.46,23140.5,0,0,65
2026-09-25,IDO,2026-10-06,21650.0,CE,2535.9,1530.44,23140.5,0,0,65
2026-09-25,IDO,2026-10-06,21450.0,CE,2732.6,1729.23,23140.5,0,0,65
2026-09-25,IDO,2026-10-06,21100.0,CE,3078.7,2078.22,23140.5,0,0,65
2026-09-25,IDO,2026-09-29,30000.0,CE,0.25,0.25,23140.5,267250,1651,65
2026-09-25,IDO,2026-09-29,26750.0,CE,0.35,0.35,23140.5,13520,408,65
2026-09-25,IDO,2026-09-29,26450.0,CE,0.4,0.4,23140.5,12155,308,65
2026-09-25,IDO,2026-09-29,26050.0,CE,0.45,0.45,23140.5,16510,1184,65
2026-09-25,IDO,2026-09-29,25900.0,CE,0.4,0.4,23140.5,215670,8241,65
2026-09-25,IDO,2026-09-29,25700.0,CE,0.45,0.45,23140.5,260845,7300,65
2026-09-25,IDO,2026-09-29,25550.0,CE,0.6,0.6,23140.5,131170,2725,65
2026-09-25,IDO,2026-09-29,25450.0,CE,0.55,0.55,23140.5,37895,951,65
2026-09-25,IDO,2026-09-29,25000.0,CE,0.6,0.6,23140.5,8496995,305289,65
2026-09-25,IDO,2026-09-29,24750.0,CE,0.6,0.6,23140.5,348140,12889,65
2026-09-25,IDO,2026-09-29,24650.0,CE,0.65,0.65,23140.5,854880,41115,65
2026-09-25,IDO,2026-11-23,22300.0,PE,126.2,126.2,23140.5,41080,441,65
2026-09-25,IDO,2026-11-23,22750.0,PE,210.0,210.0,23140.5,9945,94,65
2026-09-25,IDO,2026-11-23,23850.0,PE,645.0,855.77,23140.5,2340,0,65
2026-09-25,IDO,2026-11-23,24200.0,PE,926.15,926.15,23140.5,13455,77,65
2026-09-25,IDO,2026-11-23,24250.0,PE,1066.2,1126.19,23140.5,780,0,65
2026-09-25,IDO,2026-11-23,25150.0,PE,1030.25,1849.55,23140.5,0,0,65
2026-09-25,IDO,2026-11-23,25500.0,PE,2112.6,2112.6,23140.5,205920,168,65
2026-09-25,IDO,2026-12-29,13000.0,PE,5.2,0.0,23140.5,7615,0,65
2026-09-25,IDO,2026-12-29,26000.0,PE,2421.6,2421.6,23140.5,1529280,1427,65
2026-09-25,IDO,2027-03-30,19500.0,PE,66.7,66.7,23140.5,243685,691,65
2026-09-25,IDO,2028-12-26,27000.0,PE,1920.0,2343.2,23140.5,17390,6,65
2026-09-25,IDO,2028-12-26,28500.0,PE,1451.15,3138.89,23140.5,0,0,65
2026-09-25,IDO,2029-06-26,24000.0,PE,850.0,1077.45,23140.5,155,0,65
2026-09-25,IDO,2029-12-24,25500.0,PE,597.3,1480.49,23140.5,0,0,65
2026-09-25,IDO,2029-12-24,31500.0,PE,2240.25,4204.92,23140.5,0,0,65
2026-09-25,IDO,2030-06-25,21000.0,PE,220.0,418.58,23140.5,65,0,65
2026-09-25,IDO,2030-06-25,25500.0,PE,568.55,1392.73,23140.5,0,0,65
2026-09-25,IDO,2030-12-31,21000.0,PE,450.0,412.07,23140.5,845,0,65
2026-09-25,IDO,2031-06-24,15000.0,PE,47.5,32.97,23140.5,0,0,65
2026-09-25,IDO,2026-11-03,21050.0,PE,8.75,10.76,23140.5,0,0,65
2026-09-25,IDO,2026-10-27,26150.0,PE,2950.0,2867.6,23140.5,195,2,65
2026-09-25,IDO,2026-10-27,25900.0,PE,2669.9,2620.98,23140.5,1430,22,65
2026-09-25,IDO,2026-10-27,25750.0,PE,1659.3,2473.66,23140.5,325,0,65
2026-09-25,IDO,2026-10-27,22850.0,PE,164.45,164.45,23140.5,47970,919,65
2026-09-25,IDO,2026-10-27,22800.0,PE,153.7,153.7,23140.5,1094990,20672,65
2026-09-25,IDO,2026-10-27,22650.0,PE,120.8,120.8,23140.5,50440,711,65
2026-09-25,IDO,2026-10-27,22250.0,PE,65.5,65.5,23140.5,499720,1257,65
2026-09-25,IDO,2026-10-27,21150.0,PE,20.8,7.96,23140.5,2665,53,65
2026-09-25,IDO,2026-10-19,23950.0,PE,887.9,841.13,23140.5,0,0,65
2026-09-25,IDO,2026-10-19,23350.0,PE,316.65,437.67,23140.5,2600,12,65
2026-09-25,IDO,2026-10-19,23150.0,PE,224.05,224.05,23140.5,5005,164,65
2026-09-25,IDO,2026-10-19,22150.0,PE,37.25,37.25,23140.5,1885,85,65
2026-09-25,IDO,2026-10-19,21600.0,PE,30.9,13.17,23140.5,0,0,65
2026-09-25,IDO,2026-10-19,21500.0,PE,16.3,16.3,23140.5,7345,272,65
2026-09-25,IDO,2026-10-19,21150.0,PE,16.95,3.17,23140.5,2210,80,65
2026-09-25,IDO,2026-10-13,25300.0,PE,1583.0,2087.57,23140.5,0,0,65
2026-09-25,IDO,2026-10-13,24950.0,PE,1278.75,1742.76,23140.5,0,0,65
2026-09-25,IDO,2026-10-13,24750.0,PE,1115.1,1548.36,23140.5,0,0,65
2026-09-25,IDO,2026-10-13,22200.0,PE,26.45,26.45,23140.5,97305,3450,65
2026-09-25,IDO,2026-10-13,21850.0,PE,15.4,15.4,23140.5,5265,229,65
2026-09-25,IDO,2026-10-13,21800.0,PE,13.7,13.7,23140.5,54535,2211,65
2026-09-25,IDO,2026-10-13,21500.0,PE,9.2,9.2,23140.5,59475,1828,65
2026-09-25,IDO,2026-10-13,21200.0,PE,3.85,1.23,23140.5,0,0,65
2026-09-25,IDO,2026-10-13,21150.0,PE,3.35,0.99,23140.5,0,0,65
2026-09-25,IDO,2026-10-06,25500.0,PE,2202.55,2202.55,23140.5,17550,42,65
2026-09-25,IDO,2026-10-06,25150.0,PE,1102.0,1964.88,23140.5,0,0,65
2026-09-25,IDO,2026-10-06,25100.0,PE,1980.0,1915.05,23140.5,130,2,65
2026-09-25,IDO,2026-10-06,24350.0,PE,1150.0,1175.59,23140.5,650,10,65
2026-09-25,IDO,2026-10-06,23850.0,PE,663.35,663.35,23140.5,6370,19,65
2026-09-25,IDO,2026-10-06,23350.0,PE,252.9,252.9,23140.5,140010,5079,65
2026-09-25,IDO,2026-10-06,23200.0,PE,169.55,169.55,23140.5,1734720,72550,65
2026-09-25,IDO,2026-10-06,22950.0,PE,81.4,81.4,23140.5,212160,15971,65
2026-09-25,IDO,2026-10-06,22450.0,PE,18.75,18.75,23140.5,286845,12396,65
2026-09-25,IDO,2026-10-06,21850.0,PE,7.5,7.5,23140.5,41990,1599,65
2026-09-25,IDO,2026-10-06,20900.0,PE,4.05,4.05,23140.5,15080,316,65
2026-09-25,IDO,2026-09-29,27200.0,PE,3004.3,4041.83,23140.5,0,0,65
2026-09-25,IDO,2026-09-29,26300.0,PE,3386.8,3386.8,23140.5,56290,489,65
2026-09-25,IDO,2026-09-29,25750.0,PE,2270.0,2592.77,23140.5,260,0,65
2026-09-25,IDO,2026-09-29,24600.0,PE,1413.35,1413.35,23140.5,495430,2383,65
2026-09-25,IDO,2026-09-29,24400.0,PE,1214.0,1214.0,23140.5,1161810,6627,65
2026-09-25,IDO,2026-09-29,24250.0,PE,1064.5,1064.5,23140.5,142545,117,65
2026-09-25,IDO,2026-09-29,24100.0,PE,911.1,911.1,23140.5,386815,1788,65
2026-09-25,IDO,2026-09-29,23950.0,PE,762.05,762.05,23140.5,117585,600,65
2026-09-25,IDO,2026-09-29,23750.0,PE,562.8,562.8,23140.5,193765,1553,65
2026-09-25,IDO,2026-09-29,23700.0,PE,515.7,515.7,23140.5,685490,10121,65
2026-09-25,IDO,2026-09-29,23150.0,PE,77.55,77.55,23140.5,3978195,2725795,65
2026-09-25,IDO,2026-10-27,24350.0,CE,22.25,22.25,23140.5,80925,2027,65
2026-09-25,IDO,2026-10-27,26150.0,CE,4.85,2.37,23140.5,455,0,65
2026-09-25,IDO,2026-10-27,26550.0,CE,1.9,0.84,23140.5,650,0,65
2026-09-25,IDO,2026-10-27,26800.0,CE,6.25,0.42,23140.5,650,0,65
2026-09-25,IDO,2026-10-27,26950.0,CE,4.25,0.27,23140.5,780,0,65
2026-09-25,IDO,2026-11-03,21600.0,CE,1906.05,1722.57,23140.5,0,0,65
2026-09-25,IDO,2026-11-03,21850.0,CE,1676.7,1497.4,23140.5,0,0,65
2026-09-25,IDO,2026-11-03,21950.0,CE,1587.3,1410.12,23140.5,0,0,65
2026-09-25,IDO,2026-11-03,23200.0,CE,388.85,388.85,23140.5,4420,95,65
2026-09-25,IDO,2026-11-03,23850.0,CE,341.7,257.21,23140.5,0,0,65
2026-09-25,IDO,2026-11-03,25100.0,CE,13.6,13.6,23140.5,13780,150,65
2026-09-25,IDO,2026-11-23,21200.0,CE,3469.95,2193.5,23140.5,0,0,65
2026-09-25,IDO,2026-11-23,21550.0,CE,3139.0,1876.56,23140.5,0,0,65
2026-09-25,IDO,2026-11-23,22050.0,CE,1497.25,1453.11,23140.5,195,0,65
2026-09-25,IDO,2026-11-23,22550.0,CE,971.5,1076.58,23140.5,260,5,65
2026-09-25,IDO,2026-11-23,22900.0,CE,702.0,702.0,23140.5,2080,32,65
2026-09-25,IDO,2026-11-23,24400.0,CE,76.0,76.0,23140.5,95355,1306,65
2026-09-25,IDO,2026-11-23,24700.0,CE,44.2,44.2,23140.5,52975,445,65
2026-09-25,IDO,2026-11-23,25000.0,CE,29.25,29.25,23140.5,962975,5499,65
2026-09-25,IDO,2026-11-23,25350.0,CE,514.1,74.04,23140.5,0,0,65
2026-09-25,IDO,2026-11-23,26050.0,CE,14.95,28.41,23140.5,2535,27,65
2026-09-25,IDO,2026-12-29,23000.0,CE,850.3,850.3,23140.5,1078570,6140,65
2026-09-25,IDO,2027-06-29,19000.0,CE,7800.0,5071.61,23140.5,75,0,65
2026-09-25,IDO,2027-06-29,31500.0,CE,769.15,41.29,23140.5,0,0,65
2026-09-25,IDO,2028-06-27,18000.0,CE,6809.35,7097.97,23140.5,0,0,65
2026-09-25,IDO,2029-06-26,28500.0,CE,4213.3,2072.99,23140.5,0,0,65
2026-09-25,IDO,2029-06-26,30000.0,CE,5268.4,1620.29,23140.5,0,0,65
2026-09-25,IDO,2029-12-24,15000.0,CE,13369.45,10942.05,23140.5,0,0,65
2026-09-25,IDO,2029-12-24,31500.0,CE,3429.3,1684.84,23140.5,0,0,65
2026-09-25,IDO,2030-06-25,22500.0,CE,9012.4,6044.83,23140.5,0,0,65
2026-09-25,IDO,2030-12-31,30000.0,CE,5227.2,3102.71,23140.5,0,0,65
2026-09-25,IDO,2031-06-24,24000.0,CE,7181.9,6244.31,23140.5,0,0,65
2026-09-25,IDO,2026-09-29,21300.0,PE,0.95,0.95,23140.5,129870,21139,65
2026-09-25,IDO,2026-09-29,21350.0,PE,1.0,1.0,23140.5,1830205,67335,65
2026-09-25,IDO,2026-09-29,21550.0,PE,1.3,1.3,23140.5,297115,37424,65
2026-09-25,IDO,2026-09-29,21850.0,PE,1.75,1.75,23140.5,853190,132799,65
2026-09-25,IDO,2026-09-29,22150.0,PE,2.45,2.45,23140.5,528450,194449,65
2026-09-25,IDO,2026-09-29,22800.0,PE,11.4,11.4,23140.5,8978255,2080643,65
2026-09-25,IDO,2026-09-29,22950.0,PE,25.7,25.7,23140.5,3311295,2148159,65
2026-09-25,IDO,2026-09-29,24700.0,PE,1511.15,1511.15,23140.5,158275,1103,65
2026-09-25,IDO,2026-09-29,25800.0,PE,2603.4,2603.4,23140.5,17420,39,65
2026-09-25,IDO,2026-09-29,26650.0,PE,2517.6,3492.19,23140.5,0,0,65
2026-09-25,IDO,2026-09-29,26800.0,PE,2222.1,3642.09,23140.5,1365,0,65
2026-09-25,IDO,2026-09-29,27100.0,PE,2914.15,3941.89,23140.5,0,0,65
2026-09-25,IDO,2026-09-29,30000.0,PE,6816.15,6816.15,23140.5,91325,575,65
2026-09-25,IDO,2026-10-06,22700.0,PE,37.3,37.3,23140.5,1235520,67855,65
2026-09-25,IDO,2026-10-06,23000.0,PE,95.05,95.05,23140.5,2106260,140447,65
2026-09-25,IDO,2026-10-06,24300.0,PE,1098.05,1098.05,23140.5,15665,339,65
2026-09-25,IDO,2026-10-06,24650.0,PE,1450.0,1468.39,23140.5,3900,11,65
2026-09-25,IDO,2026-10-06,25400.0,PE,1925.0,2214.22,23140.5,65,0,65
2026-09-25,IDO,2026-10-06,25450.0,PE,1346.9,2264.12,23140.5,0,0,65
2026-09-25,IDO,2026-10-06,25650.0,PE,1519.5,2463.72,23140.5,0,0,65
2026-09-25,IDO,2026-10-13,21650.0,PE,30.0,7.11,23140.5,195,0,65
2026-09-25,IDO,2026-10-13,21950.0,PE,17.9,17.9,23140.5,3835,159,65
2026-09-25,IDO,2026-10-13,22800.0,PE,90.4,90.4,23140.5,156130,7497,65
2026-09-25,IDO,2026-10-13,23100.0,PE,173.2,173.2,23140.5,187980,7281,65
2026-09-25,IDO,2026-10-13,23750.0,PE,549.9,667.48,23140.5,4810,5,65
2026-09-25,IDO,2026-10-13,25050.0,PE,1363.6,1840.82,23140.5,0,0,65
2026-09-25,IDO,2026-10-13,25100.0,PE,1406.65,1890.01,23140.5,0,0,65
2026-09-25,IDO,2026-10-19,21000.0,PE,17.4,17.4,23140.5,0,2,65
2026-09-25,IDO,2026-10-19,22050.0,PE,77.0,43.05,23140.5,0,0,65
2026-09-25,IDO,2026-10-19,22650.0,PE,92.7,92.7,23140.5,4095,74,65
2026-09-25,IDO,2026-10-19,23250.0,PE,266.5,266.5,23140.5,3510,83,65
2026-09-25,IDO,2026-10-19,23450.0,PE,370.0,495.33,23140.5,3770,20,65
2026-09-25,IDO,2026-10-19,23600.0,PE,470.4,589.36,23140.5,3705,31,65
2026-09-25,IDO,2026-10-19,23900.0,PE,777.4,802.66,23140.5,0,1,65
2026-09-25,IDO,2026-10-19,24100.0,PE,1001.35,960.95,23140.5,0,0,65
2026-09-25,IDO,2026-10-19,24300.0,PE,1161.1,1129.79,23140.5,0,0,65
2026-09-25,IDO,2026-10-19,24750.0,PE,1549.95,1537.92,23140.5,0,0,65
2026-09-25,IDO,2026-10-27,20950.0,PE,26.85,4.49,23140.5,0,0,65
2026-09-25,IDO,2026-10-27,21200.0,PE,19.35,19.35,23140.5,24635,781,65
2026-09-25,IDO,2026-10-27,23200.0,PE,279.8,279.8,23140.5,2325895,32841,65
2026-09-25,IDO,2026-10-27,23700.0,PE,552.0,552.0,23140.5,415350,1148,65
2026-09-25,IDO,2026-10-27,24450.0,PE,1235.0,1257.77,23140.5,9815,0,65
2026-09-25,IDO,2026-10-27,25800.0,PE,2515.0,2515.0,23140.5,3250,34,65
2026-09-25,IDO,2026-10-27,26050.0,PE,2789.0,2768.82,23140.5,260,0,65
2026-09-25,IDO,2026-11-03,21100.0,PE,9.85,12.16,23140.5,0,0,65
2026-09-25,IDO,2026-11-03,21300.0,PE,15.7,19.4,23140.5,0,0,65
2026-09-25,IDO,2026-11-03,21450.0,PE,21.85,26.99,23140.5,0,0,65
2026-09-25,IDO,2026-11-03,22500.0,PE,118.05,118.05,23140.5,2405,59,65
2026-09-25,IDO,2026-11-03,23950.0,PE,763.55,875.82,23140.5,0,0,65
2026-09-25,IDO,2026-11-03,24050.0,PE,829.7,947.93,23140.5,0,0,65
2026-09-25,IDO,2026-11-03,24500.0,PE,1160.15,1302.58,23140.5,0,0,65
2026-09-25,IDO,2026-11-23,21100.0,PE,17.5,31.76,23140.5,0,0,65
2026-09-25,IDO,2026-11-23,21750.0,PE,50.0,91.2,23140.5,1885,0,65
2026-09-25,IDO,2026-11-23,22250.0,PE,117.0,117.0,23140.5,5590,40,65
2026-09-25,IDO,2026-11-23,22850.0,PE,229.0,356.3,23140.5,3900,77,65
2026-09-25,IDO,2026-11-23,22900.0,PE,247.4,247.4,23140.5,61035,1264,65
2026-09-25,IDO,2026-11-23,23750.0,PE,617.1,617.1,23140.5,3510,8,65
2026-09-25,IDO,2026-11-23,24300.0,PE,1008.55,1008.55,23140.5,16315,167,65
2026-09-25,IDO,2026-11-23,24750.0,PE,807.55,1511.57,23140.5,0,0,65
2026-09-25,IDO,2026-11-23,25800.0,PE,1454.8,2438.22,23140.5,0,0,65
2026-09-25,IDO,2026-11-23,26050.0,PE,1637.9,2673.56,23140.5,0,0,65
2026-09-25,IDO,2026-12-29,25500.0,PE,1951.5,1951.5,23140.5,373035,136,65
2026-09-25,IDO,2027-03-30,21000.0,PE,130.8,130.8,23140.5,1058720,2211,65
2026-09-25,IDO,2027-03-30,28500.0,PE,2937.15,4530.75,23140.5,65,0,65
2026-09-25,IDO,2027-06-29,16500.0,PE,22.05,1.99,23140.5,780,0,65
2026-09-25,IDO,2027-12-28,25500.0,PE,676.05,1865.56,23140.5,0,0,65
2026-09-25,IDO,2028-06-27,22500.0,PE,206.95,688.01,23140.5,0,0,65
2026-09-25,IDO,2028-06-27,31500.0,PE,2935.6,5551.92,23140.5,0,0,65
2026-09-25,IDO,2028-12-26,19500.0,PE,49.0,205.04,23140.5,0,0,65
2026-09-25,IDO,2030-12-31,22500.0,PE,219.35,638.92,23140.5,0,0,65
2026-09-25,IDO,2030-12-31,28500.0,PE,1083.1,2280.35,23140.5,0,0,65
2026-09-25,IDO,2030-12-31,31500.0,PE,1885.5,3546.3,23140.5,0,0,65
