TradDt,FinInstrmTp,XpryDt,StrkPric,OptnTp,ClsPric,SttlmPric,UndrlygPric,OpnIntrst,TtlTradgVol,NewBrdLotQty
2026-09-29,IDO,2026-10-06,24650.0,PE,1880.0,1905.85,22716.2,4160,6,65
2026-09-29,IDO,2026-10-06,25400.0,PE,2715.0,2654.98,22716.2,1560,2,65
2026-09-29,IDO,2026-10-06,25450.0,PE,1346.9,2704.92,22716.2,0,0,65
2026-09-29,IDO,2026-10-06,25650.0,PE,2795.5,2904.69,22716.2,260,0,65
2026-09-29,IDO,2026-10-13,20550.0,PE,5.95,0.09,22716.2,1755,57,65
2026-09-29,IDO,2026-10-13,21650.0,PE,18.55,18.55,22716.2,7930,348,65
2026-09-29,IDO,2026-10-13,21950.0,PE,32.5,32.5,22716.2,18980,1386,65
2026-09-29,IDO,2026-10-13,22800.0,PE,208.6,208.6,22716.2,588315,25521,65
2026-09-29,IDO,2026-10-13,23100.0,PE,369.75,369.75,22716.2,205660,2393,65
2026-09-29,IDO,2026-10-13,23750.0,PE,873.55,873.55,22716.2,4225,14,65
2026-09-29,IDO,2026-10-13,24900.0,PE,1237.05,2127.76,22716.2,0,0,65
2026-09-29,IDO,2026-10-13,25050.0,PE,1363.6,2277.21,22716.2,0,0,65
2026-09-29,IDO,2026-10-13,25100.0,PE,1406.65,2327.05,22716.2,0,0,65
2026-09-29,IDO,2026-10-19,21000.0,PE,13.65,13.65,22716.2,13650,511,65
2026-09-29,IDO,2026-10-19,22050.0,PE,64.85,64.85,22716.2,2990,135,65
2026-09-29,IDO,2026-10-19,22650.0,PE,186.85,186.85,22716.2,8190,413,65
2026-09-29,IDO,2026-10-19,23250.0,PE,473.55,617.65,22716.2,2600,0,65
2026-09-29,IDO,2026-10-19,23450.0,PE,651.4,651.4,22716.2,3250,13,65
2026-09-29,IDO,2026-10-19,23600.0,PE,790.0,790.0,22716.2,3835,33,65
2026-09-29,IDO,2026-10-19,23900.0,PE,777.4,1147.75,22716.2,0,0,65
2026-09-29,IDO,2026-10-19,24100.0,PE,1001.35,1331.15,22716.2,0,0,65
2026-09-29,IDO,2026-10-19,24300.0,PE,1400.0,1520.18,22716.2,975,0,65
2026-09-29,IDO,2026-10-19,24750.0,PE,1549.95,1957.75,22716.2,0,0,65
2026-09-29,IDO,2026-10-27,20600.0,PE,15.05,15.05,22716.2,13455,885,65
2026-09-29,IDO,2026-10-27,20950.0,PE,20.5,20.5,22716.2,5070,233,65
2026-09-29,IDO,2026-10-27,21200.0,PE,27.0,27.0,22716.2,81705,5467,65
2026-09-29,IDO,2026-10-27,23200.0,PE,481.5,481.5,22716.2,2289300,14923,65
2026-09-29,IDO,2026-10-27,23700.0,PE,854.45,854.45,22716.2,392925,2195,65
2026-09-29,IDO,2026-10-27,24450.0,PE,1612.05,1649.05,22716.2,8580,78,65
2026-09-29,IDO,2026-10-27,25800.0,PE,2901.5,2901.5,22716.2,11895,50,65
2026-09-29,IDO,2026-10-27,26050.0,PE,2789.0,3216.16,22716.2,260,0,65
2026-09-29,IDO,2026-11-03,21100.0,PE,9.85,23.75,22716.2,0,0,65
2026-09-29,IDO,2026-11-03,21300.0,PE,15.7,37.07,22716.2,0,0,65
2026-09-29,IDO,2026-11-03,21450.0,PE,21.85,50.68,22716.2,0,0,65
2026-09-29,IDO,2026-11-03,22500.0,PE,202.25,202.25,22716.2,8710,173,65
2026-09-29,IDO,2026-11-03,23950.0,PE,763.55,1193.71,22716.2,0,0,65
2026-09-29,IDO,2026-11-03,24050.0,PE,829.7,1277.78,22716.2,0,0,65
2026-09-29,IDO,2026-11-03,24500.0,PE,1160.15,1677.13,22716.2,0,0,65
2026-09-29,IDO,2026-11-23,21100.0,PE,17.5,55.08,22716.2,0,0,65
2026-09-29,IDO,2026-11-23,21750.0,PE,105.6,105.6,22716.2,3900,67,65
2026-09-29,IDO,2026-11-23,22250.0,PE,182.9,182.9,22716.2,9100,219,65
2026-09-29,IDO,2026-11-23,22850.0,PE,374.5,374.5,22716.2,8320,152,65
2026-09-29,IDO,2026-11-23,22900.0,PE,387.85,387.85,22716.2,52780,1233,65
2026-09-29,IDO,2026-11-23,23750.0,PE,910.6,1062.25,22716.2,2860,5,65
2026-09-29,IDO,2026-11-23,24300.0,PE,1372.7,1488.71,22716.2,15405,72,65
2026-09-29,IDO,2026-11-23,24750.0,PE,807.55,1875.3,22716.2,0,0,65
2026-09-29,IDO,2026-11-23,25800.0,PE,2725.0,2855.37,22716.2,585,11,65
2026-09-29,IDO,2026-11-23,26050.0,PE,1637.9,3097.55,22716.2,0,0,65
2026-09-29,IDO,2026-12-29,25500.0,PE,2291.4,2291.4,22716.2,365625,655,65
2026-09-29,IDO,2027-03-30,21000.0,PE,163.8,163.8,22716.2,1101620,7344,65
2026-09-29,IDO,2027-03-30,28500.0,PE,2937.15,4946.34,22716.2,65,0,65
2026-09-29,IDO,2027-06-29,16500.0,PE,22.15,3.04,22716.2,780,1,65
2026-09-29,IDO,2029-06-26,24000.0,PE,850.0,1199.21,22716.2,155,0,65
2026-09-29,IDO,2029-12-24,25500.0,PE,597.3,1622.78,22716.2,0,0,65
2026-09-29,IDO,2029-12-24,31500.0,PE,2240.25,4472.86,22716.2,0,0,65
2026-09-29,IDO,2030-06-25,21000.0,PE,220.0,471.51,22716.2,65,0,65
2026-09-29,IDO,2030-06-25,25500.0,PE,568.55,1521.76,22716.2,0,0,65
2026-09-29,IDO,2030-12-31,21000.0,PE,450.0,461.66,22716.2,845,0,65
2026-09-29,IDO,2031-06-24,15000.0,PE,47.5,38.79,22716.2,0,0,65
2026-09-29,IDF,2026-11-23,,,22979.3,22979.3,22716.2,1999465,11806,65
2026-09-29,IDO,2026-09-29,19500.0,CE,3199.25,22716.2,22716.2,56810,522,65
2026-09-29,IDO,2026-09-29,21200.0,CE,3038.1,22716.2,22716.2,0,0,65
2026-09-29,IDO,2026-09-29,21750.0,CE,1700.0,22716.2,22716.2,65,0,65
2026-09-29,IDO,2026-09-29,21800.0,CE,907.4,22716.2,22716.2,455,47,65
2026-09-29,IDO,2026-09-29,22100.0,CE,558.6,22716.2,22716.2,31915,1955,65
2026-09-29,IDO,2026-09-29,24400.0,CE,0.1,22716.2,22716.2,1563445,92059,65
2026-09-29,IDO,2026-09-29,24700.0,CE,0.05,22716.2,22716.2,1322165,58238,65
2026-09-29,IDO,2026-09-29,24800.0,CE,0.05,22716.2,22716.2,506610,40291,65
2026-09-29,IDO,2026-09-29,24900.0,CE,0.05,22716.2,22716.2,310895,17885,65
2026-09-29,IDO,2026-09-29,26400.0,CE,0.1,22716.2,22716.2,74750,8694,65
2026-09-29,IDO,2026-10-06,23500.0,CE,7.45,7.45,22716.2,6739460,363672,65
2026-09-29,IDO,2026-10-06,24150.0,CE,1.65,1.65,22716.2,329290,16108,65
2026-09-29,IDO,2026-10-06,24700.0,CE,0.9,0.9,22716.2,842725,49502,65
2026-09-29,IDO,2026-10-06,25100.0,CE,0.9,0.9,22716.2,49140,1813,65
2026-09-29,IDO,2026-10-06,25150.0,CE,0.7,0.0,22716.2,7735,82,65
2026-09-29,IDO,2026-10-13,22500.0,CE,442.65,442.65,22716.2,89570,6285,65
2026-09-29,IDO,2026-10-13,23300.0,CE,57.8,57.8,22716.2,560430,18826,65
2026-09-29,IDO,2026-10-13,23650.0,CE,18.3,18.3,22716.2,96525,3939,65
2026-09-29,IDO,2026-10-13,24450.0,CE,3.9,3.9,22716.2,8320,206,65
2026-09-29,IDO,2026-10-13,25050.0,CE,4.4,0.22,22716.2,1235,0,65
2026-09-29,IDO,2026-10-13,25150.0,CE,3.6,0.14,22716.2,3120,0,65
2026-09-29,IDO,2026-10-19,21000.0,CE,2240.4,1788.2,22716.2,0,0,65
2026-09-29,IDO,2026-10-19,21300.0,CE,1950.35,1496.39,22716.2,0,0,65
2026-09-29,IDO,2026-10-19,21600.0,CE,1667.5,1213.77,22716.2,0,0,65
2026-09-29,IDO,2026-10-19,21800.0,CE,1484.95,1033.91,22716.2,0,0,65
2026-09-29,IDO,2026-10-19,21950.0,CE,942.85,905.3,22716.2,65,1,65
2026-09-29,IDO,2026-10-19,22600.0,CE,429.4,429.4,22716.2,3835,268,65
2026-09-29,IDO,2026-10-19,24400.0,CE,8.3,8.3,22716.2,22360,571,65
2026-09-29,IDO,2026-10-19,24800.0,CE,7.05,3.51,22716.2,1560,0,65
2026-09-29,IDO,2026-10-19,25000.0,CE,4.7,4.7,22716.2,57655,550,65
2026-09-29,IDO,2026-10-27,21150.0,CE,3188.75,1678.63,22716.2,0,0,65
2026-09-29,IDO,2026-10-27,21300.0,CE,1630.0,1537.16,22716.2,65,0,65
2026-09-29,IDO,2026-10-27,21650.0,CE,2729.45,1219.65,22716.2,0,0,65
2026-09-29,IDO,2026-10-27,21850.0,CE,2551.3,1049.07,22716.2,0,0,65
2026-09-29,IDO,2026-10-27,22350.0,CE,671.4,671.4,22716.2,9425,204,65
2026-09-29,IDO,2026-10-27,22950.0,CE,275.25,275.25,22716.2,55315,1529,65
2026-09-29,IDO,2026-10-27,23900.0,CE,31.2,31.2,22716.2,591630,16808,65
2026-09-29,IDO,2026-10-27,24200.0,CE,17.35,17.35,22716.2,839540,15257,65
2026-09-29,IDO,2026-10-27,24500.0,CE,10.95,10.95,22716.2,2474550,28058,65
2026-09-29,IDO,2026-10-27,25450.0,CE,4.65,4.65,22716.2,3900,10,65
2026-09-29,IDO,2026-10-27,26000.0,CE,1.5,1.5,22716.2,1926015,11530,65
2026-09-29,IDO,2026-10-27,26600.0,CE,2.6,0.07,22716.2,2795,0,65
2026-09-29,IDO,2026-10-27,26750.0,CE,6.35,0.04,22716.2,975,0,65
2026-09-29,IDO,2026-11-03,20550.0,CE,2921.3,2296.19,22716.2,0,0,65
2026-09-29,IDO,2026-11-03,21250.0,CE,2237.75,1627.86,22716.2,0,0,65
2026-09-29,IDO,2026-11-03,22200.0,CE,1370.9,839.1,22716.2,0,0,65
2026-09-29,IDO,2026-11-03,23050.0,CE,280.05,280.05,22716.2,780,27,65
2026-09-29,IDO,2026-11-03,23500.0,CE,120.5,120.5,22716.2,22880,545,65
2026-09-29,IDO,2026-11-23,21500.0,CE,1535.0,1523.65,22716.2,4940,32,65
2026-09-29,IDO,2026-11-23,21600.0,CE,3092.25,1440.86,22716.2,0,0,65
2026-09-29,IDO,2026-11-23,22350.0,CE,820.25,888.34,22716.2,195,1,65
2026-09-29,IDO,2026-11-23,22950.0,CE,455.8,455.8,22716.2,2340,34,65
2026-09-29,IDO,2026-11-23,23300.0,CE,290.4,290.4,22716.2,108355,1929,65
2026-09-29,IDO,2026-11-23,24000.0,CE,96.05,96.05,22716.2,1111435,17581,65
2026-09-29,IDO,2026-11-23,24100.0,CE,78.9,78.9,22716.2,125905,2316,65
2026-09-29,IDO,2026-11-23,24750.0,CE,31.5,76.08,22716.2,17420,37,65
2026-09-29,IDO,2026-11-23,25850.0,CE,8.5,14.85,22716.2,520,0,65
2026-09-29,IDO,2026-12-29,21000.0,CE,2173.5,2173.5,22716.2,453145,1102,65
2026-09-29,IDO,2027-03-30,18000.0,CE,5643.55,5281.58,22716.2,0,0,65
2026-09-29,IDO,2027-06-29,21000.0,CE,3061.8,2972.1,22716.2,0,0,65
2026-09-29,IDO,2027-06-29,24000.0,CE,853.55,853.55,22716.2,27965,300,65
2026-09-29,IDO,2027-06-29,27000.0,CE,149.0,149.0,22716.2,35750,243,65
2026-09-29,IDO,2027-12-28,22500.0,CE,3011.0,2684.45,22716.2,65,0,65
2026-09-29,IDO,2027-12-28,25500.0,CE,2400.0,1244.81,22716.2,0,0,65
2026-09-29,IDO,2027-12-28,28500.0,CE,224.05,224.05,22716.2,68445,243,65
2026-09-29,IDO,2028-06-27,25500.0,CE,1900.0,1844.07,22716.2,195,0,65
2026-09-29,IDO,2027-03-30,18000.0,PE,48.25,48.25,22716.2,72930,323,65
2026-09-29,IDO,2026-12-29,22000.0,PE,196.35,196.35,22716.2,3549055,26869,65
2026-09-29,IDO,2026-12-29,19000.0,PE,32.45,32.45,22716.2,932255,3779,65
2026-09-29,IDO,2026-11-23,25700.0,PE,2630.0,2759.12,22716.2,1170,17,65
2026-09-29,IDO,2026-11-23,23650.0,PE,861.4,991.57,22716.2,9425,1,65
2026-09-29,IDO,2026-11-23,23450.0,PE,653.45,653.45,22716.2,5525,26,65
2026-09-29,IDO,2026-11-23,22700.0,PE,311.85,311.85,22716.2,123630,2153,65
2026-09-29,IDO,2026-11-23,20950.0,PE,13.75,42.52,22716.2,0,0,65
2026-09-29,IDO,2026-11-23,20750.0,PE,9.85,29.54,22716.2,0,0,65
2026-09-29,IDO,2026-11-23,20500.0,PE,34.7,34.7,22716.2,20280,700,65
2026-09-29,IDO,2026-11-03,24750.0,PE,1363.45,1910.18,22716.2,0,0,65
2026-09-29,IDO,2026-11-03,23600.0,PE,555.1,917.89,22716.2,0,0,65
2026-09-29,IDO,2026-11-03,23100.0,PE,484.7,580.88,22716.2,1885,40,65
2026-09-29,IDO,2026-11-03,22900.0,PE,366.65,469.36,22716.2,4615,50,65
2026-09-29,IDO,2026-11-03,21950.0,PE,71.3,127.23,22716.2,65,0,65
2026-09-29,IDO,2026-10-27,25950.0,PE,1842.3,3116.76,22716.2,0,0,65
2026-09-29,IDO,2026-10-27,25350.0,PE,2416.7,2416.7,22716.2,1495,3,65
2026-09-29,IDO,2026-10-27,23500.0,PE,695.1,695.1,22716.2,6297330,26757,65
2026-09-29,IDO,2026-10-27,22300.0,PE,130.65,130.65,22716.2,725010,17381,65
2026-09-29,IDO,2026-10-19,25050.0,PE,1825.8,2254.23,22716.2,0,0,65
2026-09-29,IDO,2026-10-19,24900.0,PE,1686.55,2105.71,22716.2,0,0,65
2026-09-29,IDO,2026-10-19,24500.0,PE,1329.5,1713.09,22716.2,0,0,65
2026-09-29,IDO,2026-10-19,22800.0,PE,237.25,237.25,22716.2,52065,1300,65
2026-09-29,IDO,2026-10-19,22600.0,PE,168.25,168.25,22716.2,26195,1482,65
2026-09-29,IDO,2026-10-19,21900.0,PE,47.65,47.65,22716.2,6825,319,65
2026-09-29,IDO,2026-10-19,21750.0,PE,35.35,35.35,22716.2,2535,62,65
2026-09-29,IDO,2026-10-19,21650.0,PE,33.0,31.71,22716.2,65,1,65
2026-09-29,IDO,2026-10-13,20850.0,PE,6.85,6.85,22716.2,11765,447,65
2026-09-29,IDO,2026-10-06,24850.0,PE,2125.0,2105.61,22716.2,390,2,65
2026-09-29,IDO,2026-10-06,24450.0,PE,1655.0,1706.12,22716.2,1040,5,65
2026-09-29,IDO,2026-10-06,23950.0,PE,1119.1,1119.1,22716.2,45500,220,65
2026-09-29,IDO,2026-10-06,23700.0,PE,892.55,892.55,22716.2,142805,816,65
2026-09-29,IDO,2026-10-06,22350.0,PE,35.25,35.25,22716.2,1149395,88572,65
2026-09-29,IDO,2026-10-06,22050.0,PE,14.65,14.65,22716.2,396565,50594,65
2026-09-29,IDO,2026-10-06,20550.0,PE,2.2,2.2,22716.2,47320,2279,65
2026-09-29,IDO,2026-09-29,26550.0,PE,2431.75,22716.2,22716.2,0,0,65
2026-09-29,IDO,2026-09-29,26400.0,PE,3710.0,22716.2,22716.2,845,41,65
2026-09-29,IDO,2026-09-29,26350.0,PE,2262.9,22716.2,22716.2,0,0,65
2026-09-29,IDO,2026-09-29,26150.0,PE,3380.0,22716.2,22716.2,65,0,65
2026-09-29,IDO,2026-09-29,24550.0,PE,1856.25,22716.2,22716.2,33150,134,65
2026-09-29,IDO,2026-09-29,24000.0,PE,1312.15,22716.2,22716.2,1061890,19447,65
2026-09-29,IDO,2026-09-29,23550.0,PE,864.8,22716.2,22716.2,154440,1814,65
2026-09-29,IDO,2026-09-29,23500.0,PE,802.5,22716.2,22716.2,2367105,23486,65
2026-09-29,IDO,2026-09-29,21500.0,PE,0.1,22716.2,22716.2,4807985,367392,65
2026-09-29,IDO,2026-09-29,21150.0,PE,0.15,22716.2,22716.2,45175,2583,65
2026-09-29,IDO,2026-09-29,21050.0,PE,0.05,22716.2,22716.2,83330,10706,65
2026-09-29,IDO,2030-12-31,27000.0,CE,6772.8,3984.99,22716.2,0,0,65
2026-09-29,IDO,2030-12-31,22500.0,CE,9536.95,6232.68,22716.2,0,0,65
2026-09-29,IDO,2030-06-25,33000.0,CE,4416.45,1597.46,22716.2,0,0,65
2026-09-29,IDO,2030-06-25,24000.0,CE,8591.55,4854.94,22716.2,0,0,65
2026-09-29,IDO,2028-12-26,30000.0,CE,671.05,671.05,22716.2,21380,14,65
2026-09-29,IDO,2028-12-26,28500.0,CE,3608.65,1380.67,22716.2,0,0,65
2026-09-29,IDO,2028-12-26,28000.0,CE,1190.0,1524.0,22716.2,10865,25,65
2026-09-29,IDO,2028-12-26,25500.0,CE,1900.05,2430.76,22716.2,585,3,65
2026-09-29,IDO,2028-12-26,24000.0,CE,3015.0,3142.23,22716.2,2730,3,65
2026-09-29,IDO,2028-12-26,18000.0,CE,9380.3,7206.9,22716.2,0,0,65
2026-09-29,IDO,2028-06-27,15000.0,CE,8633.05,9289.97,22716.2,0,0,65
2026-09-29,IDO,2027-12-28,24000.0,CE,1629.75,1629.75,22716.2,150995,2004,65
2026-09-29,IDO,2027-06-29,30000.0,CE,63.95,67.48,22716.2,3770,12,65
2026-09-29,IDO,2026-12-29,26000.0,CE,28.25,28.25,22716.2,4303575,13336,65
2026-09-29,IDO,2026-12-29,25000.0,CE,66.45,66.45,22716.2,3783970,21099,65
2026-09-29,IDO,2026-11-23,25500.0,CE,13.45,13.45,22716.2,337740,2568,65
2026-09-29,IDO,2026-11-23,24900.0,CE,691.9,62.06,22716.2,0,0,65
2026-09-29,IDO,2026-11-23,24650.0,CE,35.95,35.95,22716.2,3900,35,65
2026-09-29,IDO,2026-11-23,24450.0,CE,45.9,112.31,22716.2,16965,91,65
2026-09-29,IDO,2026-11-23,23900.0,CE,111.4,111.4,22716.2,99970,1794,65
2026-09-29,IDO,2026-11-23,23700.0,CE,156.9,156.9,22716.2,126620,2799,65
2026-09-29,IDO,2026-11-23,22450.0,CE,772.5,772.5,22716.2,260,1,65
2026-09-29,IDO,2026-11-23,21750.0,CE,2952.95,1320.28,22716.2,0,0,65
2026-09-29,IDO,2026-11-23,21450.0,CE,3232.9,1565.72,22716.2,0,0,65
2026-09-29,IDO,2026-11-23,21000.0,CE,1997.1,1997.1,22716.2,5915,110,65
2026-09-29,IDO,2026-11-23,20550.0,CE,4096.8,2381.03,22716.2,0,0,65
2026-09-29,IDO,2026-11-03,24400.0,CE,177.75,49.47,22716.2,0,0,65
2026-09-29,IDO,2026-11-03,24100.0,CE,257.0,82.34,22716.2,0,0,65
2026-09-29,IDO,2026-11-03,22450.0,CE,1166.8,671.64,22716.2,0,0,65
2026-09-29,IDO,2026-11-03,22300.0,CE,1287.65,769.68,22716.2,0,0,65
2026-09-29,IDO,2026-11-03,20600.0,CE,2872.0,2247.37,22716.2,0,0,65
2026-09-29,IDO,2026-10-27,26700.0,CE,0.75,0.05,22716.2,715,5,65
2026-09-29,IDO,2026-10-27,26100.0,CE,1.8,0.34,22716.2,18395,32,65
2026-09-29,IDO,2026-10-27,25800.0,CE,2.25,2.25,22716.2,81575,671,65
2026-09-29,IDO,2026-10-27,25600.0,CE,2.85,2.85,22716.2,41665,502,65
2026-09-29,IDO,2026-10-27,25500.0,CE,3.0,3.0,22716.2,1051115,6957,65
2026-09-29,IDO,2026-10-27,25300.0,CE,4.1,4.1,22716.2,30875,347,65
2026-09-29,IDO,2026-10-27,25100.0,CE,5.3,5.3,22716.2,88920,973,65
2026-09-29,IDO,2026-10-27,23950.0,CE,28.65,28.65,22716.2,170040,3954,65
2026-09-29,IDO,2026-10-27,22550.0,CE,518.45,518.45,22716.2,88075,2423,65
2026-09-29,IDO,2026-10-27,21750.0,CE,1127.45,1133.19,22716.2,260,4,65
2026-09-29,IDO,2026-10-27,21050.0,CE,3282.55,1774.23,22716.2,0,0,65
2026-09-29,IDO,2026-10-19,24750.0,CE,7.4,4.1,22716.2,975,2,65
2026-09-29,IDO,2026-10-19,23350.0,CE,84.3,84.3,22716.2,14105,237,65
2026-09-29,IDO,2026-10-19,23200.0,CE,120.55,120.55,22716.2,65650,1392,65
2026-09-29,IDO,2026-10-19,22700.0,CE,360.0,360.0,22716.2,22750,1100,65
2026-09-29,IDO,2026-10-19,22150.0,CE,1182.0,744.43,22716.2,0,0,65
2026-09-29,IDO,2026-10-19,21550.0,CE,1714.0,1259.96,22716.2,0,0,65
2026-09-29,IDO,2026-10-19,21500.0,CE,1760.75,1306.56,22716.2,0,0,65
2026-09-29,IDO,2026-10-13,24900.0,CE,2.35,2.35,22716.2,19110,649,65
2026-09-29,IDO,2026-10-13,24850.0,CE,4.35,0.54,22716.2,2405,0,65
2026-09-29,IDO,2026-10-13,24550.0,CE,3.55,3.55,22716.2,5005,141,65
2026-09-29,IDO,2026-10-13,24050.0,CE,6.95,6.95,22716.2,85670,1064,65
2026-09-29,IDO,2026-10-13,23100.0,CE,108.5,108.5,22716.2,443105,12734,65
2026-09-29,IDO,2026-10-13,22800.0,CE,242.3,242.3,22716.2,625885,27239,65
2026-09-29,IDO,2026-10-13,22750.0,CE,276.5,276.5,22716.2,266305,9271,65
2026-09-29,IDO,2026-10-13,22200.0,CE,693.75,693.75,22716.2,2015,56,65
2026-09-29,IDO,2026-10-13,22100.0,CE,800.0,800.0,22716.2,130,3,65
2026-09-29,IDO,2026-10-13,20800.0,CE,2952.0,1963.74,22716.2,0,0,65
2026-09-29,IDO,2026-10-13,20650.0,CE,3100.75,2113.19,22716.2,0,0,65
2026-09-29,IDO,2026-10-06,25500.0,CE,0.7,0.7,22716.2,725920,31160,65
2026-09-29,IDO,2026-10-06,25000.0,CE,0.9,0.9,22716.2,2035670,68027,65
2026-09-29,IDO,2026-10-06,24450.0,CE,1.25,1.25,22716.2,62790,4232,65
2026-09-29,IDO,2026-10-06,24350.0,CE,1.3,1.3,22716.2,72540,9583,65
2026-09-29,IDO,2026-10-06,24300.0,CE,1.3,1.3,22716.2,2507830,126478,65
2026-09-29,IDO,2026-10-06,24250.0,CE,1.45,1.45,22716.2,462475,23643,65
2026-09-29,IDO,2026-10-06,23150.0,CE,35.85,35.85,22716.2,1615445,117198,65
2026-09-29,IDO,2026-10-06,22450.0,CE,406.65,406.65,22716.2,187265,5815,65
2026-09-29,IDO,2026-10-06,22150.0,CE,656.5,656.5,22716.2,520,22,65
2026-09-29,IDO,2026-10-06,21750.0,CE,1061.0,994.77,22716.2,130,3,65
2026-09-29,IDO,2026-10-06,21650.0,CE,1094.3,1092.93,22716.2,195,6,65
2026-09-29,IDO,2026-10-06,21450.0,CE,1326.1,1291.13,22716.2,260,4,65
2026-09-29,IDO,2026-10-06,21100.0,CE,3078.7,1640.18,22716.2,0,0,65
2026-09-29,IDO,2026-09-29,30000.0,CE,0.05,22716.2,22716.2,272255,5771,65
2026-09-29,IDO,2026-09-29,26750.0,CE,0.15,22716.2,22716.2,11570,682,65
2026-09-29,IDO,2026-09-29,26450.0,CE,0.1,22716.2,22716.2,14495,701,65
2026-09-29,IDO,2026-09-29,26050.0,CE,0.1,22716.2,22716.2,15990,996,65
2026-09-29,IDO,2026-09-29,25900.0,CE,0.1,22716.2,22716.2,202865,14216,65
2026-09-29,IDO,2026-09-29,25700.0,CE,0.05,22716.2,22716.2,177580,10467,65
2026-09-29,IDO,2026-09-29,25550.0,CE,0.05,22716.2,22716.2,118430,6846,65
2026-09-29,IDO,2026-09-29,25450.0,CE,0.05,22716.2,22716.2,38415,1066,65
2026-09-29,IDO,2026-09-29,25000.0,CE,0.05,22716.2,22716.2,3582865,166972,65
2026-09-29,IDO,2026-09-29,24750.0,CE,0.1,22716.2,22716.2,185965,11903,65
2026-09-29,IDO,2026-09-29,24650.0,CE,0.1,22716.2,22716.2,212745,21441,65
2026-09-29,IDO,2026-09-29,24600.0,CE,0.1,22716.2,22716.2,784810,108261,65
2026-09-29,IDO,2026-09-29,24350.0,CE,0.05,22716.2,22716.2,714155,96391,65
2026-09-29,IDO,2026-09-29,23150.0,CE,0.25,22716.2,22716.2,2653235,2171501,65
2026-09-29,IDO,2026-09-29,22700.0,CE,11.55,22716.2,22716.2,13326690,26340483,65
2026-09-29,IDO,2026-09-29,22550.0,CE,107.05,22716.2,22716.2,5289310,2716893,65
2026-09-29,IDO,2026-09-29,22450.0,CE,206.1,22716.2,22716.2,183365,285367,65
2026-09-29,IDO,2026-09-29,22000.0,CE,684.75,22716.2,22716.2,224185,11827,65
2026-09-29,IDO,2026-09-29,21850.0,CE,758.45,22716.2,22716.2,195,2,65
2026-09-29,IDO,2028-12-26,24000.0,PE,1055.0,1252.89,22716.2,5135,1,65
2026-09-29,IDO,2028-12-26,31500.0,PE,2673.4,5359.56,22716.2,0,0,65
2026-09-29,IDO,2029-06-26,16500.0,PE,8.1,55.19,22716.2,0,0,65
2026-09-29,IDO,2029-06-26,18000.0,PE,118.45,129.32,22716.2,0,0,65
2026-09-29,IDO,2029-06-26,19500.0,PE,56.0,262.35,22716.2,0,0,65
2026-09-29,IDO,2029-12-24,25000.0,PE,1547.45,1547.45,22716.2,1460,11,65
2026-09-29,IDO,2030-12-31,15000.0,PE,4.95,35.31,22716.2,0,0,65
2026-09-29,IDO,2031-06-24,18000.0,PE,173.45,160.47,22716.2,0,0,65
2026-09-29,IDO,2028-06-27,27000.0,PE,2752.35,2777.86,22716.2,0,0,65
2026-09-29,IDO,2028-06-27,15000.0,PE,127.2,7.29,22716.2,0,0,65
2026-09-29,IDO,2027-06-29,27000.0,PE,2325.1,3363.27,22716.2,195,0,65
2026-09-29,IDO,2027-06-29,18000.0,PE,70.0,20.91,22716.2,230,0,65
2026-09-29,IDO,2026-11-23,23800.0,CE,134.85,134.85,22716.2,217035,4923,65
2026-09-29,IDO,2026-12-29,31500.0,CE,4.55,4.55,22716.2,32760,20,65
2026-09-29,IDO,2026-10-19,21800.0,PE,38.7,38.7,22716.2,21970,535,65
2026-09-29,IDO,2026-10-19,20850.0,PE,4.65,2.26,22716.2,0,0,65
2026-09-29,IDO,2026-10-13,25350.0,PE,1628.0,2576.36,22716.2,0,0,65
2026-09-29,IDO,2026-09-29,22900.0,CE,0.9,22716.2,22716.2,6802185,9303645,65
2026-09-29,IDO,2026-10-06,25600.0,PE,2443.05,2854.75,22716.2,130,0,65
2026-09-29,IDO,2026-09-29,22450.0,PE,0.7,22716.2,22716.2,3506035,7153682,65
2026-09-29,IDO,2026-09-29,26100.0,CE,0.1,22716.2,22716.2,24115,1648,65
2026-09-29,IDO,2026-09-29,27000.0,CE,0.1,22716.2,22716.2,1261455,26737,65
2026-09-29,IDO,2026-11-23,25450.0,PE,1217.0,2520.5,22716.2,0,0,65
2026-09-29,IDO,2026-11-23,23250.0,PE,559.2,559.2,22716.2,25350,150,65
2026-09-29,IDO,2027-03-30,24000.0,CE,538.05,538.05,22716.2,680940,4720,65
2026-09-29,IDO,2026-10-19,22700.0,PE,202.1,202.1,22716.2,45500,1416,65
2026-09-29,IDO,2026-10-06,21250.0,CE,2930.15,1490.45,22716.2,0,0,65
2026-09-29,IDO,2026-10-06,21950.0,CE,891.3,891.3,22716.2,195,2,65
2026-09-29,IDO,2026-10-06,24550.0,CE,1.05,1.05,22716.2,131235,7654,65
2026-09-29,IDO,2026-10-06,25450.0,CE,0.8,0.8,22716.2,7215,184,65
2026-09-29,IDO,2026-10-13,21800.0,CE,1974.5,991.38,22716.2,0,0,65
2026-09-29,IDO,2026-10-27,21400.0,CE,1500.0,1500.0,22716.2,1755,2,65
2026-09-29,IDO,2026-11-03,21450.0,CE,2046.95,1446.48,22716.2,0,0,65
2026-09-29,IDO,2026-11-23,21250.0,CE,3422.3,1738.1,22716.2,0,0,65
2026-09-29,IDO,2026-11-23,23500.0,CE,214.95,214.95,22716.2,894855,13418,65
2026-09-29,IDO,2026-10-19,25150.0,PE,1919.85,2353.46,22716.2,0,0,65
2026-09-29,IDO,2026-10-19,24700.0,PE,1505.1,1908.59,22716.2,0,0,65
2026-09-29,IDO,2026-10-19,24050.0,PE,962.95,1284.7,22716.2,0,0,65
2026-09-29,IDO,2026-10-19,24000.0,PE,1175.0,1238.62,22716.2,1235,15,65
2026-09-29,IDO,2026-10-19,23800.0,PE,890.0,1058.79,22716.2,65,0,65
2026-09-29,IDO,2026-10-19,23000.0,PE,336.3,336.3,22716.2,42445,921,65
2026-09-29,IDO,2026-10-19,22900.0,PE,287.25,287.25,22716.2,19240,345,65
2026-09-29,IDO,2026-10-19,22550.0,PE,153.65,153.65,22716.2,2990,92,65
2026-09-29,IDO,2026-10-19,21450.0,PE,22.0,17.87,22716.2,0,0,65
2026-09-29,IDO,2026-10-19,21300.0,PE,17.6,17.6,22716.2,3900,211,65
2026-09-29,IDO,2026-10-19,21250.0,PE,13.6,9.52,22716.2,0,0,65
2026-09-29,IDO,2026-10-13,23900.0,PE,1030.4,1030.4,22716.2,3965,7,65
2026-09-29,IDO,2026-10-13,23700.0,PE,880.2,880.2,22716.2,13975,52,65
2026-09-29,IDO,2026-10-13,23250.0,PE,486.3,486.3,22716.2,12415,139,65
2026-09-29,IDO,2026-10-13,23000.0,PE,308.45,308.45,22716.2,460460,14679,65
2026-09-29,IDO,2026-10-13,21700.0,PE,20.1,20.1,22716.2,61815,4613,65
2026-09-29,IDO,2026-10-13,21600.0,PE,16.25,16.25,22716.2,74880,3802,65
2026-09-29,IDO,2026-10-13,21300.0,PE,11.15,11.15,22716.2,39780,2080,65
2026-09-29,IDO,2026-10-13,21000.0,PE,7.35,7.35,22716.2,183170,10407,65
2026-09-29,IDO,2026-10-13,20900.0,PE,6.4,6.4,22716.2,12155,691,65
2026-09-29,IDO,2026-10-13,20750.0,PE,6.3,6.3,22716.2,585,80,65
2026-09-29,IDO,2026-10-06,24250.0,PE,1490.0,1506.55,22716.2,4290,11,65
2026-09-29,IDO,2026-10-06,23650.0,PE,835.55,835.55,22716.2,63895,815,65
2026-09-29,IDO,2026-10-06,22900.0,PE,201.45,201.45,22716.2,1217840,95033,65
2026-09-29,IDO,2026-10-06,22600.0,PE,80.4,80.4,22716.2,4566120,487128,65
2026-09-29,IDO,2026-10-06,21300.0,PE,3.85,3.85,22716.2,636805,45268,65
2026-09-29,IDO,2026-10-06,21150.0,PE,3.05,3.05,22716.2,32175,3094,65
2026-09-29,IDO,2026-10-06,21100.0,PE,3.2,3.2,22716.2,336830,28681,65
2026-09-29,IDO,2026-10-06,21050.0,PE,3.0,3.0,22716.2,17615,2110,65
2026-09-29,IDO,2026-10-06,20750.0,PE,2.55,2.55,22716.2,11180,1793,65
2026-09-29,IDO,2026-09-29,31500.0,PE,4341.2,22716.2,22716.2,0,0,65
2026-09-29,IDO,2026-09-29,27000.0,PE,4319.9,22716.2,22716.2,678240,3064,65
2026-09-29,IDO,2026-09-29,26950.0,PE,2780.25,22716.2,22716.2,0,0,65
2026-09-29,IDO,2026-09-29,22650.0,PE,14.6,22716.2,22716.2,12952160,21312030,65
2026-09-29,IDO,2026-09-29,22500.0,PE,1.1,22716.2,22716.2,9408750,15737642,65
2026-09-29,IDO,2026-09-29,21900.0,PE,0.1,22716.2,22716.2,3211325,800349,65
2026-09-29,IDO,2026-09-29,20600.0,PE,0.1,22716.2,22716.2,34320,2704,65
2026-09-29,IDO,2026-09-29,15000.0,PE,0.05,22716.2,22716.2,83070,3378,65
2026-09-29,IDO,2030-12-31,18000.0,CE,12674.15,9120.23,22716.2,0,0,65
2026-09-29,IDO,2029-12-24,33000.0,CE,3816.05,1205.94,22716.2,0,0,65
2026-09-29,IDO,2029-12-24,24000.0,CE,5200.0,4302.09,22716.2,65,0,65
2026-09-29,IDO,2029-06-26,31500.0,CE,2878.65,1114.08,22716.2,0,0,65
2026-09-29,IDO,2028-12-26,31500.0,CE,476.0,476.0,22716.2,585,4,65
2026-09-29,IDO,2028-12-26,22500.0,CE,7382.9,3986.4,22716.2,0,0,65
2026-09-29,IDO,2028-06-27,30000.0,CE,2278.45,622.95,22716.2,0,0,65
2026-09-29,IDO,2028-06-27,24000.0,CE,3918.85,2522.63,22716.2,0,0,65
2026-09-29,IDO,2027-12-28,18000.0,CE,6285.7,6134.98,22716.2,0,0,65
2026-09-29,IDO,2027-03-30,33000.0,CE,8.3,8.3,22716.2,9165,32,65
2026-09-29,IDO,2027-03-30,19500.0,CE,3865.0,3870.28,22716.2,195,3,65
2026-09-29,IDO,2026-12-29,19000.0,CE,4060.45,4060.45,22716.2,236370,1223,65
2026-09-29,IDO,2026-12-29,16500.0,CE,10405.0,6474.15,22716.2,0,0,65
2026-09-29,IDO,2026-11-23,25650.0,CE,11.5,20.46,22716.2,195,5,65
2026-09-29,IDO,2026-11-23,25600.0,CE,10.35,22.14,22716.2,845,0,65
2026-09-29,IDO,2026-11-23,25400.0,CE,15.45,30.12,22716.2,390,13,65
2026-09-29,IDO,2026-11-23,23950.0,CE,102.7,102.7,22716.2,14755,286,65
2026-09-29,IDO,2026-11-23,23750.0,CE,143.5,143.5,22716.2,14430,337,65
2026-09-29,IDO,2026-11-23,23550.0,CE,199.35,199.35,22716.2,14495,294,65
2026-09-29,IDO,2026-11-23,22750.0,CE,564.35,652.37,22716.2,195,5,65
2026-09-29,IDO,2026-11-23,21850.0,CE,2860.95,1242.47,22716.2,0,0,65
2026-09-29,IDO,2026-11-23,20750.0,CE,3902.65,2192.41,22716.2,0,0,65
2026-09-29,IDO,2026-11-03,24800.0,CE,103.45,23.52,22716.2,0,0,65
2026-09-29,IDO,2026-11-03,24600.0,CE,17.2,17.2,22716.2,18200,273,65
2026-09-29,IDO,2026-11-03,24150.0,CE,242.15,75.86,22716.2,0,0,65
2026-09-29,IDO,2026-11-03,24050.0,CE,272.55,89.29,22716.2,0,0,65
2026-09-29,IDO,2026-11-03,23900.0,CE,323.3,113.05,22716.2,0,0,65
2026-09-29,IDO,2026-11-03,23150.0,CE,238.05,238.05,22716.2,1820,21,65
2026-09-29,IDO,2026-11-03,22600.0,CE,512.4,581.22,22716.2,1365,39,65
2026-09-29,IDO,2026-11-03,21700.0,CE,1813.4,1229.45,22716.2,0,0,65
2026-09-29,IDO,2026-11-03,21550.0,CE,1952.8,1358.23,22716.2,0,0,65
2026-09-29,IDO,2026-10-27,26650.0,CE,6.95,0.06,22716.2,390,0,65
2026-09-29,IDO,2026-10-27,26200.0,CE,1.2,1.2,22716.2,20280,194,65
2026-09-29,IDO,2026-10-27,25350.0,CE,5.0,2.97,22716.2,1235,1,65
2026-09-29,IDO,2026-10-27,24250.0,CE,15.8,15.8,22716.2,108290,1951,65
2026-09-29,IDO,2026-10-27,23500.0,CE,82.9,82.9,22716.2,8541845,102751,65
2026-09-29,IDO,2026-10-27,20500.0,CE,2349.15,2349.15,22716.2,1040,17,65
2026-09-29,IDO,2026-10-19,24600.0,CE,6.0,6.0,22716.2,13065,142,65
2026-09-29,IDO,2026-10-19,24200.0,CE,130.85,19.65,22716.2,0,0,65
2026-09-29,IDO,2026-10-19,24050.0,CE,162.9,28.79,22716.2,0,0,65
2026-09-29,IDO,2026-10-19,23900.0,CE,19.8,19.8,22716.2,8190,158,65
2026-09-29,IDO,2026-10-19,23150.0,CE,138.6,138.6,22716.2,7410,227,65
2026-09-29,IDO,2026-10-19,22450.0,CE,544.0,544.0,22716.2,260,4,65
2026-09-29,IDO,2026-10-19,21650.0,CE,1621.35,1168.03,22716.2,0,0,65
2026-09-29,IDO,2026-10-19,21200.0,CE,2046.4,1592.92,22716.2,0,0,65
2026-09-29,IDO,2026-10-13,25400.0,CE,1.9,1.9,22716.2,101920,2344,65
2026-09-29,IDO,2026-10-13,25350.0,CE,1.25,1.25,22716.2,1300,184,65
2026-09-29,IDO,2026-10-13,25200.0,CE,2.2,2.2,22716.2,4745,83,65
2026-09-29,IDO,2026-10-13,24650.0,CE,3.2,3.2,22716.2,4745,191,65
2026-09-29,IDO,2026-10-13,24300.0,CE,4.55,4.55,22716.2,89180,3065,65
2026-09-29,IDO,2026-10-13,22850.0,CE,215.15,215.15,22716.2,64545,3154,65
2026-09-29,IDO,2026-10-13,22550.0,CE,405.6,405.6,22716.2,9100,786,65
2026-09-29,IDO,2026-10-13,21350.0,CE,2409.75,1419.52,22716.2,0,0,65
2026-09-29,IDO,2026-10-13,21250.0,CE,2507.8,1517.6,22716.2,0,0,65
2026-09-29,IDO,2026-10-06,24050.0,CE,1.9,1.9,22716.2,446095,22929,65
2026-09-29,IDO,2026-10-06,23050.0,CE,58.2,58.2,22716.2,1475370,114285,65
2026-09-29,IDO,2026-10-06,22600.0,CE,281.5,281.5,22716.2,1947790,241164,65
2026-09-29,IDO,2026-10-06,21850.0,CE,2340.55,897.71,22716.2,0,0,65
2026-09-29,IDO,2026-10-06,21800.0,CE,1009.0,1009.0,22716.2,6760,94,65
2026-09-29,IDO,2026-10-06,21400.0,CE,1463.8,1463.8,22716.2,910,15,65
2026-09-29,IDO,2026-10-06,21050.0,CE,3128.25,1690.11,22716.2,0,0,65
2026-09-29,IDO,2026-10-06,20750.0,CE,3425.95,1989.75,22716.2,0,0,65
2026-09-29,IDO,2026-09-29,33000.0,CE,0.05,22716.2,22716.2,69290,1150,65
2026-09-29,IDO,2026-09-29,26950.0,CE,0.1,22716.2,22716.2,25610,1101,65
2026-09-29,IDO,2026-09-29,26300.0,CE,0.1,22716.2,22716.2,117130,4044,65
2026-09-29,IDO,2026-09-29,25150.0,CE,0.1,22716.2,22716.2,86515,4129,65
2026-09-29,IDO,2026-09-29,24450.0,CE,0.05,22716.2,22716.2,177515,16291,65
2026-09-29,IDO,2026-09-29,24050.0,CE,0.1,22716.2,22716.2,1031680,118824,65
2026-09-29,IDO,2026-09-29,23600.0,CE,0.1,22716.2,22716.2,4644315,846462,65
2026-09-29,IDO,2026-09-29,23300.0,CE,0.15,22716.2,22716.2,7433400,2267481,65
2026-09-29,IDO,2026-09-29,23050.0,CE,0.3,22716.2,22716.2,3188835,2914905,65
2026-09-29,IDO,2026-09-29,22650.0,CE,30.15,22716.2,22716.2,5736510,13659923,65
2026-09-29,IDO,2026-09-29,22050.0,CE,589.8,22716.2,22716.2,2860,328,65
2026-09-29,IDO,2026-09-29,21500.0,CE,1201.5,22716.2,22716.2,650,20,65
2026-09-29,IDF,2026-09-29,,,22687.8,22716.2,22716.2,6623305,78730,65
2026-09-29,IDO,2031-06-24,30000.0,PE,2616.25,2852.58,22716.2,0,0,65
2026-09-29,IDO,2031-06-24,28500.0,PE,2104.2,2279.91,22716.2,0,0,65
2026-09-29,IDO,2031-06-24,25500.0,PE,1262.85,1339.98,22716.2,0,0,65
2026-09-29,IDO,2031-06-24,24000.0,PE,933.85,975.57,22716.2,65,0,65
2026-09-29,IDO,2030-12-31,30000.0,PE,1450.1,3075.78,22716.2,0,0,65
2026-09-29,IDO,2028-12-26,22000.0,PE,625.0,671.41,22716.2,10190,6,65
2026-09-29,IDO,2028-06-27,28500.0,PE,1560.85,3721.29,22716.2,0,0,65
2026-09-29,IDO,2027-12-28,20000.0,PE,228.45,228.45,22716.2,80565,307,65
2026-09-29,IDO,2027-12-28,19000.0,PE,135.0,135.0,22716.2,35915,57,65
2026-09-29,IDO,2027-12-28,18000.0,PE,130.05,130.05,22716.2,23295,61,65
2026-09-29,IDO,2026-10-27,22400.0,PE,152.25,152.25,22716.2,440700,13708,65
2026-09-29,IDO,2026-10-27,24100.0,PE,1226.05,1226.05,22716.2,223535,825,65
2026-09-29,IDO,2026-10-27,24150.0,PE,1234.85,1234.85,22716.2,16510,30,65
2026-09-29,IDO,2026-10-27,25050.0,PE,2145.0,2145.0,22716.2,325,1,65
2026-09-29,IDO,2026-10-27,25250.0,PE,2249.0,2423.26,22716.2,260,0,65
2026-09-29,IDO,2026-10-27,26100.0,PE,3200.0,3265.88,22716.2,195,2,65
2026-09-29,IDO,2026-10-27,26900.0,PE,3583.15,4061.94,22716.2,1430,0,65
2026-09-29,IDO,2026-11-03,20800.0,PE,37.0,11.42,22716.2,650,8,65
2026-09-29,IDO,2026-11-03,21000.0,PE,35.0,35.0,22716.2,1430,25,65
2026-09-29,IDO,2026-11-03,22050.0,PE,129.75,129.75,22716.2,1495,3,65
2026-09-29,IDO,2026-11-03,22350.0,PE,175.95,234.94,22716.2,975,7,65
2026-09-29,IDO,2026-11-03,22950.0,PE,370.0,370.0,22716.2,3120,55,65
2026-09-29,IDO,2026-11-03,23150.0,PE,538.0,610.91,22716.2,195,15,65
2026-09-29,IDO,2026-11-03,23200.0,PE,485.0,485.0,22716.2,4940,57,65
2026-09-29,IDO,2026-11-03,25100.0,PE,1666.4,2244.98,22716.2,0,0,65
2026-09-29,IDO,2026-11-23,21850.0,PE,123.95,123.95,22716.2,3250,62,65
2026-09-29,IDO,2026-11-23,21900.0,PE,125.85,125.85,22716.2,29055,695,65
2026-09-29,IDO,2027-06-29,19500.0,PE,17.3,91.93,22716.2,0,0,65
2026-09-29,IDO,2026-11-23,22350.0,PE,202.7,202.7,22716.2,5785,96,65
2026-09-29,IDO,2026-11-23,23000.0,PE,433.55,433.55,22716.2,1012635,9991,65
2026-09-29,IDO,2026-11-23,23200.0,PE,533.0,533.0,22716.2,177125,528,65
2026-09-29,IDO,2026-11-23,23300.0,PE,585.3,585.3,22716.2,53235,341,65
2026-09-29,IDO,2026-11-23,23350.0,PE,629.0,629.0,22716.2,8060,25,65
2026-09-29,IDO,2026-11-23,24150.0,PE,1325.0,1366.74,22716.2,1365,3,65
2026-09-29,IDO,2026-11-23,24400.0,PE,1450.0,1572.1,22716.2,11310,7,65
2026-09-29,IDO,2026-11-23,25100.0,PE,2203.1,2192.75,22716.2,325,3,65
2026-09-29,IDO,2026-11-23,25350.0,PE,1152.95,2426.0,22716.2,0,0,65
2026-09-29,IDO,2026-11-23,26000.0,PE,2948.45,2948.45,22716.2,103935,476,65
2026-09-29,IDO,2027-03-30,16500.0,PE,27.0,0.51,22716.2,2275,2,65
2026-09-29,IDO,2027-06-29,19000.0,PE,105.0,58.57,22716.2,1460,9,65
2026-09-29,IDO,2026-10-27,21750.0,PE,55.35,55.35,22716.2,30940,802,65
2026-09-29,IDO,2026-10-27,21450.0,PE,36.45,36.45,22716.2,21970,763,65
2026-09-29,IDO,2026-10-27,25850.0,PE,1093.8,3017.4,22716.2,65,0,65
2026-09-29,IDO,2026-10-27,25550.0,PE,2725.0,2719.75,22716.2,910,1,65
2026-09-29,IDO,2026-10-27,24500.0,PE,1605.65,1605.65,22716.2,1506505,5804,65
2026-09-29,IDO,2026-10-27,24400.0,PE,1514.4,1514.4,22716.2,151970,664,65
2026-09-29,IDO,2026-10-27,24350.0,PE,1469.25,1469.25,22716.2,15080,20,65
2026-09-29,IDO,2026-10-27,23850.0,PE,1030.0,1110.52,22716.2,13325,9,65
2026-09-29,IDO,2026-10-27,23550.0,PE,732.85,732.85,22716.2,19435,89,65
2026-09-29,IDO,2026-10-27,22700.0,PE,243.25,243.25,22716.2,1706315,63200,65
2026-09-29,IDO,2026-10-27,22550.0,PE,194.05,194.05,22716.2,69030,2201,65
2026-09-29,IDO,2026-10-27,21850.0,PE,64.5,64.5,22716.2,31720,495,65
2026-09-29,IDO,2026-10-27,21300.0,PE,30.4,30.4,22716.2,132600,4264,65
2026-09-29,IDO,2026-10-27,21050.0,PE,22.1,22.1,22716.2,3185,221,65
2026-09-29,IDO,2026-10-27,20850.0,PE,18.55,18.55,22716.2,5265,371,65
2026-09-29,IDO,2026-10-19,25100.0,PE,1872.7,2303.83,22716.2,0,0,65
2026-09-29,IDO,2026-10-19,25000.0,PE,1779.1,2204.68,22716.2,0,0,65
2026-09-29,IDO,2026-10-19,24350.0,PE,1202.45,1568.1,22716.2,0,0,65
2026-09-29,IDO,2026-10-19,24150.0,PE,1040.4,1377.96,22716.2,0,0,65
2026-09-29,IDO,2026-10-19,23700.0,PE,911.8,972.07,22716.2,1820,54,65
2026-09-29,IDO,2026-10-19,22450.0,PE,127.55,127.55,22716.2,4355,160,65
2026-09-29,IDO,2026-10-19,22200.0,PE,81.45,81.45,22716.2,13130,497,65
2026-09-29,IDO,2026-10-13,25200.0,PE,1494.1,2426.75,22716.2,0,0,65
2026-09-29,IDO,2026-10-13,24600.0,PE,1800.0,1829.54,22716.2,2015,28,65
2026-09-29,IDO,2026-10-13,24400.0,PE,1480.0,1631.81,22716.2,1300,0,65
2026-09-29,IDO,2026-10-13,24300.0,PE,1411.65,1533.53,22716.2,2925,0,65
2026-09-29,IDO,2026-10-13,24050.0,PE,1200.0,1290.76,22716.2,65,1,65
2026-09-29,IDO,2026-10-13,23550.0,PE,726.15,726.15,22716.2,5980,23,65
2026-09-29,IDO,2026-10-13,23400.0,PE,588.55,588.55,22716.2,70655,337,65
2026-09-29,IDO,2026-10-13,22750.0,PE,185.0,185.0,22716.2,283920,9882,65
2026-09-29,IDO,2026-10-13,22450.0,PE,96.65,96.65,22716.2,42575,2591,65
2026-09-29,IDO,2026-10-13,22350.0,PE,76.35,76.35,22716.2,34060,2719,65
2026-09-29,IDO,2026-10-06,24900.0,PE,2040.0,2155.55,22716.2,130,0,65
2026-09-29,IDO,2026-10-06,23500.0,PE,696.05,696.05,22716.2,1101815,15482,65
2026-09-29,IDO,2026-10-06,23150.0,PE,383.0,383.0,22716.2,155090,3582,65
2026-09-29,IDO,2026-10-06,21800.0,PE,7.95,7.95,22716.2,1522690,97312,65
2026-09-29,IDO,2026-10-06,21700.0,PE,6.5,6.5,22716.2,1858220,92311,65
2026-09-29,IDO,2026-10-06,21600.0,PE,5.55,5.55,22716.2,1270295,91125,65
2026-09-29,IDO,2026-09-29,27050.0,PE,2869.35,22716.2,22716.2,0,0,65
2026-09-29,IDO,2026-09-29,26500.0,PE,3816.5,22716.2,22716.2,330265,1724,65
2026-09-29,IDO,2026-09-29,26200.0,PE,3547.25,22716.2,22716.2,28340,161,65
2026-09-29,IDO,2026-09-29,25850.0,PE,2809.85,22716.2,22716.2,845,0,65
2026-09-29,IDO,2026-09-29,24800.0,PE,2123.95,22716.2,22716.2,138905,967,65
2026-09-29,IDO,2026-09-29,24450.0,PE,1804.35,22716.2,22716.2,61230,158,65
2026-09-29,IDO,2026-09-29,23650.0,PE,965.8,22716.2,22716.2,98865,1409,65
2026-09-29,IDO,2026-09-29,23600.0,PE,897.0,22716.2,22716.2,345735,7517,65
2026-09-29,IDO,2026-09-29,23000.0,PE,319.65,22716.2,22716.2,3104580,349743,65
2026-09-29,IDO,2026-09-29,22900.0,PE,225.45,22716.2,22716.2,1937065,836949,65
2026-09-29,IDO,2031-06-24,30000.0,CE,4459.9,3330.4,22716.2,0,0,65
2026-09-29,IDO,2031-06-24,18000.0,CE,10825.95,9533.64,22716.2,0,0,65
2026-09-29,IDO,2030-12-31,25500.0,CE,7639.65,4656.0,22716.2,0,0,65
2026-09-29,IDO,2030-12-31,19500.0,CE,11601.15,8097.7,22716.2,0,0,65
2026-09-29,IDO,2029-12-24,21000.0,CE,9463.95,6079.29,22716.2,0,0,65
2026-09-29,IDO,2029-06-26,25500.0,CE,5917.35,3003.35,22716.2,0,0,65
2026-09-29,IDO,2028-06-27,27000.0,CE,1935.0,1313.72,22716.2,65,0,65
2026-09-29,IDO,2027-12-28,21000.0,CE,4902.4,3690.3,22716.2,0,0,65
2026-09-29,IDO,2027-06-29,19500.0,CE,8143.4,4208.45,22716.2,0,0,65
2026-09-29,IDO,2027-06-29,16500.0,CE,10867.2,6981.05,22716.2,0,0,65
2026-09-29,IDO,2027-06-29,15000.0,CE,5367.85,8409.0,22716.2,0,0,65
2026-09-29,IDO,2027-03-30,30000.0,CE,17.6,17.6,22716.2,164190,138,65
2026-09-29,IDO,2027-03-30,21000.0,CE,2525.35,2525.35,22716.2,27820,151,65
2026-09-29,IDO,2027-03-30,15000.0,CE,8379.85,8181.55,22716.2,0,0,65
2026-09-29,IDO,2026-12-29,25500.0,CE,39.25,39.25,22716.2,996645,6318,65
2026-09-29,IDO,2026-12-29,19500.0,CE,7586.85,3531.16,22716.2,0,0,65
2026-09-29,IDO,2026-11-23,25900.0,CE,12.45,13.68,22716.2,1885,0,65
2026-09-29,IDO,2026-11-23,25300.0,CE,532.0,34.99,22716.2,0,0,65
2026-09-29,IDO,2026-11-23,24800.0,CE,29.05,29.05,22716.2,57915,660,65
2026-09-29,IDO,2026-11-23,24300.0,CE,57.75,57.75,22716.2,117130,1921,65
2026-09-29,IDO,2026-11-23,22300.0,CE,884.5,884.5,22716.2,845,65,65
2026-09-29,IDO,2026-11-23,21950.0,CE,2769.65,1166.86,22716.2,0,0,65
2026-09-29,IDO,2026-11-23,21100.0,CE,3565.5,1871.26,22716.2,0,0,65
2026-09-29,IDO,2026-11-03,24850.0,CE,96.3,21.32,22716.2,0,0,65
2026-09-29,IDO,2026-11-03,24650.0,CE,127.55,31.35,22716.2,0,0,65
2026-09-29,IDO,2026-11-03,24000.0,CE,41.9,41.9,22716.2,69940,1695,65
2026-09-29,IDO,2026-11-03,23950.0,CE,305.7,104.62,22716.2,0,0,65
2026-09-29,IDO,2026-11-03,21800.0,CE,1721.95,1146.28,22716.2,0,0,65
2026-09-29,IDO,2026-11-03,21100.0,CE,2382.6,1767.43,22716.2,0,0,65
2026-09-29,IDO,2026-11-03,21050.0,CE,2431.1,1814.52,22716.2,0,0,65
2026-09-29,IDO,2026-11-03,20800.0,CE,2675.3,2053.29,22716.2,0,0,65
2026-09-29,IDO,2026-10-27,26450.0,CE,8.15,0.11,22716.2,520,0,65
2026-09-29,IDO,2026-10-27,24600.0,CE,9.4,9.4,22716.2,363545,11611,65
2026-09-29,IDO,2026-10-27,24100.0,CE,21.3,21.3,22716.2,730665,20139,65
2026-09-29,IDO,2026-10-27,23650.0,CE,57.65,57.65,22716.2,88465,2232,65
2026-09-29,IDO,2026-10-27,23250.0,CE,149.05,149.05,22716.2,140660,3618,65
2026-09-29,IDO,2026-10-27,22650.0,CE,449.35,449.35,22716.2,45500,3012,65
2026-09-29,IDO,2026-10-27,21950.0,CE,900.0,967.52,22716.2,65,1,65
2026-09-29,IDO,2026-10-27,21800.0,CE,1133.45,1133.45,22716.2,16445,321,65
2026-09-29,IDO,2026-10-27,20800.0,CE,3519.25,2016.56,22716.2,0,0,65
2026-09-29,IDO,2026-10-19,23950.0,CE,186.0,36.73,22716.2,65,0,65
2026-09-29,IDO,2026-10-19,22900.0,CE,246.85,246.85,22716.2,28470,1541,65
2026-09-29,IDO,2026-10-19,22250.0,CE,704.15,704.15,22716.2,585,9,65
2026-09-29,IDO,2026-10-19,22000.0,CE,898.75,898.75,22716.2,715,16,65
2026-09-29,IDO,2026-10-19,21750.0,CE,1122.75,1078.06,22716.2,65,1,65
2026-09-29,IDO,2026-10-19,20950.0,CE,2289.2,1837.37,22716.2,0,0,65
2026-09-29,IDO,2026-10-19,20550.0,CE,2682.75,2233.41,22716.2,0,0,65
2026-09-29,IDO,2026-10-13,24350.0,CE,5.45,5.45,22716.2,15340,57,65
2026-09-29,IDO,2026-10-13,23450.0,CE,35.45,35.45,22716.2,96070,4303,65
2026-09-29,IDO,2026-10-13,22050.0,CE,1739.4,771.19,22716.2,0,0,65
2026-09-29,IDO,2026-10-13,21950.0,CE,1832.65,857.1,22716.2,0,0,65
2026-09-29,IDO,2026-10-13,21750.0,CE,2022.25,1037.34,22716.2,0,0,65
2026-09-29,IDO,2026-10-13,21450.0,CE,2312.1,1322.18,22716.2,0,0,65
2026-09-29,IDO,2026-10-13,20850.0,CE,2902.5,1913.96,22716.2,0,0,65
2026-09-29,IDO,2026-10-06,25250.0,CE,0.85,0.85,22716.2,4355,130,65
2026-09-29,IDO,2026-10-06,25050.0,CE,0.75,0.75,22716.2,15145,613,65
2026-09-29,IDO,2026-10-06,24900.0,CE,0.8,0.8,22716.2,119665,6409,65
2026-09-29,IDO,2026-10-06,23750.0,CE,3.6,3.6,22716.2,425165,36370,65
2026-09-29,IDO,2026-10-06,23600.0,CE,5.3,5.3,22716.2,1937000,146382,65
2026-09-29,IDO,2026-10-06,22900.0,CE,108.0,108.0,22716.2,2578160,264677,65
2026-09-29,IDO,2026-10-06,22500.0,CE,360.75,360.75,22716.2,696605,87801,65
2026-09-29,IDO,2026-10-06,22400.0,CE,445.35,445.35,22716.2,122005,11473,65
2026-09-29,IDO,2026-10-06,22350.0,CE,487.1,487.1,22716.2,27365,1830,65
2026-09-29,IDO,2026-10-06,22300.0,CE,529.55,529.55,22716.2,103805,5266,65
2026-09-29,IDO,2026-10-06,22100.0,CE,710.95,710.95,22716.2,43225,1244,65
2026-09-29,IDO,2026-09-29,25950.0,CE,0.1,22716.2,22716.2,17550,913,65
2026-09-29,IDO,2026-09-29,24300.0,CE,0.05,22716.2,22716.2,3915925,320677,65
2026-09-29,IDO,2026-09-29,23100.0,CE,0.2,22716.2,22716.2,6794450,3311078,65
2026-09-29,IDO,2026-09-29,22850.0,CE,1.3,22716.2,22716.2,5430620,8832026,65
2026-09-29,IDO,2026-09-29,21950.0,CE,712.35,22716.2,22716.2,650,55,65
2026-09-29,IDO,2026-09-29,21600.0,CE,1028.25,22716.2,22716.2,6240,276,65
2026-09-29,IDO,2026-09-29,21550.0,CE,2719.75,22716.2,22716.2,0,0,65
2026-09-29,IDO,2026-09-29,21450.0,CE,2809.7,22716.2,22716.2,0,0,65
2026-09-29,IDO,2026-09-29,21000.0,CE,1679.2,22716.2,22716.2,209430,1477,65
2026-09-29,IDO,2026-09-29,20900.0,CE,3317.65,22716.2,22716.2,0,0,65
2026-09-29,IDF,2026-10-27,,,22865.7,22865.7,22716.2,17135235,109189,65
2026-09-29,IDO,2028-06-27,16500.0,PE,3.8,28.66,22716.2,0,0,65
2026-09-29,IDO,2028-12-26,20000.0,PE,300.0,304.58,22716.2,5415,1,65
2026-09-29,IDO,2026-11-23,24850.0,PE,860.35,1964.73,22716.2,0,0,65
2026-09-29,IDO,2026-11-23,24950.0,PE,915.05,2055.22,22716.2,0,0,65
2026-09-29,IDO,2026-11-23,25750.0,PE,1419.55,2807.19,22716.2,0,0,65
2026-09-29,IDO,2026-12-29,17000.0,PE,15.05,15.05,22716.2,225300,690,65
2026-09-29,IDO,2026-12-29,22500.0,PE,300.25,300.25,22716.2,1871350,11436,65
2026-09-29,IDO,2026-12-29,27000.0,PE,3710.75,3710.75,22716.2,1522385,2076,65
2026-09-29,IDO,2026-12-29,29000.0,PE,5675.0,5675.0,22716.2,318385,71,65
2026-09-29,IDO,2027-03-30,15000.0,PE,22.85,22.85,22716.2,6305,129,65
2026-09-29,IDO,2027-06-29,28500.0,PE,1807.05,4621.56,22716.2,0,0,65
2026-09-29,IDO,2027-06-29,30000.0,PE,4000.0,5966.17,22716.2,455,0,65
2026-09-29,IDO,2027-12-28,23000.0,PE,760.45,760.45,22716.2,147840,1173,65
2026-09-29,IDO,2030-06-25,31500.0,PE,2056.3,4106.01,22716.2,0,0,65
2026-09-29,IDO,2031-06-24,21000.0,PE,450.5,449.55,22716.2,0,0,65
2026-09-29,IDO,2026-11-23,24350.0,PE,1134.85,1530.21,22716.2,4030,0,65
2026-09-29,IDO,2026-11-23,22100.0,PE,157.8,157.8,22716.2,52065,1408,65
2026-09-29,IDO,2026-11-23,21500.0,PE,83.25,83.25,22716.2,537030,9839,65
2026-09-29,IDO,2026-11-03,25150.0,PE,1711.15,2293.4,22716.2,0,0,65
2026-09-29,IDO,2026-11-03,24300.0,PE,1010.0,1495.88,22716.2,65,0,65
2026-09-29,IDO,2026-11-03,24200.0,PE,934.1,1407.38,22716.2,0,0,65
2026-09-29,IDO,2026-11-03,23350.0,PE,655.85,739.21,22716.2,325,20,65
2026-09-29,IDO,2026-11-03,23050.0,PE,478.45,551.71,22716.2,650,12,65
2026-09-29,IDO,2026-11-03,22400.0,PE,170.5,170.5,22716.2,2340,20,65
2026-09-29,IDO,2026-11-03,22150.0,PE,151.35,174.95,22716.2,1430,21,65
2026-09-29,IDO,2026-11-03,21900.0,PE,53.6,116.97,22716.2,0,0,65
2026-09-29,IDO,2026-11-03,21700.0,PE,65.0,65.0,22716.2,3055,62,65
2026-09-29,IDO,2026-11-03,20750.0,PE,4.05,10.03,22716.2,0,0,65
2026-09-29,IDO,2026-11-03,20600.0,PE,2.7,6.7,22716.2,0,0,65
2026-09-29,IDO,2026-10-27,27100.0,PE,3809.35,4261.02,22716.2,260,0,65
2026-09-29,IDO,2026-10-27,27050.0,PE,2764.35,4211.25,22716.2,0,0,65
2026-09-29,IDO,2026-10-27,26800.0,PE,3900.0,3962.4,22716.2,585,4,65
2026-09-29,IDO,2026-10-27,26650.0,PE,2415.2,3813.1,22716.2,0,0,65
2026-09-29,IDO,2026-10-27,26450.0,PE,3460.0,3614.06,22716.2,195,0,65
2026-09-29,IDO,2026-10-06,24200.0,PE,1389.15,1389.15,22716.2,103155,1351,65
2026-09-29,IDO,2026-10-06,24100.0,PE,1301.55,1301.55,22716.2,70330,620,65
2026-09-29,IDO,2026-10-06,24050.0,PE,1250.0,1250.0,22716.2,5590,57,65
2026-09-29,IDO,2026-10-06,23800.0,PE,981.9,981.9,22716.2,125060,854,65
2026-09-29,IDO,2026-10-06,23550.0,PE,741.7,741.7,22716.2,70265,1110,65
2026-09-29,IDO,2026-10-06,23400.0,PE,607.25,607.25,22716.2,672295,12226,65
2026-09-29,IDO,2026-10-06,22550.0,PE,67.9,67.9,22716.2,692965,130202,65
2026-09-29,IDO,2026-10-06,22200.0,PE,22.2,22.2,22716.2,2633995,200500,65
2026-09-29,IDO,2026-09-29,25950.0,PE,1299.0,22716.2,22716.2,65,0,65
2026-09-29,IDO,2026-09-29,25450.0,PE,2000.0,22716.2,22716.2,585,0,65
2026-09-29,IDO,2026-09-29,25400.0,PE,2717.7,22716.2,22716.2,16250,194,65
2026-09-29,IDO,2026-09-29,25200.0,PE,2489.6,22716.2,22716.2,43745,438,65
2026-09-29,IDO,2026-09-29,24650.0,PE,2037.6,22716.2,22716.2,25025,141,65
2026-09-29,IDO,2026-09-29,24500.0,PE,1811.9,22716.2,22716.2,893750,13114,65
2026-09-29,IDO,2026-09-29,24300.0,PE,1612.5,22716.2,22716.2,1539720,5207,65
2026-09-29,IDO,2026-09-29,24200.0,PE,1515.15,22716.2,22716.2,755040,4078,65
2026-09-29,IDO,2026-09-29,21750.0,PE,0.15,22716.2,22716.2,1290900,127675,65
2026-09-29,IDO,2026-09-29,21400.0,PE,0.05,22716.2,22716.2,1688830,179468,65
2026-09-29,IDO,2026-09-29,21200.0,PE,0.05,22716.2,22716.2,219440,45533,65
2026-09-29,IDO,2026-09-29,20900.0,PE,0.1,22716.2,22716.2,90480,11027,65
2026-09-29,IDO,2026-09-29,19500.0,PE,0.05,22716.2,22716.2,466895,23457,65
2026-09-29,IDO,2031-06-24,25500.0,CE,6409.8,5153.55,22716.2,0,0,65
2026-09-29,IDO,2031-06-24,19500.0,CE,9840.6,8540.43,22716.2,0,0,65
2026-09-29,IDO,2030-06-25,27000.0,CE,6972.5,3445.12,22716.2,0,0,65
2026-09-29,IDO,2029-06-26,16500.0,CE,12587.95,8897.11,22716.2,0,0,65
2026-09-29,IDO,2028-06-27,33000.0,CE,2004.15,273.04,22716.2,0,0,65
2026-09-29,IDO,2027-12-28,27000.0,CE,366.95,366.95,22716.2,214775,1030,65
2026-09-29,IDO,2027-12-28,19500.0,CE,8684.7,4855.56,22716.2,0,0,65
2026-09-29,IDO,2027-12-28,15000.0,CE,7931.05,8855.13,22716.2,0,0,65
2026-09-29,IDO,2027-06-29,22500.0,CE,5539.6,1939.44,22716.2,0,0,65
2026-09-29,IDO,2027-03-30,25500.0,CE,166.9,166.9,22716.2,728325,5404,65
2026-09-29,IDO,2026-12-29,33000.0,CE,3.75,3.75,22716.2,102895,72,65
2026-09-29,IDO,2026-11-23,25050.0,CE,24.0,50.31,22716.2,780,0,65
2026-09-29,IDO,2026-11-23,23050.0,CE,409.6,409.6,22716.2,5915,53,65
2026-09-29,IDO,2026-11-23,22150.0,CE,967.4,1022.46,22716.2,195,1,65
2026-09-29,IDO,2026-11-23,21900.0,CE,1153.45,1204.38,22716.2,0,2,65
2026-09-29,IDO,2026-11-23,21350.0,CE,3327.35,1651.12,22716.2,0,0,65
2026-09-29,IDO,2026-11-23,21150.0,CE,3517.65,1826.54,22716.2,0,0,65
2026-09-29,IDO,2026-11-03,25200.0,CE,5.75,5.75,22716.2,1040,14,65
2026-09-29,IDO,2026-11-03,25000.0,CE,11.6,11.6,22716.2,2925,24,65
2026-09-29,IDO,2026-11-03,24950.0,CE,10.3,10.3,22716.2,585,17,65
2026-09-29,IDO,2026-11-03,24350.0,CE,190.35,54.01,22716.2,0,0,65
2026-09-29,IDO,2026-11-03,23750.0,CE,380.65,141.71,22716.2,0,0,65
2026-09-29,IDO,2026-11-03,23000.0,CE,305.65,305.65,22716.2,7345,294,65
2026-09-29,IDO,2026-11-03,22350.0,CE,1246.8,736.18,22716.2,0,0,65
2026-09-29,IDO,2026-11-03,22150.0,CE,1413.3,874.98,22716.2,0,0,65
2026-09-29,IDO,2026-11-03,22050.0,CE,1499.4,949.18,22716.2,0,0,65
2026-09-29,IDO,2026-11-03,21500.0,CE,1999.75,1402.14,22716.2,0,0,65
2026-09-29,IDO,2026-11-03,20700.0,CE,2773.55,2150.06,22716.2,0,0,65
2026-09-29,IDO,2026-10-27,26900.0,CE,1.2,1.2,22716.2,27495,66,65
2026-09-29,IDO,2026-10-27,26400.0,CE,1.5,0.13,22716.2,4550,0,65
2026-09-29,IDO,2026-10-27,24700.0,CE,8.25,8.25,22716.2,271895,2486,65
2026-09-29,IDO,2026-10-27,24300.0,CE,14.85,14.85,22716.2,600405,8851,65
2026-09-29,IDO,2026-10-27,24150.0,CE,19.1,19.1,22716.2,68510,1526,65
2026-09-29,IDO,2026-10-27,23550.0,CE,73.65,73.65,22716.2,106795,2375,65
2026-09-29,IDO,2026-10-27,21100.0,CE,1850.0,1726.31,22716.2,65,0,65
2026-09-29,IDO,2026-10-19,23500.0,CE,54.65,54.65,22716.2,127400,4240,65
2026-09-29,IDO,2026-10-19,23450.0,CE,61.5,61.5,22716.2,10205,226,65
2026-09-29,IDO,2026-10-19,23050.0,CE,178.4,178.4,22716.2,12610,435,65
2026-09-29,IDO,2026-10-19,22750.0,CE,324.0,324.0,22716.2,3835,128,65
2026-09-29,IDO,2026-10-19,22500.0,CE,502.4,502.4,22716.2,3510,205,65
2026-09-29,IDO,2026-10-19,22100.0,CE,1223.75,783.38,22716.2,0,0,65
2026-09-29,IDO,2026-10-19,21450.0,CE,1807.8,1353.54,22716.2,0,0,65
2026-09-29,IDO,2026-10-13,24250.0,CE,5.05,5.05,22716.2,20930,429,65
2026-09-29,IDO,2026-10-13,24000.0,CE,7.75,7.75,22716.2,688285,19222,65
2026-09-29,IDO,2026-10-13,23850.0,CE,10.75,10.75,22716.2,53560,3295,65
2026-09-29,IDO,2026-10-13,23600.0,CE,20.65,20.65,22716.2,544635,19718,65
2026-09-29,IDO,2026-10-13,23200.0,CE,79.7,79.7,22716.2,462410,17290,65
2026-09-29,IDO,2026-10-13,22400.0,CE,518.6,518.6,22716.2,9425,683,65
2026-09-29,IDO,2026-10-13,22300.0,CE,602.4,602.4,22716.2,6110,248,65
2026-09-29,IDO,2026-10-13,20500.0,CE,3249.65,2262.76,22716.2,0,0,65
2026-09-29,IDO,2026-10-06,25800.0,CE,0.6,0.6,22716.2,390845,14405,65
2026-09-29,IDO,2026-10-06,25650.0,CE,0.7,0.7,22716.2,22295,486,65
2026-09-29,IDO,2026-10-06,24400.0,CE,1.15,1.15,22716.2,2385110,125689,65
2026-09-29,IDO,2026-10-06,23800.0,CE,3.15,3.15,22716.2,2366975,149727,65
2026-09-29,IDO,2026-10-06,23650.0,CE,4.45,4.45,22716.2,766935,42766,65
2026-09-29,IDO,2026-10-06,22700.0,CE,214.1,214.1,22716.2,3590600,407794,65
2026-09-29,IDO,2026-10-06,21500.0,CE,1303.2,1303.2,22716.2,3510,47,65
2026-09-29,IDO,2026-10-06,21350.0,CE,2831.3,1390.72,22716.2,0,0,65
2026-09-29,IDO,2026-10-06,21000.0,CE,1791.1,1791.1,22716.2,1235,24,65
2026-09-29,IDO,2026-10-06,20950.0,CE,3227.45,1789.98,22716.2,0,0,65
2026-09-29,IDO,2026-10-06,20800.0,CE,3376.3,1939.8,22716.2,0,0,65
2026-09-29,IDO,2026-10-06,20650.0,CE,3525.3,2089.63,22716.2,0,0,65
2026-09-29,IDO,2026-09-29,31500.0,CE,0.15,22716.2,22716.2,28730,921,65
2026-09-29,IDO,2026-09-29,28500.0,CE,0.1,22716.2,22716.2,334490,4176,65
2026-09-29,IDO,2026-09-29,26650.0,CE,0.1,22716.2,22716.2,21580,1758,65
2026-09-29,IDO,2026-09-29,26500.0,CE,0.1,22716.2,22716.2,498550,10510,65
2026-09-29,IDO,2026-09-29,25400.0,CE,0.05,22716.2,22716.2,175890,10574,65
2026-09-29,IDO,2026-09-29,24950.0,CE,0.05,22716.2,22716.2,132210,13024,65
2026-09-29,IDO,2026-09-29,23850.0,CE,0.1,22716.2,22716.2,719160,162906,65
2026-09-29,IDO,2026-09-29,22600.0,CE,66.1,22716.2,22716.2,3243370,9926169,65
2026-09-29,IDO,2026-09-29,21400.0,CE,2015.2,22716.2,22716.2,65,0,65
2026-09-29,IDO,2026-09-29,20850.0,CE,3364.75,22716.2,22716.2,0,0,65
2026-09-29,IDO,2026-09-29,20550.0,CE,3649.7,22716.2,22716.2,0,0,65
2026-09-29,IDO,2026-10-19,21350.0,PE,20.1,20.1,22716.2,1170,2,65
2026-09-29,IDO,2026-10-19,22850.0,PE,267.0,267.0,22716.2,22425,469,65
2026-09-29,IDO,2026-10-19,23550.0,PE,772.05,846.83,22716.2,3250,25,65
2026-09-29,IDO,2026-10-19,23850.0,PE,815.85,1103.01,22716.2,0,0,65
2026-09-29,IDO,2026-10-27,20500.0,PE,13.15,13.15,22716.2,210600,11546,65
2026-09-29,IDO,2026-10-27,20700.0,PE,16.05,16.05,22716.2,30810,1454,65
2026-09-29,IDO,2026-10-27,23400.0,PE,613.5,613.5,22716.2,1544140,4295,65
2026-09-29,IDO,2026-10-27,23600.0,PE,774.85,774.85,22716.2,706745,3722,65
2026-09-29,IDO,2026-10-27,23650.0,PE,825.55,825.55,22716.2,20345,120,65
2026-09-29,IDO,2026-10-27,24200.0,PE,1317.2,1317.2,22716.2,403130,1179,65
2026-09-29,IDO,2026-10-27,24650.0,PE,1694.4,1838.86,22716.2,2925,0,65
2026-09-29,IDO,2026-10-27,24700.0,PE,1781.85,1781.85,22716.2,218465,387,65
2026-09-29,IDO,2026-10-27,24950.0,PE,2141.9,2129.02,22716.2,3705,1,65
2026-09-29,IDO,2026-10-27,26550.0,PE,2330.1,3713.58,22716.2,0,0,65
2026-09-29,IDO,2026-10-27,26850.0,PE,2588.1,4012.17,22716.2,0,0,65
2026-09-29,IDO,2026-10-27,27150.0,PE,3860.6,4310.79,22716.2,325,0,65
2026-09-29,IDO,2026-10-27,27200.0,PE,4278.15,4278.15,22716.2,57980,44,65
2026-09-29,IDO,2026-11-03,21500.0,PE,52.2,56.03,22716.2,650,0,65
2026-09-29,IDO,2026-11-03,21600.0,PE,75.8,68.1,22716.2,2015,20,65
2026-09-29,IDO,2026-11-03,22100.0,PE,138.35,162.96,22716.2,1040,6,65
2026-09-29,IDO,2026-11-03,22200.0,PE,146.0,188.77,22716.2,1430,63,65
2026-09-29,IDO,2026-11-03,22650.0,PE,238.1,238.1,22716.2,2860,66,65
2026-09-29,IDO,2026-11-03,22850.0,PE,345.0,443.66,22716.2,4030,61,65
2026-09-29,IDO,2026-11-03,23300.0,PE,590.25,705.93,22716.2,1625,28,65
2026-09-29,IDO,2026-11-03,23400.0,PE,651.0,773.27,22716.2,910,12,65
2026-09-29,IDO,2026-11-03,23450.0,PE,707.45,808.08,22716.2,195,2,65
2026-09-29,IDO,2026-11-03,24100.0,PE,863.85,1320.53,22716.2,0,0,65
2026-09-29,IDO,2026-11-03,24150.0,PE,898.65,1363.74,22716.2,0,0,65
2026-09-29,IDO,2026-11-23,21150.0,PE,18.9,59.88,22716.2,0,0,65
2026-09-29,IDO,2026-11-23,21550.0,PE,59.6,111.57,22716.2,1495,24,65
2026-09-29,IDO,2026-11-23,22000.0,PE,142.1,142.1,22716.2,1144520,22314,65
2026-09-29,IDO,2026-11-23,23800.0,PE,928.0,928.0,22716.2,80080,142,65
2026-09-29,IDO,2026-11-23,24000.0,PE,1083.95,1083.95,22716.2,335140,2001,65
2026-09-29,IDO,2026-11-23,24500.0,PE,1521.8,1521.8,22716.2,236340,301,65
2026-09-29,IDO,2026-11-23,24600.0,PE,1735.35,1743.36,22716.2,3575,1,65
2026-09-29,IDO,2026-11-23,24900.0,PE,1925.0,2009.85,22716.2,1040,1,65
2026-09-29,IDO,2026-11-23,25300.0,PE,1600.0,2378.99,22716.2,65,0,65
2026-09-29,IDO,2026-12-29,23000.0,PE,473.45,473.45,22716.2,3077815,15006,65
2026-09-29,IDO,2026-12-29,30000.0,PE,6636.75,6636.75,22716.2,497875,720,65
2026-09-29,IDO,2027-03-30,24000.0,PE,991.15,991.15,22716.2,821080,2911,65
2026-09-29,IDO,2027-06-29,22500.0,PE,483.45,483.45,22716.2,10855,158,65
2026-09-29,IDO,2027-12-28,25000.0,PE,1405.25,1405.25,22716.2,155935,2327,65
2026-09-29,IDO,2027-12-28,26000.0,PE,1907.5,1907.5,22716.2,80020,480,65
2026-09-29,IDO,2028-06-27,33000.0,PE,3707.8,7110.59,22716.2,0,0,65
2026-09-29,IDO,2028-12-26,23000.0,PE,823.35,823.35,22716.2,2975,3,65
2026-09-29,IDO,2028-12-26,26000.0,PE,1600.0,2068.66,22716.2,6940,0,65
2026-09-29,IDO,2029-06-26,25500.0,PE,624.25,1729.21,22716.2,0,0,65
2026-09-29,IDO,2029-06-26,27000.0,PE,1252.35,2370.75,22716.2,0,0,65
2026-09-29,IDO,2029-06-26,30000.0,PE,2031.05,3959.11,22716.2,0,0,65
2026-09-29,IDO,2029-12-24,24000.0,PE,755.0,1143.99,22716.2,520,0,65
2026-09-29,IDO,2029-12-24,33000.0,PE,2953.7,5382.14,22716.2,0,0,65
2026-09-29,IDO,2030-06-25,28500.0,PE,1167.6,2654.29,22716.2,0,0,65
2026-09-29,IDO,2030-12-31,24000.0,PE,1000.0,1028.44,22716.2,520,0,65
2026-09-29,IDO,2031-06-24,19500.0,PE,289.2,279.18,22716.2,0,0,65
2026-09-29,IDO,2026-10-13,24800.0,PE,1155.2,2028.22,22716.2,0,0,65
2026-09-29,IDO,2026-10-13,23200.0,PE,440.25,440.25,22716.2,198770,2715,65
2026-09-29,IDO,2026-10-13,23050.0,PE,350.2,350.2,22716.2,30290,563,65
2026-09-29,IDO,2026-10-13,22250.0,PE,61.05,61.05,22716.2,116805,5632,65
2026-09-29,IDO,2026-10-13,21250.0,PE,9.85,9.85,22716.2,17225,694,65
2026-09-29,IDO,2026-10-06,25550.0,PE,1432.35,2804.81,22716.2,0,0,65
2026-09-29,IDO,2026-10-06,25300.0,PE,1222.15,2555.09,22716.2,0,0,65
2026-09-29,IDO,2026-10-06,25200.0,PE,2425.0,2455.21,22716.2,585,7,65
2026-09-29,IDO,2026-10-06,24750.0,PE,1438.5,2005.72,22716.2,195,0,65
2026-09-29,IDO,2026-10-19,24650.0,PE,1460.6,1859.53,22716.2,0,0,65
2026-09-29,IDO,2026-10-19,24400.0,PE,1450.0,1616.24,22716.2,650,0,65
2026-09-29,IDO,2026-10-19,23300.0,PE,535.0,535.0,22716.2,6955,192,65
2026-09-29,IDO,2026-10-19,21100.0,PE,9.25,5.72,22716.2,0,0,65
2026-09-29,IDO,2026-10-19,20900.0,PE,5.35,2.75,22716.2,0,0,65
2026-09-29,IDO,2026-10-19,20800.0,PE,15.0,1.86,22716.2,1430,16,65
2026-09-29,IDO,2026-10-13,25250.0,PE,1538.35,2476.62,22716.2,0,0,65
2026-09-29,IDO,2026-10-13,24650.0,PE,1036.55,1879.15,22716.2,0,0,65
2026-09-29,IDO,2026-10-13,24450.0,PE,886.75,1681.11,22716.2,0,0,65
2026-09-29,IDO,2026-10-13,23950.0,PE,563.2,1195.37,22716.2,0,0,65
2026-09-29,IDO,2026-10-13,23850.0,PE,1018.05,1101.38,22716.2,1885,11,65
2026-09-29,IDO,2026-10-13,23800.0,PE,950.25,950.25,22716.2,11570,77,65
2026-09-29,IDO,2026-10-13,22950.0,PE,280.2,280.2,22716.2,22425,481,65
2026-09-29,IDO,2026-10-13,22050.0,PE,40.75,40.75,22716.2,21060,834,65
2026-09-29,IDO,2026-10-13,21100.0,PE,8.3,8.3,22716.2,12675,702,65
2026-09-29,IDO,2026-10-06,25350.0,PE,1263.25,2605.04,22716.2,0,0,65
2026-09-29,IDO,2026-10-06,23300.0,PE,508.35,508.35,22716.2,1222910,21471,65
2026-09-29,IDO,2026-10-06,22300.0,PE,30.6,30.6,22716.2,2398435,305943,65
2026-09-29,IDO,2026-10-06,21250.0,PE,3.55,3.55,22716.2,95420,6385,65
2026-09-29,IDO,2026-10-06,20700.0,PE,2.45,2.45,22716.2,323050,32809,65
2026-09-29,IDO,2026-09-29,26450.0,PE,2346.8,22716.2,22716.2,0,0,65
2026-09-29,IDO,2026-09-29,25900.0,PE,3252.2,22716.2,22716.2,455,9,65
2026-09-29,IDO,2026-09-29,25250.0,PE,2614.55,22716.2,22716.2,910,1,65
2026-09-29,IDO,2026-09-29,24900.0,PE,2214.6,22716.2,22716.2,49790,100,65
2026-09-29,IDO,2026-09-29,24150.0,PE,1461.65,22716.2,22716.2,54470,1025,65
2026-09-29,IDO,2026-09-29,24050.0,PE,1406.65,22716.2,22716.2,62985,231,65
2026-09-29,IDO,2026-09-29,23450.0,PE,761.45,22716.2,22716.2,536900,5800,65
2026-09-29,IDO,2026-09-29,23200.0,PE,506.7,22716.2,22716.2,1578720,41441,65
2026-09-29,IDO,2026-09-29,22750.0,PE,69.8,22716.2,22716.2,3758950,6645926,65
2026-09-29,IDO,2026-09-29,22350.0,PE,0.35,22716.2,22716.2,3656185,3499729,65
2026-09-29,IDO,2026-09-29,22100.0,PE,0.15,22716.2,22716.2,4035265,1848617,65
2026-09-29,IDO,2026-09-29,22050.0,PE,0.2,22716.2,22716.2,1743560,991086,65
2026-09-29,IDO,2026-09-29,21650.0,PE,0.05,22716.2,22716.2,571350,117083,65
2026-09-29,IDO,2026-09-29,16500.0,PE,0.05,22716.2,22716.2,89245,7126,65
2026-09-29,IDO,2031-06-24,16500.0,CE,11849.25,10568.89,22716.2,0,0,65
2026-09-29,IDO,2030-12-31,24000.0,CE,8563.3,5406.6,22716.2,0,0,65
2026-09-29,IDO,2030-06-25,25500.0,CE,7070.45,4105.61,22716.2,0,0,65
2026-09-29,IDO,2029-12-24,19500.0,CE,10678.8,7099.34,22716.2,0,0,65
2026-09-29,IDO,2029-06-26,19500.0,CE,10206.95,6581.68,22716.2,0,0,65
2026-09-29,IDO,2028-06-27,16500.0,CE,11752.8,7967.99,22716.2,0,0,65
2026-09-29,IDO,2027-12-28,31500.0,CE,100.95,168.02,22716.2,2275,2,65
2026-09-29,IDO,2027-12-28,30000.0,CE,123.2,123.2,22716.2,237770,269,65
2026-09-29,IDO,2027-12-28,26000.0,CE,604.0,604.0,22716.2,189320,1688,65
2026-09-29,IDO,2027-12-28,25000.0,CE,1007.75,1007.75,22716.2,217760,2056,65
2026-09-29,IDO,2027-06-29,28500.0,CE,1711.9,153.62,22716.2,0,0,65
2026-09-29,IDO,2026-12-29,28000.0,CE,7.8,7.8,22716.2,1721675,2322,65
2026-09-29,IDO,2026-11-23,25250.0,CE,550.35,37.67,22716.2,0,0,65
2026-09-29,IDO,2026-11-23,25200.0,CE,17.75,17.75,22716.2,7215,32,65
2026-09-29,IDO,2026-11-23,24850.0,CE,118.8,66.46,22716.2,390,0,65
2026-09-29,IDO,2026-11-23,23200.0,CE,333.55,333.55,22716.2,216060,2583,65
2026-09-29,IDO,2026-11-23,22800.0,CE,542.0,542.0,22716.2,101270,2486,65
2026-09-29,IDO,2026-11-23,22500.0,CE,731.6,731.6,22716.2,119275,2844,65
2026-09-29,IDO,2026-11-23,22250.0,CE,898.3,954.11,22716.2,195,1,65
2026-09-29,IDO,2026-11-23,22200.0,CE,956.45,956.45,22716.2,910,22,65
2026-09-29,IDO,2026-11-23,20650.0,CE,3999.6,2286.33,22716.2,0,0,65
2026-09-29,IDO,2026-11-23,20500.0,CE,4145.45,2428.64,22716.2,0,0,65
2026-09-29,IDO,2026-11-03,23550.0,CE,105.35,188.4,22716.2,2990,16,65
2026-09-29,IDO,2026-11-03,23300.0,CE,177.75,177.75,22716.2,3445,111,65
2026-09-29,IDO,2026-11-03,23100.0,CE,260.4,260.4,22716.2,5070,166,65
2026-09-29,IDO,2026-11-03,22400.0,CE,1206.5,703.49,22716.2,0,0,65
2026-09-29,IDO,2026-11-03,22250.0,CE,1329.0,804.0,22716.2,0,0,65
2026-09-29,IDO,2026-11-03,21350.0,CE,2142.0,1536.42,22716.2,0,0,65
2026-09-29,IDO,2026-11-03,21300.0,CE,2189.8,1581.96,22716.2,0,0,65
2026-09-29,IDO,2026-10-27,27100.0,CE,1.15,1.15,22716.2,9295,35,65
2026-09-29,IDO,2026-10-27,27000.0,CE,0.65,0.65,22716.2,974610,3809,65
2026-09-29,IDO,2026-10-27,26850.0,CE,6.1,0.03,22716.2,845,0,65
2026-09-29,IDO,2026-10-27,26050.0,CE,2.5,0.4,22716.2,6630,9,65
2026-09-29,IDO,2026-10-27,25400.0,CE,3.8,3.8,22716.2,91650,878,65
2026-09-29,IDO,2026-10-27,25000.0,CE,6.55,6.55,22716.2,3059030,30266,65
2026-09-29,IDO,2026-10-27,24950.0,CE,6.2,6.2,22716.2,62075,141,65
2026-09-29,IDO,2026-10-27,24800.0,CE,7.25,7.25,22716.2,413530,5516,65
2026-09-29,IDO,2026-10-27,23700.0,CE,50.05,50.05,22716.2,1056705,24112,65
2026-09-29,IDO,2026-10-27,23400.0,CE,106.15,106.15,22716.2,2001935,28379,65
2026-09-29,IDO,2026-10-27,23350.0,CE,118.7,118.7,22716.2,92495,2780,65
2026-09-29,IDO,2026-10-27,23100.0,CE,205.9,205.9,22716.2,1057290,20507,65
2026-09-29,IDO,2026-10-27,22100.0,CE,858.85,858.85,22716.2,5980,140,65
2026-09-29,IDO,2026-10-27,21350.0,CE,3002.9,1490.62,22716.2,0,0,65
2026-09-29,IDO,2026-10-27,20600.0,CE,3710.55,2212.79,22716.2,0,0,65
2026-09-29,IDO,2026-10-19,24900.0,CE,4.15,2.55,22716.2,1820,23,65
2026-09-29,IDO,2026-10-19,24650.0,CE,7.0,5.56,22716.2,845,0,65
2026-09-29,IDO,2026-10-19,24250.0,CE,121.35,17.23,22716.2,0,0,65
2026-09-29,IDO,2026-10-19,22850.0,CE,270.75,270.75,22716.2,10725,440,65
2026-09-29,IDO,2026-10-19,20900.0,CE,2338.15,1886.63,22716.2,0,0,65
2026-09-29,IDO,2026-10-13,25250.0,CE,1.9,0.09,22716.2,780,91,65
2026-09-29,IDO,2026-10-13,24200.0,CE,5.45,5.45,22716.2,274690,6042,65
2026-09-29,IDO,2026-10-13,23550.0,CE,25.55,25.55,22716.2,67730,2776,65
2026-09-29,IDO,2026-10-13,23250.0,CE,68.7,68.7,22716.2,319670,11132,65
2026-09-29,IDO,2026-10-13,22000.0,CE,860.8,860.8,22716.2,27300,500,65
2026-09-29,IDO,2026-10-13,21400.0,CE,2360.9,1370.74,22716.2,0,0,65
2026-09-29,IDO,2026-10-13,21300.0,CE,2458.75,1468.48,22716.2,0,0,65
2026-09-29,IDO,2026-10-13,20950.0,CE,2803.55,1814.5,22716.2,0,0,65
2026-09-29,IDO,2026-10-06,23700.0,CE,4.15,4.15,22716.2,2242760,134209,65
2026-09-29,IDO,2026-10-06,23450.0,CE,8.8,8.8,22716.2,978185,91352,65
2026-09-29,IDO,2026-10-06,23000.0,CE,71.75,71.75,22716.2,6701630,517129,65
2026-09-29,IDO,2026-10-06,22950.0,CE,89.2,89.2,22716.2,968110,99181,65
2026-09-29,IDO,2026-10-06,21900.0,CE,873.45,849.76,22716.2,975,19,65
2026-09-29,IDO,2026-10-06,21200.0,CE,2979.65,1540.35,22716.2,0,0,65
2026-09-29,IDO,2026-10-06,20900.0,CE,3277.05,1839.92,22716.2,0,0,65
2026-09-29,IDO,2026-10-06,20600.0,CE,3574.95,2139.58,22716.2,0,0,65
2026-09-29,IDO,2026-09-29,25800.0,CE,0.05,22716.2,22716.2,117715,6824,65
2026-09-29,IDO,2026-09-29,24500.0,CE,0.05,22716.2,22716.2,3609125,297405,65
2026-09-29,IDO,2026-09-29,24150.0,CE,0.1,22716.2,22716.2,658775,39358,65
2026-09-29,IDO,2026-09-29,23750.0,CE,0.1,22716.2,22716.2,1675830,354344,65
2026-09-29,IDO,2026-09-29,22750.0,CE,4.6,22716.2,22716.2,11148930,16480733,65
2026-09-29,IDO,2026-09-29,21700.0,CE,1820.0,22716.2,22716.2,0,0,65
2026-09-29,IDO,2026-09-29,21050.0,CE,3177.2,22716.2,22716.2,0,0,65
2026-09-29,IDO,2026-09-29,20750.0,CE,3459.3,22716.2,22716.2,0,0,65
2026-09-29,IDO,2026-09-29,20650.0,CE,3554.3,22716.2,22716.2,0,0,65
2026-09-29,IDO,2026-10-27,25500.0,PE,2593.1,2593.1,22716.2,917345,2351,65
2026-09-29,IDO,2026-10-27,26950.0,PE,2675.85,4111.71,22716.2,0,0,65
2026-09-29,IDO,2026-11-03,21550.0,PE,27.0,61.83,22716.2,0,0,65
2026-09-29,IDO,2026-11-03,23900.0,PE,731.5,1152.45,22716.2,0,0,65
2026-09-29,IDO,2026-11-03,24350.0,PE,1045.45,1540.69,22716.2,0,0,65
2026-09-29,IDO,2026-11-03,24800.0,PE,1405.5,1957.48,22716.2,0,0,65
2026-09-29,IDO,2026-11-03,25050.0,PE,1622.0,2196.69,22716.2,0,0,65
2026-09-29,IDO,2026-11-23,20550.0,PE,6.95,20.05,22716.2,0,0,65
2026-09-29,IDO,2026-11-23,20900.0,PE,52.4,52.4,22716.2,780,16,65
2026-09-29,IDO,2026-11-23,21300.0,PE,69.0,69.0,22716.2,12220,266,65
2026-09-29,IDO,2026-11-23,21600.0,PE,92.25,92.25,22716.2,21580,543,65
2026-09-29,IDO,2026-11-23,21800.0,PE,112.3,112.3,22716.2,55055,1195,65
2026-09-29,IDO,2026-11-23,22400.0,PE,216.35,216.35,22716.2,102115,2004,65
2026-09-29,IDO,2026-11-23,22650.0,PE,301.15,301.15,22716.2,6825,145,65
2026-09-29,IDO,2026-11-23,23550.0,PE,878.15,923.25,22716.2,16380,3,65
2026-09-29,IDO,2026-11-23,24050.0,PE,1132.55,1287.67,22716.2,1040,0,65
2026-09-29,IDO,2026-11-23,24450.0,PE,1500.2,1614.37,22716.2,455,1,65
2026-09-29,IDO,2026-11-23,24650.0,PE,1463.55,1787.03,22716.2,260,0,65
2026-09-29,IDO,2026-12-29,15000.0,PE,9.5,9.5,22716.2,154880,400,65
2026-09-29,IDO,2026-12-29,16000.0,PE,11.6,11.6,22716.2,138900,458,65
2026-09-29,IDO,2026-12-29,24000.0,PE,1025.45,1025.45,22716.2,2249235,6184,65
2026-09-29,IDO,2026-12-29,33000.0,PE,5263.45,9767.91,22716.2,0,0,65
2026-09-29,IDO,2027-12-28,28500.0,PE,2979.7,4115.1,22716.2,260,0,65
2026-09-29,IDO,2027-12-28,31500.0,PE,3240.0,6565.38,22716.2,0,0,65
2026-09-29,IDO,2027-12-28,33000.0,PE,4155.55,7877.77,22716.2,0,0,65
2026-09-29,IDO,2028-06-27,19500.0,PE,40.05,210.28,22716.2,0,0,65
2026-09-29,IDO,2028-06-27,30000.0,PE,3779.25,4773.79,22716.2,0,0,65
2026-09-29,IDO,2028-12-26,16500.0,PE,5.9,42.83,22716.2,0,0,65
2026-09-29,IDO,2029-06-26,15000.0,PE,30.9,19.6,22716.2,0,0,65
2026-09-29,IDO,2029-12-24,18000.0,PE,96.5,142.52,22716.2,0,0,65
2026-09-29,IDO,2029-12-24,23000.0,PE,725.05,879.73,22716.2,1625,0,65
2026-09-29,IDO,2029-12-24,26000.0,PE,1900.0,1804.73,22716.2,4380,0,65
2026-09-29,IDO,2030-06-25,24000.0,PE,698.15,1086.83,22716.2,0,0,65
2026-09-29,IDO,2030-12-31,25500.0,PE,538.25,1423.97,22716.2,0,0,65
2026-09-29,IDO,2031-06-24,31500.0,PE,3185.85,3489.01,22716.2,0,0,65
2026-09-29,IDO,2026-10-27,25400.0,PE,2500.0,2500.0,22716.2,8775,104,65
2026-09-29,IDO,2026-10-27,25150.0,PE,2150.0,2324.86,22716.2,260,0,65
2026-09-29,IDO,2026-10-27,25100.0,PE,2178.45,2178.45,22716.2,43485,241,65
2026-09-29,IDO,2026-10-27,24900.0,PE,1988.55,1988.55,22716.2,145145,70,65
2026-09-29,IDO,2026-10-27,24600.0,PE,1720.85,1720.85,22716.2,191490,331,65
2026-09-29,IDO,2026-10-27,23000.0,PE,369.15,369.15,22716.2,6079450,83792,65
2026-09-29,IDO,2026-10-27,22750.0,PE,259.4,259.4,22716.2,207805,11084,65
2026-09-29,IDO,2026-10-27,22600.0,PE,205.35,205.35,22716.2,663780,29855,65
2026-09-29,IDO,2026-10-27,22150.0,PE,103.05,103.05,22716.2,50505,1625,65
2026-09-29,IDO,2026-10-19,24850.0,PE,1640.7,2056.32,22716.2,0,0,65
2026-09-29,IDO,2026-10-19,24800.0,PE,1850.0,2006.99,22716.2,1170,0,65
2026-09-29,IDO,2026-09-29,22950.0,CE,0.65,22716.2,22716.2,4985240,5068024,65
2026-09-29,IDO,2026-09-29,23950.0,CE,0.1,22716.2,22716.2,715000,125607,65
2026-09-29,IDO,2026-09-29,24200.0,CE,0.05,22716.2,22716.2,3180450,219917,65
2026-09-29,IDO,2026-09-29,25350.0,CE,0.1,22716.2,22716.2,29380,2015,65
2026-09-29,IDO,2031-06-24,16500.0,PE,95.65,83.8,22716.2,0,0,65
2026-09-29,IDO,2030-12-31,18000.0,PE,32.3,157.56,22716.2,0,0,65
2026-09-29,IDO,2030-06-25,30000.0,PE,2100.85,3343.33,22716.2,0,0,65
2026-09-29,IDO,2030-06-25,27000.0,PE,1286.05,2045.52,22716.2,0,0,65
2026-09-29,IDO,2030-06-25,22500.0,PE,223.75,738.45,22716.2,0,0,65
2026-09-29,IDO,2030-06-25,18000.0,PE,116.65,151.66,22716.2,0,0,65
2026-09-29,IDO,2030-06-25,15000.0,PE,29.65,30.72,22716.2,0,0,65
2026-09-29,IDO,2029-12-24,15000.0,PE,29.0,25.47,22716.2,65,0,65
2026-09-29,IDO,2027-12-28,27000.0,PE,2535.1,2535.1,22716.2,58655,159,65
2026-09-29,IDO,2027-12-28,16500.0,PE,52.05,14.16,22716.2,130,0,65
2026-09-29,IDO,2027-03-30,27000.0,PE,3315.0,3315.0,22716.2,61165,156,65
2026-09-29,IDO,2026-12-29,31500.0,PE,4059.3,8291.37,22716.2,0,0,65
2026-09-29,IDO,2026-12-29,28000.0,PE,4681.3,4681.3,22716.2,1049315,595,65
2026-09-29,IDO,2026-12-29,21000.0,PE,90.65,90.65,22716.2,2004945,19450,65
2026-09-29,IDO,2026-11-23,25950.0,PE,1562.8,3000.44,22716.2,0,0,65
2026-09-29,IDO,2026-11-23,25400.0,PE,2300.0,2473.17,22716.2,325,0,65
2026-09-29,IDO,2026-11-23,25200.0,PE,1060.25,2285.49,22716.2,0,0,65
2026-09-29,IDO,2026-11-23,23400.0,PE,649.0,649.0,22716.2,94120,422,65
2026-09-29,IDO,2026-11-23,23150.0,PE,529.7,675.21,22716.2,129285,39,65
2026-09-29,IDO,2026-11-23,23050.0,PE,446.0,446.0,22716.2,5265,22,65
2026-09-29,IDO,2026-11-23,22550.0,PE,263.3,263.3,22716.2,4030,52,65
2026-09-29,IDO,2026-11-23,22200.0,PE,176.3,176.3,22716.2,173485,1521,65
2026-09-29,IDO,2026-11-23,21450.0,PE,95.0,96.21,22716.2,130,1,65
2026-09-29,IDO,2026-11-23,21250.0,PE,22.05,70.49,22716.2,0,0,65
2026-09-29,IDO,2026-11-23,21200.0,PE,60.95,60.95,22716.2,35035,445,65
2026-09-29,IDO,2026-11-03,24650.0,PE,1280.65,1816.22,22716.2,0,0,65
2026-09-29,IDO,2026-11-03,24600.0,PE,1240.0,1769.59,22716.2,0,0,65
2026-09-29,IDO,2026-11-03,24000.0,PE,788.3,1235.5,22716.2,65,0,65
2026-09-29,IDO,2026-11-03,23750.0,PE,639.9,1032.02,22716.2,0,0,65
2026-09-29,IDO,2026-11-03,23650.0,PE,463.5,954.74,22716.2,195,0,65
2026-09-29,IDO,2026-11-03,23000.0,PE,407.65,407.65,22716.2,3835,60,65
2026-09-29,IDO,2026-11-03,22750.0,PE,279.7,279.7,22716.2,3835,85,65
2026-09-29,IDO,2026-11-03,22450.0,PE,240.7,269.8,22716.2,1755,1,65
2026-09-29,IDO,2026-11-03,21150.0,PE,11.1,26.63,22716.2,0,0,65
2026-09-29,IDO,2026-11-03,20950.0,PE,27.3,16.63,22716.2,1105,0,65
2026-09-29,IDO,2026-11-03,20900.0,PE,25.7,25.7,22716.2,1300,12,65
2026-09-29,IDO,2026-11-03,20650.0,PE,3.1,7.68,22716.2,0,0,65
2026-09-29,IDO,2026-10-27,27000.0,PE,4071.7,4071.7,22716.2,929955,1396,65
2026-09-29,IDO,2026-10-27,26300.0,PE,3363.15,3363.15,22716.2,34970,207,65
2026-09-29,IDO,2026-10-27,25300.0,PE,2440.0,2472.56,22716.2,10400,135,65
2026-09-29,IDO,2026-10-27,24250.0,PE,1416.9,1463.43,22716.2,13260,36,65
2026-09-29,IDO,2026-10-27,24050.0,PE,1220.0,1283.39,22716.2,5135,9,65
2026-09-29,IDO,2026-10-27,23900.0,PE,1036.3,1036.3,22716.2,220480,900,65
2026-09-29,IDO,2026-10-27,23250.0,PE,516.25,516.25,22716.2,66495,586,65
2026-09-29,IDO,2026-10-27,22450.0,PE,162.6,162.6,22716.2,50505,1208,65
2026-09-29,IDO,2026-10-27,22350.0,PE,140.25,140.25,22716.2,48165,1447,65
2026-09-29,IDO,2026-10-27,21800.0,PE,60.7,60.7,22716.2,566735,15577,65
2026-09-29,IDO,2026-10-27,21650.0,PE,47.8,47.8,22716.2,57265,1277,65
2026-09-29,IDO,2026-10-27,21500.0,PE,38.5,38.5,22716.2,1877265,42817,65
2026-09-29,IDO,2026-10-27,21350.0,PE,32.8,32.8,22716.2,337610,3343,65
2026-09-29,IDO,2026-10-27,21250.0,PE,27.75,27.75,22716.2,7995,248,65
2026-09-29,IDO,2026-10-27,20550.0,PE,15.55,15.55,22716.2,4680,238,65
2026-09-29,IDO,2026-10-19,25200.0,PE,1967.2,2403.12,22716.2,0,0,65
2026-09-29,IDO,2026-10-19,24450.0,PE,1286.65,1664.58,22716.2,0,0,65
2026-09-29,IDO,2026-10-19,23750.0,PE,746.7,1015.13,22716.2,0,0,65
2026-09-29,IDO,2026-10-19,22950.0,PE,307.25,307.25,22716.2,5460,222,65
2026-09-29,IDO,2026-10-19,22500.0,PE,141.7,141.7,22716.2,39195,2666,65
2026-09-29,IDO,2026-10-13,24250.0,PE,1053.4,1484.59,22716.2,195,0,65
2026-09-29,IDO,2026-10-13,22550.0,PE,122.1,122.1,22716.2,47710,3735,65
2026-09-29,IDO,2026-10-13,22500.0,PE,107.95,107.95,22716.2,358475,23159,65
2026-09-29,IDO,2026-10-13,21550.0,PE,15.45,15.45,22716.2,5395,378,65
2026-09-29,IDO,2026-10-13,21450.0,PE,13.95,13.95,22716.2,4225,284,65
2026-09-29,IDO,2026-10-13,21400.0,PE,13.25,13.25,22716.2,260780,9822,65
2026-09-29,IDO,2026-10-13,21350.0,PE,12.55,12.55,22716.2,16900,976,65
2026-09-29,IDO,2026-10-06,25250.0,PE,2349.0,2505.15,22716.2,130,0,65
2026-09-29,IDO,2026-10-06,24600.0,PE,1791.75,1791.75,22716.2,19500,49,65
2026-09-29,IDO,2026-10-06,24550.0,PE,1780.0,1805.98,22716.2,520,4,65
2026-09-29,IDO,2026-10-06,22850.0,PE,175.85,175.85,22716.2,343070,43157,65
2026-09-29,IDO,2026-10-06,22400.0,PE,41.0,41.0,22716.2,2426710,309433,65
2026-09-29,IDO,2026-10-06,21500.0,PE,4.95,4.95,22716.2,4398745,169126,65
2026-09-29,IDO,2026-10-06,21000.0,PE,3.1,3.1,22716.2,3058055,149448,65
2026-09-29,IDO,2026-10-06,20850.0,PE,2.7,2.7,22716.2,38870,4744,65
2026-09-29,IDO,2026-09-29,26600.0,PE,2474.55,22716.2,22716.2,0,0,65
2026-09-29,IDO,2026-09-29,26250.0,PE,2180.0,22716.2,22716.2,0,0,65
2026-09-29,IDO,2026-09-29,26100.0,PE,3430.0,22716.2,22716.2,910,20,65
2026-09-29,IDO,2026-09-29,25500.0,PE,2825.4,22716.2,22716.2,343460,2923,65
2026-09-29,IDO,2026-09-29,25100.0,PE,2408.6,22716.2,22716.2,44655,788,65
2026-09-29,IDO,2026-09-29,23800.0,PE,1104.35,22716.2,22716.2,307970,5536,65
2026-09-29,IDO,2026-09-29,23100.0,PE,409.8,22716.2,22716.2,2357550,94584,65
2026-09-29,IDO,2026-09-29,22700.0,PE,27.85,22716.2,22716.2,20068490,19810182,65
2026-09-29,IDO,2026-09-29,22000.0,PE,0.15,22716.2,22716.2,11519625,2252017,65
2026-09-29,IDO,2030-12-31,33000.0,CE,3948.25,2026.6,22716.2,0,0,65
2026-09-29,IDO,2029-12-24,27000.0,CE,6201.65,2914.33,22716.2,0,0,65
2026-09-29,IDO,2029-06-26,24000.0,CE,8085.35,3734.64,22716.2,0,0,65
2026-09-29,IDO,2028-12-26,33000.0,CE,2477.5,531.14,22716.2,0,0,65
2026-09-29,IDO,2028-12-26,19500.0,CE,9716.4,6036.55,22716.2,0,0,65
2026-09-29,IDO,2028-06-27,21000.0,CE,5226.55,4344.76,22716.2,0,0,65
2026-09-29,IDO,2027-06-29,18000.0,CE,4066.45,5568.17,22716.2,0,0,65
2026-09-29,IDO,2026-12-29,30000.0,CE,6.1,6.1,22716.2,784540,879,65
2026-09-29,IDO,2026-12-29,24000.0,CE,213.1,213.1,22716.2,3153460,28456,65
2026-09-29,IDO,2026-12-29,15000.0,CE,5977.65,7950.7,22716.2,0,0,65
2026-09-29,IDO,2026-11-23,26100.0,CE,9.9,9.9,22716.2,10400,97,65
2026-09-29,IDO,2026-11-23,25800.0,CE,9.25,9.25,22716.2,1040,15,65
2026-09-29,IDO,2026-11-23,25750.0,CE,11.25,17.45,22716.2,520,1,65
2026-09-29,IDO,2026-11-23,25150.0,CE,588.45,43.59,22716.2,0,0,65
2026-09-29,IDO,2026-11-23,25100.0,CE,20.5,20.5,22716.2,43485,229,65
2026-09-29,IDO,2026-11-23,24550.0,CE,45.5,98.91,22716.2,8320,42,65
2026-09-29,IDO,2026-11-23,24350.0,CE,52.35,52.35,22716.2,12870,242,65
2026-09-29,IDO,2026-11-23,24050.0,CE,90.35,90.35,22716.2,12480,238,65
2026-09-29,IDO,2026-11-23,23250.0,CE,311.35,311.35,22716.2,14755,443,65
2026-09-29,IDO,2026-11-23,22600.0,CE,671.0,671.0,22716.2,25025,903,65
2026-09-29,IDO,2026-11-23,22100.0,CE,1032.9,1032.9,22716.2,910,13,65
2026-09-29,IDO,2026-11-23,21650.0,CE,3045.65,1400.17,22716.2,0,0,65
2026-09-29,IDO,2026-11-03,24450.0,CE,166.6,45.26,22716.2,0,0,65
2026-09-29,IDO,2026-11-03,24300.0,CE,201.5,58.9,22716.2,0,0,65
2026-09-29,IDO,2026-11-03,23600.0,CE,96.45,96.45,22716.2,10270,161,65
2026-09-29,IDO,2026-11-03,23350.0,CE,166.6,246.49,22716.2,1950,39,65
2026-09-29,IDO,2026-11-03,23250.0,CE,200.0,200.0,22716.2,2145,44,65
2026-09-29,IDO,2026-11-03,22800.0,CE,411.1,411.1,22716.2,4290,156,65
2026-09-29,IDO,2026-11-03,22750.0,CE,414.15,498.65,22716.2,1235,45,65
2026-09-29,IDO,2026-11-03,22500.0,CE,618.25,618.25,22716.2,260,20,65
2026-09-29,IDO,2026-11-03,20500.0,CE,2970.65,2345.12,22716.2,0,0,65
2026-09-29,IDO,2026-10-27,27150.0,CE,1.0,0.01,22716.2,2210,0,65
2026-09-29,IDO,2026-10-27,27050.0,CE,1.45,1.45,22716.2,9230,289,65
2026-09-29,IDO,2026-10-27,25900.0,CE,2.4,2.4,22716.2,19175,686,65
2026-09-29,IDO,2026-10-27,25700.0,CE,2.55,2.55,22716.2,45500,874,65
2026-09-29,IDO,2026-10-27,25550.0,CE,3.35,1.72,22716.2,1365,0,65
2026-09-29,IDO,2026-10-27,24900.0,CE,6.4,6.4,22716.2,212745,2389,65
2026-09-29,IDO,2026-10-27,24450.0,CE,11.6,11.6,22716.2,118690,1990,65
2026-09-29,IDO,2026-10-27,24400.0,CE,12.45,12.45,22716.2,429130,10293,65
2026-09-29,IDO,2026-10-27,24000.0,CE,26.45,26.45,22716.2,5771870,93380,65
2026-09-29,IDO,2026-10-27,22850.0,CE,327.5,327.5,22716.2,97045,3874,65
2026-09-29,IDO,2026-10-27,22700.0,CE,417.75,417.75,22716.2,1032720,49029,65
2026-09-29,IDO,2026-10-27,22600.0,CE,483.0,483.0,22716.2,382915,18889,65
2026-09-29,IDO,2026-10-27,22400.0,CE,634.6,634.6,22716.2,34515,1083,65
2026-09-29,IDO,2026-10-27,22300.0,CE,702.15,702.15,22716.2,26325,705,65
2026-09-29,IDO,2026-10-27,22150.0,CE,794.15,814.03,22716.2,2665,53,65
2026-09-29,IDO,2026-10-27,21000.0,CE,1874.05,1874.05,22716.2,236665,1914,65
2026-09-29,IDO,2026-10-27,20750.0,CE,3566.95,2065.46,22716.2,0,0,65
2026-09-29,IDO,2026-10-19,25200.0,CE,1.55,1.55,22716.2,2730,68,65
2026-09-29,IDO,2026-10-19,25150.0,CE,3.85,1.11,22716.2,585,0,65
2026-09-29,IDO,2026-10-19,25100.0,CE,2.05,2.05,22716.2,1430,7,65
2026-09-29,IDO,2026-10-19,25050.0,CE,3.2,1.56,22716.2,780,1,65
2026-09-29,IDO,2026-10-19,24700.0,CE,4.9,4.78,22716.2,1950,25,65
2026-09-29,IDO,2026-10-19,24500.0,CE,7.05,7.05,22716.2,57005,447,65
2026-09-29,IDO,2026-10-19,24000.0,CE,15.4,15.4,22716.2,165360,3638,65
2026-09-29,IDO,2026-10-19,23850.0,CE,21.65,21.65,22716.2,15535,226,65
2026-09-29,IDO,2026-10-19,23800.0,CE,24.4,24.4,22716.2,58500,1428,65
2026-09-29,IDO,2026-10-19,23700.0,CE,31.5,31.5,22716.2,72605,1731,65
2026-09-29,IDO,2026-10-19,23650.0,CE,37.1,37.1,22716.2,7085,112,65
2026-09-29,IDO,2026-10-19,23600.0,CE,40.0,40.0,22716.2,90285,1672,65
2026-09-29,IDO,2026-10-19,23400.0,CE,72.8,72.8,22716.2,46995,899,65
2026-09-29,IDO,2026-10-13,25100.0,CE,2.1,2.1,22716.2,3705,89,65
2026-09-29,IDO,2026-10-13,24750.0,CE,4.15,0.83,22716.2,2210,0,65
2026-09-29,IDO,2026-10-13,24150.0,CE,5.85,5.85,22716.2,8840,200,65
2026-09-29,IDO,2026-10-13,23750.0,CE,13.9,13.9,22716.2,73645,2458,65
2026-09-29,IDO,2026-10-13,21850.0,CE,1927.0,945.97,22716.2,0,0,65
2026-09-29,IDO,2026-10-13,21650.0,CE,2118.25,1130.76,22716.2,0,0,65
2026-09-29,IDO,2026-10-13,21500.0,CE,1354.0,1273.86,22716.2,65,1,65
2026-09-29,IDO,2026-10-13,21100.0,CE,2655.45,1665.69,22716.2,0,0,65
2026-09-29,IDO,2026-10-13,20750.0,CE,3001.55,2013.54,22716.2,0,0,65
2026-09-29,IDO,2026-10-06,24750.0,CE,0.95,0.95,22716.2,86125,3037,65
2026-09-29,IDO,2026-10-06,23550.0,CE,6.3,6.3,22716.2,818415,74669,65
2026-09-29,IDO,2026-10-06,23400.0,CE,11.05,11.05,22716.2,3463070,231014,65
2026-09-29,IDO,2026-10-06,23250.0,CE,22.0,22.0,22716.2,1158365,75670,65
2026-09-29,IDO,2026-10-06,22850.0,CE,132.0,132.0,22716.2,1065350,114620,65
2026-09-29,IDO,2026-10-06,21150.0,CE,3029.15,1590.26,22716.2,0,0,65
2026-09-29,IDO,2026-10-06,20550.0,CE,3624.65,2189.52,22716.2,0,0,65
2026-09-29,IDO,2026-09-29,34500.0,CE,0.05,22716.2,22716.2,25350,696,65
2026-09-29,IDO,2026-09-29,27200.0,CE,0.05,22716.2,22716.2,205725,12332,65
2026-09-29,IDO,2026-09-29,26550.0,CE,0.1,22716.2,22716.2,65845,6803,65
2026-09-29,IDO,2026-09-29,26350.0,CE,0.1,22716.2,22716.2,15925,754,65
2026-09-29,IDO,2026-09-29,26250.0,CE,0.1,22716.2,22716.2,22165,938,65
2026-09-29,IDO,2026-09-29,20700.0,CE,3506.75,22716.2,22716.2,0,0,65
2026-09-29,IDO,2026-09-29,21900.0,CE,794.95,22716.2,22716.2,2990,185,65
2026-09-29,IDO,2026-09-29,22500.0,CE,158.45,22716.2,22716.2,1521455,1927446,65
2026-09-29,IDO,2026-12-29,19500.0,PE,39.5,39.5,22716.2,161070,980,65
2026-09-29,IDO,2026-11-23,25900.0,PE,1526.4,2952.0,22716.2,0,0,65
2026-09-29,IDO,2026-11-23,25850.0,PE,1490.4,2903.64,22716.2,0,0,65
2026-09-29,IDO,2026-11-23,25050.0,PE,2152.6,2146.68,22716.2,65,1,65
2026-09-29,IDO,2026-11-23,25000.0,PE,1979.15,1979.15,22716.2,306020,552,65
2026-09-29,IDO,2026-11-23,23600.0,PE,771.4,771.4,22716.2,49465,145,65
2026-09-29,IDO,2026-11-23,21700.0,PE,102.1,102.1,22716.2,65130,896,65
2026-09-29,IDO,2026-11-23,20600.0,PE,7.6,22.14,22716.2,0,0,65
2026-09-29,IDO,2026-11-03,23700.0,PE,610.85,993.06,22716.2,0,0,65
2026-09-29,IDO,2026-11-03,23550.0,PE,528.4,879.91,22716.2,0,0,65
2026-09-29,IDO,2026-10-27,26700.0,PE,3900.0,3862.87,22716.2,260,2,65
2026-09-29,IDO,2026-10-27,26350.0,PE,2163.0,3514.56,22716.2,0,0,65
2026-09-29,IDO,2026-10-27,26200.0,PE,3328.4,3365.33,22716.2,18005,149,65
2026-09-29,IDO,2026-10-27,22500.0,PE,177.55,177.55,22716.2,3353350,82784,65
2026-09-29,IDO,2026-10-27,22100.0,PE,94.35,94.35,22716.2,307450,11488,65
2026-09-29,IDO,2026-10-27,21400.0,PE,34.6,34.6,22716.2,257985,7683,65
2026-09-29,IDO,2026-10-27,21100.0,PE,24.3,24.3,22716.2,30095,1628,65
2026-09-29,IDO,2026-10-27,20750.0,PE,17.2,17.2,22716.2,2535,77,65
2026-09-29,IDO,2026-10-19,24950.0,PE,1732.7,2155.17,22716.2,0,0,65
2026-09-29,IDO,2026-10-19,23050.0,PE,390.35,484.15,22716.2,4030,47,65
2026-09-29,IDO,2026-10-19,22350.0,PE,98.0,98.0,22716.2,5330,124,65
2026-09-29,IDO,2026-10-19,22300.0,PE,97.9,97.9,22716.2,23660,655,65
2026-09-29,IDO,2026-10-19,22100.0,PE,67.9,67.9,22716.2,6110,363,65
2026-09-29,IDO,2026-10-19,21050.0,PE,8.1,4.79,22716.2,0,0,65
2026-09-29,IDO,2026-10-19,20600.0,PE,2.2,0.81,22716.2,0,0,65
2026-09-29,IDO,2026-10-13,25150.0,PE,1450.15,2376.9,22716.2,0,0,65
2026-09-29,IDO,2026-10-13,24500.0,PE,1635.15,1635.15,22716.2,9880,125,65
2026-09-29,IDO,2026-10-13,24350.0,PE,1430.0,1582.6,22716.2,520,0,65
2026-09-29,IDO,2026-10-13,24200.0,PE,1350.0,1350.0,22716.2,2080,47,65
2026-09-29,IDO,2026-10-13,24100.0,PE,1229.4,1229.4,22716.2,6890,10,65
2026-09-29,IDO,2026-10-13,24000.0,PE,1156.0,1156.0,22716.2,26715,270,65
2026-09-29,IDO,2026-10-13,23150.0,PE,403.75,403.75,22716.2,18070,460,65
2026-09-29,IDO,2026-10-13,22150.0,PE,50.3,50.3,22716.2,31330,1348,65
2026-09-29,IDO,2026-10-13,22000.0,PE,36.3,36.3,22716.2,518375,30154,65
2026-09-29,IDO,2026-10-13,21900.0,PE,29.2,29.2,22716.2,85020,5473,65
2026-09-29,IDO,2026-10-13,20600.0,PE,5.9,5.9,22716.2,4745,166,65
2026-09-29,IDO,2026-10-06,25700.0,PE,2575.0,2954.64,22716.2,715,0,65
2026-09-29,IDO,2026-10-06,24950.0,PE,1475.85,2205.49,22716.2,65,0,65
2026-09-29,IDO,2026-10-06,24500.0,PE,1680.65,1680.65,22716.2,359385,4394,65
2026-09-29,IDO,2026-10-06,24150.0,PE,1278.0,1406.89,22716.2,2210,0,65
2026-09-29,IDO,2026-10-06,23750.0,PE,934.15,934.15,22716.2,6370,62,65
2026-09-29,IDO,2026-10-06,23250.0,PE,453.65,453.65,22716.2,265395,5433,65
2026-09-29,IDO,2026-10-06,23100.0,PE,340.3,340.3,22716.2,1280695,34113,65
2026-09-29,IDO,2026-10-06,22750.0,PE,130.2,130.2,22716.2,1211990,143455,65
2026-09-29,IDO,2026-10-06,22100.0,PE,16.7,16.7,22716.2,1136980,132764,65
2026-09-29,IDO,2026-10-06,21450.0,PE,4.6,4.6,22716.2,110370,9458,65
2026-09-29,IDO,2026-10-06,20600.0,PE,2.35,2.35,22716.2,229190,15615,65
2026-09-29,IDO,2026-09-29,26700.0,PE,2560.85,22716.2,22716.2,0,0,65
2026-09-29,IDO,2026-09-29,25350.0,PE,2656.7,22716.2,22716.2,455,3,65
2026-09-29,IDO,2026-09-29,25150.0,PE,2468.0,22716.2,22716.2,1170,10,65
2026-09-29,IDO,2026-09-29,24350.0,PE,1689.3,22716.2,22716.2,269685,418,65
2026-09-29,IDO,2026-09-29,23850.0,PE,1171.2,22716.2,22716.2,68965,467,65
2026-09-29,IDO,2026-09-29,23300.0,PE,601.45,22716.2,22716.2,1303055,33004,65
2026-09-29,IDO,2026-09-29,21100.0,PE,0.05,22716.2,22716.2,212615,34039,65
2026-09-29,IDO,2026-09-29,20950.0,PE,0.1,22716.2,22716.2,35295,1885,65
2026-09-29,IDO,2026-09-29,20800.0,PE,0.05,22716.2,22716.2,147355,16297,65
2026-09-29,IDO,2026-09-29,20750.0,PE,0.1,22716.2,22716.2,55315,2439,65
2026-09-29,IDO,2026-09-29,20700.0,PE,0.1,22716.2,22716.2,35035,2747,65
2026-09-29,IDO,2026-09-29,18000.0,PE,0.05,22716.2,22716.2,229190,7157,65
2026-09-29,IDO,2031-06-24,31500.0,CE,3928.35,2854.91,22716.2,0,0,65
2026-09-29,IDO,2030-12-31,28500.0,CE,5968.3,3390.55,22716.2,0,0,65
2026-09-29,IDO,2030-12-31,16500.0,CE,13763.55,10188.42,22716.2,0,0,65
2026-09-29,IDO,2030-12-31,15000.0,CE,14862.95,11290.24,22716.2,0,0,65
2026-09-29,IDO,2030-06-25,31500.0,CE,3984.8,1952.84,22716.2,0,0,65
2026-09-29,IDO,2030-06-25,18000.0,CE,12423.9,8656.79,22716.2,0,0,65
2026-09-29,IDO,2030-06-25,15000.0,CE,14543.9,10904.36,22716.2,0,0,65
2026-09-29,IDO,2029-12-24,28500.0,CE,4802.1,2364.71,22716.2,0,0,65
2026-09-29,IDO,2029-12-24,16500.0,CE,12984.85,9335.29,22716.2,0,0,65
2026-09-29,IDO,2029-06-26,33000.0,CE,4179.45,848.87,22716.2,0,0,65
2026-09-29,IDO,2029-06-26,21000.0,CE,9799.75,5532.67,22716.2,0,0,65
2026-09-29,IDO,2029-06-26,18000.0,CE,11678.65,7709.94,22716.2,0,0,65
2026-09-29,IDO,2028-06-27,19500.0,CE,9209.1,5462.9,22716.2,0,0,65
2026-09-29,IDO,2027-12-28,33000.0,CE,61.05,94.06,22716.2,9230,10,65
2026-09-29,IDO,2027-06-29,33000.0,CE,1122.75,10.85,22716.2,0,0,65
2026-09-29,IDO,2027-06-29,25500.0,CE,366.25,366.25,22716.2,5720,59,65
2026-09-29,IDO,2026-12-29,22500.0,CE,949.3,949.3,22716.2,211965,2811,65
2026-09-29,IDO,2026-12-29,16000.0,CE,7200.0,6966.33,22716.2,260,0,65
2026-09-29,IDO,2026-11-23,25550.0,CE,13.0,23.93,22716.2,1430,12,65
2026-09-29,IDO,2026-11-23,25450.0,CE,12.45,12.45,22716.2,585,28,65
2026-09-29,IDO,2026-11-23,24600.0,CE,38.2,38.2,22716.2,58630,1442,65
2026-09-29,IDO,2026-11-23,24250.0,CE,65.6,65.6,22716.2,10920,220,65
2026-09-29,IDO,2026-11-23,23600.0,CE,183.95,183.95,22716.2,107445,2556,65
2026-09-29,IDO,2026-11-23,23450.0,CE,230.9,230.9,22716.2,12805,228,65
2026-09-29,IDO,2026-11-23,23400.0,CE,249.3,249.3,22716.2,132990,1534,65
2026-09-29,IDO,2026-11-23,23100.0,CE,382.5,382.5,22716.2,269295,1816,65
2026-09-29,IDO,2026-11-23,22700.0,CE,607.3,607.3,22716.2,33085,1198,65
2026-09-29,IDO,2026-11-23,21700.0,CE,2999.2,1359.97,22716.2,0,0,65
2026-09-29,IDO,2026-11-23,20900.0,CE,3757.7,2053.19,22716.2,0,0,65
2026-09-29,IDO,2026-11-23,20600.0,CE,4048.2,2333.59,22716.2,0,0,65
2026-09-29,IDO,2026-11-03,25150.0,CE,8.6,11.56,22716.2,780,2,65
2026-09-29,IDO,2026-11-03,24250.0,CE,214.4,64.15,22716.2,0,0,65
2026-09-29,IDO,2026-11-03,23400.0,CE,142.05,142.05,22716.2,3185,88,65
2026-09-29,IDO,2026-11-03,22700.0,CE,470.0,470.0,22716.2,2795,77,65
2026-09-29,IDO,2026-11-03,22650.0,CE,518.75,518.75,22716.2,1105,25,65
2026-09-29,IDO,2026-11-03,21200.0,CE,2285.9,1674.08,22716.2,0,0,65
2026-09-29,IDO,2026-11-03,20900.0,CE,2577.35,1957.18,22716.2,0,0,65
2026-09-29,IDO,2026-11-03,20650.0,CE,2822.75,2198.65,22716.2,0,0,65
2026-09-29,IDO,2026-10-27,27200.0,CE,0.65,0.65,22716.2,62010,553,65
2026-09-29,IDO,2026-10-27,25650.0,CE,2.65,1.3,22716.2,4290,20,65
2026-09-29,IDO,2026-10-27,25150.0,CE,5.55,5.01,22716.2,17745,4,65
2026-09-29,IDO,2026-10-27,25050.0,CE,5.6,5.6,22716.2,154635,217,65
2026-09-29,IDO,2026-10-27,23050.0,CE,229.4,229.4,22716.2,112580,2845,65
2026-09-29,IDO,2026-10-27,23000.0,CE,251.8,251.8,22716.2,5057845,124880,65
2026-09-29,IDO,2026-10-27,22050.0,CE,2377.1,888.81,22716.2,0,0,65
2026-09-29,IDO,2026-10-27,21600.0,CE,1263.4,1263.68,22716.2,780,2,65
2026-09-29,IDO,2026-10-19,24850.0,CE,6.8,6.8,22716.2,2015,44,65
2026-09-29,IDO,2026-10-19,24150.0,CE,12.6,12.6,22716.2,3770,60,65
2026-09-29,IDO,2026-10-19,24100.0,CE,12.95,12.95,22716.2,34320,393,65
2026-09-29,IDO,2026-10-19,23750.0,CE,30.4,58.25,22716.2,520,10,65
2026-09-29,IDO,2026-10-19,23300.0,CE,94.7,94.7,22716.2,40755,1542,65
2026-09-29,IDO,2026-10-19,22350.0,CE,626.2,626.2,22716.2,520,8,65
2026-09-29,IDO,2026-10-19,22300.0,CE,664.8,664.8,22716.2,1040,19,65
2026-09-29,IDO,2026-10-19,21050.0,CE,2191.7,1739.16,22716.2,0,0,65
2026-09-29,IDO,2026-10-19,20800.0,CE,2436.25,1985.42,22716.2,0,0,65
2026-09-29,IDO,2026-10-19,20750.0,CE,2485.4,2034.92,22716.2,0,0,65
2026-09-29,IDO,2026-10-19,20500.0,CE,2732.2,2283.11,22716.2,0,0,65
2026-09-29,IDO,2026-10-13,24950.0,CE,3.35,0.35,22716.2,8255,21,65
2026-09-29,IDO,2026-10-13,24700.0,CE,3.05,3.05,22716.2,13455,347,65
2026-09-29,IDO,2026-10-13,23950.0,CE,7.9,7.9,22716.2,136630,5232,65
2026-09-29,IDO,2026-10-13,23900.0,CE,9.5,9.5,22716.2,122070,4607,65
2026-09-29,IDO,2026-10-13,23700.0,CE,15.55,15.55,22716.2,309270,12699,65
2026-09-29,IDO,2026-10-13,23400.0,CE,41.45,41.45,22716.2,524160,18043,65
2026-09-29,IDO,2026-10-13,23000.0,CE,146.9,146.9,22716.2,639990,34412,65
2026-09-29,IDO,2026-10-13,22950.0,CE,167.9,167.9,22716.2,43680,1971,65
2026-09-29,IDO,2026-10-13,22700.0,CE,302.35,302.35,22716.2,1298960,63409,65
2026-09-29,IDO,2026-10-13,22650.0,CE,335.7,335.7,22716.2,24180,3856,65
2026-09-29,IDO,2026-10-13,22250.0,CE,1556.55,610.23,22716.2,0,0,65
2026-09-29,IDO,2026-10-13,21150.0,CE,2606.15,1616.22,22716.2,0,0,65
2026-09-29,IDO,2026-10-13,20550.0,CE,3200.0,2212.9,22716.2,0,0,65
2026-09-29,IDO,2026-10-06,25400.0,CE,0.7,0.7,22716.2,76115,3284,65
2026-09-29,IDO,2026-10-06,23900.0,CE,2.65,2.65,22716.2,2065895,142103,65
2026-09-29,IDO,2026-10-06,23300.0,CE,17.2,17.2,22716.2,4991935,270517,65
2026-09-29,IDO,2026-10-06,22650.0,CE,246.95,246.95,22716.2,536575,112271,65
2026-09-29,IDO,2026-10-06,22250.0,CE,575.15,575.15,22716.2,20995,991,65
2026-09-29,IDO,2026-10-06,20850.0,CE,3326.65,1889.86,22716.2,0,0,65
2026-09-29,IDO,2026-09-29,27050.0,CE,0.1,22716.2,22716.2,26000,825,65
2026-09-29,IDO,2026-09-29,26150.0,CE,0.15,22716.2,22716.2,28730,1661,65
2026-09-29,IDO,2026-09-29,25100.0,CE,0.1,22716.2,22716.2,333190,23889,65
2026-09-29,IDO,2026-09-29,23800.0,CE,0.1,22716.2,22716.2,3852485,661375,65
2026-09-29,IDO,2026-09-29,23550.0,CE,0.1,22716.2,22716.2,2349360,430127,65
2026-09-29,IDO,2026-09-29,23250.0,CE,0.2,22716.2,22716.2,3716895,1739811,65
2026-09-29,IDO,2026-09-29,22400.0,CE,258.0,22716.2,22716.2,262210,241915,65
2026-09-29,IDO,2026-09-29,22250.0,CE,393.65,22716.2,22716.2,37895,7153,65
2026-09-29,IDO,2026-09-29,22150.0,CE,497.75,22716.2,22716.2,8580,1344,65
2026-09-29,IDO,2026-09-29,21300.0,CE,2946.2,22716.2,22716.2,0,0,65
2026-09-29,IDO,2027-03-30,25500.0,PE,2011.65,2011.65,22716.2,246480,1029,65
2026-09-29,IDO,2027-03-30,30000.0,PE,6211.0,6367.36,22716.2,2470,5,65
2026-09-29,IDO,2027-03-30,31500.0,PE,7066.15,7810.51,22716.2,0,0,65
2026-09-29,IDO,2027-06-29,15000.0,PE,1173.2,0.25,22716.2,0,0,65
2026-09-29,IDO,2027-06-29,24000.0,PE,975.9,975.9,22716.2,20345,76,65
2026-09-29,IDO,2027-06-29,31500.0,PE,3604.7,7357.26,22716.2,0,0,65
2026-09-29,IDO,2027-12-28,15000.0,PE,21.7,2.53,22716.2,755,0,65
2026-09-29,IDO,2027-12-28,22000.0,PE,516.2,516.2,22716.2,104480,660,65
2026-09-29,IDO,2028-06-27,21000.0,PE,371.1,435.49,22716.2,260,1,65
2026-09-29,IDO,2028-12-26,18000.0,PE,250.0,110.84,22716.2,75,0,65
2026-09-29,IDO,2028-12-26,25000.0,PE,1400.0,1631.88,22716.2,13605,5,65
2026-09-29,IDO,2028-12-26,33000.0,PE,3315.4,6451.87,22716.2,0,0,65
2026-09-29,IDO,2029-06-26,21000.0,PE,320.25,474.64,22716.2,0,0,65
2026-09-29,IDO,2029-06-26,31500.0,PE,2443.35,4885.14,22716.2,0,0,65
2026-09-29,IDO,2030-06-25,16500.0,PE,12.0,73.35,22716.2,0,0,65
2026-09-29,IDO,2030-06-25,19500.0,PE,64.95,279.88,22716.2,0,0,65
2026-09-29,IDO,2030-06-25,33000.0,PE,3143.9,4934.88,22716.2,0,0,65
2026-09-29,IDO,2026-12-29,28500.0,PE,3320.25,5340.68,22716.2,130,0,65
2026-09-29,IDO,2026-12-29,25000.0,PE,1844.1,1844.1,22716.2,2058145,3866,65
2026-09-29,IDO,2026-10-19,23400.0,PE,632.1,728.37,22716.2,9360,37,65
2026-09-29,IDO,2026-10-19,21950.0,PE,85.8,68.02,22716.2,390,2,65
2026-09-29,IDO,2026-10-19,21850.0,PE,50.2,53.4,22716.2,130,4,65
2026-09-29,IDO,2026-10-13,25000.0,PE,2280.0,2227.38,22716.2,650,5,65
2026-09-29,IDO,2026-10-13,23650.0,PE,840.0,918.96,22716.2,6825,1,65
2026-09-29,IDO,2026-10-13,23350.0,PE,553.05,553.05,22716.2,8775,59,65
2026-09-29,IDO,2026-10-13,21750.0,PE,22.8,22.8,22716.2,17290,1060,65
2026-09-29,IDO,2026-10-13,21050.0,PE,8.2,8.2,22716.2,1300,166,65
2026-09-29,IDO,2026-10-13,20650.0,PE,5.45,5.45,22716.2,1365,110,65
2026-09-29,IDO,2026-10-06,25800.0,PE,2977.45,2977.45,22716.2,10075,138,65
2026-09-29,IDO,2026-10-06,24000.0,PE,1193.05,1193.05,22716.2,534495,4567,65
2026-09-29,IDO,2026-10-06,23450.0,PE,654.8,654.8,22716.2,49530,577,65
2026-09-29,IDO,2026-10-06,22000.0,PE,12.9,12.9,22716.2,5765045,325279,65
2026-09-29,IDO,2026-10-06,21900.0,PE,9.85,9.85,22716.2,1163760,120135,65
2026-09-29,IDO,2026-10-06,20950.0,PE,2.85,2.85,22716.2,24440,3436,65
2026-09-29,IDO,2026-10-06,20800.0,PE,2.8,2.8,22716.2,3047135,88663,65
2026-09-29,IDO,2026-09-29,34500.0,PE,7064.95,22716.2,22716.2,0,0,65
2026-09-29,IDO,2026-09-29,26050.0,PE,2915.0,22716.2,22716.2,65,0,65
2026-09-29,IDO,2026-09-29,26000.0,PE,3310.65,22716.2,22716.2,684345,5754,65
2026-09-29,IDO,2026-09-29,25550.0,PE,2847.0,22716.2,22716.2,130,1,65
2026-09-29,IDO,2026-09-29,25300.0,PE,2611.35,22716.2,22716.2,17680,192,65
2026-09-29,IDO,2026-09-29,25050.0,PE,2354.65,22716.2,22716.2,2535,15,65
2026-09-29,IDO,2026-09-29,24850.0,PE,2135.1,22716.2,22716.2,7670,367,65
2026-09-29,IDO,2026-09-29,23050.0,PE,363.0,22716.2,22716.2,566280,39695,65
2026-09-29,IDO,2026-09-29,22400.0,PE,0.5,22716.2,22716.2,5590455,6689088,65
2026-09-29,IDO,2026-09-29,20500.0,PE,0.05,22716.2,22716.2,132405,23299,65
2026-09-29,IDO,2031-06-24,33000.0,CE,3451.55,2438.54,22716.2,0,0,65
2026-09-29,IDO,2031-06-24,21000.0,CE,8900.75,7598.88,22716.2,0,0,65
2026-09-29,IDO,2031-06-24,15000.0,CE,12902.2,11635.8,22716.2,0,0,65
2026-09-29,IDO,2030-12-31,31500.0,CE,4554.55,2416.7,22716.2,0,0,65
2026-09-29,IDO,2030-06-25,21000.0,CE,10421.65,6608.13,22716.2,0,0,65
2026-09-29,IDO,2029-12-24,18000.0,CE,11362.4,8190.15,22716.2,0,0,65
2026-09-29,IDO,2027-12-28,16500.0,CE,11316.4,7480.4,22716.2,0,0,65
2026-09-29,IDO,2027-03-30,31500.0,CE,15.0,3.9,22716.2,910,1,65
2026-09-29,IDO,2027-03-30,27000.0,CE,57.0,57.0,22716.2,1023165,3496,65
2026-09-29,IDO,2026-12-29,31000.0,CE,5.5,5.5,22716.2,126315,161,65
2026-09-29,IDO,2026-12-29,29000.0,CE,5.75,5.75,22716.2,400300,2175,65
2026-09-29,IDO,2026-12-29,28500.0,CE,6.9,6.9,22716.2,95095,194,65
2026-09-29,IDO,2026-12-29,27000.0,CE,12.8,12.8,22716.2,1769920,6031,65
2026-09-29,IDO,2026-12-29,22000.0,CE,1323.7,1323.7,22716.2,810280,3095,65
2026-09-29,IDO,2026-11-23,24500.0,CE,43.7,43.7,22716.2,760045,8138,65
2026-09-29,IDO,2026-11-23,24150.0,CE,73.25,73.25,22716.2,18135,110,65
2026-09-29,IDO,2026-11-23,23350.0,CE,270.9,270.9,22716.2,13780,275,65
2026-09-29,IDO,2026-11-23,22400.0,CE,798.0,856.45,22716.2,2275,23,65
2026-09-29,IDO,2026-11-23,22000.0,CE,1113.95,1113.95,22716.2,54145,897,65
2026-09-29,IDO,2026-11-23,20950.0,CE,3709.55,2007.29,22716.2,0,0,65
2026-09-29,IDO,2026-11-23,20850.0,CE,3805.95,2099.36,22716.2,0,0,65
2026-09-29,IDO,2026-11-23,20800.0,CE,3854.3,2145.77,22716.2,0,0,65
2026-09-29,IDO,2026-11-23,20700.0,CE,3951.1,2239.27,22716.2,0,0,65
2026-09-29,IDO,2026-11-03,24200.0,CE,34.0,69.8,22716.2,780,9,65
2026-09-29,IDO,2026-11-03,23450.0,CE,128.2,128.2,22716.2,2990,32,65
2026-09-29,IDO,2026-11-03,22100.0,CE,1456.1,912.69,22716.2,0,0,65
2026-09-29,IDO,2026-11-03,21900.0,CE,1631.8,1065.49,22716.2,0,0,65
2026-09-29,IDO,2026-11-03,21150.0,CE,2334.2,1720.61,22716.2,0,0,65
2026-09-29,IDO,2026-11-03,20950.0,CE,2528.5,1909.41,22716.2,0,0,65
2026-09-29,IDO,2026-10-27,26300.0,CE,1.15,1.15,22716.2,39910,252,65
2026-09-29,IDO,2026-10-27,25850.0,CE,2.35,0.73,22716.2,585,0,65
2026-09-29,IDO,2026-10-27,25750.0,CE,2.2,2.2,22716.2,80990,574,65
2026-09-29,IDO,2026-10-27,24850.0,CE,6.95,6.95,22716.2,35425,295,65
2026-09-29,IDO,2026-10-27,24750.0,CE,7.55,7.55,22716.2,35230,406,65
2026-09-29,IDO,2026-10-27,24050.0,CE,23.35,23.35,22716.2,164060,4011,65
2026-09-29,IDO,2026-10-27,23600.0,CE,64.4,64.4,22716.2,1213355,27126,65
2026-09-29,IDO,2026-10-27,23450.0,CE,94.3,94.3,22716.2,115635,3003,65
2026-09-29,IDO,2026-10-27,23200.0,CE,166.1,166.1,22716.2,2475070,28219,65
2026-09-29,IDO,2026-10-27,22800.0,CE,358.45,358.45,22716.2,1198990,51355,65
2026-09-29,IDO,2026-10-27,21550.0,CE,2819.8,1308.21,22716.2,0,0,65
2026-09-29,IDO,2026-10-27,21200.0,CE,1750.0,1631.19,22716.2,65,0,65
2026-09-29,IDO,2026-10-27,20900.0,CE,1980.0,1919.15,22716.2,65,2,65
2026-09-29,IDO,2026-10-27,20550.0,CE,3758.6,2262.07,22716.2,0,0,65
2026-09-29,IDO,2026-10-19,24300.0,CE,112.45,15.07,22716.2,0,0,65
2026-09-29,IDO,2026-10-19,23550.0,CE,47.2,47.2,22716.2,11180,323,65
2026-09-29,IDO,2026-10-19,23250.0,CE,107.8,107.8,22716.2,7150,255,65
2026-09-29,IDO,2026-10-19,22800.0,CE,303.65,303.65,22716.2,27430,1075,65
2026-09-29,IDO,2026-10-19,22650.0,CE,397.75,397.75,22716.2,3510,166,65
2026-09-29,IDO,2026-10-19,22050.0,CE,1266.05,823.21,22716.2,0,0,65
2026-09-29,IDO,2026-10-19,21850.0,CE,1032.85,990.37,22716.2,65,1,65
2026-09-29,IDO,2026-10-13,24600.0,CE,3.15,3.15,22716.2,71110,1626,65
2026-09-29,IDO,2026-10-13,24500.0,CE,3.6,3.6,22716.2,257205,7333,65
2026-09-29,IDO,2026-10-13,24100.0,CE,6.55,6.55,22716.2,53235,3088,65
2026-09-29,IDO,2026-10-13,23350.0,CE,49.45,49.45,22716.2,69030,2675,65
2026-09-29,IDO,2026-10-13,23150.0,CE,94.05,94.05,22716.2,78650,2808,65
2026-09-29,IDO,2026-10-13,22600.0,CE,369.7,369.7,22716.2,149110,8448,65
2026-09-29,IDO,2026-10-13,22350.0,CE,1467.3,536.03,22716.2,0,0,65
2026-09-29,IDO,2026-10-13,21700.0,CE,2070.15,1083.82,22716.2,0,0,65
2026-09-29,IDO,2026-10-13,21600.0,CE,2166.5,1178.11,22716.2,0,0,65
2026-09-29,IDO,2026-10-06,25300.0,CE,0.8,0.8,22716.2,404300,3764,65
2026-09-29,IDO,2026-10-06,25200.0,CE,0.75,0.75,22716.2,277420,13718,65
2026-09-29,IDO,2026-10-06,24950.0,CE,0.8,0.8,22716.2,23400,536,65
2026-09-29,IDO,2026-10-06,24850.0,CE,0.8,0.8,22716.2,48750,1851,65
2026-09-29,IDO,2026-10-06,24650.0,CE,0.9,0.9,22716.2,109785,7585,65
2026-09-29,IDO,2026-10-06,24500.0,CE,1.3,1.3,22716.2,6673810,234620,65
2026-09-29,IDO,2026-10-06,24200.0,CE,1.7,1.7,22716.2,3437395,151170,65
2026-09-29,IDO,2026-10-06,24100.0,CE,1.7,1.7,22716.2,1567475,125416,65
2026-09-29,IDO,2026-10-06,23350.0,CE,13.85,13.85,22716.2,753870,66485,65
2026-09-29,IDO,2026-10-06,23100.0,CE,44.8,44.8,22716.2,4349540,279912,65
2026-09-29,IDO,2026-10-06,22750.0,CE,183.85,183.85,22716.2,758355,143198,65
2026-09-29,IDO,2026-10-06,22200.0,CE,626.05,626.05,22716.2,81835,3353,65
2026-09-29,IDO,2026-10-06,20700.0,CE,3475.65,2039.69,22716.2,0,0,65
2026-09-29,IDO,2026-09-29,27100.0,CE,0.1,22716.2,22716.2,39390,907,65
2026-09-29,IDO,2026-09-29,26800.0,CE,0.1,22716.2,22716.2,38740,4308,65
2026-09-29,IDO,2026-09-29,26200.0,CE,0.05,22716.2,22716.2,105755,6629,65
2026-09-29,IDO,2026-09-29,25600.0,CE,0.1,22716.2,22716.2,102115,7550,65
2026-09-29,IDO,2026-09-29,25200.0,CE,0.05,22716.2,22716.2,343850,27046,65
2026-09-29,IDO,2026-09-29,23700.0,CE,0.1,22716.2,22716.2,4015895,701631,65
2026-09-29,IDO,2026-09-29,23000.0,CE,0.35,22716.2,22716.2,10155795,7240422,65
2026-09-29,IDO,2026-09-29,22800.0,CE,2.35,22716.2,22716.2,9438260,16729749,65
2026-09-29,IDO,2026-09-29,22200.0,CE,456.95,22716.2,22716.2,40690,7654,65
2026-09-29,IDO,2026-11-23,25550.0,PE,1282.8,2615.57,22716.2,0,0,65
2026-09-29,IDO,2027-06-29,21000.0,PE,225.95,225.95,22716.2,32875,288,65
2026-09-29,IDO,2027-06-29,25500.0,PE,667.15,2247.36,22716.2,0,0,65
2026-09-29,IDO,2027-12-28,17000.0,PE,72.55,23.08,22716.2,17775,0,65
2026-09-29,IDO,2027-12-28,21000.0,PE,334.6,334.6,22716.2,64610,189,65
2026-09-29,IDO,2028-06-27,24000.0,PE,680.05,1300.06,22716.2,65,0,65
2026-09-29,IDO,2028-12-26,15000.0,PE,22.25,13.33,22716.2,0,0,65
2026-09-29,IDO,2028-12-26,25500.0,PE,648.2,1843.1,22716.2,0,0,65
2026-09-29,IDO,2029-06-26,28500.0,PE,1349.1,3117.43,22716.2,0,0,65
2026-09-29,IDO,2029-06-26,33000.0,PE,3022.85,5881.22,22716.2,0,0,65
2026-09-29,IDO,2029-12-24,22500.0,PE,225.7,763.78,22716.2,0,0,65
2026-09-29,IDO,2029-12-24,27000.0,PE,1177.9,2201.0,22716.2,0,0,65
2026-09-29,IDO,2029-12-24,28500.0,PE,1255.9,2873.76,22716.2,0,0,65
2026-09-29,IDO,2031-06-24,27000.0,PE,1653.15,1774.5,22716.2,0,0,65
2026-09-29,IDO,2026-11-03,21800.0,PE,44.45,98.37,22716.2,0,0,65
2026-09-29,IDO,2026-11-03,21850.0,PE,48.85,107.36,22716.2,0,0,65
2026-09-29,IDO,2026-11-03,22300.0,PE,149.05,149.05,22716.2,3445,150,65
2026-09-29,IDO,2026-11-03,24700.0,PE,1321.8,1863.09,22716.2,0,0,65
2026-09-29,IDO,2026-11-03,24900.0,PE,1490.95,2052.67,22716.2,0,0,65
2026-09-29,IDO,2026-11-03,25000.0,PE,1577.95,2148.53,22716.2,0,0,65
2026-09-29,IDO,2026-11-23,20650.0,PE,8.3,24.41,22716.2,0,0,65
2026-09-29,IDO,2026-11-23,21000.0,PE,51.0,51.0,22716.2,537420,15400,65
2026-09-29,IDO,2026-11-23,21350.0,PE,68.9,68.9,22716.2,8775,57,65
2026-09-29,IDO,2026-11-23,21950.0,PE,128.85,128.85,22716.2,3120,39,65
2026-09-29,IDO,2026-11-23,22050.0,PE,144.65,144.65,22716.2,6630,135,65
2026-09-29,IDO,2026-11-23,22150.0,PE,163.4,163.4,22716.2,7020,87,65
2026-09-29,IDO,2026-11-23,22800.0,PE,352.7,352.7,22716.2,314405,4370,65
2026-09-29,IDO,2026-11-23,23100.0,PE,481.85,481.85,22716.2,39325,410,65
2026-09-29,IDO,2026-11-23,23500.0,PE,712.7,712.7,22716.2,560885,2796,65
2026-09-29,IDO,2026-11-23,23700.0,PE,860.95,860.95,22716.2,36075,78,65
2026-09-29,IDO,2026-11-23,23900.0,PE,1021.2,1173.56,22716.2,13065,15,65
2026-09-29,IDO,2026-11-23,24700.0,PE,1752.25,1831.01,22716.2,3705,2,65
2026-09-29,IDO,2026-11-23,24800.0,PE,1700.0,1919.88,22716.2,5395,0,65
2026-09-29,IDO,2026-11-03,21650.0,PE,33.15,74.86,22716.2,0,0,65
2026-09-29,IDO,2026-11-03,21400.0,PE,19.6,45.76,22716.2,0,0,65
2026-09-29,IDO,2026-11-03,21200.0,PE,12.5,29.79,22716.2,0,0,65
2026-09-29,IDO,2026-11-03,20700.0,PE,3.55,8.79,22716.2,0,0,65
2026-09-29,IDO,2026-10-27,26400.0,PE,3550.0,3564.31,22716.2,195,1,65
2026-09-29,IDO,2026-10-27,26250.0,PE,3000.0,3415.07,22716.2,260,0,65
2026-09-29,IDO,2026-10-27,25700.0,PE,2820.0,2868.48,22716.2,6630,14,65
2026-09-29,IDO,2026-10-27,23800.0,PE,936.5,936.5,22716.2,554905,3857,65
2026-09-29,IDO,2026-10-27,23750.0,PE,890.25,890.25,22716.2,13130,128,65
2026-09-29,IDO,2026-10-27,23150.0,PE,446.8,446.8,22716.2,39260,447,65
2026-09-29,IDO,2026-10-27,22950.0,PE,346.45,346.45,22716.2,57070,1290,65
2026-09-29,IDO,2026-10-27,22900.0,PE,321.7,321.7,22716.2,841750,18096,65
2026-09-29,IDO,2026-10-27,22000.0,PE,81.95,81.95,22716.2,3416595,89867,65
2026-09-29,IDO,2026-10-27,21950.0,PE,76.6,76.6,22716.2,22620,833,65
2026-09-29,IDO,2026-10-27,21900.0,PE,70.65,70.65,22716.2,475670,11517,65
2026-09-29,IDO,2026-10-27,21600.0,PE,44.75,44.75,22716.2,242450,12328,65
2026-09-29,IDO,2026-10-19,24600.0,PE,1500.0,1810.58,22716.2,325,0,65
2026-09-29,IDO,2026-10-19,24550.0,PE,1372.75,1761.77,22716.2,0,0,65
2026-09-29,IDO,2026-10-19,24200.0,PE,1460.0,1425.08,22716.2,390,5,65
2026-09-29,IDO,2026-09-29,24950.0,PE,2302.8,22716.2,22716.2,3835,10,65
2026-09-29,IDO,2026-09-29,24750.0,PE,2055.1,22716.2,22716.2,21385,74,65
2026-09-29,IDO,2026-09-29,23400.0,PE,699.4,22716.2,22716.2,1711320,16657,65
2026-09-29,IDO,2026-09-29,22600.0,PE,5.8,22716.2,22716.2,14463995,25179081,65
2026-09-29,IDO,2026-09-29,22550.0,PE,1.75,22716.2,22716.2,10073310,14583200,65
2026-09-29,IDO,2026-09-29,21950.0,PE,0.1,22716.2,22716.2,1797835,389794,65
2026-09-29,IDO,2026-09-29,21000.0,PE,0.05,22716.2,22716.2,3410095,411202,65
2026-09-29,IDO,2031-06-24,27000.0,CE,5699.0,4476.16,22716.2,0,0,65
2026-09-29,IDO,2030-12-31,21000.0,CE,10552.5,7132.07,22716.2,0,0,65
2026-09-29,IDO,2029-12-24,30000.0,CE,1500.0,1902.55,22716.2,11005,5,65
2026-09-29,IDO,2029-12-24,25500.0,CE,6500.6,3558.5,22716.2,0,0,65
2026-09-29,IDO,2029-06-26,27000.0,CE,6570.4,2383.58,22716.2,0,0,65
2026-09-29,IDO,2028-12-26,16500.0,CE,12176.65,8440.57,22716.2,0,0,65
2026-09-29,IDO,2027-03-30,22500.0,CE,1376.25,1376.25,22716.2,269750,2821,65
2026-09-29,IDO,2026-12-29,34500.0,CE,2.5,0.0,22716.2,1235,7,65
2026-09-29,IDO,2026-12-29,18000.0,CE,4988.85,4988.85,22716.2,8125,97,65
2026-09-29,IDO,2026-11-23,26000.0,CE,11.0,11.0,22716.2,413920,3042,65
2026-09-29,IDO,2026-11-23,25950.0,CE,9.35,12.6,22716.2,1495,0,65
2026-09-29,IDO,2026-11-23,24950.0,CE,670.25,57.9,22716.2,0,0,65
2026-09-29,IDO,2026-11-23,23850.0,CE,124.5,124.5,22716.2,10725,225,65
2026-09-29,IDO,2026-11-23,23000.0,CE,426.4,426.4,22716.2,694980,9982,65
2026-09-29,IDO,2026-11-23,22650.0,CE,657.35,657.35,22716.2,1495,38,65
2026-09-29,IDO,2026-11-03,25050.0,CE,11.35,14.24,22716.2,1885,1,65
2026-09-29,IDO,2026-11-03,24900.0,CE,10.0,19.31,22716.2,325,0,65
2026-09-29,IDO,2026-11-03,22900.0,CE,353.0,353.0,22716.2,3380,71,65
2026-09-29,IDO,2026-11-03,22850.0,CE,385.25,385.25,22716.2,975,63,65
2026-09-29,IDO,2026-11-03,22550.0,CE,1089.1,610.5,22716.2,0,0,65
2026-09-29,IDO,2026-11-03,21750.0,CE,1767.5,1187.58,22716.2,0,0,65
2026-09-29,IDO,2026-11-03,21650.0,CE,1859.6,1271.87,22716.2,0,0,65
2026-09-29,IDO,2026-11-03,21400.0,CE,2094.4,1491.25,22716.2,0,0,65
2026-09-29,IDO,2026-10-27,26350.0,CE,8.0,0.15,22716.2,520,0,65
2026-09-29,IDO,2026-10-27,26250.0,CE,2.45,0.21,22716.2,2015,0,65
2026-09-29,IDO,2026-10-27,25200.0,CE,4.7,4.7,22716.2,118235,1980,65
2026-09-29,IDO,2026-10-27,24550.0,CE,10.25,10.25,22716.2,110565,2109,65
2026-09-29,IDO,2026-10-27,23150.0,CE,185.5,185.5,22716.2,72800,2143,65
2026-09-29,IDO,2026-10-27,22750.0,CE,387.45,387.45,22716.2,67665,3728,65
2026-09-29,IDO,2026-10-27,22450.0,CE,599.15,599.15,22716.2,7150,197,65
2026-09-29,IDO,2026-10-27,22250.0,CE,754.5,754.5,22716.2,20345,190,65
2026-09-29,IDO,2026-10-27,22000.0,CE,946.15,946.15,22716.2,969930,7967,65
2026-09-29,IDO,2026-10-27,21500.0,CE,1403.75,1403.75,22716.2,400335,1135,65
2026-09-29,IDO,2026-10-27,20850.0,CE,3471.7,1967.79,22716.2,0,0,65
2026-09-29,IDO,2026-10-19,24950.0,CE,4.35,2.17,22716.2,1105,52,65
2026-09-29,IDO,2026-10-19,24350.0,CE,18.9,13.16,22716.2,2600,0,65
2026-09-29,IDO,2026-10-19,23100.0,CE,155.6,155.6,22716.2,20085,802,65
2026-09-29,IDO,2026-10-19,21700.0,CE,1575.5,1122.78,22716.2,0,0,65
2026-09-29,IDO,2026-10-19,21150.0,CE,2094.65,1641.5,22716.2,0,0,65
2026-09-29,IDO,2026-10-13,23500.0,CE,29.65,29.65,22716.2,918515,35035,65
2026-09-29,IDO,2026-10-13,23050.0,CE,124.85,124.85,22716.2,170755,4887,65
2026-09-29,IDO,2026-10-13,22450.0,CE,471.8,471.8,22716.2,325,20,65
2026-09-29,IDO,2026-10-13,22150.0,CE,1647.3,688.74,22716.2,0,0,65
2026-09-29,IDO,2026-10-13,21900.0,CE,1879.7,901.2,22716.2,0,0,65
2026-09-29,IDO,2026-10-13,20900.0,CE,2853.0,1864.22,22716.2,0,0,65
2026-09-29,IDO,2026-10-13,20700.0,CE,3051.15,2063.36,22716.2,0,0,65
2026-09-29,IDO,2026-10-06,25700.0,CE,0.65,0.65,22716.2,34840,1088,65
2026-09-29,IDO,2026-10-06,23850.0,CE,2.8,2.8,22716.2,917800,33487,65
2026-09-29,IDO,2026-10-06,23200.0,CE,27.7,27.7,22716.2,5047185,308307,65
2026-09-29,IDO,2026-10-06,22050.0,CE,736.35,736.35,22716.2,195,7,65
2026-09-29,IDO,2026-10-06,21700.0,CE,1110.0,1110.0,22716.2,390,9,65
2026-09-29,IDO,2026-09-29,26850.0,CE,0.1,22716.2,22716.2,17615,975,65
2026-09-29,IDO,2026-09-29,25300.0,CE,0.05,22716.2,22716.2,193440,12990,65
2026-09-29,IDO,2026-09-29,25250.0,CE,0.05,22716.2,22716.2,183560,23974,65
2026-09-29,IDO,2026-09-29,25050.0,CE,0.1,22716.2,22716.2,43810,3007,65
2026-09-29,IDO,2026-09-29,24250.0,CE,0.1,22716.2,22716.2,598910,94083,65
2026-09-29,IDO,2026-09-29,23650.0,CE,0.1,22716.2,22716.2,2197260,308009,65
2026-09-29,IDO,2026-09-29,23500.0,CE,0.1,22716.2,22716.2,12092015,1988526,65
2026-09-29,IDO,2026-09-29,23450.0,CE,0.15,22716.2,22716.2,2090465,591217,65
2026-09-29,IDO,2026-09-29,23400.0,CE,0.1,22716.2,22716.2,7420270,1558130,65
2026-09-29,IDO,2026-09-29,23200.0,CE,0.2,22716.2,22716.2,8590400,2705665,65
2026-09-29,IDO,2026-09-29,22350.0,CE,300.75,22716.2,22716.2,87360,44689,65
2026-09-29,IDO,2026-09-29,22300.0,CE,344.9,22716.2,22716.2,154115,59548,65
2026-09-29,IDO,2026-09-29,18000.0,CE,4700.0,22716.2,22716.2,715,3,65
2026-09-29,IDO,2026-09-29,15000.0,CE,10499.3,22716.2,22716.2,0,0,65
2026-09-29,IDO,2026-10-06,25750.0,PE,2830.0,3004.58,22716.2,130,0,65
2026-09-29,IDO,2026-10-13,20500.0,PE,4.8,4.8,22716.2,51415,1585,65
2026-09-29,IDO,2026-10-13,22300.0,PE,69.55,69.55,22716.2,156130,9565,65
2026-09-29,IDO,2026-10-13,22400.0,PE,86.55,86.55,22716.2,288795,13963,65
2026-09-29,IDO,2026-10-13,22600.0,PE,135.15,135.15,22716.2,331890,18385,65
2026-09-29,IDO,2026-10-13,22700.0,PE,168.2,168.2,22716.2,1433575,77496,65
2026-09-29,IDO,2026-10-13,22850.0,PE,233.95,233.95,22716.2,196430,6031,65
2026-09-29,IDO,2026-10-13,23500.0,PE,690.1,690.1,22716.2,145080,1154,65
2026-09-29,IDO,2026-10-13,24150.0,PE,1248.0,1387.24,22716.2,520,0,65
2026-09-29,IDO,2026-10-13,24700.0,PE,1075.5,1928.8,22716.2,0,0,65
2026-09-29,IDO,2026-10-13,24850.0,PE,1184.15,2077.98,22716.2,195,0,65
2026-09-29,IDO,2026-10-19,20650.0,PE,2.6,1.0,22716.2,0,0,65
2026-09-29,IDO,2026-10-19,20950.0,PE,11.15,3.32,22716.2,65,0,65
2026-09-29,IDO,2026-10-19,21400.0,PE,18.8,18.8,22716.2,3445,86,65
2026-09-29,IDO,2026-10-19,22000.0,PE,57.6,57.6,22716.2,95355,3069,65
2026-09-29,IDO,2026-10-19,22250.0,PE,92.95,92.95,22716.2,8970,344,65
2026-09-29,IDO,2026-10-19,22400.0,PE,116.65,116.65,22716.2,13845,392,65
2026-09-29,IDO,2026-10-19,22750.0,PE,223.1,223.1,22716.2,8515,562,65
2026-09-29,IDO,2026-10-19,23200.0,PE,452.0,452.0,22716.2,17680,150,65
2026-09-29,IDO,2026-10-19,23650.0,PE,951.65,929.63,22716.2,1040,1,65
2026-09-29,IDO,2026-10-27,20650.0,PE,15.55,15.55,22716.2,5980,140,65
2026-09-29,IDO,2026-10-27,20800.0,PE,17.35,17.35,22716.2,182845,6119,65
2026-09-29,IDO,2026-10-27,20900.0,PE,19.7,19.7,22716.2,45760,2948,65
2026-09-29,IDO,2026-10-27,21000.0,PE,22.8,22.8,22716.2,1133535,31514,65
2026-09-29,IDO,2026-10-27,22050.0,PE,87.35,87.35,22716.2,63375,2107,65
2026-09-29,IDO,2026-10-27,22200.0,PE,110.55,110.55,22716.2,522080,16816,65
2026-09-29,IDO,2026-10-27,23100.0,PE,423.05,423.05,22716.2,1743430,11934,65
2026-09-29,IDO,2026-10-27,23450.0,PE,667.5,667.5,22716.2,53235,229,65
2026-09-29,IDO,2026-10-27,24300.0,PE,1413.35,1413.35,22716.2,232635,839,65
2026-09-29,IDO,2026-10-27,24800.0,PE,1915.9,1915.9,22716.2,319410,451,65
2026-09-29,IDO,2026-10-27,24850.0,PE,2100.0,2031.73,22716.2,1560,6,65
2026-09-29,IDO,2026-10-27,25000.0,PE,2091.75,2091.75,22716.2,2214290,8030,65
2026-09-29,IDO,2026-10-27,25200.0,PE,2227.2,2227.2,22716.2,34450,262,65
2026-09-29,IDO,2026-10-27,25600.0,PE,2704.05,2704.05,22716.2,9555,72,65
2026-09-29,IDO,2026-10-27,26000.0,PE,3067.95,3067.95,22716.2,1909310,4787,65
2026-09-29,IDO,2026-10-27,26600.0,PE,3700.0,3763.34,22716.2,455,1,65
2026-09-29,IDO,2026-11-03,20550.0,PE,2.35,5.83,22716.2,0,0,65
2026-09-29,IDO,2026-11-03,22000.0,PE,102.45,102.45,22716.2,10855,427,65
2026-09-29,IDO,2026-11-03,22600.0,PE,225.45,225.45,22716.2,4745,220,65
2026-09-29,IDO,2026-11-03,22800.0,PE,301.35,301.35,22716.2,6435,115,65
2026-09-29,IDO,2026-11-03,23250.0,PE,586.7,673.44,22716.2,520,25,65
2026-09-29,IDO,2026-11-03,24400.0,PE,1082.55,1585.85,22716.2,0,0,65
2026-09-29,IDO,2026-11-03,24850.0,PE,1448.0,2004.98,22716.2,0,0,65
2026-09-29,IDO,2026-11-03,25200.0,PE,1756.2,2341.94,22716.2,0,0,65
2026-09-29,IDO,2026-11-23,20800.0,PE,44.8,44.8,22716.2,19370,492,65
2026-09-29,IDO,2026-11-23,22450.0,PE,226.0,226.0,22716.2,4680,69,65
2026-09-29,IDO,2026-11-23,22950.0,PE,426.2,567.26,22716.2,6370,38,65
2026-09-29,IDO,2026-11-23,23950.0,PE,1067.5,1210.52,22716.2,1040,10,65
2026-09-29,IDO,2026-11-23,24100.0,PE,1217.5,1326.97,22716.2,10335,12,65
2026-09-29,IDO,2026-11-23,24550.0,PE,1567.5,1700.02,22716.2,715,0,65
2026-09-29,IDO,2026-11-23,25250.0,PE,1090.7,2332.15,22716.2,0,0,65
2026-09-29,IDO,2026-11-23,26100.0,PE,1675.5,3146.22,22716.2,0,0,65
2026-09-29,IDO,2026-12-29,12000.0,PE,5.0,0.0,22716.2,19710,15,65
2026-09-29,IDO,2027-03-30,33000.0,PE,8415.45,9261.05,22716.2,0,0,65
2026-09-29,IDO,2027-06-29,33000.0,PE,4691.7,8771.03,22716.2,0,0,65
2026-09-29,IDO,2027-12-28,19500.0,PE,29.25,162.04,22716.2,0,0,65
2026-09-29,IDO,2027-12-28,22500.0,PE,186.5,763.64,22716.2,0,0,65
2026-09-29,IDO,2027-12-28,30000.0,PE,4890.0,4890.0,22716.2,6435,17,65
2026-09-29,IDO,2028-06-27,18000.0,PE,396.75,86.18,22716.2,0,0,65
2026-09-29,IDO,2028-06-27,22000.0,PE,550.0,657.8,22716.2,2145,1,65
2026-09-29,IDO,2028-06-27,25500.0,PE,1034.0,1964.86,22716.2,0,0,65
2026-09-29,IDO,2028-12-26,21000.0,PE,400.0,462.82,22716.2,11050,2,65
2026-09-29,IDO,2028-12-26,22500.0,PE,218.8,795.38,22716.2,0,0,65
2026-09-29,IDO,2028-12-26,30000.0,PE,3500.0,4335.15,22716.2,325,0,65
2026-09-29,IDO,2029-06-26,22500.0,PE,224.45,783.78,22716.2,0,0,65
2026-09-29,IDO,2029-06-26,26000.0,PE,1650.0,1930.92,22716.2,50,0,65
2026-09-29,IDO,2029-12-24,19500.0,PE,61.2,274.1,22716.2,0,0,65
2026-09-29,IDO,2030-12-31,27000.0,PE,779.5,1899.09,22716.2,0,0,65
2026-09-29,IDO,2030-12-31,33000.0,PE,2387.3,4525.2,22716.2,0,0,65
2026-09-29,IDO,2026-10-06,25050.0,PE,1932.0,2305.38,22716.2,65,0,65
2026-09-29,IDO,2026-10-06,25000.0,PE,2185.55,2185.55,22716.2,98280,510,65
2026-09-29,IDO,2026-10-06,24700.0,PE,1920.0,1955.78,22716.2,2665,21,65
2026-09-29,IDO,2026-10-06,24400.0,PE,1595.9,1595.9,22716.2,67015,314,65
2026-09-29,IDO,2026-10-06,23900.0,PE,1087.8,1087.8,22716.2,122070,853,65
2026-09-29,IDO,2026-10-06,23050.0,PE,300.75,300.75,22716.2,485225,6102,65
2026-09-29,IDO,2026-10-06,22800.0,PE,150.9,150.9,22716.2,3329495,295664,65
2026-09-29,IDO,2026-10-06,22500.0,PE,58.9,58.9,22716.2,4060420,478086,65
2026-09-29,IDO,2026-10-06,21750.0,PE,7.45,7.45,22716.2,229905,25802,65
2026-09-29,IDO,2026-10-06,21650.0,PE,6.3,6.3,22716.2,176930,19771,65
2026-09-29,IDO,2026-10-06,21550.0,PE,5.45,5.45,22716.2,201955,15327,65
2026-09-29,IDO,2026-09-29,33000.0,PE,6552.15,22716.2,22716.2,0,0,65
2026-09-29,IDO,2026-09-29,27150.0,PE,2959.15,22716.2,22716.2,0,0,65
2026-09-29,IDO,2026-09-29,25700.0,PE,3000.85,22716.2,22716.2,4095,56,65
2026-09-29,IDO,2026-09-29,25650.0,PE,2200.0,22716.2,22716.2,520,0,65
2026-09-29,IDO,2026-10-27,25450.0,PE,1850.0,2620.75,22716.2,325,0,65
2026-09-29,IDO,2026-10-27,24750.0,PE,1810.0,1934.97,22716.2,715,1,65
2026-09-29,IDO,2026-10-27,24550.0,PE,1802.5,1743.51,22716.2,6630,4,65
2026-09-29,IDO,2026-10-27,24000.0,PE,1131.05,1131.05,22716.2,2874950,10478,65
2026-09-29,IDO,2026-10-27,23950.0,PE,1150.35,1195.96,22716.2,5200,9,65
2026-09-29,IDO,2026-10-27,23350.0,PE,579.95,579.95,22716.2,32695,351,65
2026-09-29,IDO,2026-10-27,23300.0,PE,550.3,550.3,22716.2,2809755,7957,65
2026-09-29,IDO,2026-10-27,23050.0,PE,394.8,394.8,22716.2,62270,638,65
2026-09-29,IDO,2026-10-27,21700.0,PE,51.25,51.25,22716.2,465725,14242,65
2026-09-29,IDO,2026-10-27,21550.0,PE,41.05,41.05,22716.2,22035,946,65
2026-09-29,IDO,2026-10-19,24250.0,PE,1180.0,1472.5,22716.2,65,0,65
2026-09-29,IDO,2026-10-19,23500.0,PE,685.85,685.85,22716.2,21255,137,65
2026-09-29,IDO,2026-10-19,23100.0,PE,421.95,421.95,22716.2,5785,333,65
2026-09-29,IDO,2026-10-19,21700.0,PE,33.35,33.35,22716.2,3640,61,65
2026-09-29,IDO,2026-10-19,21550.0,PE,27.65,23.97,22716.2,0,0,65
2026-09-29,IDO,2026-10-19,21200.0,PE,16.35,16.35,22716.2,1690,43,65
2026-09-29,IDO,2026-10-19,20700.0,PE,3.0,1.24,22716.2,0,0,65
2026-09-29,IDO,2026-10-13,25400.0,PE,2600.0,2626.23,22716.2,65,1,65
2026-09-29,IDO,2026-10-13,24550.0,PE,961.3,1780.0,22716.2,0,0,65
2026-09-29,IDO,2026-10-13,23600.0,PE,781.0,781.0,22716.2,39520,86,65
2026-09-29,IDO,2026-10-13,23450.0,PE,716.1,746.61,22716.2,12935,36,65
2026-09-29,IDO,2026-10-13,23300.0,PE,515.85,515.85,22716.2,128635,2107,65
2026-09-29,IDO,2026-10-13,22900.0,PE,257.65,257.65,22716.2,191945,5779,65
2026-09-29,IDO,2026-10-13,22650.0,PE,151.55,151.55,22716.2,56875,4827,65
2026-09-29,IDO,2026-10-13,22100.0,PE,44.65,44.65,22716.2,200590,9704,65
2026-09-29,IDO,2026-10-13,20950.0,PE,7.7,7.7,22716.2,1495,201,65
2026-09-29,IDO,2026-10-13,20800.0,PE,6.4,6.4,22716.2,21515,977,65
2026-09-29,IDO,2026-10-13,20700.0,PE,5.5,5.5,22716.2,7930,218,65
2026-09-29,IDO,2026-10-06,24800.0,PE,1970.0,1970.0,22716.2,20410,33,65
2026-09-29,IDO,2026-10-06,23600.0,PE,805.0,805.0,22716.2,186160,1709,65
2026-09-29,IDO,2026-10-06,22250.0,PE,26.45,26.45,22716.2,698165,64961,65
2026-09-29,IDO,2026-10-06,22150.0,PE,19.2,19.2,22716.2,445120,46521,65
2026-09-29,IDO,2026-10-06,21950.0,PE,11.45,11.45,22716.2,749710,47853,65
2026-09-29,IDO,2026-10-06,21400.0,PE,4.65,4.65,22716.2,1967680,80742,65
2026-09-29,IDO,2026-10-06,21350.0,PE,4.0,4.0,22716.2,591760,16762,65
2026-09-29,IDO,2026-10-06,21200.0,PE,3.55,3.55,22716.2,725985,51516,65
2026-09-29,IDO,2026-09-29,28500.0,PE,5819.95,22716.2,22716.2,150475,1127,65
2026-09-29,IDO,2026-09-29,26900.0,PE,2776.0,22716.2,22716.2,65,0,65
2026-09-29,IDO,2026-09-29,26850.0,PE,2691.9,22716.2,22716.2,0,0,65
2026-09-29,IDO,2026-09-29,26750.0,PE,2201.15,22716.2,22716.2,65,0,65
2026-09-29,IDO,2026-09-29,25600.0,PE,2962.2,22716.2,22716.2,28470,49,65
2026-09-29,IDO,2026-09-29,25000.0,PE,2321.2,22716.2,22716.2,565455,8530,65
2026-09-29,IDO,2026-09-29,23900.0,PE,1220.45,22716.2,22716.2,234780,2909,65
2026-09-29,IDO,2026-09-29,23350.0,PE,666.95,22716.2,22716.2,329420,5810,65
2026-09-29,IDO,2026-09-29,23250.0,PE,560.35,22716.2,22716.2,1254890,30437,65
2026-09-29,IDO,2026-09-29,22850.0,PE,169.55,22716.2,22716.2,1620190,1066222,65
2026-09-29,IDO,2026-09-29,22300.0,PE,0.3,22716.2,22716.2,5349630,3163290,65
2026-09-29,IDO,2026-09-29,21800.0,PE,0.1,22716.2,22716.2,3226600,599211,65
2026-09-29,IDO,2026-09-29,21600.0,PE,0.05,22716.2,22716.2,2062645,308806,65
2026-09-29,IDO,2026-09-29,21450.0,PE,0.1,22716.2,22716.2,448175,38454,65
2026-09-29,IDO,2026-09-29,20850.0,PE,0.1,22716.2,22716.2,40560,2596,65
2026-09-29,IDO,2031-06-24,22500.0,CE,8012.75,6716.99,22716.2,0,0,65
2026-09-29,IDO,2030-06-25,30000.0,CE,5580.35,2374.41,22716.2,0,0,65
2026-09-29,IDO,2030-06-25,28500.0,CE,5382.85,2869.63,22716.2,0,0,65
2026-09-29,IDO,2029-06-26,22500.0,CE,7946.5,4580.51,22716.2,0,0,65
2026-09-29,IDO,2028-12-26,27000.0,CE,1435.0,1847.14,22716.2,4615,2,65
2026-09-29,IDO,2028-06-27,28500.0,CE,2990.0,913.8,22716.2,0,0,65
2026-09-29,IDO,2028-06-27,22500.0,CE,6796.05,3358.5,22716.2,0,0,65
2026-09-29,IDO,2027-03-30,28500.0,CE,28.5,28.5,22716.2,197145,459,65
2026-09-29,IDO,2027-03-30,16500.0,CE,6995.9,6728.58,22716.2,0,0,65
2026-09-29,IDO,2026-12-29,20000.0,CE,3110.75,3110.75,22716.2,765400,1438,65
2026-09-29,IDO,2026-11-23,25700.0,CE,9.7,9.7,22716.2,780,15,65
2026-09-29,IDO,2026-11-23,24200.0,CE,67.35,67.35,22716.2,172120,3167,65
2026-09-29,IDO,2026-11-23,23650.0,CE,171.7,171.7,22716.2,15470,216,65
2026-09-29,IDO,2026-11-23,23150.0,CE,356.25,356.25,22716.2,128180,196,65
2026-09-29,IDO,2026-11-23,22850.0,CE,506.0,600.32,22716.2,2925,41,65
2026-09-29,IDO,2026-11-23,21800.0,CE,1571.45,1281.11,22716.2,130,0,65
2026-09-29,IDO,2026-11-23,21400.0,CE,3280.1,1608.21,22716.2,0,0,65
2026-09-29,IDO,2026-11-23,21300.0,CE,3374.8,1694.42,22716.2,0,0,65
2026-09-29,IDO,2026-11-23,21050.0,CE,3613.45,1916.31,22716.2,0,0,65
2026-09-29,IDO,2026-11-03,24750.0,CE,111.0,25.92,22716.2,0,0,65
2026-09-29,IDO,2026-11-03,24700.0,CE,15.95,15.95,22716.2,20020,163,65
2026-09-29,IDO,2026-11-03,24550.0,CE,146.05,37.76,22716.2,0,0,65
2026-09-29,IDO,2026-11-03,24500.0,CE,156.05,41.36,22716.2,0,0,65
2026-09-29,IDO,2026-11-03,23800.0,CE,63.15,63.15,22716.2,12870,243,65
2026-09-29,IDO,2026-11-03,23700.0,CE,401.3,152.46,22716.2,0,0,65
2026-09-29,IDO,2026-11-03,23650.0,CE,181.9,163.83,22716.2,1495,0,65
2026-09-29,IDO,2026-11-03,22950.0,CE,331.65,331.65,22716.2,845,26,65
2026-09-29,IDO,2026-11-03,22000.0,CE,1543.15,987.27,22716.2,0,0,65
2026-09-29,IDO,2026-11-03,21000.0,CE,2479.75,1861.85,22716.2,0,0,65
2026-09-29,IDO,2026-11-03,20850.0,CE,2626.3,2005.15,22716.2,0,0,65
2026-09-29,IDO,2026-10-27,26500.0,CE,0.8,0.8,22716.2,723450,3549,65
2026-09-29,IDO,2026-10-27,25950.0,CE,3.25,0.54,22716.2,1170,0,65
2026-09-29,IDO,2026-10-27,25250.0,CE,5.9,3.87,22716.2,2080,0,65
2026-09-29,IDO,2026-10-27,24650.0,CE,8.75,8.75,22716.2,42965,518,65
2026-09-29,IDO,2026-10-27,23850.0,CE,35.55,35.55,22716.2,69160,1719,65
2026-09-29,IDO,2026-10-27,23800.0,CE,39.3,39.3,22716.2,1292915,37441,65
2026-09-29,IDO,2026-10-27,23750.0,CE,45.1,45.1,22716.2,116480,3197,65
2026-09-29,IDO,2026-10-27,22500.0,CE,552.7,552.7,22716.2,808015,20811,65
2026-09-29,IDO,2026-10-19,24450.0,CE,11.4,11.4,22716.2,3055,16,65
2026-09-29,IDO,2026-10-19,22950.0,CE,221.3,221.3,22716.2,8385,274,65
2026-09-29,IDO,2026-10-19,22400.0,CE,584.0,584.0,22716.2,1300,31,65
2026-09-29,IDO,2026-10-19,21350.0,CE,1902.6,1448.48,22716.2,0,0,65
2026-09-29,IDO,2026-10-19,21250.0,CE,1998.25,1544.54,22716.2,0,0,65
2026-09-29,IDO,2026-10-19,20700.0,CE,2534.65,2084.48,22716.2,0,0,65
2026-09-29,IDO,2026-10-19,20600.0,CE,2633.35,2183.73,22716.2,0,0,65
2026-09-29,IDO,2026-10-13,25300.0,CE,1.55,0.07,22716.2,2795,76,65
2026-09-29,IDO,2026-10-13,25000.0,CE,2.05,2.05,22716.2,166725,4352,65
2026-09-29,IDO,2026-10-13,23800.0,CE,12.2,12.2,22716.2,328835,14127,65
2026-09-29,IDO,2026-10-13,20600.0,CE,3150.35,2163.04,22716.2,0,0,65
2026-09-29,IDO,2026-10-06,25350.0,CE,0.8,0.8,22716.2,13455,422,65
2026-09-29,IDO,2026-10-06,24000.0,CE,2.15,2.15,22716.2,5498545,308830,65
2026-09-29,IDO,2026-10-06,22550.0,CE,321.85,321.85,22716.2,148915,28462,65
2026-09-29,IDO,2026-10-06,21300.0,CE,2880.7,1440.57,22716.2,0,0,65
2026-09-29,IDO,2026-10-06,20500.0,CE,3674.35,2239.46,22716.2,0,0,65
2026-09-29,IDO,2026-09-29,27150.0,CE,0.05,22716.2,22716.2,131950,5455,65
2026-09-29,IDO,2026-09-29,26600.0,CE,0.1,22716.2,22716.2,29770,1699,65
2026-09-29,IDO,2026-09-29,26000.0,CE,0.05,22716.2,22716.2,2197775,56281,65
2026-09-29,IDO,2026-09-29,25850.0,CE,0.1,22716.2,22716.2,21125,1280,65
2026-09-29,IDO,2026-09-29,25750.0,CE,0.15,22716.2,22716.2,13390,1147,65
2026-09-29,IDO,2026-09-29,25500.0,CE,0.1,22716.2,22716.2,1479140,51733,65
2026-09-29,IDO,2026-09-29,24550.0,CE,0.05,22716.2,22716.2,341055,60328,65
2026-09-29,IDO,2026-09-29,23350.0,CE,0.15,22716.2,22716.2,3387150,987012,65
2026-09-29,IDO,2026-09-29,21650.0,CE,1590.0,22716.2,22716.2,65,0,65
2026-09-29,IDO,2026-09-29,21350.0,CE,2900.5,22716.2,22716.2,0,0,65
2026-09-29,IDO,2026-09-29,21150.0,CE,3084.3,22716.2,22716.2,0,0,65
2026-09-29,IDO,2026-09-29,21100.0,CE,3130.65,22716.2,22716.2,0,0,65
2026-09-29,IDO,2026-09-29,20950.0,CE,3270.7,22716.2,22716.2,0,0,65
2026-09-29,IDO,2026-09-29,20600.0,CE,3601.95,22716.2,22716.2,0,0,65
2026-09-29,IDO,2026-09-29,16500.0,CE,10168.85,22716.2,22716.2,0,0,65
2026-09-29,IDO,2026-11-03,20500.0,PE,2.05,5.06,22716.2,0,0,65
2026-09-29,IDO,2026-11-03,20850.0,PE,5.3,12.97,22716.2,0,0,65
2026-09-29,IDO,2026-11-03,21350.0,PE,17.55,41.23,22716.2,0,0,65
2026-09-29,IDO,2026-11-03,21750.0,PE,74.95,89.97,22716.2,65,0,65
2026-09-29,IDO,2026-11-03,22250.0,PE,133.35,133.35,22716.2,1040,16,65
2026-09-29,IDO,2026-11-03,22700.0,PE,260.2,260.2,22716.2,5330,177,65
2026-09-29,IDO,2026-11-03,23500.0,PE,723.05,843.63,22716.2,4615,7,65
2026-09-29,IDO,2026-11-03,23800.0,PE,669.7,1071.58,22716.2,0,0,65
2026-09-29,IDO,2026-11-03,24250.0,PE,970.25,1451.44,22716.2,0,0,65
2026-09-29,IDO,2026-11-03,24450.0,PE,1121.05,1631.34,22716.2,0,0,65
2026-09-29,IDO,2026-11-03,24950.0,PE,1534.25,2100.52,22716.2,0,0,65
2026-09-29,IDO,2026-11-23,20700.0,PE,9.05,26.87,22716.2,0,0,65
2026-09-29,IDO,2026-11-23,21400.0,PE,73.75,73.75,22716.2,26390,790,65
2026-09-29,IDO,2026-11-23,22500.0,PE,246.85,246.85,22716.2,1280500,24700,65
2026-09-29,IDO,2026-11-23,22600.0,PE,273.65,273.65,22716.2,84110,2200,65
2026-09-29,IDO,2026-11-23,25600.0,PE,2600.0,2663.3,22716.2,195,3,65
2026-09-29,IDO,2026-11-23,25650.0,PE,1350.35,2711.15,22716.2,0,0,65
2026-09-29,IDO,2026-12-29,14000.0,PE,7.1,7.1,22716.2,12665,45,65
2026-09-29,IDO,2026-12-29,16500.0,PE,12.4,12.4,22716.2,5460,77,65
2026-09-29,IDO,2026-12-29,18000.0,PE,22.95,22.95,22716.2,751030,3289,65
2026-09-29,IDO,2026-12-29,20000.0,PE,49.1,49.1,22716.2,1656970,10594,65
2026-09-29,IDO,2027-03-30,22500.0,PE,411.4,411.4,22716.2,803530,3882,65
2026-09-29,IDO,2027-12-28,24000.0,PE,1058.1,1058.1,22716.2,256455,1435,65
2026-09-29,IDO,2029-12-24,16500.0,PE,10.15,65.29,22716.2,0,0,65
2026-09-29,IDO,2029-12-24,21000.0,PE,418.05,476.43,22716.2,1885,0,65
2026-09-29,IDO,2029-12-24,30000.0,PE,3150.0,3633.98,22716.2,1365,1,65
2026-09-29,IDO,2030-12-31,16500.0,PE,13.65,79.62,22716.2,0,0,65
2026-09-29,IDO,2030-12-31,19500.0,PE,67.4,281.16,22716.2,0,0,65
2026-09-29,IDO,2026-10-27,26750.0,PE,2501.2,3912.63,22716.2,0,0,65
2026-09-29,IDO,2026-10-27,26500.0,PE,3582.7,3582.7,22716.2,524680,1418,65
2026-09-29,IDO,2026-10-27,25650.0,PE,2492.35,2818.88,22716.2,195,0,65
2026-09-29,IDO,2028-12-26,28500.0,PE,1451.15,3396.37,22716.2,0,0,65
2026-09-29,IDO,2028-12-26,27000.0,PE,2100.0,2100.0,22716.2,17845,17,65
2026-09-29,IDO,2027-03-30,19500.0,PE,71.8,71.8,22716.2,277615,1140,65
2026-09-29,IDO,2026-12-29,26000.0,PE,2769.2,2769.2,22716.2,1610705,3154,65
2026-09-29,IDO,2026-12-29,13000.0,PE,4.85,4.85,22716.2,9305,16,65
2026-09-29,IDO,2026-11-23,25500.0,PE,2474.2,2474.2,22716.2,214045,174,65
2026-09-29,IDO,2026-11-23,25150.0,PE,1030.25,2239.02,22716.2,0,0,65
2026-09-29,IDO,2026-11-23,24250.0,PE,1293.1,1447.62,22716.2,780,0,65
2026-09-29,IDO,2026-11-23,24200.0,PE,1300.0,1406.96,22716.2,11765,16,65
2026-09-29,IDO,2026-11-23,23850.0,PE,910.9,1136.16,22716.2,2340,0,65
2026-09-29,IDO,2026-11-23,22750.0,PE,334.55,334.55,22716.2,12350,88,65
2026-09-29,IDO,2026-11-23,22300.0,PE,192.85,192.85,22716.2,62335,1754,65
2026-09-29,IDO,2026-11-23,21650.0,PE,131.85,128.77,22716.2,390,18,65
2026-09-29,IDO,2026-11-23,21050.0,PE,63.55,50.59,22716.2,5590,100,65
2026-09-29,IDO,2026-11-23,20850.0,PE,62.0,35.54,22716.2,195,3,65
2026-09-29,IDO,2026-11-03,24550.0,PE,1199.8,1723.23,22716.2,0,0,65
2026-09-29,IDO,2026-11-03,23850.0,PE,700.25,1111.73,22716.2,0,0,65
2026-09-29,IDO,2026-11-03,22550.0,PE,215.25,215.25,22716.2,1690,38,65
2026-09-29,IDO,2026-11-03,21250.0,PE,14.0,33.27,22716.2,0,0,65
2026-09-29,IDO,2026-11-03,21050.0,PE,8.75,21.13,22716.2,0,0,65
2026-09-29,IDO,2026-10-27,26150.0,PE,2950.0,3315.6,22716.2,195,0,65
2026-09-29,IDO,2026-10-27,25900.0,PE,2925.0,2925.0,22716.2,1625,3,65
2026-09-29,IDO,2026-10-27,25750.0,PE,1659.3,2918.1,22716.2,325,0,65
2026-09-29,IDO,2026-10-27,22850.0,PE,300.85,300.85,22716.2,93730,2434,65
2026-09-29,IDO,2026-10-27,22800.0,PE,279.55,279.55,22716.2,2041975,60293,65
2026-09-29,IDO,2026-10-27,22650.0,PE,229.05,229.05,22716.2,218985,6649,65
2026-09-29,IDO,2026-10-27,22250.0,PE,121.0,121.0,22716.2,231400,2720,65
2026-09-29,IDO,2026-10-27,21150.0,PE,25.45,25.45,22716.2,8515,413,65
2026-09-29,IDO,2026-10-19,23950.0,PE,887.9,1192.96,22716.2,0,0,65
2026-09-29,IDO,2026-10-19,23350.0,PE,598.95,691.41,22716.2,2145,16,65
2026-09-29,IDO,2026-10-19,23150.0,PE,454.3,548.81,22716.2,2665,29,65
2026-09-29,IDO,2026-10-19,22150.0,PE,76.3,76.3,22716.2,4485,110,65
2026-09-29,IDO,2026-10-19,21600.0,PE,30.25,30.25,22716.2,18655,569,65
2026-09-29,IDO,2026-10-19,21500.0,PE,25.35,25.35,22716.2,30810,1047,65
2026-09-29,IDO,2026-10-19,21150.0,PE,19.95,6.8,22716.2,1560,2,65
2026-09-29,IDO,2026-10-19,20750.0,PE,3.5,1.52,22716.2,0,0,65
2026-09-29,IDO,2026-10-19,20550.0,PE,1.9,0.65,22716.2,0,0,65
2026-09-29,IDO,2026-10-19,20500.0,PE,6.3,6.3,22716.2,2405,69,65
2026-09-29,IDO,2026-10-13,25300.0,PE,1583.0,2526.48,22716.2,0,0,65
2026-09-29,IDO,2026-10-13,24950.0,PE,1278.75,2177.56,22716.2,0,0,65
2026-09-29,IDO,2026-10-13,24750.0,PE,1115.1,1978.49,22716.2,0,0,65
2026-09-29,IDO,2026-10-13,22200.0,PE,55.6,55.6,22716.2,420160,16297,65
2026-09-29,IDO,2026-10-13,21850.0,PE,26.85,26.85,22716.2,27820,1144,65
2026-09-29,IDO,2026-10-13,21800.0,PE,24.1,24.1,22716.2,323960,15645,65
2026-09-29,IDO,2026-10-13,21500.0,PE,14.75,14.75,22716.2,363220,16853,65
2026-09-29,IDO,2026-10-13,21200.0,PE,9.5,9.5,22716.2,66950,2242,65
2026-09-29,IDO,2026-10-13,21150.0,PE,9.3,9.3,22716.2,1885,121,65
2026-09-29,IDO,2026-10-06,25500.0,PE,2671.8,2671.8,22716.2,66430,647,65
2026-09-29,IDO,2026-10-06,25150.0,PE,1102.0,2405.26,22716.2,0,0,65
2026-09-29,IDO,2026-10-06,25100.0,PE,2279.9,2279.9,22716.2,5330,6,65
2026-09-29,IDO,2026-10-06,24350.0,PE,1580.0,1606.31,22716.2,1105,9,65
2026-09-29,IDO,2026-10-06,23850.0,PE,1026.2,1026.2,22716.2,9815,52,65
2026-09-29,IDO,2026-10-06,23350.0,PE,564.7,564.7,22716.2,80080,978,65
2026-09-29,IDO,2026-10-06,23200.0,PE,419.5,419.5,22716.2,638625,32367,65
2026-09-29,IDO,2026-10-06,22950.0,PE,232.3,232.3,22716.2,418145,16693,65
2026-09-29,IDO,2026-10-06,22450.0,PE,49.15,49.15,22716.2,578890,104542,65
2026-09-29,IDO,2026-10-06,21850.0,PE,9.0,9.0,22716.2,193375,24430,65
2026-09-29,IDO,2026-10-06,20900.0,PE,2.8,2.8,22716.2,260195,24793,65
2026-09-29,IDO,2026-10-06,20650.0,PE,2.25,2.25,22716.2,8645,1121,65
2026-09-29,IDO,2026-09-29,27200.0,PE,3004.3,22716.2,22716.2,0,0,65
2026-09-29,IDO,2026-09-29,26300.0,PE,3620.9,22716.2,22716.2,44005,212,65
2026-09-29,IDO,2026-09-29,25750.0,PE,2989.95,22716.2,22716.2,260,0,65
2026-09-29,IDO,2026-09-29,24600.0,PE,1927.6,22716.2,22716.2,435110,1518,65
2026-09-29,IDO,2026-09-29,24400.0,PE,1717.65,22716.2,22716.2,972530,4427,65
2026-09-29,IDO,2026-09-29,24250.0,PE,1596.55,22716.2,22716.2,133315,751,65
2026-09-29,IDO,2026-09-29,24100.0,PE,1429.8,22716.2,22716.2,226395,1875,65
2026-09-29,IDO,2026-09-29,23950.0,PE,1279.95,22716.2,22716.2,78195,833,65
2026-09-29,IDO,2026-09-29,23750.0,PE,1061.25,22716.2,22716.2,114465,2962,65
2026-09-29,IDO,2026-09-29,23700.0,PE,1017.7,22716.2,22716.2,236015,4637,65
2026-09-29,IDO,2026-09-29,23150.0,PE,455.9,22716.2,22716.2,546650,28315,65
2026-09-29,IDO,2026-09-29,22250.0,PE,0.3,22716.2,22716.2,2405000,1455461,65
2026-09-29,IDO,2026-09-29,22200.0,PE,0.25,22716.2,22716.2,5236010,2161153,65
2026-09-29,IDO,2026-09-29,21700.0,PE,0.1,22716.2,22716.2,2223780,324510,65
2026-09-29,IDO,2026-09-29,21250.0,PE,0.05,22716.2,22716.2,86190,11264,65
2026-09-29,IDO,2026-09-29,20650.0,PE,0.2,22716.2,22716.2,32630,1495,65
2026-09-29,IDO,2031-06-24,28500.0,CE,5048.95,3869.64,22716.2,0,0,65
2026-09-29,IDO,2030-06-25,19500.0,CE,11140.25,7600.75,22716.2,0,0,65
2026-09-29,IDO,2030-06-25,16500.0,CE,13374.05,9762.73,22716.2,0,0,65
2026-09-29,IDO,2029-12-24,22500.0,CE,8486.15,5144.26,22716.2,0,0,65
2026-09-29,IDO,2029-06-26,15000.0,CE,13671.85,10122.82,22716.2,0,0,65
2026-09-29,IDO,2028-12-26,21000.0,CE,7512.5,4955.52,22716.2,0,0,65
2026-09-29,IDO,2028-12-26,15000.0,CE,11381.75,9712.74,22716.2,0,0,65
2026-09-29,IDO,2028-06-27,31500.0,CE,1784.8,416.09,22716.2,0,0,65
2026-09-29,IDO,2026-10-06,22650.0,PE,94.85,94.85,22716.2,1198795,220593,65
2026-09-29,IDO,2027-12-28,25500.0,PE,676.05,2096.73,22716.2,0,0,65
2026-09-29,IDO,2031-06-24,33000.0,PE,3810.15,4184.56,22716.2,0,0,65
2026-09-29,IDO,2031-06-24,22500.0,PE,663.6,679.58,22716.2,0,0,65
2026-09-29,IDO,2030-12-31,31500.0,PE,1885.5,3769.18,22716.2,0,0,65
2026-09-29,IDO,2030-12-31,28500.0,PE,1083.1,2450.78,22716.2,0,0,65
2026-09-29,IDO,2030-12-31,22500.0,PE,219.35,708.39,22716.2,0,0,65
2026-09-29,IDO,2028-12-26,19500.0,PE,49.0,242.17,22716.2,0,0,65
2026-09-29,IDO,2028-06-27,31500.0,PE,2935.6,5910.29,22716.2,0,0,65
2026-09-29,IDO,2028-06-27,22500.0,PE,206.95,792.59,22716.2,0,0,65
2026-09-29,IDO,2026-09-29,20500.0,CE,3697.55,22716.2,22716.2,0,0,65
2026-09-29,IDO,2026-09-29,20800.0,CE,3411.95,22716.2,22716.2,0,0,65
2026-09-29,IDO,2026-09-29,21250.0,CE,2992.05,22716.2,22716.2,0,0,65
2026-09-29,IDO,2026-09-29,23900.0,CE,0.1,22716.2,22716.2,1849055,251986,65
2026-09-29,IDO,2026-09-29,24000.0,CE,0.1,22716.2,22716.2,9809865,774076,65
2026-09-29,IDO,2026-09-29,24100.0,CE,0.05,22716.2,22716.2,2330770,324026,65
2026-09-29,IDO,2026-09-29,24850.0,CE,0.05,22716.2,22716.2,189085,11719,65
2026-09-29,IDO,2026-09-29,25650.0,CE,0.1,22716.2,22716.2,55055,2036,65
2026-09-29,IDO,2026-09-29,26700.0,CE,0.05,22716.2,22716.2,16315,671,65
2026-09-29,IDO,2026-09-29,26900.0,CE,0.1,22716.2,22716.2,23400,1432,65
2026-09-29,IDO,2026-10-06,21550.0,CE,1181.35,1191.81,22716.2,390,6,65
2026-09-29,IDO,2026-10-06,21600.0,CE,1205.0,1205.0,22716.2,325,7,65
2026-09-29,IDO,2026-10-06,22000.0,CE,816.4,816.4,22716.2,277875,9154,65
2026-09-29,IDO,2026-10-06,22800.0,CE,156.1,156.1,22716.2,3851575,433198,65
2026-09-29,IDO,2026-10-06,23950.0,CE,2.25,2.25,22716.2,662220,30564,65
2026-09-29,IDO,2026-10-06,24600.0,CE,0.95,0.95,22716.2,2704910,69341,65
2026-09-29,IDO,2026-10-06,24800.0,CE,0.85,0.85,22716.2,761020,22196,65
2026-09-29,IDO,2026-10-06,25550.0,CE,0.8,0.8,22716.2,13260,694,65
2026-09-29,IDO,2026-10-06,25600.0,CE,0.65,0.65,22716.2,212485,8937,65
2026-09-29,IDO,2026-10-06,25750.0,CE,0.65,0.65,22716.2,24830,494,65
2026-09-29,IDO,2026-10-13,21000.0,CE,2754.15,1764.84,22716.2,0,0,65
2026-09-29,IDO,2026-10-13,21050.0,CE,2704.75,1715.23,22716.2,0,0,65
2026-09-29,IDO,2026-10-13,21200.0,CE,2556.95,1566.85,22716.2,0,0,65
2026-09-29,IDO,2026-10-13,21550.0,CE,2214.9,1225.82,22716.2,0,0,65
2026-09-29,IDO,2026-10-13,22900.0,CE,188.65,188.65,22716.2,261755,10970,65
2026-09-29,IDO,2026-10-13,24400.0,CE,4.4,4.4,22716.2,247845,6567,65
2026-09-29,IDO,2026-10-13,24800.0,CE,2.85,2.85,22716.2,45435,636,65
2026-09-29,IDO,2026-10-19,20650.0,CE,2584.0,2134.08,22716.2,0,0,65
2026-09-29,IDO,2026-10-19,20850.0,CE,2387.15,1935.99,22716.2,0,0,65
2026-09-29,IDO,2026-10-19,21100.0,CE,2143.1,1690.25,22716.2,0,0,65
2026-09-29,IDO,2026-10-19,21400.0,CE,1444.1,1400.86,22716.2,65,1,65
2026-09-29,IDO,2026-10-19,21900.0,CE,1396.0,947.49,22716.2,0,0,65
2026-09-29,IDO,2026-10-19,22200.0,CE,747.65,747.65,22716.2,780,14,65
2026-09-29,IDO,2026-10-19,22550.0,CE,470.4,470.4,22716.2,2275,50,65
2026-09-29,IDO,2026-10-19,23000.0,CE,197.55,197.55,22716.2,90740,3356,65
2026-09-29,IDO,2026-10-19,24550.0,CE,9.0,7.47,22716.2,1430,0,65
2026-09-29,IDO,2026-10-27,20650.0,CE,3662.6,2163.59,22716.2,0,0,65
2026-09-29,IDO,2026-10-27,20700.0,CE,3614.75,2114.48,22716.2,0,0,65
2026-09-29,IDO,2026-10-27,20950.0,CE,3376.9,1870.66,22716.2,0,0,65
2026-09-29,IDO,2026-10-27,21250.0,CE,3095.5,1584.03,22716.2,0,0,65
2026-09-29,IDO,2026-10-27,21450.0,CE,2911.0,1398.6,22716.2,0,0,65
2026-09-29,IDO,2026-10-27,21700.0,CE,1200.0,1176.15,22716.2,195,1,65
2026-09-29,IDO,2026-10-27,21900.0,CE,1024.5,1007.96,22716.2,2405,94,65
2026-09-29,IDO,2026-10-27,22200.0,CE,784.15,784.15,22716.2,11375,445,65
2026-09-29,IDO,2026-10-27,22900.0,CE,301.25,301.25,22716.2,705965,20781,65
2026-09-29,IDO,2026-10-27,23300.0,CE,133.3,133.3,22716.2,2990780,26834,65
2026-09-29,IDO,2026-10-27,24350.0,CE,13.75,13.75,22716.2,167310,2704,65
2026-09-29,IDO,2026-10-27,26150.0,CE,4.85,0.29,22716.2,455,0,65
2026-09-29,IDO,2026-10-27,26550.0,CE,1.25,1.25,22716.2,780,17,65
2026-09-29,IDO,2026-10-27,26800.0,CE,1.05,0.03,22716.2,390,0,65
2026-09-29,IDO,2026-10-27,26950.0,CE,4.25,0.02,22716.2,780,0,65
2026-09-29,IDO,2026-11-03,20750.0,CE,2724.4,2101.6,22716.2,0,0,65
2026-09-29,IDO,2026-11-03,21600.0,CE,1906.05,1314.8,22716.2,0,0,65
2026-09-29,IDO,2026-11-03,21850.0,CE,1676.7,1105.58,22716.2,0,0,65
2026-09-29,IDO,2026-11-03,21950.0,CE,1587.3,1026.05,22716.2,0,0,65
2026-09-29,IDO,2026-11-03,23200.0,CE,209.6,209.6,22716.2,5460,98,65
2026-09-29,IDO,2026-11-03,23850.0,CE,341.7,122.03,22716.2,0,0,65
2026-09-29,IDO,2026-11-03,25100.0,CE,11.55,11.55,22716.2,24765,455,65
2026-09-29,IDO,2026-11-23,21200.0,CE,3469.95,1782.14,22716.2,0,0,65
2026-09-29,IDO,2026-11-23,21550.0,CE,3139.0,1482.03,22716.2,0,0,65
2026-09-29,IDO,2026-11-23,22050.0,CE,978.55,1094.27,22716.2,195,1,65
2026-09-29,IDO,2026-11-23,22550.0,CE,690.9,764.85,22716.2,455,8,65
2026-09-29,IDO,2026-11-23,22900.0,CE,483.05,483.05,22716.2,35880,1043,65
2026-09-29,IDO,2026-11-23,24400.0,CE,49.4,49.4,22716.2,86450,1145,65
2026-09-29,IDO,2026-11-23,24700.0,CE,31.0,31.0,22716.2,47580,605,65
2026-09-29,IDO,2026-11-23,25000.0,CE,23.6,23.6,22716.2,1090050,8471,65
2026-09-29,IDO,2026-11-23,25350.0,CE,15.0,32.47,22716.2,455,20,65
2026-09-29,IDO,2026-11-23,26050.0,CE,10.5,10.66,22716.2,2340,1,65
2026-09-29,IDO,2026-12-29,23000.0,CE,634.6,634.6,22716.2,1480010,12948,65
2026-09-29,IDO,2027-06-29,19000.0,CE,7800.0,4652.0,22716.2,75,0,65
2026-09-29,IDO,2027-06-29,31500.0,CE,769.15,27.83,22716.2,0,0,65
2026-09-29,IDO,2028-06-27,18000.0,CE,6809.35,6682.15,22716.2,0,0,65
2026-09-29,IDO,2029-06-26,28500.0,CE,4213.3,1868.96,22716.2,0,0,65
2026-09-29,IDO,2029-06-26,30000.0,CE,5268.4,1449.35,22716.2,0,0,65
2026-09-29,IDO,2029-12-24,15000.0,CE,13369.45,10517.85,22716.2,0,0,65
2026-09-29,IDO,2029-12-24,31500.0,CE,3429.3,1519.05,22716.2,0,0,65
2026-09-29,IDO,2030-06-25,22500.0,CE,9012.4,5690.82,22716.2,0,0,65
2026-09-29,IDO,2030-12-31,30000.0,CE,5227.2,2869.43,22716.2,0,0,65
2026-09-29,IDO,2031-06-24,24000.0,CE,7181.9,5901.06,22716.2,0,0,65
2026-09-29,IDO,2026-09-29,20550.0,PE,0.1,22716.2,22716.2,18720,1261,65
2026-09-29,IDO,2026-09-29,21300.0,PE,0.1,22716.2,22716.2,226850,34014,65
2026-09-29,IDO,2026-09-29,21350.0,PE,0.05,22716.2,22716.2,797745,62569,65
2026-09-29,IDO,2026-09-29,21550.0,PE,0.1,22716.2,22716.2,286715,47458,65
2026-09-29,IDO,2026-09-29,21850.0,PE,0.1,22716.2,22716.2,625430,222383,65
2026-09-29,IDO,2026-09-29,22150.0,PE,0.2,22716.2,22716.2,1518595,1328164,65
2026-09-29,IDO,2026-09-29,22800.0,PE,122.2,22716.2,22716.2,2859090,4247841,65
2026-09-29,IDO,2026-09-29,22950.0,PE,283.0,22716.2,22716.2,844870,164968,65
2026-09-29,IDO,2026-09-29,24700.0,PE,2036.9,22716.2,22716.2,96785,892,65
2026-09-29,IDO,2026-09-29,25800.0,PE,3140.0,22716.2,22716.2,11570,89,65
2026-09-29,IDO,2026-09-29,26650.0,PE,2517.6,22716.2,22716.2,0,0,65
2026-09-29,IDO,2026-09-29,26800.0,PE,4012.95,22716.2,22716.2,390,0,65
2026-09-29,IDO,2026-09-29,27100.0,PE,2914.15,22716.2,22716.2,0,0,65
2026-09-29,IDO,2026-09-29,30000.0,PE,7308.6,22716.2,22716.2,43290,523,65
2026-09-29,IDO,2026-10-06,20500.0,PE,2.2,2.2,22716.2,5059860,151473,65
2026-09-29,IDO,2026-10-06,22700.0,PE,111.5,111.5,22716.2,4638920,523640,65
2026-09-29,IDO,2026-10-06,23000.0,PE,264.0,264.0,22716.2,2083120,98111,65
2026-09-29,IDO,2026-10-06,24300.0,PE,1479.3,1479.3,22716.2,61360,365,65
