TradDt,FinInstrmTp,XpryDt,StrkPric,OptnTp,ClsPric,SttlmPric,UndrlygPric,OpnIntrst,TtlTradgVol,NewBrdLotQty
2026-10-01,IDO,2026-10-27,20750.0,PE,26.4,26.4,22421.95,12480,752,65
2026-10-01,IDO,2026-10-19,24950.0,PE,1732.7,2455.7,22421.95,0,0,65
2026-10-01,IDO,2026-10-19,23050.0,PE,604.1,604.1,22421.95,3185,47,65
2026-10-01,IDO,2026-10-19,22350.0,PE,206.2,206.2,22421.95,12935,1735,65
2026-10-01,IDO,2026-10-19,22300.0,PE,189.75,189.75,22421.95,45760,7060,65
2026-10-01,IDO,2026-10-19,22100.0,PE,131.9,131.9,22421.95,18785,1397,65
2026-10-01,IDO,2026-10-19,21050.0,PE,8.1,9.05,22421.95,0,0,65
2026-10-01,IDO,2026-10-19,20600.0,PE,13.8,1.58,22421.95,715,19,65
2026-10-01,IDO,2026-10-13,25150.0,PE,1450.15,2679.15,22421.95,0,0,65
2026-10-01,IDO,2026-10-13,24500.0,PE,1989.75,1989.75,22421.95,11115,128,65
2026-10-01,IDO,2026-10-13,24350.0,PE,1430.0,1881.21,22421.95,520,0,65
2026-10-01,IDO,2026-10-13,24200.0,PE,1803.3,1732.02,22421.95,3835,48,65
2026-10-01,IDO,2026-10-13,24100.0,PE,1595.5,1595.5,22421.95,13325,113,65
2026-10-01,IDO,2026-10-13,24000.0,PE,1497.25,1497.25,22421.95,66950,804,65
2026-10-01,IDO,2026-10-13,24700.0,CE,1.4,1.4,22421.95,294905,13112,65
2026-10-01,IDO,2026-10-13,24950.0,CE,1.15,1.15,22421.95,28015,783,65
2026-10-01,IDO,2026-10-19,20300.0,CE,2930.35,2181.53,22421.95,0,0,65
2026-10-01,IDO,2026-10-19,20500.0,CE,2732.2,1982.73,22421.95,0,0,65
2026-10-01,IDO,2026-10-19,20750.0,CE,2485.4,1735.38,22421.95,0,0,65
2026-10-01,IDO,2026-10-19,20800.0,CE,2436.25,1686.17,22421.95,0,0,65
2026-10-01,IDO,2026-10-19,21050.0,CE,2191.7,1442.37,22421.95,0,0,65
2026-10-01,IDO,2026-10-19,22300.0,CE,399.4,399.4,22421.95,19305,1565,65
2026-10-01,IDO,2026-10-19,22350.0,CE,369.25,369.25,22421.95,8385,626,65
2026-10-01,IDO,2026-10-19,23300.0,CE,39.8,39.8,22421.95,149630,5782,65
2026-10-01,IDO,2026-10-19,23750.0,CE,17.15,17.15,22421.95,3640,80,65
2026-10-01,IDO,2026-10-19,24100.0,CE,7.5,7.5,22421.95,56030,3322,65
2026-10-01,IDO,2026-10-19,24150.0,CE,8.6,8.6,22421.95,5265,65,65
2026-10-01,IDO,2026-10-19,24850.0,CE,4.5,0.56,22421.95,2015,1,65
2026-10-01,IDO,2026-10-27,20300.0,CE,3999.95,2209.5,22421.95,0,0,65
2026-10-01,IDO,2026-10-27,21600.0,CE,1009.65,1009.65,22421.95,1040,19,65
2026-10-01,IDO,2026-10-27,22050.0,CE,640.65,640.65,22421.95,8970,270,65
2026-10-01,IDO,2026-10-27,23000.0,CE,133.45,133.45,22421.95,6314360,172176,65
2026-10-01,IDO,2026-10-27,23050.0,CE,119.8,119.8,22421.95,145015,4665,65
2026-10-01,IDO,2026-10-27,25050.0,CE,5.45,5.45,22421.95,158795,114,65
2026-10-01,IDO,2026-10-13,23150.0,PE,688.25,688.25,22421.95,10790,366,65
2026-10-01,IDO,2026-10-13,22150.0,PE,101.15,101.15,22421.95,75725,12415,65
2026-10-01,IDO,2026-10-13,22000.0,PE,72.2,72.2,22421.95,1344980,103217,65
2026-10-01,IDO,2026-10-13,21900.0,PE,56.45,56.45,22421.95,362375,30744,65
2026-10-01,IDO,2026-10-13,20600.0,PE,5.95,5.95,22421.95,144625,10384,65
2026-10-01,IDO,2026-10-13,20350.0,PE,4.1,4.1,22421.95,455,9,65
2026-10-01,IDO,2026-10-27,25150.0,CE,4.65,1.41,22421.95,16640,84,65
2026-10-01,IDO,2026-10-27,25650.0,CE,2.65,0.29,22421.95,4290,0,65
2026-10-01,IDO,2026-10-27,27200.0,CE,0.65,0.65,22421.95,56875,54,65
2026-10-01,IDO,2026-11-03,20650.0,CE,2822.75,1903.2,22421.95,0,0,65
2026-10-01,IDO,2026-11-03,20900.0,CE,2577.35,1665.95,22421.95,0,0,65
2026-10-01,IDO,2026-11-03,21200.0,CE,2285.9,1391.14,22421.95,0,0,65
2026-10-01,IDO,2026-11-03,22650.0,CE,318.2,318.2,22421.95,1690,81,65
2026-10-01,IDO,2026-11-03,22700.0,CE,300.55,300.55,22421.95,10205,348,65
2026-10-01,IDO,2026-11-03,23400.0,CE,89.0,89.0,22421.95,5330,148,65
2026-10-01,IDO,2026-11-03,24250.0,CE,214.4,30.92,22421.95,0,0,65
2026-10-01,IDO,2026-11-03,25150.0,CE,10.45,4.3,22421.95,1235,0,65
2026-10-01,IDO,2026-11-23,20100.0,CE,4536.15,2518.51,22421.95,0,0,65
2026-10-01,IDO,2026-11-23,20600.0,CE,4048.2,2044.56,22421.95,0,0,65
2026-10-01,IDO,2026-11-23,20900.0,CE,3757.7,1771.33,22421.95,0,0,65
2026-10-01,IDO,2026-11-23,21700.0,CE,2999.2,1112.84,22421.95,0,0,65
2026-10-01,IDO,2026-11-23,22700.0,CE,424.8,424.8,22421.95,64935,2099,65
2026-10-01,IDO,2026-11-23,23100.0,CE,252.1,252.1,22421.95,283140,3233,65
2026-10-01,IDO,2026-11-23,23400.0,CE,164.8,164.8,22421.95,176280,4325,65
2026-10-01,IDO,2026-11-23,23450.0,CE,154.3,154.3,22421.95,23595,656,65
2026-10-01,IDO,2026-11-23,23600.0,CE,123.35,123.35,22421.95,164385,4826,65
2026-10-01,IDO,2026-11-23,24250.0,CE,51.0,51.0,22421.95,9620,214,65
2026-10-01,IDO,2026-11-23,24600.0,CE,33.8,33.8,22421.95,46085,1504,65
2026-10-01,IDO,2026-11-23,25450.0,CE,14.0,14.23,22421.95,910,20,65
2026-10-01,IDO,2026-11-23,25550.0,CE,12.75,12.0,22421.95,780,14,65
2026-10-01,IDO,2026-12-29,16000.0,CE,6430.0,6430.0,22421.95,1105,9,65
2026-10-01,IDO,2026-10-06,25700.0,PE,2575.0,3257.22,22421.95,715,0,65
2026-10-01,IDO,2026-10-06,24950.0,PE,1475.85,2507.82,22421.95,65,0,65
2026-10-01,IDO,2026-10-06,24500.0,PE,2048.55,2048.55,22421.95,309530,957,65
2026-10-01,IDO,2026-10-06,24150.0,PE,1416.35,1708.48,22421.95,2145,0,65
2026-10-01,IDO,2026-10-06,23750.0,PE,1277.9,1277.9,22421.95,4485,93,65
2026-10-01,IDO,2026-10-06,23250.0,PE,783.75,783.75,22421.95,270140,2121,65
2026-10-01,IDO,2026-10-06,23100.0,PE,643.4,643.4,22421.95,1083160,14110,65
2026-10-01,IDO,2026-10-06,22750.0,PE,317.8,317.8,22421.95,772525,144395,65
2026-10-01,IDO,2026-10-06,22100.0,PE,29.5,29.5,22421.95,3736330,1464275,65
2026-10-01,IDO,2026-10-06,21450.0,PE,3.95,3.95,22421.95,793585,243079,65
2026-10-01,IDO,2026-10-06,20600.0,PE,1.3,1.3,22421.95,1182545,194633,65
2026-10-01,IDO,2026-10-06,20450.0,PE,1.25,1.25,22421.95,14495,978,65
2026-10-01,IDO,2031-06-24,31500.0,CE,3928.35,2701.13,22421.95,0,0,65
2026-10-01,IDO,2030-12-31,28500.0,CE,5968.3,3214.12,22421.95,0,0,65
2026-10-01,IDO,2030-12-31,16500.0,CE,13763.55,9911.8,22421.95,0,0,65
2026-10-01,IDO,2030-12-31,15000.0,CE,14862.95,11009.48,22421.95,0,0,65
2026-10-01,IDO,2030-06-25,31500.0,CE,3984.8,1823.64,22421.95,0,0,65
2026-10-01,IDO,2030-06-25,18000.0,CE,12423.9,8385.0,22421.95,0,0,65
2026-10-01,IDO,2030-06-25,15000.0,CE,14543.9,10622.03,22421.95,0,0,65
2026-10-01,IDO,2029-12-24,28500.0,CE,4802.1,2211.33,22421.95,0,0,65
2026-10-01,IDO,2029-12-24,16500.0,CE,12984.85,9055.42,22421.95,0,0,65
2026-10-01,IDO,2026-12-29,20700.0,CE,2388.15,2130.78,22421.95,0,0,65
2026-10-01,IDO,2026-12-29,21050.0,CE,2082.3,1835.29,22421.95,0,0,65
2026-10-01,IDO,2026-12-29,22050.0,CE,1017.25,1102.12,22421.95,455,4,65
2026-10-01,IDO,2026-12-29,22500.0,CE,723.95,723.95,22421.95,393510,11033,65
2026-10-01,IDO,2026-12-29,22700.0,CE,611.1,611.1,22421.95,13195,583,65
2026-10-01,IDO,2026-12-29,23300.0,CE,335.55,335.55,22421.95,21840,763,65
2026-10-01,IDO,2026-12-29,24400.0,CE,98.45,98.45,22421.95,18915,445,65
2026-10-01,IDO,2027-06-29,25500.0,CE,274.1,274.1,22421.95,25285,384,65
2026-10-01,IDO,2027-06-29,33000.0,CE,1122.75,7.68,22421.95,0,0,65
2026-10-01,IDO,2027-09-28,24000.0,CE,1478.35,1359.0,22421.95,0,0,65
2026-10-01,IDO,2027-12-28,33000.0,CE,61.9,76.48,22421.95,9230,20,65
2026-10-01,IDO,2028-06-27,19500.0,CE,9209.1,5195.73,22421.95,0,0,65
2026-10-01,IDO,2029-06-26,18000.0,CE,11678.65,7435.06,22421.95,0,0,65
2026-10-01,IDO,2029-06-26,21000.0,CE,9799.75,5283.29,22421.95,0,0,65
2026-10-01,IDO,2026-10-27,26700.0,PE,3900.0,4165.7,22421.95,260,0,65
2026-10-01,IDO,2029-06-26,33000.0,CE,4179.45,769.43,22421.95,0,0,65
2026-10-01,IDO,2026-12-29,20050.0,PE,26.5,36.21,22421.95,0,0,65
2026-10-01,IDO,2026-12-29,20150.0,PE,31.0,42.15,22421.95,0,0,65
2026-10-01,IDO,2026-12-29,21850.0,PE,252.15,252.15,22421.95,6760,248,65
2026-10-01,IDO,2026-12-29,23550.0,PE,1015.4,1015.4,22421.95,1625,33,65
2026-10-01,IDO,2026-12-29,23600.0,PE,1050.0,1050.0,22421.95,3250,44,65
2026-10-01,IDO,2026-10-13,22500.0,PE,222.6,222.6,22421.95,881270,99498,65
2026-10-01,IDO,2026-10-13,21550.0,PE,26.3,26.3,22421.95,86515,7348,65
2026-10-01,IDO,2026-10-13,21450.0,PE,21.1,21.1,22421.95,78065,6553,65
2026-10-01,IDO,2026-10-13,21400.0,PE,19.05,19.05,22421.95,318175,33668,65
2026-10-01,IDO,2026-10-13,21350.0,PE,17.45,17.45,22421.95,50180,4944,65
2026-10-01,IDO,2026-10-13,20250.0,PE,5.3,5.3,22421.95,715,13,65
2026-10-01,IDO,2026-10-06,25250.0,PE,2600.0,2807.58,22421.95,650,8,65
2026-10-01,IDO,2026-10-06,24600.0,PE,2165.75,2158.11,22421.95,17485,34,65
2026-10-01,IDO,2026-10-06,24550.0,PE,1790.0,2108.15,22421.95,585,0,65
2026-10-01,IDO,2026-10-06,22850.0,PE,406.65,406.65,22421.95,361075,41307,65
2026-10-01,IDO,2026-10-06,22400.0,PE,99.3,99.3,22421.95,4235660,2721530,65
2026-10-01,IDO,2026-10-06,21500.0,PE,4.5,4.5,22421.95,9617270,1165561,65
2026-10-01,IDO,2026-10-06,21000.0,PE,2.0,2.0,22421.95,5712330,768948,65
2026-10-01,IDO,2026-10-06,20850.0,PE,1.75,1.75,22421.95,111670,88266,65
2026-10-01,IDO,2030-12-31,33000.0,CE,3948.25,1899.58,22421.95,0,0,65
2026-10-01,IDO,2029-12-24,27000.0,CE,6201.65,2739.86,22421.95,0,0,65
2026-10-01,IDO,2029-06-26,24000.0,CE,8085.35,3525.32,22421.95,0,0,65
2026-10-01,IDO,2028-12-26,33000.0,CE,2477.5,472.27,22421.95,0,0,65
2026-10-01,IDO,2028-12-26,19500.0,CE,9716.4,5771.28,22421.95,0,0,65
2026-10-01,IDO,2028-06-27,21000.0,CE,5226.55,4097.5,22421.95,0,0,65
2026-10-01,IDO,2027-09-28,28500.0,CE,291.55,255.42,22421.95,0,0,65
2026-10-01,IDO,2027-09-28,27000.0,CE,529.1,470.67,22421.95,0,0,65
2026-10-01,IDO,2027-09-28,25500.0,CE,908.35,822.39,22421.95,0,0,65
2026-10-01,IDO,2027-09-28,18000.0,CE,5788.3,5565.78,22421.95,0,0,65
2026-10-01,IDO,2027-06-29,18000.0,CE,4066.45,5276.81,22421.95,0,0,65
2026-10-01,IDO,2026-12-29,30000.0,CE,5.55,5.55,22421.95,799295,1292,65
2026-10-01,IDO,2026-12-29,24000.0,CE,156.35,156.35,22421.95,3311105,41533,65
2026-10-01,IDO,2026-12-29,23650.0,CE,230.75,230.75,22421.95,5785,209,65
2026-10-01,IDO,2026-10-19,22950.0,PE,539.95,600.57,22421.95,3965,84,65
2026-10-01,IDO,2026-10-19,23750.0,PE,746.7,1280.06,22421.95,0,0,65
2026-10-01,IDO,2026-10-19,24450.0,PE,1286.65,1959.19,22421.95,0,0,65
2026-10-01,IDO,2026-10-19,25200.0,PE,1967.2,2704.72,22421.95,0,0,65
2026-10-01,IDO,2026-10-27,20550.0,PE,21.4,21.4,22421.95,22945,10534,65
2026-10-01,IDO,2026-12-29,23550.0,CE,256.25,256.25,22421.95,9555,239,65
2026-10-01,IDO,2026-12-29,21900.0,CE,1141.35,1141.35,22421.95,2015,17,65
2026-10-01,IDO,2026-12-29,21500.0,CE,1427.0,1427.0,22421.95,12610,373,65
2026-10-01,IDO,2026-12-29,20300.0,CE,2752.55,2486.39,22421.95,0,0,65
2026-10-01,IDO,2026-12-29,15000.0,CE,5977.65,7652.41,22421.95,0,0,65
2026-10-01,IDO,2026-10-27,21250.0,PE,48.8,48.8,22421.95,30095,1485,65
2026-10-01,IDO,2026-10-27,21350.0,PE,56.0,56.0,22421.95,309985,2100,65
2026-10-01,IDO,2026-10-27,21500.0,PE,67.75,67.75,22421.95,3036540,104216,65
2026-10-01,IDO,2026-11-23,26100.0,CE,9.85,9.85,22421.95,24830,367,65
2026-10-01,IDO,2026-11-23,25800.0,CE,9.2,7.74,22421.95,1560,45,65
2026-10-01,IDO,2026-11-23,25750.0,CE,8.6,8.46,22421.95,650,24,65
2026-10-01,IDO,2026-11-23,25150.0,CE,17.15,23.35,22421.95,1040,36,65
2026-10-01,IDO,2026-11-23,25100.0,CE,20.05,20.05,22421.95,38740,303,65
2026-10-01,IDO,2026-11-23,24550.0,CE,31.75,58.19,22421.95,8125,47,65
2026-10-01,IDO,2026-10-27,21650.0,PE,85.3,85.3,22421.95,101725,2829,65
2026-10-01,IDO,2026-10-27,21800.0,PE,108.15,108.15,22421.95,761930,30165,65
2026-10-01,IDO,2026-10-27,22350.0,PE,247.2,247.2,22421.95,96460,5900,65
2026-10-01,IDO,2026-10-27,22450.0,PE,285.8,285.8,22421.95,78780,5019,65
2026-10-01,IDO,2026-10-27,23250.0,PE,782.3,782.3,22421.95,53300,420,65
2026-10-01,IDO,2026-10-27,23900.0,PE,1378.0,1378.0,22421.95,222495,116,65
2026-10-01,IDO,2026-10-27,24050.0,PE,1560.0,1552.18,22421.95,4030,8,65
2026-10-01,IDO,2026-10-27,24250.0,PE,1984.45,1741.91,22421.95,11830,28,65
2026-10-01,IDO,2026-10-27,25300.0,PE,2600.0,2772.48,22421.95,10465,1,65
2026-10-01,IDO,2026-10-27,26300.0,PE,3500.0,3767.41,22421.95,34970,0,65
2026-10-01,IDO,2026-11-23,24350.0,CE,44.85,44.85,22421.95,13650,183,65
2026-10-01,IDO,2026-11-23,24050.0,CE,68.55,68.55,22421.95,13585,179,65
2026-10-01,IDO,2026-11-23,23250.0,CE,205.6,205.6,22421.95,31135,665,65
2026-10-01,IDO,2026-11-23,22600.0,CE,477.05,477.05,22421.95,72670,2246,65
2026-10-01,IDO,2026-11-23,22100.0,CE,779.6,779.6,22421.95,3250,97,65
2026-10-01,IDO,2026-11-23,21650.0,CE,3045.65,1150.14,22421.95,0,0,65
2026-10-01,IDO,2026-11-23,20350.0,CE,4291.7,2279.25,22421.95,0,0,65
2026-10-01,IDO,2026-11-23,20200.0,CE,4438.3,2422.35,22421.95,0,0,65
2026-10-01,IDO,2026-11-03,24450.0,CE,14.9,20.67,22421.95,780,24,65
2026-10-01,IDO,2026-11-03,24300.0,CE,22.7,22.7,22421.95,455,11,65
2026-10-01,IDO,2026-11-03,23600.0,CE,61.2,61.2,22421.95,19825,346,65
2026-10-01,IDO,2026-11-03,23350.0,CE,89.7,147.82,22421.95,1950,61,65
2026-10-01,IDO,2026-11-03,23250.0,CE,115.05,115.05,22421.95,2470,45,65
2026-10-01,IDO,2026-11-03,22800.0,CE,256.85,256.85,22421.95,11700,520,65
2026-10-01,IDO,2026-11-03,22750.0,CE,270.6,270.6,22421.95,1300,100,65
2026-10-01,IDO,2026-11-03,22500.0,CE,401.8,401.8,22421.95,9230,518,65
2026-10-01,IDO,2026-11-03,20500.0,CE,2970.65,2048.01,22421.95,0,0,65
2026-10-01,IDO,2026-10-27,27150.0,CE,1.0,0.0,22421.95,2210,0,65
2026-10-01,IDO,2026-10-27,27050.0,CE,1.05,0.0,22421.95,10075,0,65
2026-10-01,IDO,2026-10-27,25900.0,CE,2.35,2.35,22421.95,20605,1333,65
2026-10-01,IDO,2026-10-27,25700.0,CE,2.8,2.8,22421.95,45500,2312,65
2026-10-01,IDO,2026-10-27,25550.0,CE,3.35,0.41,22421.95,1365,0,65
2026-10-01,IDO,2026-10-27,24900.0,CE,6.05,6.05,22421.95,196365,1306,65
2026-10-01,IDO,2026-10-27,24450.0,CE,10.2,10.2,22421.95,64545,2142,65
2026-10-01,IDO,2026-10-27,24400.0,CE,10.55,10.55,22421.95,366470,5110,65
2026-10-01,IDO,2026-10-27,24000.0,CE,18.4,18.4,22421.95,6211855,80270,65
2026-10-01,IDO,2026-10-27,22850.0,CE,182.25,182.25,22421.95,139750,4550,65
2026-10-01,IDO,2026-10-27,22700.0,CE,245.25,245.25,22421.95,1453660,42503,65
2026-10-01,IDO,2026-10-27,22600.0,CE,292.8,292.8,22421.95,934180,44189,65
2026-10-01,IDO,2026-10-27,22400.0,CE,403.9,403.9,22421.95,735215,36673,65
2026-10-01,IDO,2026-10-27,22300.0,CE,469.7,469.7,22421.95,1986660,65040,65
2026-10-01,IDO,2026-10-27,22150.0,CE,572.85,572.85,22421.95,12025,434,65
2026-10-01,IDO,2026-10-27,21000.0,CE,1556.9,1556.9,22421.95,289835,2014,65
2026-10-01,IDO,2026-10-27,20750.0,CE,3566.95,1768.62,22421.95,0,0,65
2026-10-01,IDO,2026-10-19,25200.0,CE,2.85,2.85,22421.95,9230,102,65
2026-10-01,IDO,2026-10-19,25150.0,CE,2.5,0.17,22421.95,1040,9,65
2026-10-01,IDO,2026-10-19,25100.0,CE,2.5,2.5,22421.95,2015,41,65
2026-10-01,IDO,2026-10-19,25050.0,CE,3.2,0.25,22421.95,780,0,65
2026-10-01,IDO,2026-10-19,24700.0,CE,3.9,0.99,22421.95,2600,21,65
2026-10-01,IDO,2026-10-27,27000.0,PE,4405.55,4405.55,22421.95,944515,317,65
2026-10-01,IDO,2026-11-03,20050.0,PE,0.5,2.26,22421.95,0,0,65
2026-10-01,IDO,2026-11-03,20650.0,PE,3.1,13.04,22421.95,0,0,65
2026-10-01,IDO,2026-11-03,20900.0,PE,41.55,41.55,22421.95,1430,7,65
2026-10-01,IDO,2026-11-03,20950.0,PE,27.3,27.4,22421.95,1105,0,65
2026-10-01,IDO,2026-11-03,21150.0,PE,11.1,42.97,22421.95,0,0,65
2026-10-01,IDO,2026-11-03,22450.0,PE,310.65,310.65,22421.95,2730,75,65
2026-10-01,IDO,2026-11-03,22750.0,PE,480.25,534.5,22421.95,4030,34,65
2026-10-01,IDO,2026-11-03,23000.0,PE,596.8,596.8,22421.95,5785,57,65
2026-10-01,IDO,2026-10-19,24500.0,CE,4.55,4.55,22421.95,65585,1101,65
2026-10-01,IDO,2026-10-19,24000.0,CE,8.85,8.85,22421.95,231855,6449,65
2026-10-01,IDO,2026-10-19,23850.0,CE,13.0,13.0,22421.95,15015,129,65
2026-10-01,IDO,2026-10-19,23800.0,CE,12.85,12.85,22421.95,84435,5478,65
2026-10-01,IDO,2026-10-19,23700.0,CE,15.65,15.65,22421.95,97955,2416,65
2026-10-01,IDO,2026-10-19,23650.0,CE,16.0,16.0,22421.95,14300,193,65
2026-10-01,IDO,2026-10-19,23600.0,CE,19.15,19.15,22421.95,130390,4831,65
2026-10-01,IDO,2026-10-19,23400.0,CE,31.4,31.4,22421.95,84500,2739,65
2026-10-01,IDO,2026-10-19,20450.0,CE,2781.7,2032.38,22421.95,0,0,65
2026-10-01,IDO,2026-10-19,20350.0,CE,2880.75,2131.78,22421.95,0,0,65
2026-10-01,IDO,2026-10-13,25100.0,CE,1.3,1.3,22421.95,15600,174,65
2026-10-01,IDO,2026-10-13,24750.0,CE,1.6,1.6,22421.95,4160,350,65
2026-10-01,IDO,2026-10-13,24150.0,CE,2.55,2.55,22421.95,72410,2610,65
2026-10-01,IDO,2026-10-13,23750.0,CE,5.6,5.6,22421.95,101010,7549,65
2026-10-01,IDO,2026-10-13,21850.0,CE,641.25,671.06,22421.95,65,3,65
2026-10-01,IDO,2026-10-13,21650.0,CE,841.85,843.85,22421.95,65,1,65
2026-10-01,IDO,2026-10-13,21500.0,CE,1002.8,1002.8,22421.95,4420,225,65
2026-10-01,IDO,2026-10-13,21100.0,CE,2655.45,1366.22,22421.95,0,0,65
2026-10-01,IDO,2026-10-13,20750.0,CE,3001.55,1712.83,22421.95,0,0,65
2026-10-01,IDO,2026-11-03,23650.0,PE,463.5,1184.45,22421.95,195,0,65
2026-10-01,IDO,2026-10-06,24750.0,CE,0.6,0.6,22421.95,118885,8076,65
2026-10-01,IDO,2026-10-06,23550.0,CE,2.0,2.0,22421.95,1627795,521128,65
2026-10-01,IDO,2026-10-06,23400.0,CE,2.7,2.7,22421.95,5092685,940820,65
2026-10-01,IDO,2026-10-06,23250.0,CE,4.35,4.35,22421.95,2029820,451976,65
2026-10-01,IDO,2026-10-06,22850.0,CE,19.55,19.55,22421.95,3353610,842978,65
2026-10-01,IDO,2026-10-06,21150.0,CE,3029.15,1289.17,22421.95,0,0,65
2026-10-01,IDO,2026-10-06,20550.0,CE,3624.65,1888.61,22421.95,0,0,65
2026-10-01,IDO,2026-10-06,20150.0,CE,4022.2,2288.28,22421.95,0,0,65
2026-10-01,IDO,2026-11-03,23750.0,PE,639.9,1269.63,22421.95,0,0,65
2026-10-01,IDO,2026-11-03,24000.0,PE,788.3,1490.4,22421.95,65,0,65
2026-10-01,IDO,2026-11-03,24600.0,PE,1240.0,2052.3,22421.95,0,0,65
2026-10-01,IDO,2026-11-03,24650.0,PE,1280.65,2100.47,22421.95,0,0,65
2026-10-01,IDO,2026-11-23,20350.0,PE,4.85,20.53,22421.95,0,0,65
2026-10-01,IDO,2026-11-23,21200.0,PE,99.0,99.0,22421.95,36595,2089,65
2026-10-01,IDO,2026-11-23,21250.0,PE,22.05,101.42,22421.95,0,0,65
2026-10-01,IDO,2026-11-23,21450.0,PE,127.0,127.0,22421.95,1040,65,65
2026-10-01,IDO,2026-11-23,22200.0,PE,285.1,285.1,22421.95,185380,4281,65
2026-10-01,IDO,2026-11-23,22550.0,PE,405.0,405.0,22421.95,10660,382,65
2026-10-01,IDO,2026-11-23,23050.0,PE,735.0,778.83,22421.95,4485,46,65
2026-10-01,IDO,2026-11-23,23150.0,PE,732.65,732.65,22421.95,128830,52,65
2026-10-01,IDO,2026-11-23,23400.0,PE,892.45,892.45,22421.95,86125,315,65
2026-10-01,IDO,2026-11-23,25200.0,PE,2423.95,2568.3,22421.95,65,1,65
2026-10-01,IDO,2026-11-23,25400.0,PE,2300.0,2760.41,22421.95,325,0,65
2026-10-01,IDO,2026-11-23,25950.0,PE,1562.8,3295.77,22421.95,0,0,65
2026-10-01,IDO,2026-12-29,20200.0,PE,33.5,45.41,22421.95,0,0,65
2026-10-01,IDO,2026-12-29,20300.0,PE,38.95,52.55,22421.95,0,0,65
2026-10-01,IDO,2026-12-29,20350.0,PE,41.95,56.45,22421.95,0,0,65
2026-10-01,IDO,2026-12-29,21000.0,PE,125.2,125.2,22421.95,2245205,27119,65
2026-10-01,IDO,2026-12-29,21200.0,PE,148.8,148.8,22421.95,6045,284,65
2026-10-01,IDO,2026-12-29,21350.0,PE,167.1,167.1,22421.95,2925,180,65
2026-10-01,IDO,2026-12-29,21550.0,PE,195.5,195.5,22421.95,6110,234,65
2026-10-01,IDO,2026-12-29,22150.0,PE,324.15,324.15,22421.95,2925,177,65
2026-10-01,IDO,2026-12-29,22900.0,PE,621.1,621.1,22421.95,24830,600,65
2026-10-01,IDO,2026-12-29,28000.0,PE,5110.0,5110.0,22421.95,1054450,155,65
2026-10-01,IDO,2026-12-29,31500.0,PE,4059.3,8594.08,22421.95,0,0,65
2026-10-01,IDO,2027-03-30,27000.0,PE,3647.5,3647.5,22421.95,68705,214,65
2026-10-01,IDO,2027-09-28,19500.0,PE,136.85,151.37,22421.95,0,0,65
2026-10-01,IDO,2027-12-28,16500.0,PE,52.05,16.84,22421.95,130,0,65
2026-10-01,IDO,2027-12-28,27000.0,PE,2815.55,2815.55,22421.95,57290,177,65
2026-10-01,IDO,2029-12-24,15000.0,PE,29.0,28.03,22421.95,65,0,65
2026-10-01,IDO,2030-06-25,15000.0,PE,29.65,33.48,22421.95,0,0,65
2026-10-01,IDO,2030-06-25,18000.0,PE,116.65,163.12,22421.95,0,0,65
2026-10-01,IDO,2030-06-25,22500.0,PE,223.75,781.49,22421.95,0,0,65
2026-10-01,IDO,2030-06-25,27000.0,PE,1286.05,2138.59,22421.95,0,0,65
2026-10-01,IDO,2030-06-25,30000.0,PE,2100.85,3472.17,22421.95,0,0,65
2026-10-01,IDO,2030-12-31,18000.0,PE,32.3,168.38,22421.95,0,0,65
2026-10-01,IDO,2031-06-24,16500.0,PE,95.65,89.53,22421.95,0,0,65
2026-10-01,IDO,2026-10-19,22500.0,PE,265.5,265.5,22421.95,178230,8669,65
2026-10-01,IDO,2026-10-19,20450.0,PE,1.4,0.81,22421.95,0,0,65
2026-10-01,IDO,2026-10-19,20350.0,PE,1.0,0.51,22421.95,0,0,65
2026-10-01,IDO,2026-10-13,24250.0,PE,1053.4,1781.71,22421.95,195,0,65
2026-10-01,IDO,2026-10-13,22550.0,PE,245.8,245.8,22421.95,84305,19876,65
2026-10-01,IDO,2026-10-27,20300.0,PE,15.0,15.0,22421.95,650,10,65
2026-10-01,IDO,2026-10-19,20850.0,PE,4.65,4.35,22421.95,0,0,65
2026-10-01,IDO,2026-10-19,21800.0,PE,73.7,73.7,22421.95,61685,2346,65
2026-10-01,IDO,2026-10-19,22700.0,PE,370.65,370.65,22421.95,51935,1490,65
2026-10-01,IDO,2026-12-29,23700.0,PE,1210.0,1262.5,22421.95,2925,35,65
2026-10-01,IDO,2026-12-29,21950.0,PE,278.65,278.65,22421.95,6825,269,65
2026-10-01,IDO,2026-11-23,25450.0,PE,1217.0,2808.7,22421.95,0,0,65
2026-10-01,IDO,2026-10-06,21250.0,CE,2930.15,1189.37,22421.95,0,0,65
2026-10-01,IDO,2026-10-06,21950.0,CE,532.05,532.05,22421.95,28210,1769,65
2026-10-01,IDO,2026-10-06,24550.0,CE,0.65,0.65,22421.95,205660,16636,65
2026-10-01,IDO,2026-10-06,25450.0,CE,0.5,0.5,22421.95,17420,1233,65
2026-10-01,IDO,2026-10-13,21800.0,CE,724.1,724.1,22421.95,26455,690,65
2026-10-01,IDO,2026-10-27,20200.0,CE,4096.9,2308.43,22421.95,0,0,65
2026-10-01,IDO,2026-10-27,21400.0,CE,1174.25,1174.25,22421.95,2340,40,65
2026-10-01,IDO,2026-11-03,21450.0,CE,2046.95,1173.93,22421.95,0,0,65
2026-10-01,IDO,2026-11-23,21250.0,CE,3422.3,1468.41,22421.95,0,0,65
2026-10-01,IDO,2026-11-23,23500.0,CE,143.7,143.7,22421.95,1010295,23530,65
2026-10-01,IDO,2026-11-23,23800.0,CE,92.8,92.8,22421.95,306930,7887,65
2026-10-01,IDO,2026-12-29,21550.0,CE,1495.35,1445.64,22421.95,1040,16,65
2026-10-01,IDO,2026-12-29,21850.0,CE,1160.05,1160.05,22421.95,780,6,65
2026-10-01,IDO,2026-12-29,23250.0,CE,352.0,352.0,22421.95,7800,204,65
2026-10-01,IDO,2026-12-29,31500.0,CE,4.65,4.65,22421.95,33085,2,65
2026-10-01,IDO,2027-03-30,24000.0,CE,452.0,452.0,22421.95,865475,8589,65
2026-10-01,IDO,2026-10-06,25600.0,PE,2443.05,3157.3,22421.95,130,0,65
2026-10-01,IDO,2026-10-13,25350.0,PE,1628.0,2878.76,22421.95,0,0,65
2026-10-01,IDO,2026-11-23,23250.0,PE,775.45,775.45,22421.95,12740,42,65
2026-10-01,IDO,2026-10-06,22600.0,PE,204.55,204.55,22421.95,2513160,2236903,65
2026-10-01,IDO,2026-10-06,21300.0,PE,3.0,3.0,22421.95,2761265,520672,65
2026-10-01,IDO,2026-10-06,21150.0,PE,2.3,2.3,22421.95,282880,181540,65
2026-10-01,IDO,2026-10-06,21100.0,PE,2.1,2.1,22421.95,795600,319694,65
2026-10-01,IDO,2026-10-06,21050.0,PE,2.1,2.1,22421.95,208520,162304,65
2026-10-01,IDO,2026-10-06,20750.0,PE,1.6,1.6,22421.95,96785,45065,65
2026-10-01,IDO,2026-10-06,20350.0,PE,1.2,1.2,22421.95,5915,408,65
2026-10-01,IDO,2026-10-06,20150.0,PE,1.0,1.0,22421.95,6175,176,65
2026-10-01,IDO,2026-10-06,20050.0,PE,0.65,0.65,22421.95,53625,2594,65
2026-10-01,IDO,2030-12-31,18000.0,CE,12674.15,8849.58,22421.95,0,0,65
2026-10-01,IDO,2029-12-24,33000.0,CE,3816.05,1109.68,22421.95,0,0,65
2026-10-01,IDO,2029-12-24,24000.0,CE,3915.0,4085.33,22421.95,195,0,65
2026-10-01,IDO,2029-06-26,31500.0,CE,2878.65,1017.87,22421.95,0,0,65
2026-10-01,IDO,2028-12-26,31500.0,CE,480.0,663.51,22421.95,585,0,65
2026-10-01,IDO,2028-12-26,22500.0,CE,7382.9,3759.78,22421.95,0,0,65
2026-10-01,IDO,2028-06-27,30000.0,CE,2278.45,550.04,22421.95,0,0,65
2026-10-01,IDO,2028-06-27,24000.0,CE,3918.85,2332.52,22421.95,0,0,65
2026-10-01,IDO,2027-12-28,18000.0,CE,6285.7,5850.23,22421.95,0,0,65
2026-10-01,IDO,2026-11-03,22050.0,PE,178.55,178.55,22421.95,1040,39,65
2026-10-01,IDO,2026-11-03,22350.0,PE,279.95,279.95,22421.95,3510,115,65
2026-10-01,IDO,2026-11-03,22950.0,PE,632.0,657.34,22421.95,1820,44,65
2026-10-01,IDO,2026-11-03,23150.0,PE,538.0,793.58,22421.95,195,0,65
2026-10-01,IDO,2026-11-03,23200.0,PE,781.35,829.6,22421.95,3445,26,65
2026-10-01,IDO,2026-11-03,25100.0,PE,1666.4,2539.21,22421.95,0,0,65
2026-10-01,IDO,2026-11-23,21850.0,PE,195.55,195.55,22421.95,4030,312,65
2026-10-01,IDO,2026-11-23,21900.0,PE,206.45,206.45,22421.95,65650,2313,65
2026-10-01,IDO,2028-12-26,22000.0,PE,750.0,725.09,22421.95,10775,20,65
2026-10-01,IDO,2028-06-27,28500.0,PE,1560.85,3914.99,22421.95,0,0,65
2026-10-01,IDO,2027-03-30,33000.0,CE,8.85,8.85,22421.95,9100,18,65
2026-10-01,IDO,2027-03-30,19500.0,CE,3606.85,3606.85,22421.95,1430,25,65
2026-10-01,IDO,2026-12-29,24450.0,CE,94.0,94.0,22421.95,11115,352,65
2026-10-01,IDO,2026-12-29,23050.0,CE,431.65,431.65,22421.95,2210,117,65
2026-10-01,IDO,2026-12-29,22600.0,CE,664.25,664.25,22421.95,12545,542,65
2026-10-01,IDO,2026-12-29,22450.0,CE,743.7,743.7,22421.95,3120,59,65
2026-10-01,IDO,2026-12-29,21700.0,CE,1290.0,1290.0,22421.95,2275,22,65
2026-10-01,IDO,2026-12-29,19000.0,CE,3705.75,3705.75,22421.95,256195,325,65
2026-10-01,IDO,2026-12-29,16500.0,CE,10405.0,6175.47,22421.95,0,0,65
2026-10-01,IDO,2026-11-23,25650.0,CE,14.4,10.09,22421.95,520,8,65
2026-10-01,IDO,2026-11-23,25600.0,CE,11.4,11.01,22421.95,1235,38,65
2026-10-01,IDO,2026-11-23,25400.0,CE,16.15,16.15,22421.95,780,25,65
2026-10-01,IDO,2026-11-23,23950.0,CE,75.25,75.25,22421.95,20215,499,65
2026-10-01,IDO,2026-11-23,23750.0,CE,99.7,99.7,22421.95,18655,505,65
2026-10-01,IDO,2026-11-23,23550.0,CE,132.5,132.5,22421.95,21840,451,65
2026-10-01,IDO,2026-10-06,23650.0,PE,1186.6,1186.6,22421.95,63765,230,65
2026-10-01,IDO,2026-10-06,24250.0,PE,2005.45,1808.39,22421.95,4875,4,65
2026-10-01,IDO,2026-10-13,20750.0,PE,6.9,6.9,22421.95,6760,2016,65
2026-10-01,IDO,2026-10-13,20900.0,PE,8.25,8.25,22421.95,134225,9099,65
2026-10-01,IDO,2026-10-13,21000.0,PE,9.65,9.65,22421.95,1132560,77017,65
2026-10-01,IDO,2026-10-13,21300.0,PE,15.85,15.85,22421.95,285935,21849,65
2026-10-01,IDO,2026-10-06,20300.0,CE,3873.1,2138.41,22421.95,0,0,65
2026-10-01,IDO,2026-10-06,20750.0,CE,3425.95,1688.77,22421.95,0,0,65
2026-10-01,IDO,2026-10-06,21050.0,CE,3128.25,1389.04,22421.95,0,0,65
2026-10-01,IDO,2026-10-13,21600.0,PE,29.2,29.2,22421.95,388895,35549,65
2026-10-01,IDO,2026-10-13,21700.0,PE,35.6,35.6,22421.95,962715,45741,65
2026-10-01,IDO,2026-10-13,23000.0,PE,552.4,552.4,22421.95,549380,17604,65
2026-10-01,IDO,2026-10-13,23250.0,PE,778.0,778.0,22421.95,7345,79,65
2026-10-01,IDO,2026-10-13,23700.0,PE,1204.65,1204.65,22421.95,16250,70,65
2026-10-01,IDO,2026-10-13,23900.0,PE,1380.5,1380.5,22421.95,5200,28,65
2026-10-01,IDO,2026-10-19,20050.0,PE,0.35,0.11,22421.95,0,0,65
2026-10-01,IDO,2026-10-19,21250.0,PE,36.6,17.65,22421.95,650,11,65
2026-10-01,IDO,2026-10-19,21300.0,PE,32.45,32.45,22421.95,37115,4329,65
2026-10-01,IDO,2026-10-19,21450.0,PE,45.95,32.31,22421.95,1625,30,65
2026-10-01,IDO,2027-12-28,20000.0,PE,296.85,296.85,22421.95,108190,812,65
2026-10-01,IDO,2027-12-28,19000.0,PE,177.2,177.2,22421.95,36825,39,65
2026-10-01,IDO,2027-12-28,18000.0,PE,130.6,130.6,22421.95,28950,68,65
2026-10-01,IDO,2027-09-28,24000.0,PE,1386.25,1472.19,22421.95,0,0,65
2026-10-01,IDO,2026-11-23,22750.0,CE,400.25,400.25,22421.95,11180,364,65
2026-10-01,IDO,2026-11-23,21850.0,CE,2860.95,1004.41,22421.95,0,0,65
2026-10-01,IDO,2026-11-23,20750.0,CE,3902.65,1906.62,22421.95,0,0,65
2026-10-01,IDO,2026-11-23,20050.0,CE,4585.15,2566.78,22421.95,0,0,65
2026-10-01,IDO,2026-11-03,24800.0,CE,12.1,9.72,22421.95,1300,32,65
2026-10-01,IDO,2026-11-03,24600.0,CE,15.7,15.7,22421.95,19630,323,65
2026-10-01,IDO,2026-11-03,21000.0,PE,53.05,53.05,22421.95,12480,272,65
2026-10-01,IDO,2026-11-03,20800.0,PE,46.4,19.1,22421.95,650,12,65
2026-10-01,IDO,2026-10-27,26900.0,PE,3583.15,4364.85,22421.95,1430,0,65
2026-10-01,IDO,2026-10-27,26100.0,PE,3200.0,3568.28,22421.95,195,0,65
2026-10-01,IDO,2026-10-27,25250.0,PE,2249.0,2722.84,22421.95,260,0,65
2026-10-01,IDO,2026-10-06,21800.0,CE,676.0,676.0,22421.95,41730,2345,65
2026-10-01,IDO,2026-10-06,21850.0,CE,626.05,626.05,22421.95,23920,922,65
2026-10-01,IDO,2026-10-06,22600.0,CE,67.3,67.3,22421.95,6089395,3175358,65
2026-10-01,IDO,2026-11-03,24150.0,CE,242.15,37.54,22421.95,0,0,65
2026-10-01,IDO,2026-11-03,24050.0,CE,272.55,45.35,22421.95,0,0,65
2026-10-01,IDO,2026-11-03,23900.0,CE,43.6,59.63,22421.95,65,1,65
2026-10-01,IDO,2026-11-03,23150.0,CE,140.25,140.25,22421.95,2730,60,65
2026-10-01,IDO,2026-11-03,22600.0,CE,352.3,352.3,22421.95,65000,1744,65
2026-10-01,IDO,2026-11-03,21700.0,CE,1813.4,970.99,22421.95,0,0,65
2026-10-01,IDO,2026-11-23,22350.0,PE,337.85,337.85,22421.95,7605,337,65
2026-10-01,IDO,2026-11-23,23000.0,PE,634.55,634.55,22421.95,989690,12080,65
2026-10-01,IDO,2026-11-23,23200.0,PE,764.45,764.45,22421.95,161460,606,65
2026-10-01,IDO,2026-11-23,23300.0,PE,831.9,831.9,22421.95,47905,515,65
2026-10-01,IDO,2026-11-23,23350.0,PE,1024.9,978.12,22421.95,7280,52,65
2026-10-01,IDO,2026-11-03,21550.0,CE,1952.8,1090.85,22421.95,0,0,65
2026-10-01,IDO,2026-11-03,20400.0,CE,3069.5,2145.3,22421.95,0,0,65
2026-10-01,IDO,2026-11-03,20050.0,CE,3416.1,2488.99,22421.95,0,0,65
2026-10-01,IDO,2026-10-27,26650.0,CE,6.95,0.01,22421.95,390,0,65
2026-10-01,IDO,2026-10-27,26200.0,CE,1.7,1.7,22421.95,19890,66,65
2026-10-01,IDO,2026-10-19,22550.0,PE,292.6,292.6,22421.95,7605,963,65
2026-10-01,IDO,2026-10-19,22900.0,PE,489.35,489.35,22421.95,17875,315,65
2026-10-01,IDO,2026-10-19,23000.0,PE,566.7,566.7,22421.95,50180,634,65
2026-10-01,IDO,2026-10-19,23800.0,PE,890.0,1327.16,22421.95,65,0,65
2026-10-01,IDO,2026-10-19,24000.0,PE,1565.75,1518.44,22421.95,1885,5,65
2026-10-01,IDO,2026-10-19,24050.0,PE,962.95,1566.84,22421.95,0,0,65
2026-10-01,IDO,2026-10-19,24700.0,PE,1505.1,2207.03,22421.95,0,0,65
2026-10-01,IDO,2026-10-19,25150.0,PE,1919.85,2654.9,22421.95,0,0,65
2026-10-01,IDO,2026-10-27,21450.0,PE,64.3,64.3,22421.95,31070,1347,65
2026-10-01,IDO,2026-10-27,21750.0,PE,99.45,99.45,22421.95,51350,1836,65
2026-10-01,IDO,2026-10-27,22400.0,PE,266.85,266.85,22421.95,977210,51311,65
2026-10-01,IDO,2026-10-27,24100.0,PE,1568.25,1568.25,22421.95,221325,270,65
2026-10-01,IDO,2026-10-27,24150.0,PE,1803.4,1646.57,22421.95,15340,15,65
2026-10-01,IDO,2026-10-27,25050.0,PE,2471.85,2471.85,22421.95,910,10,65
2026-10-01,IDO,2026-11-23,24150.0,PE,1650.0,1607.35,22421.95,1300,1,65
2026-10-01,IDO,2026-11-23,24400.0,PE,1794.3,1794.3,22421.95,10140,20,65
2026-10-01,IDO,2026-11-23,25100.0,PE,2203.1,2472.98,22421.95,325,0,65
2026-10-01,IDO,2026-11-23,25350.0,PE,1152.95,2712.22,22421.95,0,0,65
2026-10-01,IDO,2026-11-23,26000.0,PE,3302.7,3302.7,22421.95,181480,972,65
2026-10-01,IDO,2026-10-06,21400.0,CE,1071.95,1071.95,22421.95,1300,16,65
2026-10-01,IDO,2026-10-27,25350.0,CE,3.8,3.8,22421.95,2730,32,65
2026-10-01,IDO,2026-10-27,24250.0,CE,12.9,12.9,22421.95,101725,1094,65
2026-10-01,IDO,2026-10-27,23500.0,CE,44.95,44.95,22421.95,9033180,152151,65
2026-10-01,IDO,2026-10-27,20500.0,CE,2043.0,2043.0,22421.95,21125,335,65
2026-10-01,IDO,2026-10-27,20050.0,CE,4242.8,2457.15,22421.95,0,0,65
2026-10-01,IDO,2026-10-19,24600.0,CE,5.1,5.1,22421.95,11245,249,65
2026-10-01,IDO,2027-06-29,19500.0,PE,17.3,110.33,22421.95,0,0,65
2026-10-01,IDO,2027-06-29,19000.0,PE,105.0,71.04,22421.95,1460,0,65
2026-10-01,IDO,2027-03-30,16500.0,PE,27.6,27.6,22421.95,3315,9,65
2026-10-01,IDO,2026-10-19,24200.0,CE,6.95,6.95,22421.95,13195,323,65
2026-10-01,IDO,2026-12-29,23350.0,PE,639.3,1029.87,22421.95,910,0,65
2026-10-01,IDO,2026-12-29,23300.0,PE,931.0,998.6,22421.95,4940,77,65
2026-10-01,IDO,2026-12-29,21050.0,PE,130.7,130.7,22421.95,4095,140,65
2026-10-01,IDO,2026-10-06,23050.0,CE,8.3,8.3,22421.95,3487835,529201,65
2026-10-01,IDO,2026-10-06,24050.0,CE,1.0,1.0,22421.95,577395,33657,65
2026-10-01,IDO,2031-06-24,30000.0,PE,2616.25,2953.82,22421.95,0,0,65
2026-10-01,IDO,2026-12-29,20250.0,PE,36.15,48.87,22421.95,0,0,65
2026-10-01,IDO,2026-10-19,24050.0,CE,9.6,8.9,22421.95,1170,21,65
2026-10-01,IDO,2026-10-19,23900.0,CE,9.95,9.95,22421.95,84175,1893,65
2026-10-01,IDO,2026-10-19,23150.0,CE,58.0,58.0,22421.95,11440,699,65
2026-10-01,IDO,2026-10-19,22450.0,CE,307.7,307.7,22421.95,6955,541,65
2026-10-01,IDO,2026-10-19,21650.0,CE,913.55,913.55,22421.95,130,3,65
2026-10-01,IDO,2026-10-19,21200.0,CE,2046.4,1298.78,22421.95,0,0,65
2026-10-01,IDO,2026-10-13,25400.0,CE,0.95,0.95,22421.95,269230,4923,65
2026-10-01,IDO,2026-10-13,25350.0,CE,1.05,1.05,22421.95,3185,148,65
2026-10-01,IDO,2026-10-13,25200.0,CE,1.0,1.0,22421.95,43615,838,65
2026-10-01,IDO,2026-10-13,24650.0,CE,1.5,1.5,22421.95,31460,596,65
2026-10-01,IDO,2026-10-13,24300.0,CE,1.85,1.85,22421.95,349830,13835,65
2026-10-01,IDO,2026-10-13,22850.0,CE,76.5,76.5,22421.95,324870,21624,65
2026-10-01,IDO,2026-10-13,22550.0,CE,186.15,186.15,22421.95,133380,19124,65
2026-10-01,IDO,2026-10-13,20400.0,CE,3348.95,2061.68,22421.95,0,0,65
2026-10-01,IDO,2026-10-13,21250.0,CE,2507.8,1219.64,22421.95,0,0,65
2026-10-01,IDO,2026-10-13,21350.0,CE,1145.85,1145.85,22421.95,65,3,65
2026-10-01,IDO,2026-12-29,20650.0,PE,64.15,85.06,22421.95,0,0,65
2026-10-01,IDO,2026-12-29,20700.0,PE,68.65,90.79,22421.95,0,0,65
2026-10-01,IDO,2030-12-31,30000.0,PE,1450.1,3189.29,22421.95,0,0,65
2026-10-01,IDO,2031-06-24,24000.0,PE,933.85,1021.5,22421.95,65,0,65
2026-10-01,IDO,2031-06-24,25500.0,PE,1262.85,1398.74,22421.95,0,0,65
2026-10-01,IDO,2031-06-24,28500.0,PE,2104.2,2366.76,22421.95,0,0,65
2026-10-01,IDO,2026-12-29,20850.0,PE,111.0,111.0,22421.95,2535,50,65
2026-10-01,IDO,2026-12-29,20900.0,PE,116.0,116.0,22421.95,1755,33,65
2026-10-01,IDO,2026-10-06,22900.0,PE,450.4,450.4,22421.95,837980,61752,65
2026-10-01,IDO,2026-10-19,20150.0,CE,3079.15,2330.88,22421.95,0,0,65
2026-10-01,IDO,2026-10-19,20250.0,CE,2979.9,2231.3,22421.95,0,0,65
2026-10-01,IDO,2026-10-19,20650.0,CE,2584.0,1834.1,22421.95,0,0,65
2026-10-01,IDO,2026-10-19,20850.0,CE,2387.15,1637.08,22421.95,0,0,65
2026-10-01,IDO,2026-10-19,21100.0,CE,2143.1,1394.22,22421.95,0,0,65
2026-10-01,IDO,2031-06-24,33000.0,PE,3810.15,4313.73,22421.95,0,0,65
2026-10-01,IDO,2031-06-24,22500.0,PE,663.6,714.07,22421.95,0,0,65
2026-10-01,IDO,2030-12-31,31500.0,PE,1885.5,3898.2,22421.95,0,0,65
2026-10-01,IDO,2030-12-31,28500.0,PE,1083.1,2548.36,22421.95,0,0,65
2026-10-01,IDO,2030-12-31,22500.0,PE,219.35,747.42,22421.95,0,0,65
2026-10-01,IDO,2028-12-26,19500.0,PE,49.0,265.65,22421.95,0,0,65
2026-10-01,IDO,2028-06-27,31500.0,PE,2935.6,6146.41,22421.95,0,0,65
2026-10-01,IDO,2028-06-27,22500.0,PE,206.95,861.43,22421.95,0,0,65
2026-10-01,IDO,2027-12-28,25500.0,PE,676.05,2255.23,22421.95,0,0,65
2026-10-01,IDO,2027-09-28,21000.0,PE,357.75,389.76,22421.95,0,0,65
2026-10-01,IDO,2027-09-28,16500.0,PE,8.4,9.59,22421.95,0,0,65
2026-10-01,IDO,2027-06-29,16500.0,PE,41.8,3.9,22421.95,780,2,65
2026-10-01,IDO,2027-03-30,28500.0,PE,2937.15,5232.41,22421.95,65,0,65
2026-10-01,IDO,2027-03-30,21000.0,PE,208.45,208.45,22421.95,1108380,9133,65
2026-10-01,IDO,2026-12-29,25500.0,PE,2668.45,2668.45,22421.95,327275,736,65
2026-10-01,IDO,2026-12-29,24250.0,PE,1631.05,1672.35,22421.95,3770,6,65
2026-10-01,IDO,2026-12-29,24150.0,PE,1509.55,1594.28,22421.95,585,3,65
2026-10-01,IDO,2026-12-29,23800.0,PE,1185.4,1185.4,22421.95,1885,2,65
2026-10-01,IDO,2026-12-29,23750.0,PE,1123.3,1123.3,22421.95,2795,1,65
2026-10-01,IDO,2026-12-29,23650.0,PE,1063.9,1227.85,22421.95,1690,15,65
2026-10-01,IDO,2026-12-29,22850.0,PE,591.2,591.2,22421.95,13585,302,65
2026-10-01,IDO,2026-12-29,21500.0,PE,188.55,188.55,22421.95,236925,8405,65
2026-10-01,IDO,2026-12-29,21450.0,PE,179.65,179.65,22421.95,8450,304,65
2026-10-01,IDO,2026-11-23,26050.0,PE,1637.9,3393.86,22421.95,0,0,65
2026-10-01,IDO,2026-11-23,25800.0,PE,2725.0,3148.99,22421.95,585,0,65
2026-10-01,IDO,2026-11-23,24750.0,PE,807.55,2144.31,22421.95,0,0,65
2026-10-01,IDO,2026-11-23,24300.0,PE,1600.0,1600.0,22421.95,13000,55,65
2026-10-01,IDO,2026-11-23,23750.0,PE,1241.8,1277.28,22421.95,2860,6,65
2026-10-01,IDO,2026-11-23,22900.0,PE,585.0,585.0,22421.95,51155,1375,65
2026-10-01,IDO,2026-11-23,22850.0,PE,549.4,549.4,22421.95,20735,412,65
2026-10-01,IDO,2026-11-23,22250.0,PE,301.65,301.65,22421.95,14040,611,65
2026-10-01,IDO,2026-11-23,21750.0,PE,175.9,175.9,22421.95,5720,208,65
2026-10-01,IDO,2026-11-23,21100.0,PE,90.55,90.55,22421.95,13260,613,65
2026-10-01,IDO,2026-11-23,20100.0,PE,3.0,12.08,22421.95,0,0,65
2026-10-01,IDO,2026-11-03,24500.0,PE,1160.15,1956.42,22421.95,0,0,65
2026-10-01,IDO,2026-11-03,24050.0,PE,829.7,1535.72,22421.95,0,0,65
2026-10-01,IDO,2026-11-03,23950.0,PE,763.55,1445.44,22421.95,0,0,65
2026-10-01,IDO,2026-11-03,22500.0,PE,334.45,334.45,22421.95,14690,491,65
2026-10-01,IDO,2026-11-03,21450.0,PE,21.85,79.18,22421.95,0,0,65
2026-10-01,IDO,2026-11-03,21300.0,PE,15.7,58.87,22421.95,0,0,65
2026-10-01,IDO,2026-11-03,21100.0,PE,69.75,38.53,22421.95,585,35,65
2026-10-01,IDO,2026-10-27,26050.0,PE,3580.0,3518.5,22421.95,130,4,65
2026-10-01,IDO,2026-10-27,25800.0,PE,3175.0,3269.66,22421.95,11960,2,65
2026-10-01,IDO,2026-10-27,24450.0,PE,1922.0,1934.89,22421.95,8255,16,65
2026-10-01,IDO,2026-10-27,23700.0,PE,1170.85,1170.85,22421.95,383305,383,65
2026-10-01,IDO,2026-10-27,23200.0,PE,742.25,742.25,22421.95,2077790,10311,65
2026-10-01,IDO,2026-10-27,21200.0,PE,45.15,45.15,22421.95,372905,11176,65
2026-10-01,IDO,2026-10-27,20950.0,PE,33.6,33.6,22421.95,24245,1020,65
2026-10-01,IDO,2026-10-27,20600.0,PE,22.8,22.8,22421.95,244270,8548,65
2026-10-01,IDO,2026-10-27,20200.0,PE,8.2,1.48,22421.95,0,0,65
2026-10-01,IDO,2026-10-19,24750.0,PE,1549.95,2256.72,22421.95,0,0,65
2026-10-01,IDO,2026-10-19,24300.0,PE,1400.0,1811.23,22421.95,975,0,65
2026-10-01,IDO,2026-10-19,24100.0,PE,1001.35,1615.42,22421.95,0,0,65
2026-10-01,IDO,2026-10-19,23900.0,PE,777.4,1422.29,22421.95,0,0,65
2026-10-01,IDO,2026-10-19,23600.0,PE,1198.35,1140.98,22421.95,2600,51,65
2026-10-01,IDO,2026-10-19,23450.0,PE,1089.35,1006.02,22421.95,3120,9,65
2026-10-01,IDO,2026-10-19,23250.0,PE,800.0,834.4,22421.95,3055,9,65
2026-10-01,IDO,2026-10-19,22650.0,PE,343.85,343.85,22421.95,7800,490,65
2026-10-01,IDO,2026-10-19,22050.0,PE,116.9,116.9,22421.95,9490,1326,65
2026-10-01,IDO,2026-10-19,21000.0,PE,20.7,20.7,22421.95,88270,9324,65
2026-10-01,IDO,2026-10-19,20200.0,PE,0.6,0.24,22421.95,0,0,65
2026-10-01,IDO,2026-10-13,25100.0,PE,1406.65,2629.25,22421.95,0,0,65
2026-10-01,IDO,2026-10-13,25050.0,PE,1363.6,2579.35,22421.95,0,0,65
2026-10-01,IDO,2026-10-13,24900.0,PE,1237.05,2429.66,22421.95,0,0,65
2026-10-01,IDO,2026-10-13,23750.0,PE,1305.65,1288.61,22421.95,4095,3,65
2026-10-01,IDO,2026-10-13,23100.0,PE,637.0,637.0,22421.95,128635,2584,65
2026-10-01,IDO,2026-10-13,22800.0,PE,396.1,396.1,22421.95,705835,25017,65
2026-10-01,IDO,2026-10-13,21950.0,PE,63.65,63.65,22421.95,73515,8985,65
2026-10-01,IDO,2026-10-13,21650.0,PE,32.55,32.55,22421.95,89180,9570,65
2026-10-01,IDO,2026-10-13,20550.0,PE,5.5,5.5,22421.95,34840,2612,65
2026-10-01,IDO,2026-10-13,20150.0,PE,0.15,0.01,22421.95,0,0,65
2026-10-01,IDO,2026-10-06,25650.0,PE,2795.5,3207.26,22421.95,260,0,65
2026-10-01,IDO,2026-10-06,25450.0,PE,1346.9,3007.42,22421.95,0,0,65
2026-10-01,IDO,2026-10-06,25400.0,PE,2800.0,2957.46,22421.95,2080,8,65
2026-10-01,IDO,2026-10-06,24650.0,PE,1900.0,2208.07,22421.95,3835,0,65
2026-10-01,IDO,2026-10-06,24300.0,PE,1832.8,1832.8,22421.95,56485,35,65
2026-10-01,IDO,2026-10-06,23000.0,PE,549.25,549.25,22421.95,1663805,63274,65
2026-10-01,IDO,2026-10-06,22700.0,PE,280.1,280.1,22421.95,2634970,728841,65
2026-10-01,IDO,2026-10-06,20500.0,PE,1.3,1.3,22421.95,7036900,293655,65
2026-10-01,IDO,2026-10-06,20400.0,PE,1.2,1.2,22421.95,23075,1360,65
2026-10-01,IDO,2031-06-24,24000.0,CE,7181.9,5671.82,22421.95,0,0,65
2026-10-01,IDO,2030-12-31,30000.0,CE,5227.2,2709.98,22421.95,0,0,65
2026-10-01,IDO,2030-06-25,22500.0,CE,9012.4,5453.35,22421.95,0,0,65
2026-10-01,IDO,2029-12-24,31500.0,CE,3429.3,1405.13,22421.95,0,0,65
2026-10-01,IDO,2029-12-24,15000.0,CE,13369.45,10233.79,22421.95,0,0,65
2026-10-01,IDO,2029-06-26,30000.0,CE,5268.4,1332.85,22421.95,0,0,65
2026-10-01,IDO,2029-06-26,28500.0,CE,4213.3,1730.39,22421.95,0,0,65
2026-10-01,IDO,2028-06-27,18000.0,CE,6809.35,6401.9,22421.95,0,0,65
2026-10-01,IDO,2027-09-28,21000.0,CE,3277.85,3093.47,22421.95,0,0,65
2026-10-01,IDO,2027-06-29,31500.0,CE,769.15,20.43,22421.95,0,0,65
2026-10-01,IDO,2027-06-29,19000.0,CE,7800.0,4367.99,22421.95,75,0,65
2026-10-01,IDO,2026-12-29,23600.0,CE,239.6,239.6,22421.95,22295,799,65
2026-10-01,IDO,2026-12-29,23450.0,CE,281.35,281.35,22421.95,10010,290,65
2026-10-01,IDO,2026-12-29,23000.0,CE,454.8,454.8,22421.95,1537780,25927,65
2026-10-01,IDO,2026-12-29,20850.0,CE,2255.35,2002.13,22421.95,0,0,65
2026-10-01,IDO,2026-11-23,26050.0,CE,9.4,4.9,22421.95,2275,20,65
2026-10-01,IDO,2026-11-23,25350.0,CE,15.0,16.84,22421.95,455,1,65
2026-10-01,IDO,2026-11-23,25000.0,CE,22.7,22.7,22421.95,1128335,12657,65
2026-10-01,IDO,2026-11-23,24700.0,CE,29.2,29.2,22421.95,44005,636,65
2026-10-01,IDO,2026-11-23,24400.0,CE,41.7,41.7,22421.95,84630,2372,65
2026-10-01,IDO,2026-11-23,22900.0,CE,329.2,329.2,22421.95,67990,1789,65
2026-10-01,IDO,2026-11-23,22550.0,CE,503.4,503.4,22421.95,5850,194,65
2026-10-01,IDO,2026-11-23,22050.0,CE,758.55,869.22,22421.95,130,4,65
2026-10-01,IDO,2026-11-23,21550.0,CE,3139.0,1226.48,22421.95,0,0,65
2026-10-01,IDO,2026-11-23,21200.0,CE,3469.95,1510.44,22421.95,0,0,65
2026-10-01,IDO,2026-11-03,25100.0,CE,9.95,9.95,22421.95,24635,290,65
2026-10-01,IDO,2026-11-03,23850.0,CE,341.7,65.17,22421.95,0,0,65
2026-10-01,IDO,2026-11-03,23200.0,CE,127.45,127.45,22421.95,6955,214,65
2026-10-01,IDO,2026-11-03,21950.0,CE,1587.3,785.43,22421.95,0,0,65
2026-10-01,IDO,2026-11-03,21850.0,CE,1676.7,858.26,22421.95,0,0,65
2026-10-01,IDO,2026-11-03,21600.0,CE,1906.05,1050.24,22421.95,0,0,65
2026-10-01,IDO,2026-11-03,20750.0,CE,2724.4,1807.59,22421.95,0,0,65
2026-10-01,IDO,2026-10-27,26950.0,CE,4.25,0.0,22421.95,780,0,65
2026-10-01,IDO,2026-10-27,26800.0,CE,1.05,0.0,22421.95,390,0,65
2026-10-01,IDO,2026-10-27,26550.0,CE,1.25,0.01,22421.95,780,0,65
2026-10-01,IDO,2026-10-27,26150.0,CE,4.85,0.05,22421.95,455,0,65
2026-10-01,IDO,2026-10-27,24350.0,CE,11.4,11.4,22421.95,86320,5122,65
2026-10-01,IDO,2026-10-27,23300.0,CE,67.75,67.75,22421.95,3455010,63622,65
2026-10-01,IDO,2026-10-27,22900.0,CE,164.5,164.5,22421.95,1260675,35692,65
2026-10-01,IDO,2026-10-27,22200.0,CE,533.4,533.4,22421.95,108290,6315,65
2026-10-01,IDO,2026-10-27,21900.0,CE,756.5,756.5,22421.95,21905,453,65
2026-10-01,IDO,2026-10-27,21700.0,CE,924.35,924.35,22421.95,1820,73,65
2026-10-01,IDO,2026-10-27,21450.0,CE,1084.5,1120.32,22421.95,65,1,65
2026-10-01,IDO,2026-10-27,21250.0,CE,1356.25,1356.25,22421.95,65,1,65
2026-10-01,IDO,2026-10-27,20950.0,CE,3376.9,1576.78,22421.95,0,0,65
2026-10-01,IDO,2026-10-27,20700.0,CE,3614.75,1817.09,22421.95,0,0,65
2026-10-01,IDO,2026-10-27,20650.0,CE,3662.6,1865.72,22421.95,0,0,65
2026-10-01,IDO,2026-10-27,20450.0,CE,3854.95,2061.59,22421.95,0,0,65
2026-10-01,IDO,2026-10-19,24550.0,CE,5.6,1.7,22421.95,1365,0,65
2026-10-01,IDO,2026-10-19,23000.0,CE,88.3,88.3,22421.95,335400,14261,65
2026-10-01,IDO,2026-10-19,22550.0,CE,250.65,250.65,22421.95,15210,1263,65
2026-10-01,IDO,2026-10-19,22200.0,CE,468.3,468.3,22421.95,5850,474,65
2026-10-01,IDO,2026-10-19,21900.0,CE,718.8,718.8,22421.95,195,15,65
2026-10-01,IDO,2026-10-19,21400.0,CE,1444.1,1112.27,22421.95,65,0,65
2026-10-01,IDO,2026-10-06,20400.0,CE,3773.7,2038.49,22421.95,0,0,65
2026-10-01,IDO,2026-10-06,21550.0,CE,1181.35,891.54,22421.95,390,0,65
2026-10-01,IDO,2026-10-06,21600.0,CE,848.55,848.55,22421.95,4875,170,65
2026-10-01,IDO,2026-10-06,22000.0,CE,475.4,475.4,22421.95,775905,74680,65
2026-10-01,IDO,2026-10-06,22800.0,CE,24.75,24.75,22421.95,8943090,1883167,65
2026-10-01,IDO,2026-10-06,23950.0,CE,1.15,1.15,22421.95,900380,64754,65
2026-10-01,IDO,2026-10-06,24600.0,CE,0.7,0.7,22421.95,1218620,62522,65
2026-10-01,IDO,2026-10-06,24800.0,CE,0.6,0.6,22421.95,388310,36867,65
2026-10-01,IDO,2026-10-06,25550.0,CE,0.5,0.5,22421.95,22750,863,65
2026-10-01,IDO,2026-10-06,25600.0,CE,0.55,0.55,22421.95,140530,9533,65
2026-10-01,IDO,2026-10-06,25750.0,CE,0.45,0.45,22421.95,73125,4202,65
2026-10-01,IDO,2026-10-13,20050.0,CE,3696.8,2410.94,22421.95,0,0,65
2026-10-01,IDO,2026-10-13,21000.0,CE,1500.0,1500.0,22421.95,1365,21,65
2026-10-01,IDO,2026-10-13,21050.0,CE,2704.75,1415.44,22421.95,0,0,65
2026-10-01,IDO,2026-10-13,21200.0,CE,2556.95,1268.29,22421.95,0,0,65
2026-10-01,IDO,2026-10-13,21550.0,CE,913.75,934.81,22421.95,130,6,65
2026-10-01,IDO,2026-10-13,22900.0,CE,65.15,65.15,22421.95,866905,72688,65
2026-10-01,IDO,2026-10-13,24400.0,CE,1.7,1.7,22421.95,576420,27401,65
2026-10-01,IDO,2026-10-13,24800.0,CE,1.5,1.5,22421.95,73580,2983,65
2026-10-01,IDO,2026-10-27,21700.0,PE,92.3,92.3,22421.95,541970,22223,65
2026-10-01,IDO,2026-10-27,23300.0,PE,819.9,819.9,22421.95,2537340,5585,65
2026-10-01,IDO,2026-10-27,23350.0,PE,852.8,852.8,22421.95,27560,171,65
2026-10-01,IDO,2026-10-27,23950.0,PE,1484.5,1458.92,22421.95,4615,3,65
2026-10-01,IDO,2026-10-27,24000.0,PE,1466.6,1466.6,22421.95,2715440,10273,65
2026-10-01,IDO,2026-10-27,24550.0,PE,2083.25,2032.27,22421.95,6565,3,65
2026-10-01,IDO,2026-10-27,24750.0,PE,1810.0,2228.32,22421.95,715,0,65
2026-10-01,IDO,2026-10-27,25450.0,PE,1850.0,2921.51,22421.95,325,0,65
2026-10-01,IDO,2026-10-27,25650.0,PE,2492.35,3120.4,22421.95,195,0,65
2026-10-01,IDO,2026-10-27,26500.0,PE,3927.4,3927.4,22421.95,540995,148,65
2026-10-01,IDO,2026-10-27,26750.0,PE,2501.2,4215.49,22421.95,0,0,65
2026-10-01,IDO,2026-11-03,20100.0,PE,0.6,2.65,22421.95,0,0,65
2026-10-01,IDO,2026-11-03,20500.0,PE,25.9,8.71,22421.95,260,4,65
2026-10-01,IDO,2026-11-03,20850.0,PE,5.3,21.59,22421.95,0,0,65
2026-10-01,IDO,2026-11-03,21350.0,PE,17.55,65.12,22421.95,0,0,65
2026-10-01,IDO,2026-11-03,21750.0,PE,174.1,135.94,22421.95,1560,9,65
2026-10-01,IDO,2026-11-03,22250.0,PE,243.05,243.05,22421.95,2275,42,65
2026-10-01,IDO,2026-11-03,22700.0,PE,439.85,439.85,22421.95,7930,67,65
2026-10-01,IDO,2026-11-03,23500.0,PE,985.6,985.6,22421.95,9425,10,65
2026-10-01,IDO,2026-11-03,23800.0,PE,669.7,1312.93,22421.95,0,0,65
2026-10-01,IDO,2026-11-03,24250.0,PE,970.25,1720.15,22421.95,0,0,65
2026-10-01,IDO,2026-10-27,23050.0,PE,622.75,622.75,22421.95,53690,327,65
2026-10-01,IDO,2030-12-31,19500.0,PE,67.4,298.99,22421.95,0,0,65
2026-10-01,IDO,2030-12-31,16500.0,PE,13.65,85.54,22421.95,0,0,65
2026-10-01,IDO,2029-12-24,30000.0,PE,3010.05,3779.97,22421.95,1430,1,65
2026-10-01,IDO,2029-12-24,21000.0,PE,418.05,509.57,22421.95,1885,0,65
2026-10-01,IDO,2029-12-24,16500.0,PE,10.15,71.29,22421.95,0,0,65
2026-10-01,IDO,2027-12-28,24000.0,PE,1203.35,1203.35,22421.95,254830,1234,65
2026-10-01,IDO,2027-09-28,25500.0,PE,2230.25,2344.02,22421.95,0,0,65
2026-10-01,IDO,2027-09-28,22500.0,PE,761.85,818.9,22421.95,65,1,65
2026-10-01,IDO,2027-03-30,22500.0,PE,540.3,540.3,22421.95,764920,7278,65
2026-10-01,IDO,2026-12-29,24350.0,PE,1261.6,1751.87,22421.95,390,0,65
2026-10-01,IDO,2026-12-29,24050.0,PE,1075.15,1518.63,22421.95,845,0,65
2026-10-01,IDO,2026-12-29,23400.0,PE,885.95,885.95,22421.95,3640,105,65
2026-10-01,IDO,2026-12-29,23200.0,PE,777.85,777.85,22421.95,7800,126,65
2026-10-01,IDO,2026-12-29,23150.0,PE,780.2,907.86,22421.95,6890,7,65
2026-10-01,IDO,2026-12-29,22950.0,PE,641.3,641.3,22421.95,13975,227,65
2026-10-01,IDO,2026-12-29,22800.0,PE,568.0,568.0,22421.95,74880,1270,65
2026-10-01,IDO,2026-12-29,21800.0,PE,240.95,240.95,22421.95,64935,1239,65
2026-10-01,IDO,2026-12-29,21600.0,PE,202.95,202.95,22421.95,20150,361,65
2026-10-01,IDO,2026-12-29,20950.0,PE,120.85,120.85,22421.95,17680,556,65
2026-10-01,IDO,2026-12-29,20500.0,PE,67.35,67.35,22421.95,1300,20,65
2026-10-01,IDO,2026-12-29,20400.0,PE,45.15,60.58,22421.95,0,0,65
2026-10-01,IDO,2026-12-29,20000.0,PE,65.85,65.85,22421.95,1869970,19876,65
2026-10-01,IDO,2026-12-29,18000.0,PE,22.3,22.3,22421.95,882915,8198,65
2026-10-01,IDO,2026-12-29,16500.0,PE,14.25,14.25,22421.95,6110,12,65
2026-10-01,IDO,2026-12-29,14000.0,PE,5.55,5.55,22421.95,12275,214,65
2026-10-01,IDO,2026-11-23,25650.0,PE,1350.35,3002.72,22421.95,0,0,65
2026-10-01,IDO,2026-11-23,25600.0,PE,2600.0,2954.1,22421.95,195,0,65
2026-10-01,IDO,2026-11-23,22600.0,PE,430.7,430.7,22421.95,84890,4299,65
2026-10-01,IDO,2026-11-23,22500.0,PE,382.65,382.65,22421.95,1514110,21402,65
2026-10-01,IDO,2026-11-23,21400.0,PE,121.45,121.45,22421.95,61815,1547,65
2026-10-01,IDO,2026-11-23,20700.0,PE,60.4,60.4,22421.95,33930,638,65
2026-10-01,IDO,2026-11-23,20300.0,PE,4.4,18.52,22421.95,0,0,65
2026-10-01,IDO,2026-11-23,20250.0,PE,4.0,16.68,22421.95,0,0,65
2026-10-01,IDO,2026-11-03,24950.0,PE,1534.25,2392.13,22421.95,0,0,65
2026-10-01,IDO,2026-11-03,24450.0,PE,1121.05,1908.75,22421.95,0,0,65
2026-10-01,IDO,2026-10-06,20250.0,CE,3922.8,2188.37,22421.95,0,0,65
2026-10-01,IDO,2026-10-06,20500.0,CE,3674.35,1938.57,22421.95,0,0,65
2026-10-01,IDO,2026-10-06,21300.0,CE,2880.7,1139.52,22421.95,0,0,65
2026-10-01,IDO,2026-10-06,22550.0,CE,85.45,85.45,22421.95,4358185,2043845,65
2026-10-01,IDO,2026-10-06,24000.0,CE,1.15,1.15,22421.95,11099010,772072,65
2026-10-01,IDO,2026-10-06,25350.0,CE,0.5,0.5,22421.95,18265,2373,65
2026-10-01,IDO,2026-10-13,20600.0,CE,3150.35,1862.23,22421.95,0,0,65
2026-10-01,IDO,2026-10-13,23800.0,CE,5.0,5.0,22421.95,944385,49694,65
2026-10-01,IDO,2026-10-13,25000.0,CE,1.35,1.35,22421.95,369785,13509,65
2026-10-01,IDO,2026-10-13,25300.0,CE,1.05,1.05,22421.95,41600,768,65
2026-10-01,IDO,2026-10-19,20600.0,CE,2633.35,1883.58,22421.95,0,0,65
2026-10-01,IDO,2026-10-19,20700.0,CE,2534.65,1784.69,22421.95,0,0,65
2026-10-01,IDO,2026-10-19,21250.0,CE,1998.25,1251.54,22421.95,0,0,65
2026-10-01,IDO,2026-10-19,21350.0,CE,1902.6,1158.25,22421.95,0,0,65
2026-10-01,IDO,2026-10-19,22400.0,CE,333.65,333.65,22421.95,20150,1874,65
2026-10-01,IDO,2026-10-19,22950.0,CE,98.95,98.95,22421.95,22100,1003,65
2026-10-01,IDO,2026-10-19,24450.0,CE,6.25,2.42,22421.95,2275,4,65
2026-10-01,IDO,2026-10-27,20100.0,CE,4194.1,2407.54,22421.95,0,0,65
2026-10-01,IDO,2026-10-27,20150.0,CE,4145.5,2357.97,22421.95,0,0,65
2026-10-01,IDO,2026-10-27,22500.0,CE,344.7,344.7,22421.95,2210325,106687,65
2026-10-01,IDO,2026-10-27,23750.0,CE,26.85,26.85,22421.95,115375,4522,65
2026-10-01,IDO,2026-10-27,23800.0,CE,23.8,23.8,22421.95,1953705,37255,65
2026-10-01,IDO,2026-10-27,23850.0,CE,22.35,22.35,22421.95,133705,2993,65
2026-10-01,IDO,2026-10-27,24650.0,CE,7.95,7.95,22421.95,32500,629,65
2026-10-01,IDO,2026-10-27,25250.0,CE,5.1,5.1,22421.95,3835,69,65
2026-10-01,IDO,2026-10-27,25950.0,CE,2.15,0.11,22421.95,3380,0,65
2026-10-01,IDO,2026-10-27,26500.0,CE,0.9,0.9,22421.95,730925,1551,65
2026-10-01,IDO,2026-11-03,20300.0,CE,3168.4,2243.07,22421.95,0,0,65
2026-10-01,IDO,2026-11-03,20850.0,CE,2626.3,1712.9,22421.95,0,0,65
2026-10-01,IDO,2026-11-03,21000.0,CE,2479.75,1572.93,22421.95,0,0,65
2026-10-01,IDO,2026-11-03,22000.0,CE,653.55,750.72,22421.95,455,13,65
2026-10-01,IDO,2026-11-03,22950.0,CE,197.95,197.95,22421.95,3250,125,65
2026-10-01,IDO,2026-11-03,23650.0,CE,181.9,91.79,22421.95,1495,0,65
2026-10-01,IDO,2026-11-03,23700.0,CE,401.3,84.42,22421.95,0,0,65
2026-10-01,IDO,2026-11-03,23800.0,CE,43.45,43.45,22421.95,22750,575,65
2026-10-01,IDO,2026-11-03,24500.0,CE,18.1,18.1,22421.95,3250,80,65
2026-10-01,IDO,2026-11-03,24550.0,CE,12.3,16.77,22421.95,520,7,65
2026-10-01,IDO,2026-11-03,24700.0,CE,13.85,13.85,22421.95,19630,280,65
2026-10-01,IDO,2026-11-03,24750.0,CE,9.9,10.87,22421.95,650,30,65
2026-10-01,IDO,2026-11-23,21050.0,CE,3613.45,1639.12,22421.95,0,0,65
2026-10-01,IDO,2026-11-23,21300.0,CE,3374.8,1426.84,22421.95,0,0,65
2026-10-01,IDO,2026-11-23,21400.0,CE,3280.1,1345.15,22421.95,0,0,65
2026-10-01,IDO,2026-11-23,21800.0,CE,1029.7,1029.7,22421.95,520,19,65
2026-10-01,IDO,2026-11-23,22850.0,CE,353.15,353.15,22421.95,15860,391,65
2026-10-01,IDO,2026-11-23,23150.0,CE,237.7,237.7,22421.95,143780,1219,65
2026-10-01,IDO,2026-11-23,23650.0,CE,115.7,115.7,22421.95,12610,382,65
2026-10-01,IDO,2026-11-23,24200.0,CE,53.0,53.0,22421.95,256425,13976,65
2026-10-01,IDO,2026-11-23,25700.0,CE,16.2,9.24,22421.95,1560,52,65
2026-10-01,IDO,2026-12-29,20000.0,CE,2771.45,2771.45,22421.95,801800,1841,65
2026-10-01,IDO,2026-12-29,20450.0,CE,2614.3,2351.1,22421.95,0,0,65
2026-10-01,IDO,2026-12-29,20750.0,CE,2343.6,2087.58,22421.95,0,0,65
2026-10-01,IDO,2026-12-29,21200.0,CE,1955.8,1714.05,22421.95,0,0,65
2026-10-01,IDO,2026-12-29,22200.0,CE,911.45,911.45,22421.95,4160,138,65
2026-10-01,IDO,2026-12-29,22250.0,CE,884.9,884.9,22421.95,1235,10,65
2026-10-01,IDO,2026-12-29,22650.0,CE,607.0,760.14,22421.95,975,40,65
2026-10-01,IDO,2026-12-29,23100.0,CE,409.8,409.8,22421.95,12415,590,65
2026-10-01,IDO,2026-12-29,23950.0,CE,161.25,161.25,22421.95,13065,324,65
2026-10-01,IDO,2026-12-29,24150.0,CE,131.35,131.35,22421.95,2470,51,65
2026-10-01,IDO,2027-03-30,16500.0,CE,6995.9,6431.36,22421.95,0,0,65
2026-10-01,IDO,2027-03-30,28500.0,CE,27.4,27.4,22421.95,196885,1065,65
2026-10-01,IDO,2028-06-27,22500.0,CE,6796.05,3136.63,22421.95,0,0,65
2026-10-01,IDO,2028-06-27,28500.0,CE,2990.0,817.73,22421.95,0,0,65
2026-10-01,IDO,2028-12-26,27000.0,CE,1300.4,1300.4,22421.95,5655,30,65
2026-10-01,IDO,2029-06-26,22500.0,CE,7946.5,4349.51,22421.95,0,0,65
2026-10-01,IDO,2030-06-25,28500.0,CE,5382.85,2703.9,22421.95,0,0,65
2026-10-01,IDO,2030-06-25,30000.0,CE,5580.35,2227.33,22421.95,0,0,65
2026-10-01,IDO,2031-06-24,22500.0,CE,8012.75,6475.12,22421.95,0,0,65
2026-10-01,IDO,2026-10-06,21200.0,PE,2.4,2.4,22421.95,1966055,420953,65
2026-10-01,IDO,2026-10-06,21350.0,PE,3.25,3.25,22421.95,899860,281819,65
2026-10-01,IDO,2026-10-06,21400.0,PE,3.55,3.55,22421.95,3186495,518431,65
2026-10-01,IDO,2026-10-06,21950.0,PE,16.35,16.35,22421.95,1872000,587089,65
2026-10-01,IDO,2026-10-06,22150.0,PE,36.2,36.2,22421.95,2636335,949930,65
2026-10-01,IDO,2026-10-06,22250.0,PE,54.4,54.4,22421.95,1937390,1416411,65
2026-10-01,IDO,2026-10-06,23600.0,PE,1133.5,1133.5,22421.95,161265,879,65
2026-10-01,IDO,2026-10-06,24800.0,PE,2339.65,2339.65,22421.95,11245,212,65
2026-10-01,IDO,2026-10-13,20100.0,PE,3.9,3.9,22421.95,504530,9478,65
2026-10-01,IDO,2026-10-13,20200.0,PE,0.15,0.02,22421.95,0,0,65
2026-10-01,IDO,2026-10-13,20700.0,PE,6.5,6.5,22421.95,98345,6954,65
2026-10-01,IDO,2026-10-13,20800.0,PE,7.25,7.25,22421.95,143455,13015,65
2026-10-01,IDO,2026-10-13,20950.0,PE,9.05,9.05,22421.95,22490,2170,65
2026-10-01,IDO,2026-10-13,22100.0,PE,90.6,90.6,22421.95,332930,36602,65
2026-10-01,IDO,2026-10-13,22650.0,PE,299.05,299.05,22421.95,47125,9161,65
2026-10-01,IDO,2026-10-13,22900.0,PE,469.25,469.25,22421.95,204295,5625,65
2026-10-01,IDO,2026-10-13,23300.0,PE,823.9,823.9,22421.95,143910,855,65
2026-10-01,IDO,2026-10-13,23450.0,PE,1126.6,1002.21,22421.95,9360,18,65
2026-10-01,IDO,2026-10-13,23600.0,PE,1112.8,1112.8,22421.95,32045,458,65
2026-10-01,IDO,2026-10-13,24550.0,PE,961.3,2080.5,22421.95,0,0,65
2026-10-01,IDO,2026-10-13,25400.0,PE,2600.0,2928.66,22421.95,65,0,65
2026-10-01,IDO,2026-10-19,20700.0,PE,12.6,12.6,22421.95,1885,100,65
2026-10-01,IDO,2026-10-19,21200.0,PE,27.7,27.7,22421.95,12870,829,65
2026-10-01,IDO,2026-10-19,21550.0,PE,44.8,44.8,22421.95,2080,46,65
2026-10-01,IDO,2026-10-19,21700.0,PE,63.65,63.65,22421.95,17420,1065,65
2026-10-01,IDO,2026-10-19,23100.0,PE,652.6,652.6,22421.95,7150,80,65
2026-10-01,IDO,2026-10-19,23500.0,PE,981.0,981.0,22421.95,19435,104,65
2026-10-01,IDO,2026-10-19,24250.0,PE,1180.0,1762.09,22421.95,65,0,65
2026-10-01,IDO,2026-10-27,20150.0,PE,7.5,1.22,22421.95,0,0,65
2026-10-01,IDO,2026-10-27,21550.0,PE,72.65,72.65,22421.95,33930,1247,65
2026-10-01,IDO,2026-12-29,21400.0,PE,172.25,172.25,22421.95,8320,465,65
2026-10-01,IDO,2026-12-29,22000.0,PE,289.45,289.45,22421.95,3472080,31913,65
2026-10-01,IDO,2026-12-29,22100.0,PE,315.1,315.1,22421.95,15275,539,65
2026-10-01,IDO,2026-12-29,22250.0,PE,353.35,353.35,22421.95,4550,281,65
2026-10-01,IDO,2026-12-29,22600.0,PE,481.15,481.15,22421.95,17225,565,65
2026-10-01,IDO,2026-12-29,23450.0,PE,907.25,907.25,22421.95,1040,7,65
2026-10-01,IDO,2026-12-29,23850.0,PE,1224.35,1369.18,22421.95,3705,71,65
2026-10-01,IDO,2026-12-29,23950.0,PE,1298.7,1298.7,22421.95,1300,9,65
2026-10-01,IDO,2026-11-23,22700.0,PE,470.75,470.75,22421.95,95875,3202,65
2026-10-01,IDO,2026-11-23,20950.0,PE,81.45,62.66,22421.95,390,6,65
2026-10-01,IDO,2026-11-23,20750.0,PE,70.0,70.0,22421.95,390,1,65
2026-10-01,IDO,2026-11-23,20500.0,PE,52.85,52.85,22421.95,255645,7377,65
2026-10-01,IDO,2026-11-23,20200.0,PE,3.65,15.0,22421.95,0,0,65
2026-10-01,IDO,2026-11-03,24750.0,PE,1363.45,2197.24,22421.95,0,0,65
2026-10-01,IDO,2026-11-03,23600.0,PE,555.1,1142.63,22421.95,0,0,65
2026-10-01,IDO,2026-11-03,23100.0,PE,670.0,670.0,22421.95,1755,14,65
2026-10-01,IDO,2026-11-03,22900.0,PE,544.95,544.95,22421.95,3575,157,65
2026-10-01,IDO,2026-11-03,21950.0,PE,163.2,163.2,22421.95,2340,70,65
2026-10-01,IDO,2026-10-27,25950.0,PE,1842.3,3418.96,22421.95,0,0,65
2026-10-01,IDO,2026-10-27,25350.0,PE,2416.7,2822.14,22421.95,1495,0,65
2026-10-01,IDO,2026-10-27,23500.0,PE,999.4,999.4,22421.95,5828680,17154,65
2026-10-01,IDO,2026-10-27,22300.0,PE,226.7,226.7,22421.95,2615600,105730,65
2026-10-01,IDO,2026-10-27,20400.0,PE,15.0,15.0,22421.95,1300,20,65
2026-10-01,IDO,2026-10-19,25050.0,PE,1825.8,2555.28,22421.95,0,0,65
2026-10-01,IDO,2026-10-19,24900.0,PE,1686.55,2405.92,22421.95,0,0,65
2026-10-01,IDO,2026-10-19,24500.0,PE,1329.5,2008.66,22421.95,0,0,65
2026-10-01,IDO,2026-10-19,22800.0,PE,423.8,423.8,22421.95,76765,1090,65
2026-10-01,IDO,2026-10-19,22600.0,PE,315.45,315.45,22421.95,29510,3266,65
2026-10-01,IDO,2026-10-19,21900.0,PE,91.2,91.2,22421.95,38480,1829,65
2026-10-01,IDO,2026-10-19,21750.0,PE,69.55,69.55,22421.95,6695,625,65
2026-10-01,IDO,2026-10-19,21650.0,PE,62.3,62.3,22421.95,1625,40,65
2026-10-01,IDO,2026-10-19,20400.0,PE,1.15,0.64,22421.95,0,0,65
2026-10-01,IDO,2026-10-13,20850.0,PE,7.8,7.8,22421.95,22360,1478,65
2026-10-01,IDO,2026-10-13,20450.0,PE,4.8,4.8,22421.95,1300,33,65
2026-10-01,IDO,2026-10-06,24850.0,PE,2480.0,2407.91,22421.95,325,3,65
2026-10-01,IDO,2026-10-06,24450.0,PE,1655.0,2008.23,22421.95,1040,0,65
2026-10-01,IDO,2026-10-06,23950.0,PE,1478.35,1478.35,22421.95,45175,12,65
2026-10-01,IDO,2026-10-06,23700.0,PE,1237.7,1237.7,22421.95,85995,1323,65
2026-10-01,IDO,2026-10-06,22350.0,PE,81.4,81.4,22421.95,2359955,1663431,65
2026-10-01,IDO,2026-10-06,22050.0,PE,24.25,24.25,22421.95,1805050,698694,65
2026-10-01,IDO,2026-10-06,20550.0,PE,1.2,1.2,22421.95,183690,96666,65
2026-10-01,IDO,2026-10-06,20100.0,PE,0.9,0.9,22421.95,23270,834,65
2026-10-01,IDO,2030-12-31,27000.0,CE,6772.8,3791.55,22421.95,0,0,65
2026-10-01,IDO,2030-12-31,22500.0,CE,9536.95,5993.42,22421.95,0,0,65
2026-10-01,IDO,2030-06-25,33000.0,CE,4416.45,1485.04,22421.95,0,0,65
2026-10-01,IDO,2030-06-25,24000.0,CE,8591.55,4633.68,22421.95,0,0,65
2026-10-01,IDO,2028-12-26,30000.0,CE,617.6,617.6,22421.95,21185,38,65
2026-10-01,IDO,2028-12-26,28500.0,CE,3608.65,1260.4,22421.95,0,0,65
2026-10-01,IDO,2028-12-26,28000.0,CE,1030.0,1030.0,22421.95,10995,27,65
2026-10-01,IDO,2028-12-26,25500.0,CE,1806.65,2257.01,22421.95,715,2,65
2026-10-01,IDO,2028-12-26,24000.0,CE,2864.3,2864.3,22421.95,2795,5,65
2026-10-01,IDO,2028-12-26,18000.0,CE,9380.3,6929.75,22421.95,0,0,65
2026-10-01,IDO,2028-06-27,15000.0,CE,8633.05,8999.28,22421.95,0,0,65
2026-10-01,IDO,2027-12-28,24000.0,CE,1434.3,1434.3,22421.95,177645,913,65
2026-10-01,IDO,2027-09-28,30000.0,CE,153.4,132.05,22421.95,0,0,65
2026-10-01,IDO,2027-06-29,30000.0,CE,56.8,51.38,22421.95,3965,1,65
2026-10-01,IDO,2026-12-29,26000.0,CE,25.3,25.3,22421.95,4113700,19139,65
2026-10-01,IDO,2026-12-29,25000.0,CE,54.2,54.2,22421.95,4214235,57711,65
2026-10-01,IDO,2026-12-29,23500.0,CE,268.15,268.15,22421.95,381745,12208,65
2026-10-01,IDO,2026-12-29,22950.0,CE,481.5,481.5,22421.95,5135,177,65
2026-10-01,IDO,2026-12-29,22550.0,CE,676.5,811.63,22421.95,910,22,65
2026-10-01,IDO,2026-12-29,22150.0,CE,865.35,1039.67,22421.95,1105,15,65
2026-10-01,IDO,2026-12-29,21950.0,CE,1255.95,1166.69,22421.95,975,0,65
2026-10-01,IDO,2026-12-29,21750.0,CE,1259.35,1259.35,22421.95,2665,32,65
2026-10-01,IDO,2026-12-29,21400.0,CE,1460.0,1558.06,22421.95,910,17,65
2026-10-01,IDO,2026-12-29,21300.0,CE,1500.55,1635.21,22421.95,195,3,65
2026-10-01,IDO,2026-12-29,20050.0,CE,2986.45,2716.22,22421.95,0,0,65
2026-10-01,IDO,2026-11-23,25500.0,CE,13.75,13.75,22421.95,388895,3391,65
2026-10-01,IDO,2026-11-23,24900.0,CE,22.55,34.6,22421.95,1625,38,65
2026-10-01,IDO,2026-11-23,24650.0,CE,35.9,35.9,22421.95,3835,39,65
2026-10-01,IDO,2026-11-23,24450.0,CE,40.4,67.08,22421.95,17420,45,65
2026-10-01,IDO,2026-11-23,23900.0,CE,81.4,81.4,22421.95,119275,4749,65
2026-10-01,IDO,2026-11-23,23700.0,CE,106.55,106.55,22421.95,145405,5293,65
2026-10-01,IDO,2026-11-23,22450.0,CE,568.2,568.2,22421.95,2600,86,65
2026-10-01,IDO,2026-11-23,21750.0,CE,2952.95,1076.91,22421.95,0,0,65
2026-10-01,IDO,2026-11-23,21450.0,CE,3232.9,1305.06,22421.95,0,0,65
2026-10-01,IDO,2026-11-23,21000.0,CE,1691.3,1691.3,22421.95,17290,201,65
2026-10-01,IDO,2026-11-23,20550.0,CE,4096.8,2091.06,22421.95,0,0,65
2026-10-01,IDO,2026-11-03,24400.0,CE,16.45,22.9,22421.95,390,12,65
2026-10-01,IDO,2026-11-03,24100.0,CE,257.0,41.29,22421.95,0,0,65
2026-10-01,IDO,2026-11-03,22450.0,CE,431.9,431.9,22421.95,2080,67,65
2026-10-01,IDO,2026-11-03,22300.0,CE,516.85,516.85,22421.95,2730,139,65
2026-10-01,IDO,2026-11-03,20600.0,CE,2872.0,1951.3,22421.95,0,0,65
2026-10-01,IDO,2026-10-27,26700.0,CE,0.75,0.01,22421.95,715,0,65
2026-10-01,IDO,2026-10-27,26100.0,CE,1.85,1.85,22421.95,10335,227,65
2026-10-01,IDO,2026-10-27,25800.0,CE,2.7,2.7,22421.95,81120,2392,65
2026-10-01,IDO,2026-10-27,25600.0,CE,3.2,3.2,22421.95,48165,1773,65
2026-10-01,IDO,2026-10-27,25500.0,CE,3.3,3.3,22421.95,946270,10760,65
2026-10-01,IDO,2026-10-27,25300.0,CE,3.7,3.7,22421.95,33800,464,65
2026-10-01,IDO,2026-10-27,25100.0,CE,5.1,5.1,22421.95,83525,631,65
2026-10-01,IDO,2026-10-27,23950.0,CE,19.7,19.7,22421.95,247325,2994,65
2026-10-01,IDO,2026-10-27,22550.0,CE,318.85,318.85,22421.95,117780,6852,65
2026-10-01,IDO,2026-10-27,21750.0,CE,904.1,904.1,22421.95,130,12,65
2026-10-01,IDO,2026-10-27,21050.0,CE,1609.9,1482.4,22421.95,65,2,65
2026-10-01,IDO,2026-10-27,20350.0,CE,3951.55,2160.12,22421.95,0,0,65
2026-10-01,IDO,2026-10-19,24750.0,CE,3.65,0.82,22421.95,975,0,65
2026-10-01,IDO,2026-10-19,23350.0,CE,35.85,35.85,22421.95,20215,706,65
2026-10-01,IDO,2026-10-19,23200.0,CE,52.9,52.9,22421.95,151385,5344,65
2026-10-01,IDO,2026-10-19,22700.0,CE,182.0,182.0,22421.95,81900,5929,65
2026-10-01,IDO,2026-10-19,22150.0,CE,501.9,501.9,22421.95,2665,90,65
2026-10-01,IDO,2026-10-19,21550.0,CE,1714.0,977.52,22421.95,0,0,65
2026-10-01,IDO,2026-10-19,21500.0,CE,1760.75,1021.86,22421.95,0,0,65
2026-10-01,IDO,2026-10-19,20200.0,CE,3029.55,2281.08,22421.95,0,0,65
2026-10-01,IDO,2026-10-19,20050.0,CE,3178.5,2430.51,22421.95,0,0,65
2026-10-01,IDO,2026-10-13,24900.0,CE,1.35,1.35,22421.95,39000,2178,65
2026-10-01,IDO,2026-10-13,24850.0,CE,1.2,1.2,22421.95,8320,304,65
2026-10-01,IDO,2026-10-13,24550.0,CE,1.8,1.8,22421.95,9295,403,65
2026-10-01,IDO,2026-10-13,24050.0,CE,3.1,3.1,22421.95,104325,2643,65
2026-10-01,IDO,2026-10-13,23100.0,CE,33.55,33.55,22421.95,1121055,69871,65
2026-10-01,IDO,2026-10-13,22800.0,CE,89.5,89.5,22421.95,2147210,102762,65
2026-10-01,IDO,2026-10-13,22750.0,CE,105.45,105.45,22421.95,444080,22032,65
2026-10-01,IDO,2026-10-13,22200.0,CE,402.45,402.45,22421.95,130325,11403,65
2026-10-01,IDO,2026-10-13,22100.0,CE,482.0,482.0,22421.95,42055,2666,65
2026-10-01,IDO,2026-10-13,20800.0,CE,2952.0,1663.1,22421.95,0,0,65
2026-10-01,IDO,2026-10-13,20650.0,CE,3100.75,1812.4,22421.95,0,0,65
2026-10-01,IDO,2026-10-13,20100.0,CE,3647.1,2361.04,22421.95,0,0,65
2026-10-01,IDO,2026-10-06,25500.0,CE,0.5,0.5,22421.95,815295,40003,65
2026-10-01,IDO,2026-10-06,25000.0,CE,0.55,0.55,22421.95,2144610,74302,65
2026-10-01,IDO,2026-10-06,24450.0,CE,0.65,0.65,22421.95,191685,14776,65
2026-10-01,IDO,2026-10-06,24350.0,CE,0.65,0.65,22421.95,909675,55049,65
2026-10-01,IDO,2026-10-06,24300.0,CE,0.7,0.7,22421.95,2852720,207165,65
2026-10-01,IDO,2026-12-29,24200.0,PE,1520.0,1633.13,22421.95,715,5,65
2026-10-01,IDO,2027-03-30,18000.0,PE,48.6,48.6,22421.95,119405,1553,65
2026-10-01,IDO,2027-06-29,18000.0,PE,70.0,25.92,22421.95,230,0,65
2026-10-01,IDO,2027-06-29,27000.0,PE,2325.1,3600.99,22421.95,195,0,65
2026-10-01,IDO,2027-09-28,15000.0,PE,1.15,1.31,22421.95,0,0,65
2026-10-01,IDO,2028-06-27,15000.0,PE,127.2,8.49,22421.95,0,0,65
2026-10-01,IDO,2028-06-27,27000.0,PE,2752.35,2941.9,22421.95,0,0,65
2026-10-01,IDO,2028-12-26,24000.0,PE,1181.6,1181.6,22421.95,4875,21,65
2026-10-01,IDO,2026-10-06,24250.0,CE,0.7,0.7,22421.95,593125,46621,65
2026-10-01,IDO,2026-10-06,23150.0,CE,6.0,6.0,22421.95,2514525,572223,65
2026-10-01,IDO,2026-10-06,22450.0,CE,132.45,132.45,22421.95,2299700,1001955,65
2026-10-01,IDO,2026-10-06,22150.0,CE,347.7,347.7,22421.95,113945,35300,65
2026-10-01,IDO,2026-10-06,21750.0,CE,716.3,716.3,22421.95,7345,241,65
2026-10-01,IDO,2026-10-06,21650.0,CE,821.45,821.45,22421.95,11505,242,65
2026-10-01,IDO,2026-10-06,21450.0,CE,883.55,990.35,22421.95,390,3,65
2026-10-01,IDO,2026-10-06,21100.0,CE,3078.7,1339.1,22421.95,0,0,65
2026-10-01,IDO,2028-12-26,31500.0,PE,2673.4,5567.92,22421.95,0,0,65
2026-10-01,IDO,2029-06-26,16500.0,PE,8.1,60.93,22421.95,0,0,65
2026-10-01,IDO,2029-06-26,18000.0,PE,118.45,141.5,22421.95,0,0,65
2026-10-01,IDO,2029-06-26,19500.0,PE,56.0,284.68,22421.95,0,0,65
2026-10-01,IDO,2029-12-24,25000.0,PE,1600.0,1530.92,22421.95,1655,1,65
2026-10-01,IDO,2030-12-31,15000.0,PE,4.95,38.16,22421.95,0,0,65
2026-10-01,IDO,2031-06-24,18000.0,PE,173.45,170.65,22421.95,0,0,65
2026-10-01,IDO,2026-12-29,21250.0,PE,154.35,154.35,22421.95,6435,430,65
2026-10-01,IDO,2026-12-29,21100.0,PE,133.85,133.85,22421.95,10270,341,65
2026-10-01,IDO,2026-12-29,20800.0,PE,78.4,103.16,22421.95,0,0,65
2026-10-01,IDO,2026-12-29,20450.0,PE,48.5,64.95,22421.95,0,0,65
2026-10-01,IDO,2026-12-29,19000.0,PE,36.75,36.75,22421.95,1030665,8205,65
2026-10-01,IDO,2026-11-23,25700.0,PE,2700.0,3051.41,22421.95,1235,0,65
2026-10-01,IDO,2026-11-23,23650.0,PE,1160.6,1199.32,22421.95,8580,24,65
2026-10-01,IDO,2026-11-23,23450.0,PE,925.25,925.25,22421.95,5200,36,65
2026-10-01,IDO,2026-12-29,21300.0,PE,159.15,159.15,22421.95,12155,415,65
2026-10-01,IDO,2026-10-06,21900.0,PE,13.55,13.55,22421.95,4772365,930156,65
2026-10-01,IDO,2026-10-06,20950.0,PE,1.85,1.85,22421.95,204165,155730,65
2026-10-01,IDO,2026-10-06,20800.0,PE,1.7,1.7,22421.95,3138980,244658,65
2026-10-01,IDO,2031-06-24,33000.0,CE,3451.55,2299.69,22421.95,0,0,65
2026-10-01,IDO,2026-10-06,20050.0,CE,4121.65,2388.2,22421.95,0,0,65
2026-10-01,IDO,2026-10-06,20100.0,CE,4071.9,2338.24,22421.95,0,0,65
2026-10-01,IDO,2026-10-06,20700.0,CE,3475.65,1738.73,22421.95,0,0,65
2026-10-01,IDO,2026-10-06,22200.0,CE,305.35,305.35,22421.95,841035,295605,65
2026-10-01,IDO,2026-10-06,22750.0,CE,32.0,32.0,22421.95,4045080,1128662,65
2026-10-01,IDO,2026-10-06,23100.0,CE,7.05,7.05,22421.95,6152835,942816,65
2026-10-01,IDO,2026-10-06,23350.0,CE,3.15,3.15,22421.95,1814280,378480,65
2026-10-01,IDO,2026-10-06,24100.0,CE,0.9,0.9,22421.95,2466815,151570,65
2026-10-01,IDO,2026-10-06,24200.0,CE,0.75,0.75,22421.95,2530450,162730,65
2026-10-01,IDO,2026-10-06,24500.0,CE,0.7,0.7,22421.95,4060030,206008,65
2026-10-01,IDO,2026-10-06,24650.0,CE,0.65,0.65,22421.95,116090,9709,65
2026-10-01,IDO,2026-10-06,24850.0,CE,0.55,0.55,22421.95,64610,5168,65
2026-10-01,IDO,2026-10-06,24950.0,CE,0.55,0.55,22421.95,44200,1621,65
2026-10-01,IDO,2026-10-06,25200.0,CE,0.5,0.5,22421.95,276185,12818,65
2026-10-01,IDO,2026-10-06,25300.0,CE,0.5,0.5,22421.95,297765,18786,65
2026-10-01,IDO,2026-10-13,21600.0,CE,896.35,896.35,22421.95,65,3,65
2026-10-01,IDO,2026-10-13,21700.0,CE,810.0,810.0,22421.95,130,2,65
2026-10-01,IDO,2026-10-13,22350.0,CE,300.7,300.7,22421.95,67210,10576,65
2026-10-01,IDO,2026-10-13,22600.0,CE,162.55,162.55,22421.95,684125,88357,65
2026-10-01,IDO,2026-10-13,23150.0,CE,27.95,27.95,22421.95,324740,18958,65
2026-10-01,IDO,2026-10-13,23350.0,CE,14.8,14.8,22421.95,321945,20965,65
2026-10-01,IDO,2026-10-13,24100.0,CE,2.65,2.65,22421.95,727350,28223,65
2026-10-01,IDO,2026-10-13,24500.0,CE,1.7,1.7,22421.95,1649960,56411,65
2026-10-01,IDO,2026-10-13,24600.0,CE,1.65,1.65,22421.95,501150,18537,65
2026-10-01,IDO,2026-10-19,21850.0,CE,1032.85,726.74,22421.95,65,0,65
2026-10-01,IDO,2026-10-19,22050.0,CE,555.75,577.47,22421.95,130,2,65
2026-10-01,IDO,2026-10-19,22650.0,CE,203.25,203.25,22421.95,16640,820,65
2026-10-01,IDO,2026-10-19,22800.0,CE,141.75,141.75,22421.95,162370,6401,65
2026-10-01,IDO,2026-10-19,23250.0,CE,44.6,44.6,22421.95,9750,504,65
2026-10-01,IDO,2026-10-19,23550.0,CE,22.2,22.2,22421.95,14755,1107,65
2026-10-01,IDO,2026-10-19,24300.0,CE,112.45,4.02,22421.95,0,0,65
2026-10-01,IDO,2026-10-27,20550.0,CE,3758.6,1963.42,22421.95,0,0,65
2026-10-01,IDO,2026-10-27,20900.0,CE,1700.05,1700.05,22421.95,390,11,65
2026-10-01,IDO,2026-10-27,21200.0,CE,1313.45,1343.35,22421.95,65,2,65
2026-10-01,IDO,2026-10-27,21550.0,CE,997.3,1034.93,22421.95,65,1,65
2026-10-01,IDO,2026-10-27,22800.0,CE,202.15,202.15,22421.95,1884805,51328,65
2026-10-01,IDO,2026-10-27,23200.0,CE,84.95,84.95,22421.95,2709590,65728,65
2026-10-01,IDO,2026-10-27,23450.0,CE,49.6,49.6,22421.95,150020,4564,65
2026-10-01,IDO,2026-10-27,23600.0,CE,35.75,35.75,22421.95,1252810,32126,65
2026-10-01,IDO,2026-10-27,24050.0,CE,17.05,17.05,22421.95,226200,2088,65
2026-10-01,IDO,2026-10-27,24750.0,CE,6.65,6.65,22421.95,25220,373,65
2026-10-01,IDO,2026-10-27,24850.0,CE,6.85,6.85,22421.95,36595,109,65
2026-10-01,IDO,2026-10-27,25750.0,CE,2.85,2.85,22421.95,38805,3215,65
2026-10-01,IDO,2026-10-27,25850.0,CE,2.35,0.15,22421.95,585,0,65
2026-10-01,IDO,2026-10-27,26300.0,CE,1.8,1.8,22421.95,39910,103,65
2026-10-01,IDO,2026-11-03,20950.0,CE,2528.5,1619.29,22421.95,0,0,65
2026-10-01,IDO,2026-11-03,21150.0,CE,2334.2,1436.0,22421.95,0,0,65
2026-10-01,IDO,2026-11-03,21900.0,CE,1631.8,820.94,22421.95,0,0,65
2026-10-01,IDO,2026-11-03,22100.0,CE,1456.1,683.85,22421.95,0,0,65
2026-10-01,IDO,2026-11-03,23450.0,CE,78.3,78.3,22421.95,4160,72,65
2026-10-01,IDO,2026-11-03,24200.0,CE,23.6,23.6,22421.95,8125,224,65
2026-10-01,IDO,2026-11-23,20300.0,CE,4340.55,2326.79,22421.95,0,0,65
2026-10-01,IDO,2026-11-23,20700.0,CE,3951.1,1952.33,22421.95,0,0,65
2026-10-01,IDO,2026-11-23,20800.0,CE,3854.3,1861.21,22421.95,0,0,65
2026-10-01,IDO,2026-11-23,20850.0,CE,3805.95,1816.11,22421.95,0,0,65
2026-10-01,IDO,2026-11-23,20950.0,CE,3709.55,1726.9,22421.95,0,0,65
2026-10-01,IDO,2026-11-23,22000.0,CE,862.35,862.35,22421.95,131235,2744,65
2026-10-01,IDO,2026-11-23,22400.0,CE,590.55,590.55,22421.95,17095,807,65
2026-10-01,IDO,2026-11-23,23350.0,CE,176.85,176.85,22421.95,23465,440,65
2026-10-01,IDO,2026-11-23,24150.0,CE,58.75,58.75,22421.95,19630,243,65
2026-10-01,IDO,2026-11-23,24500.0,CE,37.45,37.45,22421.95,843895,20288,65
2026-10-01,IDO,2026-12-29,20100.0,CE,2939.35,2669.86,22421.95,0,0,65
2026-10-01,IDO,2026-12-29,20350.0,CE,2706.3,2441.06,22421.95,0,0,65
2026-10-01,IDO,2026-12-29,21250.0,CE,1511.8,1674.42,22421.95,390,6,65
2026-10-01,IDO,2026-12-29,21800.0,CE,1122.0,1267.44,22421.95,2990,51,65
2026-10-01,IDO,2026-12-29,22000.0,CE,1047.8,1047.8,22421.95,687020,14560,65
2026-10-01,IDO,2026-12-29,22850.0,CE,535.4,535.4,22421.95,5265,152,65
2026-10-01,IDO,2026-12-29,23750.0,CE,205.15,205.15,22421.95,7540,232,65
2026-10-01,IDO,2026-12-29,23850.0,CE,182.1,182.1,22421.95,5070,170,65
2026-10-01,IDO,2026-12-29,24050.0,CE,146.85,146.85,22421.95,7670,194,65
2026-10-01,IDO,2026-12-29,24250.0,CE,117.85,117.85,22421.95,6825,274,65
2026-10-01,IDO,2026-12-29,24300.0,CE,111.9,111.9,22421.95,5395,168,65
2026-10-01,IDO,2026-12-29,27000.0,CE,12.5,12.5,22421.95,1891950,9797,65
2026-10-01,IDO,2026-12-29,28500.0,CE,7.0,7.0,22421.95,99190,1568,65
2026-10-01,IDO,2026-12-29,29000.0,CE,5.95,5.95,22421.95,404330,699,65
2026-10-01,IDO,2031-06-24,27000.0,PE,1653.15,1847.12,22421.95,0,0,65
2026-10-01,IDO,2029-12-24,28500.0,PE,1255.9,3000.15,22421.95,0,0,65
2026-10-01,IDO,2029-12-24,27000.0,PE,1177.9,2307.06,22421.95,0,0,65
2026-10-01,IDO,2029-12-24,22500.0,PE,225.7,812.07,22421.95,0,0,65
2026-10-01,IDO,2029-06-26,33000.0,PE,3022.85,6082.86,22421.95,0,0,65
2026-10-01,IDO,2029-06-26,28500.0,PE,1349.1,3261.72,22421.95,0,0,65
2026-10-01,IDO,2028-12-26,25500.0,PE,648.2,1956.4,22421.95,0,0,65
2026-10-01,IDO,2028-12-26,15000.0,PE,22.25,15.13,22421.95,0,0,65
2026-10-01,IDO,2028-06-27,24000.0,PE,680.05,1400.43,22421.95,65,0,65
2026-10-01,IDO,2027-12-28,21000.0,PE,426.75,426.75,22421.95,90285,601,65
2026-10-01,IDO,2027-12-28,17000.0,PE,72.55,27.26,22421.95,17775,0,65
2026-10-01,IDO,2027-06-29,25500.0,PE,667.15,2445.54,22421.95,0,0,65
2026-10-01,IDO,2027-06-29,21000.0,PE,273.45,273.45,22421.95,51400,653,65
2026-10-01,IDO,2026-12-29,22200.0,PE,340.7,340.7,22421.95,30030,1264,65
2026-10-01,IDO,2026-12-29,21900.0,PE,261.55,261.55,22421.95,21710,649,65
2026-10-01,IDO,2026-12-29,21150.0,PE,143.1,143.1,22421.95,3835,155,65
2026-10-01,IDO,2026-11-23,25550.0,PE,1282.8,2905.55,22421.95,0,0,65
2026-10-01,IDO,2026-11-23,24800.0,PE,2223.6,2190.71,22421.95,5070,9,65
2026-10-01,IDO,2026-11-23,24700.0,PE,1752.25,2098.12,22421.95,3705,0,65
2026-10-01,IDO,2026-11-23,23900.0,PE,1435.0,1397.82,22421.95,12870,6,65
2026-10-01,IDO,2026-11-23,23700.0,PE,1150.15,1150.15,22421.95,37960,174,65
2026-10-01,IDO,2026-11-23,23500.0,PE,982.75,982.75,22421.95,494390,2924,65
2026-10-01,IDO,2026-11-23,23100.0,PE,697.9,697.9,22421.95,38155,481,65
2026-10-01,IDO,2026-11-23,22800.0,PE,526.95,526.95,22421.95,266305,3240,65
2026-10-01,IDO,2026-11-23,22150.0,PE,268.1,268.1,22421.95,5460,238,65
2026-10-01,IDO,2026-11-23,22050.0,PE,240.6,240.6,22421.95,5655,332,65
2026-10-01,IDO,2026-11-23,21950.0,PE,212.0,212.0,22421.95,4680,172,65
2026-10-01,IDO,2026-11-23,21350.0,PE,116.05,116.05,22421.95,12415,309,65
2026-10-01,IDO,2026-11-23,21000.0,PE,81.8,81.8,22421.95,718835,15886,65
2026-10-01,IDO,2026-11-23,20650.0,PE,65.6,65.6,22421.95,1820,47,65
2026-10-01,IDO,2026-11-03,25000.0,PE,1577.95,2441.08,22421.95,0,0,65
2026-10-01,IDO,2026-11-03,24900.0,PE,1490.95,2343.26,22421.95,0,0,65
2026-10-01,IDO,2026-11-03,24700.0,PE,1321.8,2148.79,22421.95,0,0,65
2026-10-01,IDO,2026-11-03,22300.0,PE,261.0,261.0,22421.95,6630,369,65
2026-10-01,IDO,2026-11-03,21850.0,PE,160.25,161.22,22421.95,650,44,65
2026-10-01,IDO,2026-11-03,21800.0,PE,132.55,132.55,22421.95,1820,58,65
2026-10-01,IDO,2026-11-03,21650.0,PE,153.55,114.38,22421.95,520,8,65
2026-10-01,IDO,2026-11-03,21400.0,PE,76.4,76.4,22421.95,2340,74,65
2026-10-01,IDO,2026-11-03,21200.0,PE,12.5,47.83,22421.95,0,0,65
2026-10-01,IDO,2026-12-29,31000.0,CE,5.1,5.1,22421.95,125795,158,65
2026-10-01,IDO,2027-03-30,27000.0,CE,50.05,50.05,22421.95,1142050,10489,65
2026-10-01,IDO,2027-03-30,31500.0,CE,15.1,2.45,22421.95,1040,2,65
2026-10-01,IDO,2027-09-28,16500.0,CE,7170.5,6938.63,22421.95,0,0,65
2026-10-01,IDO,2027-09-28,19500.0,CE,4470.95,4263.52,22421.95,0,0,65
2026-10-01,IDO,2027-09-28,22500.0,CE,2267.95,2114.16,22421.95,0,0,65
2026-10-01,IDO,2027-12-28,16500.0,CE,11316.4,7189.23,22421.95,0,0,65
2026-10-01,IDO,2029-12-24,18000.0,CE,11362.4,7916.98,22421.95,0,0,65
2026-10-01,IDO,2030-06-25,21000.0,CE,10421.65,6356.73,22421.95,0,0,65
2026-10-01,IDO,2030-12-31,31500.0,CE,4554.55,2273.83,22421.95,0,0,65
2026-10-01,IDO,2031-06-24,15000.0,CE,12902.2,11356.33,22421.95,0,0,65
2026-10-01,IDO,2031-06-24,21000.0,CE,8900.75,7345.89,22421.95,0,0,65
2026-10-01,IDO,2026-11-03,20700.0,PE,3.55,14.84,22421.95,0,0,65
2026-10-01,IDO,2026-11-03,20300.0,PE,1.15,4.91,22421.95,0,0,65
2026-10-01,IDO,2026-11-03,20200.0,PE,0.85,3.63,22421.95,0,0,65
2026-10-01,IDO,2026-10-27,26400.0,PE,3550.0,3866.98,22421.95,195,0,65
2026-10-01,IDO,2026-10-27,26250.0,PE,3000.0,3717.62,22421.95,260,0,65
2026-10-01,IDO,2026-10-27,25700.0,PE,2835.0,3170.15,22421.95,7150,0,65
2026-10-01,IDO,2026-10-27,23800.0,PE,1268.85,1268.85,22421.95,536185,910,65
2026-10-01,IDO,2026-10-27,23750.0,PE,1236.3,1236.3,22421.95,13585,44,65
2026-10-01,IDO,2026-10-27,23150.0,PE,692.75,692.75,22421.95,33020,121,65
2026-10-01,IDO,2026-10-27,22950.0,PE,545.65,545.65,22421.95,44720,315,65
2026-10-01,IDO,2026-10-27,22900.0,PE,526.2,526.2,22421.95,829595,9817,65
2026-10-01,IDO,2026-10-27,22000.0,PE,146.6,146.6,22421.95,4446195,154412,65
2026-10-01,IDO,2026-10-27,21950.0,PE,134.4,134.4,22421.95,48555,2408,65
2026-10-01,IDO,2026-10-27,21900.0,PE,125.95,125.95,22421.95,592930,23104,65
2026-10-01,IDO,2026-10-27,21600.0,PE,78.6,78.6,22421.95,341640,25936,65
2026-10-01,IDO,2026-10-19,24600.0,PE,1500.0,2107.76,22421.95,325,0,65
2026-10-01,IDO,2026-10-19,24550.0,PE,1372.75,2058.19,22421.95,0,0,65
2026-10-01,IDO,2026-10-19,24200.0,PE,1460.0,1713.07,22421.95,390,0,65
2026-10-01,IDO,2026-10-19,23400.0,PE,888.0,888.0,22421.95,8710,35,65
2026-10-01,IDO,2026-10-19,21950.0,PE,100.2,100.2,22421.95,2925,195,65
2026-10-01,IDO,2026-10-19,21850.0,PE,79.2,79.2,22421.95,22750,819,65
2026-10-01,IDO,2026-10-13,25000.0,PE,2530.8,2529.46,22421.95,1755,8,65
2026-10-01,IDO,2026-10-13,23650.0,PE,1239.0,1191.87,22421.95,6175,1,65
2026-10-01,IDO,2026-10-13,23350.0,PE,876.25,876.25,22421.95,6175,48,65
2026-10-01,IDO,2026-10-13,21750.0,PE,40.2,40.2,22421.95,76310,9236,65
2026-10-01,IDO,2026-10-13,21050.0,PE,10.6,10.6,22421.95,44720,3056,65
2026-10-01,IDO,2026-10-13,20650.0,PE,6.05,6.05,22421.95,10660,1490,65
2026-10-01,IDO,2026-10-06,25800.0,PE,2977.45,3357.14,22421.95,10075,0,65
2026-10-01,IDO,2026-10-06,24000.0,PE,1530.4,1530.4,22421.95,494000,1037,65
2026-10-01,IDO,2026-10-06,23450.0,PE,984.5,984.5,22421.95,49075,232,65
2026-10-01,IDO,2026-10-06,22000.0,PE,19.85,19.85,22421.95,10058490,2126540,65
2026-10-01,IDO,2026-10-19,21700.0,CE,755.0,848.57,22421.95,130,4,65
2026-10-01,IDO,2026-10-19,21150.0,CE,2094.65,1346.35,22421.95,0,0,65
2026-10-01,IDO,2026-10-13,23500.0,CE,9.9,9.9,22421.95,1735955,78302,65
2026-10-01,IDO,2030-12-31,33000.0,PE,2387.3,4669.02,22421.95,0,0,65
2026-10-01,IDO,2030-12-31,27000.0,PE,779.5,1980.73,22421.95,0,0,65
2026-10-01,IDO,2029-12-24,19500.0,PE,61.2,295.02,22421.95,0,0,65
2026-10-01,IDO,2029-06-26,26000.0,PE,1650.0,2036.68,22421.95,50,0,65
2026-10-01,IDO,2029-06-26,22500.0,PE,224.45,838.05,22421.95,0,0,65
2026-10-01,IDO,2028-12-26,30000.0,PE,3500.0,4524.5,22421.95,325,0,65
2026-10-01,IDO,2028-12-26,22500.0,PE,218.8,856.66,22421.95,0,0,65
2026-10-01,IDO,2028-12-26,21000.0,PE,465.1,502.88,22421.95,11245,2,65
2026-10-01,IDO,2028-06-27,25500.0,PE,1034.0,2097.52,22421.95,0,0,65
2026-10-01,IDO,2028-06-27,22000.0,PE,630.0,718.08,22421.95,2210,1,65
2026-10-01,IDO,2028-06-27,18000.0,PE,396.75,97.35,22421.95,0,0,65
2026-10-01,IDO,2027-12-28,30000.0,PE,5133.0,5550.9,22421.95,6955,11,65
2026-10-01,IDO,2027-12-28,22500.0,PE,766.7,766.7,22421.95,975,21,65
2026-10-01,IDO,2027-12-28,19500.0,PE,29.25,185.04,22421.95,0,0,65
2026-10-01,IDO,2027-09-28,18000.0,PE,40.2,45.18,22421.95,0,0,65
2026-10-01,IDO,2027-06-29,33000.0,PE,4691.7,9066.0,22421.95,0,0,65
2026-10-01,IDO,2027-03-30,33000.0,PE,8415.45,9561.24,22421.95,0,0,65
2026-10-01,IDO,2026-12-29,23900.0,PE,1230.0,1230.0,22421.95,1625,13,65
2026-10-01,IDO,2026-12-29,23050.0,PE,744.35,849.99,22421.95,4615,4,65
2026-10-01,IDO,2026-12-29,22450.0,PE,421.5,421.5,22421.95,3965,184,65
2026-10-01,IDO,2026-12-29,22400.0,PE,408.6,408.6,22421.95,18720,957,65
2026-10-01,IDO,2026-12-29,21750.0,PE,229.1,229.1,22421.95,7605,257,65
2026-10-01,IDO,2026-12-29,20100.0,PE,28.7,39.09,22421.95,0,0,65
2026-10-01,IDO,2026-12-29,12000.0,PE,4.15,0.0,22421.95,23155,50,65
2026-10-01,IDO,2026-11-23,26100.0,PE,1675.5,3442.97,22421.95,0,0,65
2026-10-01,IDO,2026-11-23,25250.0,PE,1090.7,2616.16,22421.95,0,0,65
2026-10-01,IDO,2026-11-23,24550.0,PE,1567.5,1960.92,22421.95,195,0,65
2026-10-01,IDO,2026-11-23,24100.0,PE,1135.0,1564.65,22421.95,10270,0,65
2026-10-01,IDO,2026-11-23,23950.0,PE,1067.5,1438.91,22421.95,1040,0,65
2026-10-01,IDO,2026-11-23,22950.0,PE,622.35,717.65,22421.95,4680,84,65
2026-10-01,IDO,2026-11-23,22450.0,PE,372.95,372.95,22421.95,13065,451,65
2026-10-01,IDO,2026-11-23,20800.0,PE,65.25,65.25,22421.95,30225,1146,65
2026-10-01,IDO,2026-11-03,25200.0,PE,1756.2,2637.6,22421.95,0,0,65
2026-10-01,IDO,2026-11-03,24850.0,PE,1448.0,2294.48,22421.95,0,0,65
2026-10-01,IDO,2026-11-03,24400.0,PE,1082.55,1861.27,22421.95,0,0,65
2026-10-01,IDO,2026-11-03,23250.0,PE,670.0,867.3,22421.95,455,1,65
2026-10-01,IDO,2026-11-03,22800.0,PE,503.7,503.7,22421.95,5070,107,65
2026-10-01,IDO,2026-11-03,22600.0,PE,376.9,376.9,22421.95,10400,240,65
2026-10-01,IDO,2026-11-03,22000.0,PE,174.45,174.45,22421.95,17680,921,65
2026-10-01,IDO,2026-11-03,20550.0,PE,2.35,9.99,22421.95,0,0,65
2026-10-01,IDO,2026-11-03,20450.0,PE,1.75,7.57,22421.95,0,0,65
2026-10-01,IDO,2026-10-27,26600.0,PE,3700.0,4066.12,22421.95,455,0,65
2026-10-01,IDO,2026-10-27,26000.0,PE,3431.65,3431.65,22421.95,1849900,2222,65
2026-10-01,IDO,2026-10-27,25600.0,PE,2735.0,3070.67,22421.95,9555,0,65
2026-10-01,IDO,2026-10-27,25200.0,PE,2599.3,2599.3,22421.95,34190,7,65
2026-10-01,IDO,2026-10-27,25000.0,PE,2447.25,2447.25,22421.95,2210455,1735,65
2026-10-01,IDO,2026-10-27,24850.0,PE,2223.6,2326.84,22421.95,1495,1,65
2026-10-01,IDO,2026-10-27,24800.0,PE,2247.1,2247.1,22421.95,315575,75,65
2026-10-01,IDO,2026-10-27,24300.0,PE,1739.6,1739.6,22421.95,227435,186,65
2026-10-01,IDO,2026-10-27,23450.0,PE,909.75,909.75,22421.95,45760,144,65
2026-10-01,IDO,2026-10-27,23100.0,PE,658.35,658.35,22421.95,1666665,6190,65
2026-10-01,IDO,2026-10-27,22200.0,PE,198.95,198.95,22421.95,1114815,43685,65
2026-10-01,IDO,2026-10-27,22050.0,PE,158.0,158.0,22421.95,67340,3309,65
2026-10-01,IDO,2026-10-27,21000.0,PE,35.4,35.4,22421.95,1527435,55845,65
2026-10-01,IDO,2026-10-27,20900.0,PE,31.45,31.45,22421.95,89180,3936,65
2026-10-01,IDO,2026-10-27,20800.0,PE,27.4,27.4,22421.95,340405,9250,65
2026-10-01,IDO,2026-10-27,20650.0,PE,23.0,23.0,22421.95,9750,868,65
2026-10-01,IDO,2026-10-27,20350.0,PE,10.55,2.54,22421.95,0,0,65
2026-10-01,IDO,2026-10-27,20050.0,PE,6.3,0.83,22421.95,0,0,65
2026-10-01,IDO,2026-10-19,23650.0,PE,958.1,1186.94,22421.95,1040,0,65
2026-10-01,IDO,2026-10-19,23200.0,PE,742.75,742.75,22421.95,13975,128,65
2026-10-01,IDO,2026-10-19,22750.0,PE,404.6,404.6,22421.95,8385,149,65
2026-10-01,IDO,2026-10-19,22400.0,PE,226.05,226.05,22421.95,25805,3027,65
2026-10-01,IDO,2026-10-19,22250.0,PE,172.75,172.75,22421.95,10855,1462,65
2026-10-01,IDO,2026-10-19,22000.0,PE,110.1,110.1,22421.95,255515,13271,65
2026-10-01,IDO,2026-10-19,21400.0,PE,38.4,38.4,22421.95,24830,822,65
2026-10-01,IDO,2026-10-19,20950.0,PE,25.0,6.33,22421.95,195,4,65
2026-10-01,IDO,2026-10-19,20650.0,PE,2.6,1.95,22421.95,0,0,65
2026-10-01,IDO,2026-10-13,24850.0,PE,2405.15,2379.77,22421.95,195,3,65
2026-10-01,IDO,2026-10-13,24700.0,PE,1075.5,2230.11,22421.95,0,0,65
2026-10-01,IDO,2026-10-13,24150.0,PE,1248.0,1682.38,22421.95,520,0,65
2026-10-01,IDO,2026-10-13,23500.0,PE,1016.0,1016.0,22421.95,151710,694,65
2026-10-01,IDO,2026-10-13,22850.0,PE,434.95,434.95,22421.95,187720,3977,65
2026-10-01,IDO,2026-10-13,22700.0,PE,329.45,329.45,22421.95,1587885,37616,65
2026-10-01,IDO,2026-10-13,22600.0,PE,273.7,273.7,22421.95,529555,70202,65
2026-10-01,IDO,2026-10-13,22400.0,PE,181.6,181.6,22421.95,1187485,87402,65
2026-10-01,IDO,2026-10-13,22300.0,PE,143.8,143.8,22421.95,598325,70212,65
2026-10-01,IDO,2026-10-13,20500.0,PE,5.5,5.5,22421.95,2994810,105589,65
2026-10-01,IDO,2026-10-13,20400.0,PE,5.0,5.0,22421.95,40040,1799,65
2026-10-01,IDO,2026-10-13,20050.0,PE,3.7,3.7,22421.95,4810,74,65
2026-10-01,IDO,2026-10-06,25750.0,PE,2830.0,3307.18,22421.95,130,0,65
2026-10-01,IDO,2026-10-06,21700.0,CE,769.95,769.95,22421.95,13780,442,65
2026-10-01,IDO,2026-10-06,25050.0,PE,2400.0,2607.74,22421.95,585,8,65
2026-10-01,IDO,2026-10-06,25000.0,PE,2547.4,2547.4,22421.95,99385,254,65
2026-10-01,IDO,2026-10-06,24700.0,PE,2350.0,2258.03,22421.95,2405,4,65
2026-10-01,IDO,2026-10-06,24400.0,PE,1944.3,1944.3,22421.95,55185,198,65
2026-10-01,IDO,2026-10-06,23900.0,PE,1419.65,1419.65,22421.95,109785,196,65
2026-10-01,IDO,2026-10-06,23050.0,PE,599.4,599.4,22421.95,468260,2822,65
2026-10-01,IDO,2026-10-06,22800.0,PE,363.65,363.65,22421.95,1808365,246796,65
2026-10-01,IDO,2026-10-06,22650.0,PE,240.8,240.8,22421.95,702065,573391,65
2026-10-01,IDO,2026-10-06,22500.0,PE,144.1,144.1,22421.95,4915755,3513604,65
2026-10-01,IDO,2026-10-06,21750.0,PE,7.95,7.95,22421.95,1583205,356867,65
2026-10-01,IDO,2026-10-06,21650.0,PE,6.05,6.05,22421.95,1129115,297604,65
2026-10-01,IDO,2026-10-06,21550.0,PE,4.85,4.85,22421.95,1072500,323768,65
2026-10-01,IDO,2026-10-06,20200.0,PE,1.05,1.05,22421.95,8190,243,65
2026-10-01,IDO,2031-06-24,27000.0,CE,5699.0,4275.99,22421.95,0,0,65
2026-10-01,IDO,2030-12-31,21000.0,CE,10552.5,6879.77,22421.95,0,0,65
2026-10-01,IDO,2029-12-24,30000.0,CE,1350.0,1769.53,22421.95,11070,1,65
2026-10-01,IDO,2029-12-24,25500.0,CE,6500.6,3362.93,22421.95,0,0,65
2026-10-01,IDO,2029-06-26,27000.0,CE,6570.4,2221.54,22421.95,0,0,65
2026-10-01,IDO,2028-12-26,16500.0,CE,12176.65,8156.16,22421.95,0,0,65
2026-10-01,IDO,2027-03-30,22500.0,CE,1178.55,1178.55,22421.95,278720,2032,65
2026-10-01,IDO,2026-12-29,34500.0,CE,1.35,0.0,22421.95,1235,0,65
2026-10-01,IDO,2026-12-29,23350.0,CE,319.8,319.8,22421.95,9880,280,65
2026-10-01,IDO,2026-12-29,22400.0,CE,780.45,780.45,22421.95,15990,367,65
2026-10-01,IDO,2026-12-29,22350.0,CE,818.0,818.0,22421.95,9425,199,65
2026-10-01,IDO,2026-12-29,21150.0,CE,1997.6,1754.07,22421.95,0,0,65
2026-10-01,IDO,2026-12-29,20900.0,CE,2211.65,1959.89,22421.95,0,0,65
2026-10-01,IDO,2026-12-29,20800.0,CE,2299.35,2044.69,22421.95,0,0,65
2026-10-01,IDO,2026-10-06,22050.0,CE,435.05,435.05,22421.95,50570,7250,65
2026-10-01,IDO,2026-10-06,23200.0,CE,5.1,5.1,22421.95,9475505,1028278,65
2026-10-01,IDO,2026-10-06,23850.0,CE,1.3,1.3,22421.95,1004185,85667,65
2026-10-01,IDO,2026-12-29,20250.0,CE,2799.0,2531.95,22421.95,0,0,65
2026-10-01,IDO,2026-10-06,25700.0,CE,0.45,0.45,22421.95,164580,13208,65
2026-10-01,IDO,2026-10-13,20700.0,CE,3051.15,1762.6,22421.95,0,0,65
2026-10-01,IDO,2026-12-29,18000.0,CE,4612.95,4612.95,22421.95,14950,57,65
2026-10-01,IDO,2026-11-23,26000.0,CE,9.65,9.65,22421.95,449605,2713,65
2026-10-01,IDO,2026-11-23,25950.0,CE,9.4,5.9,22421.95,1625,33,65
2026-10-01,IDO,2026-11-23,24950.0,CE,21.7,21.7,22421.95,585,26,65
2026-10-01,IDO,2026-11-23,23850.0,CE,87.0,87.0,22421.95,12675,453,65
2026-10-01,IDO,2026-10-13,20900.0,CE,2853.0,1563.79,22421.95,0,0,65
2026-10-01,IDO,2026-10-13,21900.0,CE,640.7,640.7,22421.95,4095,179,65
2026-10-01,IDO,2026-10-13,22150.0,CE,442.15,442.15,22421.95,7605,615,65
2026-10-01,IDO,2026-10-13,22450.0,CE,238.7,238.7,22421.95,96070,13469,65
2026-10-01,IDO,2026-10-13,23050.0,CE,39.55,39.55,22421.95,194155,19367,65
2026-10-01,IDO,2026-11-23,23000.0,CE,288.3,288.3,22421.95,1102725,26889,65
2026-10-01,IDO,2026-11-23,22650.0,CE,447.8,447.8,22421.95,3770,105,65
2026-10-01,IDO,2026-11-23,20150.0,CE,4487.2,2470.36,22421.95,0,0,65
2026-10-01,IDO,2026-11-03,25050.0,CE,11.35,5.47,22421.95,1885,0,65
2026-10-01,IDO,2026-11-03,24900.0,CE,8.85,8.85,22421.95,1105,33,65
2026-10-01,IDO,2026-11-03,22900.0,CE,213.8,213.8,22421.95,4680,234,65
2026-10-01,IDO,2026-11-03,22850.0,CE,236.0,236.0,22421.95,2080,25,65
2026-10-01,IDO,2026-11-03,22550.0,CE,373.0,373.0,22421.95,1950,68,65
2026-10-01,IDO,2026-11-03,21750.0,CE,1767.5,932.4,22421.95,0,0,65
2026-10-01,IDO,2026-11-03,21650.0,CE,1859.6,1010.27,22421.95,0,0,65
2026-10-01,IDO,2026-11-03,21400.0,CE,2094.4,1216.34,22421.95,0,0,65
2026-10-01,IDO,2026-11-03,20200.0,CE,3267.45,2341.22,22421.95,0,0,65
2026-10-01,IDO,2026-10-27,26350.0,CE,8.0,0.02,22421.95,520,0,65
2026-10-01,IDO,2026-10-27,26250.0,CE,2.45,0.04,22421.95,2015,0,65
2026-10-01,IDO,2026-10-27,25200.0,CE,4.45,4.45,22421.95,179595,2360,65
2026-10-01,IDO,2026-10-27,24550.0,CE,9.05,9.05,22421.95,57720,1884,65
2026-10-01,IDO,2026-10-27,23150.0,CE,96.05,96.05,22421.95,121810,5798,65
2026-10-01,IDO,2026-10-27,22750.0,CE,221.4,221.4,22421.95,142805,6682,65
2026-10-01,IDO,2026-10-27,22450.0,CE,373.95,373.95,22421.95,45890,2787,65
2026-10-01,IDO,2026-10-27,22250.0,CE,500.45,500.45,22421.95,66300,2204,65
2026-10-01,IDO,2026-10-27,22000.0,CE,679.2,679.2,22421.95,1211535,16902,65
2026-10-01,IDO,2026-10-27,21500.0,CE,1095.7,1095.7,22421.95,494325,3468,65
2026-10-01,IDO,2026-10-27,20850.0,CE,3471.7,1672.25,22421.95,0,0,65
2026-10-01,IDO,2026-10-19,24950.0,CE,3.15,0.38,22421.95,1300,20,65
2026-10-01,IDO,2026-10-19,24350.0,CE,7.5,7.5,22421.95,2340,10,65
2026-10-01,IDO,2026-10-19,23100.0,CE,68.6,68.6,22421.95,48165,2129,65
2026-10-01,IDO,2026-10-13,20250.0,CE,3498.0,2211.35,22421.95,0,0,65
2026-10-01,IDO,2026-10-06,23700.0,CE,1.55,1.55,22421.95,3894930,495647,65
2026-10-01,IDO,2026-10-06,23450.0,CE,2.45,2.45,22421.95,1291160,395288,65
2026-10-01,IDO,2026-10-06,23000.0,CE,10.3,10.3,22421.95,13764725,1799484,65
2026-10-01,IDO,2026-10-06,22950.0,CE,12.3,12.3,22421.95,3166345,630415,65
2026-10-01,IDO,2026-10-06,21900.0,CE,575.75,575.75,22421.95,38935,2547,65
2026-10-01,IDO,2026-10-06,20900.0,CE,3277.05,1538.9,22421.95,0,0,65
2026-10-01,IDO,2026-10-06,20600.0,CE,3574.95,1838.65,22421.95,0,0,65
2026-10-01,IDF,2026-12-29,,,22779.3,22779.3,22421.95,201890,4092,65
2026-10-01,IDO,2026-10-06,21200.0,CE,2979.65,1239.26,22421.95,0,0,65
2026-10-01,IDO,2031-06-24,31500.0,PE,3185.85,3604.44,22421.95,0,0,65
2026-10-01,IDO,2030-12-31,25500.0,PE,538.25,1490.11,22421.95,0,0,65
2026-10-01,IDO,2030-06-25,24000.0,PE,698.15,1145.16,22421.95,0,0,65
2026-10-01,IDO,2029-12-24,26000.0,PE,1900.0,1897.19,22421.95,4380,0,65
2026-10-01,IDO,2029-12-24,23000.0,PE,725.05,933.7,22421.95,1625,0,65
2026-10-01,IDO,2029-12-24,18000.0,PE,96.5,154.46,22421.95,0,0,65
2026-10-01,IDO,2029-06-26,15000.0,PE,30.9,21.85,22421.95,0,0,65
2026-10-01,IDO,2028-12-26,16500.0,PE,5.9,48.02,22421.95,0,0,65
2026-10-01,IDO,2028-06-27,30000.0,PE,3779.25,4990.42,22421.95,0,0,65
2026-10-01,IDO,2028-06-27,19500.0,PE,40.05,234.29,22421.95,0,0,65
2026-10-01,IDO,2027-12-28,33000.0,PE,4155.55,8153.66,22421.95,0,0,65
2026-10-01,IDO,2027-12-28,31500.0,PE,3240.0,6830.11,22421.95,0,0,65
2026-10-01,IDO,2027-12-28,28500.0,PE,2979.7,4340.27,22421.95,260,0,65
2026-10-01,IDO,2026-12-29,33000.0,PE,5263.45,10071.03,22421.95,0,0,65
2026-10-01,IDO,2026-12-29,24300.0,PE,1567.8,1567.8,22421.95,780,6,65
2026-10-01,IDO,2026-12-29,24000.0,PE,1331.6,1331.6,22421.95,2149790,9748,65
2026-10-01,IDO,2026-12-29,23250.0,PE,848.9,967.84,22421.95,2210,3,65
2026-10-01,IDO,2026-12-29,22350.0,PE,391.6,391.6,22421.95,3900,405,65
2026-10-01,IDO,2026-12-29,22050.0,PE,305.75,305.75,22421.95,4355,252,65
2026-10-01,IDO,2026-12-29,16000.0,PE,12.5,12.5,22421.95,141240,183,65
2026-10-01,IDO,2026-12-29,15000.0,PE,8.95,8.95,22421.95,154750,377,65
2026-10-01,IDO,2026-11-23,24650.0,PE,1463.55,2052.15,22421.95,260,0,65
2026-10-01,IDO,2026-11-23,24450.0,PE,1837.0,1870.72,22421.95,390,1,65
2026-10-01,IDO,2026-11-23,24050.0,PE,1132.55,1522.34,22421.95,1040,0,65
2026-10-01,IDO,2026-11-23,23550.0,PE,1003.3,1003.3,22421.95,15340,12,65
2026-10-01,IDO,2026-11-23,22650.0,PE,450.05,450.05,22421.95,12675,305,65
2026-10-01,IDO,2026-11-23,22400.0,PE,349.8,349.8,22421.95,93925,3442,65
2026-10-01,IDO,2026-11-23,21800.0,PE,184.1,184.1,22421.95,98410,2853,65
2026-10-01,IDO,2026-11-23,21600.0,PE,151.4,151.4,22421.95,29705,1184,65
2026-10-01,IDO,2026-11-23,21300.0,PE,110.0,110.0,22421.95,52195,2325,65
2026-10-01,IDO,2026-11-23,20900.0,PE,74.0,74.0,22421.95,4485,63,65
2026-10-01,IDO,2026-11-23,20550.0,PE,57.7,57.7,22421.95,1690,53,65
2026-10-01,IDO,2026-11-03,25050.0,PE,1622.0,2490.11,22421.95,0,0,65
2026-10-01,IDO,2026-11-03,24800.0,PE,1405.5,2245.8,22421.95,0,0,65
2026-10-01,IDO,2026-11-03,24350.0,PE,1045.45,1814.0,22421.95,0,0,65
2026-10-01,IDO,2026-11-03,23900.0,PE,731.5,1400.87,22421.95,0,0,65
2026-10-01,IDO,2026-11-03,21550.0,PE,27.0,95.53,22421.95,0,0,65
2026-10-01,IDO,2026-11-03,20350.0,PE,1.3,5.69,22421.95,0,0,65
2026-10-01,IDO,2026-11-03,20150.0,PE,0.7,3.11,22421.95,0,0,65
2026-10-01,IDO,2026-10-27,26950.0,PE,2675.85,4414.64,22421.95,0,0,65
2026-10-01,IDO,2026-10-27,25500.0,PE,2937.3,2937.3,22421.95,876460,940,65
2026-10-01,IDO,2026-10-27,25400.0,PE,2650.0,2871.82,22421.95,8840,1,65
2026-10-01,IDO,2026-10-27,25150.0,PE,2150.0,2623.63,22421.95,260,0,65
2026-10-01,IDO,2026-10-27,25100.0,PE,2550.0,2550.0,22421.95,43680,12,65
2026-10-01,IDO,2026-10-27,24900.0,PE,2499.0,2376.19,22421.95,142155,12,65
2026-10-01,IDO,2026-10-27,24600.0,PE,2037.85,2037.85,22421.95,188175,58,65
2026-10-01,IDO,2026-10-27,23000.0,PE,587.75,587.75,22421.95,5116800,61093,65
2026-10-01,IDO,2026-10-27,22750.0,PE,438.8,438.8,22421.95,135525,8606,65
2026-10-01,IDO,2026-10-27,22600.0,PE,351.45,351.45,22421.95,924430,39774,65
2026-10-01,IDO,2026-10-27,22150.0,PE,183.35,183.35,22421.95,61880,3029,65
2026-10-01,IDO,2026-10-27,20450.0,PE,17.5,17.5,22421.95,260,4,65
2026-10-01,IDO,2026-10-27,20250.0,PE,8.9,1.77,22421.95,0,0,65
2026-10-01,IDO,2026-10-19,24850.0,PE,1640.7,2356.17,22421.95,0,0,65
2026-10-01,IDO,2026-10-19,24800.0,PE,1850.0,2306.43,22421.95,1170,0,65
2026-10-01,IDO,2026-10-19,24650.0,PE,1460.6,2157.38,22421.95,0,0,65
2026-10-01,IDO,2026-10-19,24400.0,PE,1450.0,1909.79,22421.95,650,0,65
2026-10-01,IDO,2026-10-19,23300.0,PE,865.9,876.28,22421.95,6175,71,65
2026-10-01,IDO,2026-10-19,21100.0,PE,24.45,24.45,22421.95,4745,111,65
2026-10-01,IDO,2026-10-19,20900.0,PE,10.35,5.26,22421.95,65,0,65
2026-10-01,IDO,2026-10-19,20800.0,PE,15.05,15.05,22421.95,6955,287,65
2026-10-01,IDO,2026-10-13,25250.0,PE,1538.35,2778.96,22421.95,0,0,65
2026-10-01,IDO,2026-10-13,24650.0,PE,1036.55,2180.23,22421.95,0,0,65
2026-10-01,IDO,2026-10-13,24450.0,PE,886.75,1980.82,22421.95,0,0,65
2026-10-01,IDO,2026-10-13,23950.0,PE,1448.3,1448.3,22421.95,195,3,65
2026-10-01,IDO,2026-10-13,23850.0,PE,1475.9,1386.24,22421.95,1755,2,65
2026-10-01,IDO,2026-10-13,23800.0,PE,1328.4,1328.4,22421.95,12025,23,65
2026-10-01,IDO,2026-10-13,22950.0,PE,500.15,500.15,22421.95,12740,400,65
2026-10-01,IDO,2026-10-13,22050.0,PE,81.5,81.5,22421.95,103090,13687,65
2026-10-01,IDO,2026-10-13,21100.0,PE,11.35,11.35,22421.95,123955,12016,65
2026-10-01,IDO,2026-10-06,25350.0,PE,2750.0,2907.5,22421.95,520,8,65
2026-10-01,IDO,2026-10-06,23300.0,PE,831.45,831.45,22421.95,1004705,7729,65
2026-10-01,IDO,2026-10-06,22300.0,PE,66.0,66.0,22421.95,8171540,2858337,65
2026-10-01,IDO,2026-10-06,21250.0,PE,2.8,2.8,22421.95,680745,308397,65
2026-10-01,IDO,2026-10-06,20700.0,PE,1.55,1.55,22421.95,523055,88321,65
2026-10-01,IDO,2026-10-06,20300.0,PE,1.1,1.1,22421.95,29510,1835,65
2026-10-01,IDO,2031-06-24,16500.0,CE,11849.25,10293.49,22421.95,0,0,65
2026-10-01,IDO,2030-12-31,24000.0,CE,8563.3,5180.8,22421.95,0,0,65
2026-10-01,IDO,2030-06-25,25500.0,CE,7070.45,3902.25,22421.95,0,0,65
2026-10-01,IDO,2029-12-24,19500.0,CE,10678.8,6835.92,22421.95,0,0,65
2026-10-01,IDO,2029-06-26,19500.0,CE,10206.95,6317.54,22421.95,0,0,65
2026-10-01,IDO,2028-06-27,16500.0,CE,11752.8,7680.54,22421.95,0,0,65
2026-10-01,IDO,2027-12-28,31500.0,CE,86.0,139.26,22421.95,2080,4,65
2026-10-01,IDO,2027-12-28,30000.0,CE,122.6,122.6,22421.95,242385,624,65
2026-10-01,IDO,2027-12-28,26000.0,CE,531.65,531.65,22421.95,236565,1873,65
2026-10-01,IDO,2027-12-28,25000.0,CE,876.0,876.0,22421.95,246230,1081,65
2026-10-01,IDO,2027-06-29,28500.0,CE,1711.9,121.23,22421.95,0,0,65
2026-10-01,IDO,2026-12-29,28000.0,CE,8.0,8.0,22421.95,1680990,3229,65
2026-10-01,IDO,2026-12-29,24100.0,CE,137.45,137.45,22421.95,7280,193,65
2026-10-01,IDO,2026-12-29,21650.0,CE,1408.0,1373.71,22421.95,1690,5,65
2026-10-01,IDO,2026-12-29,20400.0,CE,2660.2,2395.96,22421.95,0,0,65
2026-10-01,IDO,2026-11-23,25250.0,CE,13.0,19.86,22421.95,780,24,65
2026-10-01,IDO,2026-11-23,25200.0,CE,19.15,21.54,22421.95,7280,93,65
2026-10-01,IDO,2026-11-23,24850.0,CE,22.5,37.34,22421.95,390,6,65
2026-10-01,IDO,2026-11-23,23200.0,CE,219.5,219.5,22421.95,274365,5678,65
2026-10-01,IDO,2026-11-23,22800.0,CE,373.2,373.2,22421.95,152230,4621,65
2026-10-01,IDO,2026-11-23,22500.0,CE,528.45,528.45,22421.95,342225,9993,65
2026-10-01,IDO,2026-11-23,22250.0,CE,689.05,689.05,22421.95,1560,63,65
2026-10-01,IDO,2026-11-23,22200.0,CE,722.0,722.0,22421.95,21060,611,65
2026-10-01,IDO,2026-11-23,20650.0,CE,3999.6,1998.32,22421.95,0,0,65
2026-10-01,IDO,2026-11-23,20500.0,CE,2523.05,2137.79,22421.95,65,0,65
2026-10-01,IDO,2026-11-23,20450.0,CE,4194.15,2184.74,22421.95,0,0,65
2026-10-01,IDO,2026-11-03,23550.0,CE,66.55,66.55,22421.95,5135,39,65
2026-10-01,IDO,2026-11-03,23300.0,CE,105.45,105.45,22421.95,12545,452,65
2026-10-01,IDO,2026-11-03,23100.0,CE,152.1,152.1,22421.95,7020,377,65
2026-10-01,IDO,2026-11-03,22400.0,CE,455.3,455.3,22421.95,5005,145,65
2026-10-01,IDO,2026-11-03,22250.0,CE,519.9,590.07,22421.95,325,9,65
2026-10-01,IDO,2026-11-03,21350.0,CE,2142.0,1259.29,22421.95,0,0,65
2026-10-01,IDO,2026-11-03,21300.0,CE,2189.8,1302.76,22421.95,0,0,65
2026-10-01,IDO,2026-11-03,20250.0,CE,3217.9,2292.1,22421.95,0,0,65
2026-10-01,IDO,2026-11-03,20150.0,CE,3316.95,2390.41,22421.95,0,0,65
2026-10-01,IDO,2026-10-27,27100.0,CE,1.2,1.2,22421.95,9490,3,65
2026-10-01,IDO,2026-10-27,27000.0,CE,0.8,0.8,22421.95,987870,2492,65
2026-10-01,IDO,2026-10-27,26850.0,CE,0.7,0.0,22421.95,6760,0,65
2026-10-01,IDO,2026-10-27,26050.0,CE,2.35,2.35,22421.95,6825,92,65
2026-10-01,IDO,2026-10-27,25400.0,CE,3.7,3.7,22421.95,96590,2358,65
2026-10-01,IDO,2026-10-27,25000.0,CE,5.55,5.55,22421.95,3050710,22905,65
2026-10-01,IDO,2026-10-27,24950.0,CE,5.75,5.75,22421.95,62140,168,65
2026-10-01,IDO,2026-10-27,24800.0,CE,6.8,6.8,22421.95,409695,4186,65
2026-10-01,IDO,2026-10-27,23700.0,CE,29.5,29.5,22421.95,978380,21990,65
2026-10-01,IDO,2026-10-27,23400.0,CE,54.5,54.5,22421.95,1958060,51415,65
2026-10-01,IDO,2026-10-27,23350.0,CE,61.4,61.4,22421.95,154505,4710,65
2026-10-01,IDO,2026-10-27,23100.0,CE,106.85,106.85,22421.95,1385605,38538,65
2026-10-01,IDO,2026-10-27,22100.0,CE,604.6,604.6,22421.95,38415,1912,65
2026-10-01,IDO,2026-10-27,21350.0,CE,1174.0,1208.03,22421.95,65,1,65
2026-10-01,IDO,2026-10-27,20600.0,CE,3710.55,1914.51,22421.95,0,0,65
2026-10-01,IDO,2026-10-27,20400.0,CE,3903.2,2110.82,22421.95,0,0,65
2026-10-01,IDO,2026-10-19,24900.0,CE,4.0,4.0,22421.95,1495,5,65
2026-10-01,IDO,2026-10-19,24650.0,CE,7.0,1.19,22421.95,845,0,65
2026-10-01,IDO,2026-10-19,24250.0,CE,121.35,4.74,22421.95,0,0,65
2026-10-01,IDO,2026-10-19,22850.0,CE,127.9,127.9,22421.95,31525,964,65
2026-10-01,IDO,2026-10-19,20900.0,CE,2338.15,1588.13,22421.95,0,0,65
2026-10-01,IDO,2026-10-13,25250.0,CE,0.9,0.9,22421.95,780,20,65
2026-10-01,IDO,2026-10-13,24200.0,CE,2.3,2.3,22421.95,907335,35075,65
2026-10-01,IDO,2026-10-13,23550.0,CE,8.65,8.65,22421.95,692705,26774,65
2026-10-01,IDO,2026-10-13,23250.0,CE,20.5,20.5,22421.95,569660,24044,65
2026-10-01,IDO,2026-10-13,22000.0,CE,560.1,560.1,22421.95,89115,4609,65
2026-10-01,IDO,2026-10-13,21400.0,CE,1051.65,1075.42,22421.95,130,5,65
2026-10-01,IDO,2026-10-13,21300.0,CE,1191.35,1191.35,22421.95,65,1,65
2026-10-01,IDO,2026-10-13,20950.0,CE,2803.55,1514.25,22421.95,0,0,65
2026-10-01,IDO,2026-12-29,26000.0,PE,3139.95,3139.95,22421.95,1625230,1519,65
2026-10-01,IDO,2027-03-30,19500.0,PE,89.5,89.5,22421.95,353340,3650,65
2026-10-01,IDO,2028-12-26,27000.0,PE,2250.0,2250.0,22421.95,17195,35,65
2026-10-01,IDO,2028-12-26,28500.0,PE,1451.15,3562.31,22421.95,0,0,65
2026-10-01,IDO,2029-06-26,24000.0,PE,850.0,1274.55,22421.95,155,0,65
2026-10-01,IDO,2029-12-24,25500.0,PE,597.3,1708.52,22421.95,0,0,65
2026-10-01,IDO,2029-12-24,31500.0,PE,2240.25,4637.19,22421.95,0,0,65
2026-10-01,IDO,2030-06-25,21000.0,PE,220.0,501.53,22421.95,65,0,65
2026-10-01,IDO,2026-12-29,13000.0,PE,4.85,0.0,22421.95,9305,0,65
2026-10-01,IDO,2026-11-23,25500.0,PE,2807.05,2807.05,22421.95,250185,466,65
2026-10-01,IDO,2026-11-23,25150.0,PE,1030.25,2520.57,22421.95,0,0,65
2026-10-01,IDO,2026-11-23,24250.0,PE,1293.1,1693.83,22421.95,780,0,65
2026-10-01,IDO,2026-11-23,24200.0,PE,1453.35,1650.41,22421.95,10400,14,65
2026-10-01,IDO,2026-11-23,23850.0,PE,1038.55,1357.18,22421.95,2080,0,65
2026-10-01,IDO,2026-11-23,22750.0,PE,504.65,504.65,22421.95,20735,367,65
2026-10-01,IDO,2026-11-23,22300.0,PE,315.15,315.15,22421.95,82940,2713,65
2026-10-01,IDO,2026-11-23,21650.0,PE,158.7,158.7,22421.95,20150,498,65
2026-10-01,IDO,2026-11-23,21050.0,PE,90.75,90.75,22421.95,4615,273,65
2026-10-01,IDO,2026-11-23,20850.0,PE,47.55,52.79,22421.95,195,0,65
2026-10-01,IDO,2026-11-03,24550.0,PE,1199.8,2004.28,22421.95,0,0,65
2026-10-01,IDO,2030-06-25,25500.0,PE,568.55,1597.07,22421.95,0,0,65
2026-10-01,IDO,2030-12-31,21000.0,PE,450.0,488.7,22421.95,845,0,65
2026-10-01,IDO,2031-06-24,15000.0,PE,47.5,41.65,22421.95,0,0,65
2026-10-01,IDO,2026-11-03,23850.0,PE,700.25,1356.69,22421.95,0,0,65
2026-10-01,IDO,2026-11-03,22550.0,PE,362.85,362.85,22421.95,3185,120,65
2026-10-01,IDO,2026-11-03,21250.0,PE,14.0,53.12,22421.95,0,0,65
2026-10-01,IDO,2026-11-03,21050.0,PE,50.0,50.0,22421.95,1170,18,65
2026-10-01,IDO,2026-10-27,26150.0,PE,2950.0,3618.06,22421.95,195,0,65
2026-10-01,IDO,2026-10-27,25900.0,PE,3210.0,3369.19,22421.95,1820,2,65
2026-10-01,IDO,2026-10-27,25750.0,PE,1659.3,3219.9,22421.95,325,0,65
2026-10-01,IDO,2026-10-27,22850.0,PE,492.9,492.9,22421.95,89115,1962,65
2026-10-01,IDO,2026-10-27,22800.0,PE,454.8,454.8,22421.95,1750125,36814,65
2026-10-01,IDO,2026-10-27,22650.0,PE,376.85,376.85,22421.95,211640,5713,65
2026-10-01,IDO,2026-10-27,22250.0,PE,211.75,211.75,22421.95,259870,6969,65
2026-10-01,IDO,2026-10-27,21150.0,PE,42.15,42.15,22421.95,22360,1035,65
2026-10-01,IDO,2026-10-19,23950.0,PE,887.9,1470.25,22421.95,0,0,65
2026-10-01,IDO,2026-10-19,23350.0,PE,973.8,918.87,22421.95,2145,8,65
2026-10-01,IDO,2026-10-19,23150.0,PE,815.0,752.97,22421.95,2145,8,65
2026-10-01,IDO,2026-10-19,22150.0,PE,141.45,141.45,22421.95,8320,584,65
2026-10-01,IDO,2026-10-19,21600.0,PE,54.65,54.65,22421.95,15275,1041,65
2026-10-01,IDO,2026-10-19,21500.0,PE,44.4,44.4,22421.95,79560,6123,65
2026-10-01,IDO,2026-10-19,21150.0,PE,27.0,27.0,22421.95,5460,141,65
2026-10-01,IDO,2026-10-19,20750.0,PE,3.5,2.94,22421.95,0,0,65
2026-10-01,IDO,2026-10-19,20550.0,PE,20.0,1.27,22421.95,0,2,65
2026-10-01,IDO,2026-10-19,20500.0,PE,11.55,11.55,22421.95,35620,1583,65
2026-10-01,IDO,2026-10-19,20150.0,PE,0.5,0.19,22421.95,0,0,65
2026-10-01,IDO,2026-10-19,20100.0,PE,0.45,0.15,22421.95,0,0,65
2026-10-01,IDO,2026-10-13,25300.0,PE,1583.0,2828.86,22421.95,0,0,65
2026-10-01,IDO,2026-10-13,24950.0,PE,1278.75,2479.56,22421.95,0,0,65
2026-10-01,IDO,2026-10-13,24750.0,PE,1115.1,2279.99,22421.95,0,0,65
2026-10-01,IDO,2026-10-13,22200.0,PE,114.3,114.3,22421.95,576290,59999,65
2026-10-01,IDO,2026-10-13,21850.0,PE,50.0,50.0,22421.95,101010,9657,65
2026-10-01,IDO,2026-10-13,21800.0,PE,44.6,44.6,22421.95,761800,46665,65
2026-10-01,IDO,2026-10-13,21500.0,PE,23.7,23.7,22421.95,1155180,89295,65
2026-10-01,IDO,2026-10-13,21200.0,PE,13.1,13.1,22421.95,398190,33034,65
2026-10-01,IDO,2026-10-13,21150.0,PE,12.25,12.25,22421.95,18265,2733,65
2026-10-01,IDO,2026-10-13,20300.0,PE,4.05,4.05,22421.95,650,54,65
2026-10-01,IDO,2026-10-06,25500.0,PE,3000.0,3000.0,22421.95,66170,22,65
2026-10-01,IDO,2026-10-06,25150.0,PE,1102.0,2707.66,22421.95,0,0,65
2026-10-01,IDO,2026-10-06,25100.0,PE,2520.0,2657.7,22421.95,5590,10,65
2026-10-01,IDO,2026-10-06,24350.0,PE,1580.0,1908.31,22421.95,1105,0,65
2026-10-01,IDO,2026-10-06,23850.0,PE,1386.05,1386.05,22421.95,4940,112,65
2026-10-01,IDO,2026-10-06,23350.0,PE,898.9,898.9,22421.95,76765,659,65
2026-10-01,IDO,2026-10-06,23200.0,PE,740.35,740.35,22421.95,463840,10071,65
2026-10-01,IDO,2026-10-06,22950.0,PE,502.6,502.6,22421.95,450840,12972,65
2026-10-01,IDO,2026-10-06,22450.0,PE,120.3,120.3,22421.95,2094105,1514366,65
2026-10-01,IDO,2026-10-06,21850.0,PE,11.15,11.15,22421.95,1999140,517637,65
2026-10-01,IDO,2026-10-06,20900.0,PE,1.75,1.75,22421.95,558480,222461,65
2026-10-01,IDO,2026-10-06,20650.0,PE,1.4,1.4,22421.95,85215,30101,65
2026-10-01,IDO,2026-10-06,20250.0,PE,1.05,1.05,22421.95,9035,234,65
2026-10-01,IDO,2031-06-24,28500.0,CE,5048.95,3684.91,22421.95,0,0,65
2026-10-01,IDO,2030-06-25,19500.0,CE,11140.25,7337.83,22421.95,0,0,65
2026-10-01,IDO,2030-06-25,16500.0,CE,13374.05,9484.6,22421.95,0,0,65
2026-10-01,IDO,2029-12-24,22500.0,CE,8486.15,4909.73,22421.95,0,0,65
2026-10-01,IDO,2029-06-26,15000.0,CE,13671.85,9836.81,22421.95,0,0,65
2026-10-01,IDO,2028-12-26,21000.0,CE,7512.5,4707.25,22421.95,0,0,65
2026-10-01,IDO,2028-12-26,15000.0,CE,11381.75,9424.52,22421.95,0,0,65
2026-10-01,IDO,2028-06-27,31500.0,CE,1784.8,362.92,22421.95,0,0,65
2026-10-01,IDO,2028-06-27,25500.0,CE,1900.0,1686.49,22421.95,195,0,65
2026-10-01,IDO,2027-12-28,28500.0,CE,202.85,202.85,22421.95,63440,280,65
2026-10-01,IDO,2027-12-28,25500.0,CE,2400.0,1109.67,22421.95,0,0,65
2026-10-01,IDO,2027-12-28,22500.0,CE,2250.5,2470.5,22421.95,455,6,65
2026-10-01,IDO,2027-06-29,27000.0,CE,130.45,130.45,22421.95,43940,216,65
2026-10-01,IDO,2027-06-29,24000.0,CE,703.45,703.45,22421.95,54680,947,65
2026-10-01,IDO,2027-06-29,21000.0,CE,3061.8,2722.62,22421.95,0,0,65
2026-10-01,IDO,2027-03-30,18000.0,CE,5643.55,4986.15,22421.95,0,0,65
2026-10-01,IDO,2026-12-29,24200.0,CE,121.7,121.7,22421.95,24960,492,65
2026-10-01,IDO,2026-12-29,23700.0,CE,212.45,212.45,22421.95,70655,1741,65
2026-10-01,IDO,2026-12-29,22800.0,CE,554.1,554.1,22421.95,15795,638,65
2026-10-01,IDO,2026-12-29,21350.0,CE,1457.1,1596.42,22421.95,845,13,65
2026-10-01,IDO,2026-12-29,21100.0,CE,2039.8,1794.49,22421.95,0,0,65
2026-10-01,IDO,2026-12-29,21000.0,CE,1856.5,1856.5,22421.95,835865,8820,65
2026-10-01,IDO,2026-12-29,20550.0,CE,2523.15,2262.15,22421.95,0,0,65
2026-10-01,IDO,2026-12-29,20500.0,CE,2568.65,2306.49,22421.95,0,0,65
2026-10-01,IDO,2026-12-29,20200.0,CE,2845.65,2577.72,22421.95,0,0,65
2026-10-01,IDO,2026-11-23,25850.0,CE,8.9,7.07,22421.95,845,31,65
2026-10-01,IDO,2026-11-23,24750.0,CE,27.5,27.5,22421.95,13455,122,65
2026-10-01,IDO,2026-11-23,24100.0,CE,61.85,61.85,22421.95,194610,5616,65
2026-10-01,IDO,2026-11-23,24000.0,CE,72.2,72.2,22421.95,1841515,44345,65
2026-10-01,IDO,2026-11-23,23300.0,CE,188.95,188.95,22421.95,143650,5603,65
2026-10-01,IDO,2026-11-23,22950.0,CE,310.25,310.25,22421.95,8710,334,65
2026-10-01,IDO,2026-11-23,22350.0,CE,621.8,621.8,22421.95,1755,60,65
2026-10-01,IDO,2026-11-23,21600.0,CE,3092.25,1188.02,22421.95,0,0,65
2026-10-01,IDO,2026-11-23,21500.0,CE,1253.4,1253.4,22421.95,15925,280,65
2026-10-01,IDO,2026-11-23,20400.0,CE,4242.9,2231.9,22421.95,0,0,65
2026-10-01,IDO,2026-11-03,23500.0,CE,72.5,72.5,22421.95,48815,1585,65
2026-10-01,IDO,2026-11-03,23050.0,CE,154.95,227.76,22421.95,2925,29,65
2026-10-01,IDO,2026-11-03,22200.0,CE,582.55,582.55,22421.95,1365,52,65
2026-10-01,IDO,2026-11-03,21250.0,CE,2237.75,1346.72,22421.95,0,0,65
2026-10-01,IDO,2026-11-03,20550.0,CE,2921.3,1999.58,22421.95,0,0,65
2026-10-01,IDO,2026-11-03,20350.0,CE,3118.95,2194.13,22421.95,0,0,65
2026-10-01,IDO,2026-10-27,26750.0,CE,0.65,0.01,22421.95,975,16,65
2026-10-01,IDO,2026-10-27,26600.0,CE,0.7,0.01,22421.95,2275,0,65
2026-10-01,IDO,2026-10-27,26000.0,CE,1.65,1.65,22421.95,1960465,23016,65
2026-10-01,IDO,2026-10-27,25450.0,CE,3.7,3.7,22421.95,6955,65,65
2026-10-01,IDO,2026-10-27,24500.0,CE,9.6,9.6,22421.95,2171195,28490,65
2026-10-01,IDO,2026-10-27,24200.0,CE,13.55,13.55,22421.95,811915,16448,65
2026-10-01,IDO,2026-10-27,23900.0,CE,20.6,20.6,22421.95,562445,17546,65
2026-10-01,IDO,2026-10-27,22950.0,CE,148.25,148.25,22421.95,82030,3612,65
2026-10-01,IDO,2026-10-27,22350.0,CE,436.15,436.15,22421.95,52845,4807,65
2026-10-01,IDO,2026-10-27,21850.0,CE,750.15,795.38,22421.95,65,1,65
2026-10-01,IDO,2026-10-27,21650.0,CE,912.35,952.13,22421.95,65,1,65
2026-10-01,IDO,2026-10-27,21300.0,CE,1235.6,1252.67,22421.95,1235,20,65
2026-10-01,IDO,2026-10-27,21150.0,CE,1433.7,1433.7,22421.95,65,1,65
2026-10-01,IDO,2026-10-19,25000.0,CE,3.6,3.6,22421.95,83395,1655,65
2026-10-01,IDO,2026-10-19,24800.0,CE,4.2,0.68,22421.95,1755,0,65
2026-10-01,IDO,2026-10-19,24400.0,CE,5.2,5.2,22421.95,33020,420,65
2026-10-01,IDO,2026-10-19,22600.0,CE,225.15,225.15,22421.95,80860,4510,65
2026-10-01,IDO,2026-10-19,21950.0,CE,656.0,650.11,22421.95,260,5,65
2026-10-01,IDO,2026-10-19,21800.0,CE,792.45,792.45,22421.95,195,14,65
2026-10-01,IDO,2026-10-19,21600.0,CE,1667.5,933.83,22421.95,0,0,65
2026-10-01,IDO,2026-10-19,21300.0,CE,1950.35,1204.69,22421.95,0,0,65
2026-10-01,IDO,2026-10-19,21000.0,CE,1499.65,1490.75,22421.95,65,1,65
2026-10-01,IDO,2026-10-19,20100.0,CE,3128.8,2380.69,22421.95,0,0,65
2026-10-01,IDO,2026-10-13,25150.0,CE,1.25,1.25,22421.95,11050,218,65
2026-10-01,IDO,2026-10-13,25050.0,CE,1.0,1.0,22421.95,5330,177,65
2026-10-01,IDO,2026-10-13,24450.0,CE,1.85,1.85,22421.95,15535,1386,65
2026-10-01,IDO,2026-10-13,23650.0,CE,6.9,6.9,22421.95,137735,10421,65
2026-10-01,IDO,2026-10-13,23300.0,CE,17.7,17.7,22421.95,973635,68896,65
2026-10-01,IDO,2026-10-13,22500.0,CE,211.85,211.85,22421.95,939185,101035,65
2026-10-01,IDO,2026-10-06,25150.0,CE,0.5,0.5,22421.95,32435,1167,65
2026-10-01,IDO,2026-10-06,25100.0,CE,0.45,0.45,22421.95,145925,12255,65
2026-10-01,IDO,2026-10-06,24700.0,CE,0.6,0.6,22421.95,315705,43332,65
2026-10-01,IDO,2026-10-06,24150.0,CE,0.8,0.8,22421.95,422370,46906,65
2026-10-01,IDO,2026-10-06,23500.0,CE,2.25,2.25,22421.95,12496965,1367162,65
2026-10-01,IDO,2026-10-06,20350.0,CE,3823.4,2088.45,22421.95,0,0,65
2026-10-01,IDF,2026-11-23,,,22638.0,22638.0,22421.95,2252640,9101,65
2026-10-01,IDO,2026-12-29,20550.0,PE,55.9,74.46,22421.95,0,0,65
2026-10-01,IDO,2026-12-29,20750.0,PE,73.4,96.82,22421.95,0,0,65
2026-10-01,IDO,2026-12-29,21650.0,PE,215.35,215.35,22421.95,7670,236,65
2026-10-01,IDO,2026-12-29,22300.0,PE,374.1,374.1,22421.95,25740,1141,65
2026-10-01,IDO,2026-12-29,22750.0,PE,547.25,547.25,22421.95,7735,189,65
2026-10-01,IDO,2026-11-03,21900.0,PE,148.75,148.75,22421.95,2470,148,65
2026-10-01,IDO,2026-11-23,21500.0,PE,136.4,136.4,22421.95,778050,16325,65
2026-10-01,IDO,2026-11-23,22100.0,PE,254.2,254.2,22421.95,79690,2314,65
2026-10-01,IDO,2028-12-26,20000.0,PE,364.5,364.5,22421.95,5805,6,65
2026-10-01,IDO,2028-06-27,16500.0,PE,3.8,32.87,22421.95,0,0,65
2026-10-01,IDO,2027-12-28,23000.0,PE,907.35,907.35,22421.95,274070,2771,65
2026-10-01,IDO,2026-11-23,24350.0,PE,1792.25,1781.65,22421.95,2210,28,65
2026-10-01,IDO,2026-11-23,24850.0,PE,860.35,2237.32,22421.95,0,0,65
2026-10-01,IDO,2026-11-23,24950.0,PE,915.05,2331.08,22421.95,0,0,65
2026-10-01,IDO,2026-11-23,25750.0,PE,1419.55,3100.17,22421.95,0,0,65
2026-10-01,IDO,2026-12-29,17000.0,PE,16.5,16.5,22421.95,264755,1002,65
2026-10-01,IDO,2026-12-29,21700.0,PE,224.9,224.9,22421.95,28730,437,65
2026-10-01,IDO,2026-10-27,20850.0,PE,29.55,29.55,22421.95,11245,592,65
2026-10-01,IDO,2026-11-03,20750.0,PE,4.05,16.86,22421.95,0,0,65
2026-10-01,IDO,2026-11-03,20600.0,PE,2.7,11.42,22421.95,0,0,65
2026-10-01,IDO,2026-11-03,20400.0,PE,1.5,6.57,22421.95,0,0,65
2026-10-01,IDO,2026-10-27,27100.0,PE,5006.45,4564.01,22421.95,260,1,65
2026-10-01,IDO,2026-10-27,27050.0,PE,2764.35,4514.22,22421.95,0,0,65
2026-10-01,IDO,2030-06-25,31500.0,PE,2056.3,4251.82,22421.95,0,0,65
2026-10-01,IDO,2026-12-29,23500.0,PE,963.15,963.15,22421.95,75205,2018,65
2026-10-01,IDO,2026-12-29,23000.0,PE,664.8,664.8,22421.95,2661670,21706,65
2026-10-01,IDO,2026-12-29,20600.0,PE,59.9,79.62,22421.95,0,0,65
2026-10-01,IDO,2026-11-23,25300.0,PE,1600.0,2664.13,22421.95,65,0,65
2026-10-01,IDO,2026-11-23,24900.0,PE,1925.0,2284.11,22421.95,1040,0,65
2026-10-01,IDO,2026-10-06,20450.0,CE,3724.0,1988.53,22421.95,0,0,65
2026-10-01,IDO,2026-10-06,20650.0,CE,3525.3,1788.69,22421.95,0,0,65
2026-10-01,IDO,2026-10-06,20800.0,CE,3376.3,1638.81,22421.95,0,0,65
2026-10-01,IDO,2026-10-06,20950.0,CE,3227.45,1488.94,22421.95,0,0,65
2026-10-01,IDO,2026-10-06,21000.0,CE,1448.55,1448.55,22421.95,3900,56,65
2026-10-01,IDO,2026-10-06,21350.0,CE,2831.3,1089.72,22421.95,0,0,65
2026-10-01,IDO,2026-10-06,21500.0,CE,960.4,960.4,22421.95,19825,652,65
2026-10-01,IDO,2026-10-06,22700.0,CE,40.75,40.75,22421.95,9669010,2559254,65
2026-10-01,IDO,2026-10-06,23650.0,CE,1.65,1.65,22421.95,846170,157471,65
2026-10-01,IDO,2026-10-06,23800.0,CE,1.35,1.35,22421.95,4175145,440657,65
2026-10-01,IDO,2026-10-06,24400.0,CE,0.7,0.7,22421.95,1675310,86953,65
2026-10-01,IDO,2026-10-06,25650.0,CE,0.45,0.45,22421.95,44005,1874,65
2026-10-01,IDO,2026-10-06,25800.0,CE,0.45,0.45,22421.95,558545,20151,65
2026-10-01,IDO,2026-10-13,20350.0,CE,3398.6,2111.56,22421.95,0,0,65
2026-10-01,IDO,2026-10-13,20500.0,CE,3249.65,1961.93,22421.95,0,0,65
2026-10-01,IDO,2026-10-13,22300.0,CE,332.95,332.95,22421.95,233025,33397,65
2026-10-01,IDO,2026-10-13,22400.0,CE,266.85,266.85,22421.95,505180,47400,65
2026-10-01,IDO,2026-10-13,23200.0,CE,24.45,24.45,22421.95,1662050,75178,65
2026-10-01,IDO,2026-10-13,23600.0,CE,7.6,7.6,22421.95,677300,41341,65
2026-10-01,IDO,2026-10-13,23850.0,CE,4.45,4.45,22421.95,74230,4846,65
2026-10-01,IDO,2026-10-13,24000.0,CE,3.65,3.65,22421.95,2908035,85174,65
2026-10-01,IDO,2026-10-13,24250.0,CE,2.15,2.15,22421.95,56290,1681,65
2026-10-01,IDO,2026-10-19,21450.0,CE,1807.8,1066.79,22421.95,0,0,65
2026-10-01,IDO,2026-10-19,22100.0,CE,498.85,542.86,22421.95,65,1,65
2026-10-01,IDO,2026-10-19,22500.0,CE,277.6,277.6,22421.95,99840,6387,65
2026-10-01,IDO,2026-10-19,22750.0,CE,162.95,162.95,22421.95,30420,856,65
2026-10-01,IDO,2026-10-19,23050.0,CE,77.45,77.45,22421.95,11375,481,65
2026-10-01,IDO,2026-10-19,23450.0,CE,28.05,28.05,22421.95,18070,439,65
2026-10-01,IDO,2026-10-19,23500.0,CE,24.9,24.9,22421.95,258635,10252,65
2026-10-01,IDO,2026-11-23,24600.0,PE,2050.0,2006.41,22421.95,3575,9,65
2026-10-01,IDO,2026-11-23,24500.0,PE,1854.05,1854.05,22421.95,212290,990,65
2026-10-01,IDO,2026-11-23,24000.0,PE,1411.3,1411.3,22421.95,288145,1344,65
2026-10-01,IDO,2026-11-23,23800.0,PE,1229.5,1229.5,22421.95,58500,287,65
2026-10-01,IDO,2026-11-23,22000.0,PE,230.65,230.65,22421.95,1189500,24122,65
2026-10-01,IDO,2026-11-23,21550.0,PE,142.45,142.45,22421.95,6500,315,65
2026-10-01,IDO,2026-11-23,21150.0,PE,96.8,96.8,22421.95,1365,38,65
2026-10-01,IDO,2026-11-23,20450.0,PE,5.8,25.1,22421.95,0,0,65
2026-10-01,IDO,2026-11-23,20400.0,PE,5.3,22.72,22421.95,0,0,65
2026-10-01,IDO,2026-11-23,20050.0,PE,2.75,10.81,22421.95,0,0,65
2026-10-01,IDO,2026-10-27,21100.0,CE,1340.0,1435.69,22421.95,65,1,65
2026-10-01,IDO,2026-10-27,23550.0,CE,39.9,39.9,22421.95,143780,6117,65
2026-10-01,IDO,2026-10-27,24150.0,CE,14.5,14.5,22421.95,109200,2755,65
2026-10-01,IDO,2026-10-27,24300.0,CE,12.1,12.1,22421.95,551460,9970,65
2026-10-01,IDO,2026-10-27,24700.0,CE,7.5,7.5,22421.95,279500,2893,65
2026-10-01,IDO,2026-10-27,26400.0,CE,0.8,0.02,22421.95,4550,3,65
2026-10-01,IDO,2026-10-27,26900.0,CE,0.8,0.0,22421.95,31980,39,65
2026-10-01,IDO,2026-11-03,20450.0,CE,3020.05,2096.59,22421.95,0,0,65
2026-10-01,IDO,2026-11-03,20700.0,CE,2773.55,1855.29,22421.95,0,0,65
2026-10-01,IDO,2026-11-03,21500.0,CE,1999.75,1132.09,22421.95,0,0,65
2026-10-01,IDO,2026-11-03,22050.0,CE,1499.4,716.86,22421.95,0,0,65
2026-10-01,IDO,2026-11-03,22150.0,CE,536.65,651.7,22421.95,130,2,65
2026-10-01,IDO,2026-11-03,22350.0,CE,490.55,490.55,22421.95,520,30,65
2026-10-01,IDO,2026-11-03,23000.0,CE,179.9,179.9,22421.95,27170,1900,65
2026-10-01,IDO,2026-11-03,23750.0,CE,380.65,77.54,22421.95,0,0,65
2026-10-01,IDO,2026-11-03,24350.0,CE,15.15,25.34,22421.95,845,20,65
2026-10-01,IDO,2026-11-03,24150.0,PE,898.65,1627.34,22421.95,0,0,65
2026-10-01,IDO,2026-11-03,24100.0,PE,863.85,1581.37,22421.95,0,0,65
2026-10-01,IDO,2026-11-03,23450.0,PE,707.45,1020.54,22421.95,195,0,65
2026-10-01,IDO,2026-11-03,23400.0,PE,765.7,981.05,22421.95,1170,0,65
2026-10-01,IDO,2026-11-03,23300.0,PE,901.2,904.94,22421.95,2405,7,65
2026-10-01,IDO,2026-11-03,22850.0,PE,636.45,594.18,22421.95,3510,42,65
2026-10-01,IDO,2026-11-03,22650.0,PE,464.95,478.39,22421.95,3900,14,65
2026-10-01,IDO,2026-11-03,22200.0,PE,226.65,226.65,22421.95,4875,159,65
2026-10-01,IDO,2026-11-03,24950.0,CE,9.0,6.91,22421.95,585,0,65
2026-10-01,IDO,2026-11-03,25000.0,CE,10.1,10.1,22421.95,10270,482,65
2026-10-01,IDO,2026-11-03,25200.0,CE,8.95,8.95,22421.95,3770,76,65
2026-10-01,IDO,2026-11-23,21150.0,CE,3517.65,1552.91,22421.95,0,0,65
2026-10-01,IDO,2026-11-23,21350.0,CE,3327.35,1385.75,22421.95,0,0,65
2026-10-01,IDO,2026-11-23,21900.0,CE,834.0,969.62,22421.95,130,8,65
2026-10-01,IDO,2026-11-23,22150.0,CE,716.0,805.69,22421.95,520,7,65
2026-10-01,IDO,2026-11-23,23050.0,CE,266.45,266.45,22421.95,17355,403,65
2026-10-01,IDO,2026-11-23,25050.0,CE,24.0,27.39,22421.95,780,0,65
2026-10-01,IDO,2026-12-29,20150.0,CE,2892.45,2623.69,22421.95,0,0,65
2026-10-01,IDO,2026-12-29,20950.0,CE,2168.25,1918.0,22421.95,0,0,65
2026-10-01,IDO,2026-12-29,22900.0,CE,506.05,506.05,22421.95,8710,597,65
2026-10-01,IDO,2026-12-29,23150.0,CE,391.85,391.85,22421.95,5200,157,65
2026-10-01,IDO,2026-12-29,23200.0,CE,370.4,370.4,22421.95,21710,827,65
2026-10-01,IDO,2026-12-29,23900.0,CE,172.95,172.95,22421.95,23530,993,65
2026-10-01,IDO,2026-12-29,24350.0,CE,102.95,102.95,22421.95,3900,73,65
2026-10-01,IDO,2026-12-29,33000.0,CE,3.2,3.2,22421.95,104065,178,65
2026-10-01,IDO,2027-03-30,25500.0,CE,141.65,141.65,22421.95,735280,6807,65
2026-10-01,IDO,2027-06-29,22500.0,CE,5539.6,1734.87,22421.95,0,0,65
2026-10-01,IDO,2027-12-28,15000.0,CE,7931.05,8561.79,22421.95,0,0,65
2026-10-01,IDO,2027-12-28,19500.0,CE,8684.7,4584.78,22421.95,0,0,65
2026-10-01,IDO,2027-12-28,27000.0,CE,313.9,313.9,22421.95,235835,815,65
2026-10-01,IDO,2028-06-27,33000.0,CE,2004.15,235.22,22421.95,0,0,65
2026-10-01,IDO,2029-06-26,16500.0,CE,12587.95,8615.19,22421.95,0,0,65
2026-10-01,IDO,2030-06-25,27000.0,CE,6972.5,3260.43,22421.95,0,0,65
2026-10-01,IDO,2031-06-24,19500.0,CE,9840.6,8278.12,22421.95,0,0,65
2026-10-01,IDO,2031-06-24,25500.0,CE,6409.8,4938.34,22421.95,0,0,65
2026-10-01,IDO,2026-10-06,22200.0,PE,44.45,44.45,22421.95,6505330,2209820,65
2026-10-01,IDO,2026-10-06,22550.0,PE,172.35,172.35,22421.95,1037920,2028875,65
2026-10-01,IDO,2026-10-06,23400.0,PE,942.35,942.35,22421.95,551460,4693,65
2026-10-01,IDO,2026-10-06,23550.0,PE,1076.55,1076.55,22421.95,64935,118,65
2026-10-01,IDO,2026-10-06,23800.0,PE,1329.15,1329.15,22421.95,103870,374,65
2026-10-01,IDO,2026-10-06,24050.0,PE,1639.0,1608.56,22421.95,3380,37,65
2026-10-01,IDO,2026-10-06,24100.0,PE,1628.0,1628.0,22421.95,61100,213,65
2026-10-01,IDO,2026-11-03,22100.0,PE,198.25,198.25,22421.95,4420,134,65
2026-10-01,IDO,2026-11-03,21600.0,PE,103.25,103.25,22421.95,3900,52,65
2026-10-01,IDO,2026-11-03,21500.0,PE,89.6,89.6,22421.95,14300,679,65
2026-10-01,IDO,2026-11-03,20250.0,PE,0.95,4.23,22421.95,0,0,65
2026-10-01,IDO,2026-10-27,27200.0,PE,4635.0,4663.59,22421.95,58110,3,65
2026-10-01,IDO,2026-10-27,27150.0,PE,3860.6,4613.8,22421.95,325,0,65
2026-10-01,IDO,2026-10-06,24200.0,PE,1731.0,1731.0,22421.95,88790,326,65
2026-10-01,IDO,2026-10-06,24750.0,PE,2266.6,2307.99,22421.95,260,1,65
2026-10-01,IDO,2026-10-06,25200.0,PE,2550.0,2757.62,22421.95,1040,8,65
2026-10-01,IDO,2026-10-06,25300.0,PE,2700.0,2857.54,22421.95,520,8,65
2026-10-01,IDO,2026-10-06,25550.0,PE,1432.35,3107.34,22421.95,0,0,65
2026-10-01,IDO,2026-10-13,21250.0,PE,14.25,14.25,22421.95,80470,4973,65
2026-10-01,IDO,2026-10-13,22250.0,PE,127.05,127.05,22421.95,182715,22176,65
2026-10-01,IDO,2026-10-13,23050.0,PE,588.8,588.8,22421.95,25870,231,65
2026-10-01,IDO,2026-10-13,23200.0,PE,720.65,720.65,22421.95,186940,1894,65
2026-10-01,IDO,2026-10-13,24800.0,PE,2160.0,2329.88,22421.95,130,2,65
2026-10-01,IDO,2026-11-03,24300.0,PE,1010.0,1766.95,22421.95,65,0,65
2026-10-01,IDO,2026-11-03,24200.0,PE,1659.45,1673.61,22421.95,65,1,65
2026-10-01,IDO,2026-11-03,23350.0,PE,592.95,942.2,22421.95,325,0,65
2026-10-01,IDO,2026-11-03,23050.0,PE,705.0,723.85,22421.95,1170,1,65
2026-10-01,IDO,2026-11-03,22400.0,PE,300.9,300.9,22421.95,7020,412,65
2026-10-01,IDO,2026-11-03,22150.0,PE,233.2,252.95,22421.95,2210,38,65
2026-10-01,IDO,2026-11-03,25150.0,PE,1711.15,2588.38,22421.95,0,0,65
2026-10-01,IDO,2026-10-13,23400.0,PE,910.05,910.05,22421.95,71175,487,65
2026-10-01,IDF,2026-10-27,,,22530.3,22530.3,22421.95,19155955,89334,65
2026-10-01,IDO,2026-10-06,22100.0,CE,390.2,390.2,22421.95,232895,46528,65
2026-10-01,IDO,2026-10-06,22300.0,CE,227.95,227.95,22421.95,3193580,1042411,65
2026-10-01,IDO,2026-10-06,22350.0,CE,194.7,194.7,22421.95,1081275,738169,65
2026-10-01,IDO,2026-10-06,22400.0,CE,161.5,161.5,22421.95,3563820,1666564,65
2026-10-01,IDO,2026-10-06,22500.0,CE,106.9,106.9,22421.95,6886425,2771968,65
2026-10-01,IDO,2026-10-06,22900.0,CE,15.25,15.25,22421.95,7061925,1370853,65
2026-10-01,IDO,2026-10-06,23600.0,CE,1.8,1.8,22421.95,4550325,1040897,65
2026-10-01,IDO,2026-10-06,23750.0,CE,1.45,1.45,22421.95,1082120,110176,65
2026-10-01,IDO,2026-10-06,24900.0,CE,0.5,0.5,22421.95,253955,16336,65
2026-10-01,IDO,2026-10-06,25050.0,CE,0.5,0.5,22421.95,51805,2823,65
2026-10-01,IDO,2026-10-06,25250.0,CE,0.5,0.5,22421.95,11700,660,65
2026-10-01,IDO,2026-10-13,20300.0,CE,3448.3,2161.45,22421.95,0,0,65
2026-10-01,IDO,2026-10-13,20450.0,CE,3299.3,2011.8,22421.95,0,0,65
2026-10-01,IDO,2026-10-13,20850.0,CE,2902.5,1613.42,22421.95,0,0,65
2026-10-01,IDO,2026-10-13,21450.0,CE,1078.85,1078.85,22421.95,130,11,65
2026-10-01,IDO,2026-10-13,21750.0,CE,726.8,755.74,22421.95,0,2,65
2026-10-01,IDO,2026-10-13,21950.0,CE,566.4,590.39,22421.95,910,24,65
2026-10-01,IDO,2026-10-13,22050.0,CE,520.25,520.25,22421.95,4030,167,65
2026-10-01,IDO,2026-10-13,23450.0,CE,11.2,11.2,22421.95,243945,17651,65
2026-10-01,IDO,2026-10-13,24350.0,CE,1.9,1.9,22421.95,13325,443,65
2026-10-01,IDO,2026-10-19,20400.0,CE,2831.2,2082.06,22421.95,0,0,65
2026-10-01,IDO,2026-10-19,20550.0,CE,2682.75,1933.13,22421.95,0,0,65
2026-10-01,IDO,2026-10-19,20950.0,CE,2289.2,1539.35,22421.95,0,0,65
2026-10-01,IDO,2026-10-19,21750.0,CE,1122.75,807.1,22421.95,65,0,65
2026-10-01,IDO,2026-10-19,22000.0,CE,615.1,615.1,22421.95,6695,290,65
2026-10-01,IDO,2026-10-19,22250.0,CE,438.35,438.35,22421.95,5265,245,65
2026-10-01,IDO,2026-10-19,22900.0,CE,112.9,112.9,22421.95,44070,2629,65
2026-10-01,IDO,2026-10-19,23950.0,CE,186.0,12.02,22421.95,65,0,65
2026-10-01,IDO,2026-10-27,20250.0,CE,4048.4,2258.94,22421.95,0,0,65
2026-10-01,IDO,2026-10-27,20800.0,CE,1610.0,1720.33,22421.95,65,1,65
2026-10-01,IDO,2026-10-27,21800.0,CE,839.15,839.15,22421.95,20020,488,65
2026-10-01,IDO,2026-10-27,21950.0,CE,722.75,722.75,22421.95,7670,145,65
2026-10-01,IDO,2026-10-27,22650.0,CE,267.35,267.35,22421.95,109460,6111,65
2026-10-01,IDO,2026-10-27,23250.0,CE,77.3,77.3,22421.95,202930,6443,65
2026-10-01,IDO,2026-10-27,23650.0,CE,32.45,32.45,22421.95,122265,6365,65
2026-10-01,IDO,2026-10-27,24100.0,CE,15.8,15.8,22421.95,570700,11054,65
2026-10-01,IDO,2026-10-27,24600.0,CE,8.25,8.25,22421.95,316940,4690,65
2026-10-01,IDO,2026-10-27,26450.0,CE,1.0,0.02,22421.95,520,2,65
2026-10-01,IDO,2026-11-03,20100.0,CE,3366.5,2439.67,22421.95,0,0,65
2026-10-01,IDO,2026-11-03,20800.0,CE,2675.3,1760.12,22421.95,0,0,65
2026-10-01,IDO,2026-11-03,21050.0,CE,2431.1,1526.92,22421.95,0,0,65
2026-10-01,IDO,2026-11-03,21100.0,CE,2382.6,1481.27,22421.95,0,0,65
2026-10-01,IDO,2026-11-03,21800.0,CE,1721.95,894.55,22421.95,0,0,65
2026-10-01,IDO,2026-11-03,23950.0,CE,305.7,54.5,22421.95,0,0,65
2026-10-01,IDO,2026-11-03,24000.0,CE,31.3,31.3,22421.95,103220,1773,65
2026-10-01,IDO,2026-11-03,24650.0,CE,15.5,13.53,22421.95,2470,59,65
2026-10-01,IDO,2026-11-03,24850.0,CE,9.0,9.0,22421.95,585,62,65
2026-10-01,IDO,2026-11-23,20250.0,CE,4389.4,2374.49,22421.95,0,0,65
2026-10-01,IDO,2026-11-23,21100.0,CE,3565.5,1595.81,22421.95,0,0,65
2026-10-01,IDO,2026-11-23,21950.0,CE,2769.65,935.48,22421.95,0,0,65
2026-10-01,IDO,2026-11-23,22300.0,CE,653.85,653.85,22421.95,14170,632,65
2026-10-01,IDO,2026-11-23,24300.0,CE,46.1,46.1,22421.95,147485,4820,65
2026-10-01,IDO,2026-11-23,24800.0,CE,28.15,28.15,22421.95,67600,1330,65
2026-10-01,IDO,2026-11-23,25300.0,CE,13.0,18.29,22421.95,325,10,65
2026-10-01,IDO,2026-11-23,25900.0,CE,9.15,6.46,22421.95,1950,25,65
2026-10-01,IDO,2026-12-29,19500.0,CE,7586.85,3236.15,22421.95,0,0,65
2026-10-01,IDO,2026-12-29,20600.0,CE,2477.9,2218.07,22421.95,0,0,65
2026-10-01,IDO,2026-12-29,20650.0,CE,2432.9,2174.28,22421.95,0,0,65
2026-10-01,IDO,2026-12-29,21450.0,CE,1468.45,1520.13,22421.95,455,7,65
2026-10-01,IDO,2026-12-29,21600.0,CE,1377.8,1409.88,22421.95,1625,16,65
2026-10-01,IDO,2026-12-29,22100.0,CE,962.05,1070.62,22421.95,2405,82,65
2026-10-01,IDO,2026-12-29,22300.0,CE,843.4,843.4,22421.95,18980,373,65
2026-10-01,IDO,2026-12-29,22750.0,CE,587.0,587.0,22421.95,1170,32,65
2026-10-01,IDO,2026-12-29,23400.0,CE,297.45,297.45,22421.95,22490,884,65
2026-10-01,IDO,2027-09-28,30000.0,PE,5717.3,5879.02,22421.95,0,0,65
2026-10-01,IDO,2027-06-29,30000.0,PE,6000.0,6247.86,22421.95,455,0,65
2026-10-01,IDO,2026-12-29,23800.0,CE,191.15,191.15,22421.95,66170,1961,65
2026-10-01,IDO,2026-12-29,25500.0,CE,35.85,35.85,22421.95,1027455,12639,65
2026-10-01,IDO,2027-03-30,15000.0,CE,8379.85,7884.42,22421.95,0,0,65
2026-10-01,IDO,2027-03-30,21000.0,CE,2278.8,2278.8,22421.95,44265,400,65
2026-10-01,IDO,2027-03-30,30000.0,CE,16.4,16.4,22421.95,174525,324,65
2026-10-01,IDO,2027-06-29,15000.0,CE,5367.85,8113.06,22421.95,0,0,65
2026-10-01,IDO,2027-06-29,16500.0,CE,10867.2,6685.71,22421.95,0,0,65
2026-10-01,IDO,2027-06-29,19500.0,CE,8143.4,3930.31,22421.95,0,0,65
2026-10-01,IDO,2027-09-28,15000.0,CE,8577.25,8338.8,22421.95,0,0,65
2026-10-01,IDO,2027-12-28,21000.0,CE,4902.4,3443.25,22421.95,0,0,65
2026-10-01,IDO,2028-06-27,27000.0,CE,1935.0,1187.75,22421.95,65,0,65
2026-10-01,IDO,2029-06-26,25500.0,CE,5917.35,2817.36,22421.95,0,0,65
2026-10-01,IDO,2029-12-24,21000.0,CE,9463.95,5828.85,22421.95,0,0,65
2026-10-01,IDO,2030-12-31,19500.0,CE,11601.15,7835.12,22421.95,0,0,65
2026-10-01,IDO,2030-12-31,25500.0,CE,7639.65,4445.99,22421.95,0,0,65
2026-10-01,IDO,2031-06-24,18000.0,CE,10825.95,9263.88,22421.95,0,0,65
2026-10-01,IDO,2027-06-29,28500.0,PE,1807.05,4886.78,22421.95,0,0,65
2026-10-01,IDO,2027-03-30,15000.0,PE,23.95,23.95,22421.95,9490,104,65
2026-10-01,IDO,2026-12-29,29000.0,PE,6078.3,6078.3,22421.95,313900,307,65
2026-10-01,IDO,2026-11-03,21700.0,PE,116.1,116.1,22421.95,7280,247,65
2026-10-01,IDO,2031-06-24,30000.0,CE,4459.9,3161.24,22421.95,0,0,65
2026-10-01,IDO,2026-10-06,21600.0,PE,5.4,5.4,22421.95,3053895,652668,65
2026-10-01,IDO,2026-10-06,21700.0,PE,6.9,6.9,22421.95,4068155,646504,65
2026-10-01,IDO,2026-10-06,21800.0,PE,9.2,9.2,22421.95,5517655,1034050,65
2026-10-01,IDO,2026-10-06,23150.0,PE,685.65,685.65,22421.95,128960,1736,65
2026-10-01,IDO,2026-10-06,23500.0,PE,1044.7,1044.7,22421.95,990860,5951,65
2026-10-01,IDO,2026-10-06,24900.0,PE,2440.0,2440.0,22421.95,130,2,65
2026-10-01,IDO,2026-10-13,22350.0,PE,160.85,160.85,22421.95,102310,23502,65
2026-10-01,IDO,2026-10-13,22450.0,PE,202.9,202.9,22421.95,126555,19043,65
2026-10-01,IDO,2026-10-13,22750.0,PE,361.7,361.7,22421.95,278850,4838,65
2026-10-01,IDO,2026-10-13,23550.0,PE,1020.4,1096.29,22421.95,4875,33,65
2026-10-01,IDO,2026-10-13,24050.0,PE,1543.65,1543.65,22421.95,325,4,65
2026-10-01,IDO,2026-10-13,24300.0,PE,1773.4,1831.45,22421.95,2795,1,65
2026-10-01,IDO,2026-10-13,24400.0,PE,1480.0,1931.01,22421.95,1300,0,65
2026-10-01,IDO,2026-10-13,24600.0,PE,2206.3,2130.36,22421.95,1820,2,65
2026-10-01,IDO,2026-10-13,25200.0,PE,1494.1,2729.06,22421.95,0,0,65
2026-10-01,IDO,2026-10-19,20250.0,PE,0.7,0.31,22421.95,0,0,65
2026-10-01,IDO,2026-10-19,22200.0,PE,156.5,156.5,22421.95,27755,3034,65
2026-10-01,IDO,2026-10-19,22450.0,PE,247.75,247.75,22421.95,9555,1134,65
2026-10-01,IDO,2026-10-19,23700.0,PE,900.0,1233.31,22421.95,1885,0,65
2026-10-01,IDO,2026-10-19,24150.0,PE,1040.4,1664.17,22421.95,0,0,65
2026-10-01,IDO,2026-10-19,24350.0,PE,1202.45,1860.47,22421.95,0,0,65
2026-10-01,IDO,2026-10-19,25000.0,PE,2530.85,2505.48,22421.95,65,1,65
2026-10-01,IDO,2026-10-19,25100.0,PE,1872.7,2605.09,22421.95,0,0,65
2026-10-01,IDO,2026-10-27,21050.0,PE,37.2,37.2,22421.95,24830,1131,65
2026-10-01,IDO,2026-10-27,21300.0,PE,52.8,52.8,22421.95,340730,23854,65
2026-10-01,IDO,2026-10-27,21850.0,PE,116.9,116.9,22421.95,43030,2344,65
2026-10-01,IDO,2026-10-27,22550.0,PE,326.5,326.5,22421.95,83200,6939,65
2026-10-01,IDO,2026-10-27,22700.0,PE,399.75,399.75,22421.95,1685580,32578,65
2026-10-01,IDO,2026-10-27,23550.0,PE,1108.1,1101.14,22421.95,15795,62,65
2026-10-01,IDO,2026-10-27,23850.0,PE,1450.0,1366.97,22421.95,10920,9,65
2026-10-01,IDO,2026-10-27,24350.0,PE,2209.5,1838.06,22421.95,15210,27,65
2026-10-01,IDO,2026-10-27,24400.0,PE,1837.0,1837.0,22421.95,150345,83,65
2026-10-01,IDO,2026-12-29,27000.0,PE,4116.4,4116.4,22421.95,1530035,301,65
2026-10-01,IDO,2026-12-29,24400.0,PE,1642.4,1642.4,22421.95,51155,60,65
2026-10-01,IDO,2026-12-29,23100.0,PE,719.1,719.1,22421.95,11375,89,65
2026-10-01,IDO,2026-10-27,24500.0,PE,1952.4,1952.4,22421.95,1483495,1892,65
2026-10-01,IDO,2026-10-27,25550.0,PE,2725.0,3020.94,22421.95,910,0,65
2026-10-01,IDO,2026-10-27,25850.0,PE,3040.7,3319.42,22421.95,65,0,65
2026-10-01,IDO,2026-10-27,26450.0,PE,3460.0,3916.76,22421.95,195,0,65
2026-10-01,IDO,2026-12-29,22700.0,PE,524.75,524.75,22421.95,23725,621,65
2026-10-01,IDO,2026-10-27,26650.0,PE,2415.2,4115.91,22421.95,0,0,65
2026-10-01,IDO,2026-10-27,26800.0,PE,3900.0,4265.28,22421.95,585,0,65
2026-10-01,IDO,2026-12-29,22650.0,PE,500.45,500.45,22421.95,7345,205,65
2026-10-01,IDO,2026-12-29,22550.0,PE,460.35,460.35,22421.95,7865,420,65
2026-10-01,IDO,2026-12-29,22500.0,PE,440.6,440.6,22421.95,1885585,21283,65
2026-10-01,IDO,2031-06-24,21000.0,PE,450.5,474.11,22421.95,0,0,65
2026-10-01,IDO,2026-12-29,24100.0,PE,1283.05,1555.81,22421.95,650,3,65
2026-10-01,IDO,2026-12-29,30000.0,PE,7020.0,7020.0,22421.95,504260,177,65
2026-10-01,IDO,2027-03-30,24000.0,PE,1218.85,1218.85,22421.95,831285,3321,65
2026-10-01,IDO,2027-06-29,22500.0,PE,574.35,574.35,22421.95,29835,384,65
2026-10-01,IDO,2027-09-28,27000.0,PE,3265.0,3400.75,22421.95,0,0,65
2026-10-01,IDO,2027-09-28,28500.0,PE,4441.5,4593.94,22421.95,0,0,65
2026-10-01,IDO,2027-12-28,25000.0,PE,1585.85,1585.85,22421.95,176150,642,65
2026-10-01,IDO,2027-12-28,26000.0,PE,2149.75,2149.75,22421.95,71440,244,65
2026-10-01,IDO,2028-06-27,33000.0,PE,3707.8,7361.83,22421.95,0,0,65
2026-10-01,IDO,2028-12-26,23000.0,PE,967.3,967.3,22421.95,3020,6,65
2026-10-01,IDO,2028-12-26,26000.0,PE,1838.5,2191.03,22421.95,6940,1,65
2026-10-01,IDO,2029-06-26,25500.0,PE,624.25,1827.29,22421.95,0,0,65
2026-10-01,IDO,2029-06-26,27000.0,PE,1252.35,2492.18,22421.95,0,0,65
2026-10-01,IDO,2029-06-26,30000.0,PE,2031.05,4124.89,22421.95,0,0,65
2026-10-01,IDO,2029-12-24,24000.0,PE,1133.0,1209.29,22421.95,585,0,65
2026-10-01,IDO,2029-12-24,33000.0,PE,2953.7,5563.36,22421.95,0,0,65
2026-10-01,IDO,2030-06-25,28500.0,PE,1167.6,2765.39,22421.95,0,0,65
2026-10-01,IDO,2030-12-31,24000.0,PE,1000.0,1079.86,22421.95,520,0,65
2026-10-01,IDO,2031-06-24,19500.0,PE,289.2,295.61,22421.95,0,0,65
2026-10-01,IDO,2026-10-27,26850.0,PE,2588.1,4315.07,22421.95,0,0,65
2026-10-01,IDO,2026-10-27,26550.0,PE,2330.1,4016.34,22421.95,0,0,65
2026-10-01,IDO,2026-10-27,24950.0,PE,2459.95,2425.59,22421.95,1105,40,65
2026-10-01,IDO,2026-10-27,24700.0,PE,2157.1,2157.1,22421.95,216710,46,65
2026-10-01,IDO,2026-10-27,24650.0,PE,2200.0,2130.11,22421.95,2665,10,65
2026-10-01,IDO,2026-10-27,24200.0,PE,1664.1,1664.1,22421.95,388765,469,65
2026-10-01,IDO,2026-10-27,23650.0,PE,1217.9,1187.86,22421.95,22815,110,65
2026-10-01,IDO,2026-10-27,23600.0,PE,1088.35,1088.35,22421.95,654160,1423,65
2026-10-01,IDO,2026-10-27,23400.0,PE,902.15,902.15,22421.95,1458535,2203,65
2026-10-01,IDO,2026-10-27,20700.0,PE,24.85,24.85,22421.95,126165,6333,65
2026-10-01,IDO,2026-10-27,20500.0,PE,20.45,20.45,22421.95,815425,39743,65
2026-10-01,IDO,2026-10-27,20100.0,PE,6.85,1.01,22421.95,0,0,65
2026-10-01,IDO,2026-10-19,23850.0,PE,815.85,1374.58,22421.95,0,0,65
2026-10-01,IDO,2026-10-19,23550.0,PE,772.05,1095.49,22421.95,3250,0,65
2026-10-01,IDO,2026-10-19,22850.0,PE,460.4,460.4,22421.95,14040,372,65
2026-10-01,IDO,2026-10-19,21350.0,PE,20.1,24.06,22421.95,1170,2,65
2026-10-01,IDO,2026-10-19,20300.0,PE,0.85,0.4,22421.95,0,0,65
2026-10-01,IDO,2026-12-29,19500.0,PE,47.8,47.8,22421.95,156130,2021,65
2026-10-01,IDO,2026-12-29,24450.0,PE,1692.3,1692.3,22421.95,366015,6168,65
2026-10-01,IDO,2026-12-29,25000.0,PE,2208.85,2208.85,22421.95,1665900,11108,65
2026-10-01,IDO,2026-12-29,28500.0,PE,3320.25,5641.37,22421.95,130,0,65
2026-10-01,IDO,2026-10-06,20200.0,CE,3972.5,2238.32,22421.95,0,0,65
2026-10-01,IDO,2026-10-06,20850.0,CE,3326.65,1588.86,22421.95,0,0,65
2026-10-01,IDO,2027-03-30,25500.0,PE,2333.5,2333.5,22421.95,240630,397,65
2026-10-01,IDO,2027-03-30,30000.0,PE,6273.1,6662.63,22421.95,2470,0,65
2026-10-01,IDO,2027-03-30,31500.0,PE,7066.15,8109.36,22421.95,0,0,65
2026-10-01,IDO,2027-06-29,15000.0,PE,1173.2,0.33,22421.95,0,0,65
2026-10-01,IDO,2027-06-29,24000.0,PE,1191.2,1191.2,22421.95,26975,211,65
2026-10-01,IDO,2027-06-29,31500.0,PE,3604.7,7647.83,22421.95,0,0,65
2026-10-01,IDO,2027-12-28,15000.0,PE,21.7,3.08,22421.95,755,0,65
2026-10-01,IDO,2027-12-28,22000.0,PE,644.5,644.5,22421.95,111805,997,65
2026-10-01,IDO,2028-06-27,21000.0,PE,400.05,479.18,22421.95,325,2,65
2026-10-01,IDO,2028-12-26,18000.0,PE,250.0,122.86,22421.95,75,0,65
2026-10-01,IDO,2028-12-26,25000.0,PE,1501.0,1501.0,22421.95,13735,22,65
2026-10-01,IDO,2028-12-26,33000.0,PE,3315.4,6677.94,22421.95,0,0,65
2026-10-01,IDO,2029-06-26,21000.0,PE,320.25,511.13,22421.95,0,0,65
2026-10-01,IDO,2029-06-26,31500.0,PE,2443.35,5070.61,22421.95,0,0,65
2026-10-01,IDO,2030-06-25,16500.0,PE,12.0,79.39,22421.95,0,0,65
2026-10-01,IDO,2030-06-25,19500.0,PE,64.95,299.29,22421.95,0,0,65
2026-10-01,IDO,2026-10-06,22250.0,CE,266.2,266.2,22421.95,466830,293405,65
2026-10-01,IDO,2026-10-06,22650.0,CE,51.7,51.7,22421.95,6393530,1593969,65
2026-10-01,IDO,2026-10-06,23300.0,CE,3.8,3.8,22421.95,8137805,948259,65
2026-10-01,IDO,2026-10-06,23900.0,CE,1.15,1.15,22421.95,2806700,279684,65
2026-10-01,IDO,2026-10-06,25400.0,CE,0.55,0.55,22421.95,43030,5140,65
2026-10-01,IDO,2026-10-13,20150.0,CE,3597.35,2311.14,22421.95,0,0,65
2026-10-01,IDO,2026-10-13,20200.0,CE,3547.7,2261.24,22421.95,0,0,65
2026-10-01,IDO,2026-10-13,20550.0,CE,3200.0,1912.07,22421.95,0,0,65
2026-10-01,IDO,2026-10-13,21150.0,CE,2606.15,1317.16,22421.95,0,0,65
2026-10-01,IDO,2026-10-13,22250.0,CE,369.3,369.3,22421.95,27235,4094,65
2026-10-01,IDO,2026-10-13,22650.0,CE,141.05,141.05,22421.95,172055,18929,65
2026-10-01,IDO,2026-10-13,22700.0,CE,122.6,122.6,22421.95,2235220,99522,65
2026-10-01,IDO,2026-10-13,22950.0,CE,55.5,55.5,22421.95,226915,20523,65
2026-10-01,IDO,2026-10-13,23000.0,CE,47.05,47.05,22421.95,2885480,161694,65
2026-10-01,IDO,2026-10-13,23400.0,CE,12.95,12.95,22421.95,877955,55701,65
2026-10-01,IDO,2026-10-13,23700.0,CE,6.1,6.1,22421.95,555360,34425,65
2026-10-01,IDO,2030-06-25,33000.0,PE,3143.9,5096.56,22421.95,0,0,65
2026-10-01,IDO,2026-10-13,23900.0,CE,4.25,4.25,22421.95,287495,15988,65
2026-10-01,IDO,2026-10-13,23950.0,CE,3.95,3.95,22421.95,76700,4533,65
2026-10-01,IDO,2026-11-23,25900.0,PE,3176.5,3246.8,22421.95,65,1,65
2026-10-01,IDO,2026-11-23,25850.0,PE,2901.65,3197.87,22421.95,65,0,65
2026-10-01,IDO,2026-11-23,25050.0,PE,2152.6,2425.52,22421.95,65,0,65
2026-10-01,IDO,2026-11-23,25000.0,PE,2343.85,2343.85,22421.95,295230,513,65
2026-10-01,IDO,2026-11-23,23600.0,PE,1056.2,1056.2,22421.95,44395,174,65
2026-10-01,IDO,2026-11-23,21700.0,PE,165.8,165.8,22421.95,85995,2256,65
2026-10-01,IDO,2026-11-23,20600.0,PE,7.6,33.54,22421.95,0,0,65
2026-10-01,IDO,2026-11-23,20150.0,PE,3.3,13.47,22421.95,0,0,65
2026-10-01,IDO,2026-11-03,23700.0,PE,610.85,1226.79,22421.95,0,0,65
2026-10-01,IDO,2026-11-03,23550.0,PE,528.4,1101.36,22421.95,0,0,65
2026-10-01,IDO,2026-10-27,26350.0,PE,2163.0,3817.19,22421.95,0,0,65
2026-10-01,IDO,2026-10-27,26200.0,PE,3341.0,3667.84,22421.95,18525,0,65
2026-10-01,IDO,2026-10-27,22500.0,PE,306.15,306.15,22421.95,3562715,140034,65
2026-10-01,IDO,2026-10-27,22100.0,PE,169.35,169.35,22421.95,402805,21415,65
2026-10-01,IDO,2026-10-27,21400.0,PE,59.4,59.4,22421.95,398840,15662,65
2026-10-01,IDO,2026-10-27,21100.0,PE,39.6,39.6,22421.95,106210,4955,65
