TradDt,FinInstrmTp,XpryDt,StrkPric,OptnTp,ClsPric,SttlmPric,UndrlygPric,OpnIntrst,TtlTradgVol,NewBrdLotQty
2026-09-28,IDO,2027-03-30,19500.0,CE,4136.5,3934.8,22780.25,195,0,65
2026-09-28,IDO,2027-03-30,33000.0,CE,7.8,1.13,22780.25,7280,1,65
2026-09-28,IDO,2027-12-28,18000.0,CE,6285.7,6198.6,22780.25,0,0,65
2026-09-28,IDO,2028-06-27,24000.0,CE,3918.85,2568.73,22780.25,0,0,65
2026-09-28,IDO,2028-06-27,30000.0,CE,2278.45,642.71,22780.25,0,0,65
2026-09-28,IDO,2028-12-26,22500.0,CE,7382.9,4039.48,22780.25,0,0,65
2026-09-28,IDO,2028-12-26,31500.0,CE,480.0,761.0,22780.25,585,0,65
2026-09-28,IDO,2029-06-26,31500.0,CE,2878.65,1139.56,22780.25,0,0,65
2026-09-28,IDO,2029-12-24,24000.0,CE,5200.0,4352.95,22780.25,65,0,65
2026-09-28,IDO,2029-12-24,33000.0,CE,3816.05,1231.48,22780.25,0,0,65
2026-09-28,IDO,2030-12-31,18000.0,CE,12674.15,9179.77,22780.25,0,0,65
2026-09-28,IDO,2026-09-29,15000.0,PE,0.3,0.3,22780.25,87815,8075,65
2026-09-28,IDO,2026-09-29,20600.0,PE,20.2,0.0,22780.25,0,0,65
2026-09-28,IDO,2026-09-29,21900.0,PE,1.4,1.4,22780.25,2023645,358226,65
2026-09-28,IDO,2026-09-29,22500.0,PE,9.95,9.95,22780.25,10808720,3293052,65
2026-09-28,IDO,2026-09-29,22650.0,PE,26.15,26.15,22780.25,4583930,2781218,65
2026-09-28,IDO,2026-09-29,26950.0,PE,2780.25,4165.37,22780.25,0,0,65
2026-09-28,IDO,2026-09-29,27000.0,PE,4191.4,4191.4,22780.25,759425,5533,65
2026-09-28,IDO,2026-09-29,31500.0,PE,4341.2,8714.63,22780.25,0,0,65
2026-09-28,IDO,2026-10-06,20750.0,PE,0.35,0.0,22780.25,0,0,65
2026-09-28,IDO,2026-10-06,21050.0,PE,5.65,5.65,22780.25,9555,456,65
2026-09-28,IDO,2026-10-06,21100.0,PE,5.6,5.6,22780.25,161005,11576,65
2026-09-28,IDO,2026-10-06,21150.0,PE,5.7,5.7,22780.25,19565,1031,65
2026-09-28,IDO,2026-10-06,21300.0,PE,6.75,6.75,22780.25,344500,20898,65
2026-09-28,IDO,2026-10-06,22600.0,PE,90.2,90.2,22780.25,1690000,133549,65
2026-09-28,IDO,2026-10-06,22900.0,PE,200.5,200.5,22780.25,1335425,187284,65
2026-09-28,IDO,2026-10-06,23650.0,PE,816.85,816.85,22780.25,32175,456,65
2026-09-28,IDO,2026-10-06,24250.0,PE,1370.0,1439.07,22780.25,3575,11,65
2026-09-28,IDO,2026-10-13,20750.0,PE,1.0,0.3,22780.25,0,0,65
2026-09-28,IDO,2026-10-13,20900.0,PE,1.6,0.65,22780.25,0,0,65
2026-09-28,IDO,2026-10-13,21000.0,PE,10.85,10.85,22780.25,117715,7556,65
2026-09-28,IDO,2026-10-13,21300.0,PE,5.1,3.94,22780.25,0,0,65
2026-09-28,IDO,2026-10-13,21600.0,PE,22.4,22.4,22780.25,30485,1129,65
2026-09-28,IDO,2026-10-13,21700.0,PE,26.6,26.6,22780.25,28990,931,65
2026-09-28,IDO,2026-10-13,23000.0,PE,300.9,300.9,22780.25,342875,18897,65
2026-09-28,IDO,2026-10-13,23250.0,PE,461.7,461.7,22780.25,14365,360,65
2026-09-28,IDO,2026-10-13,23700.0,PE,847.5,847.5,22780.25,14170,104,65
2026-09-28,IDO,2026-10-13,23900.0,PE,1016.05,1088.57,22780.25,3510,41,65
2026-09-28,IDO,2026-10-19,21250.0,PE,13.6,9.07,22780.25,0,0,65
2026-09-28,IDO,2026-10-19,21300.0,PE,21.0,21.0,22780.25,260,6,65
2026-09-28,IDO,2026-10-19,21450.0,PE,22.0,16.86,22780.25,0,0,65
2026-09-28,IDO,2026-10-19,22550.0,PE,71.45,212.72,22780.25,1755,1,65
2026-09-28,IDO,2026-10-19,22900.0,PE,276.7,276.7,22780.25,19500,914,65
2026-09-28,IDO,2026-10-19,23000.0,PE,330.45,330.45,22780.25,43420,1836,65
2026-09-28,IDO,2026-10-19,23800.0,PE,890.0,1005.04,22780.25,65,1,65
2026-09-28,IDO,2026-10-19,24000.0,PE,1080.15,1180.77,22780.25,780,11,65
2026-09-28,IDO,2026-10-19,24050.0,PE,962.95,1225.96,22780.25,0,0,65
2026-09-28,IDO,2026-10-19,24700.0,PE,1505.1,1842.74,22780.25,0,0,65
2026-09-28,IDO,2026-10-19,25150.0,PE,1919.85,2285.91,22780.25,0,0,65
2026-09-28,IDO,2026-10-27,21450.0,PE,41.8,41.8,22780.25,7800,182,65
2026-09-28,IDO,2026-10-27,21750.0,PE,61.5,61.5,22780.25,43485,1557,65
2026-09-28,IDO,2026-10-27,22400.0,PE,155.6,155.6,22780.25,429975,12814,65
2026-09-28,IDO,2026-10-27,24100.0,PE,1188.4,1188.4,22780.25,216905,636,65
2026-09-28,IDO,2026-10-27,24150.0,PE,1265.0,1265.0,22780.25,15990,31,65
2026-09-28,IDO,2026-10-27,25050.0,PE,1161.25,2160.84,22780.25,325,0,65
2026-09-28,IDO,2026-10-27,25250.0,PE,2249.0,2356.5,22780.25,260,2,65
2026-09-28,IDO,2026-10-27,26100.0,PE,2615.0,3197.61,22780.25,65,0,65
2026-09-28,IDO,2026-10-27,26900.0,PE,3583.15,3993.35,22780.25,1430,22,65
2026-09-28,IDO,2026-11-03,20800.0,PE,24.85,10.76,22780.25,195,3,65
2026-09-28,IDO,2026-11-03,21000.0,PE,7.7,17.63,22780.25,0,0,65
2026-09-28,IDO,2026-11-03,22050.0,PE,66.3,140.24,22780.25,1495,0,65
2026-09-28,IDO,2026-11-03,22350.0,PE,166.3,166.3,22780.25,1235,16,65
2026-09-28,IDO,2026-11-03,23150.0,PE,465.4,465.4,22780.25,780,2,65
2026-09-28,IDO,2026-11-03,23200.0,PE,522.0,608.1,22780.25,3250,53,65
2026-09-28,IDO,2026-11-03,25100.0,PE,1666.4,2180.46,22780.25,0,0,65
2026-09-28,IDO,2026-11-23,21850.0,PE,121.9,121.9,22780.25,585,8,65
2026-09-28,IDO,2026-11-23,21900.0,PE,132.7,132.7,22780.25,17420,218,65
2026-09-28,IDO,2026-11-23,22350.0,PE,215.25,215.25,22780.25,4225,76,65
2026-09-28,IDO,2026-11-23,23000.0,PE,434.6,434.6,22780.25,949650,12011,65
2026-09-28,IDO,2026-11-23,23200.0,PE,530.9,530.9,22780.25,169780,1623,65
2026-09-28,IDO,2026-11-23,23300.0,PE,581.7,581.7,22780.25,55315,627,65
2026-09-28,IDO,2026-11-23,23350.0,PE,622.55,622.55,22780.25,8515,44,65
2026-09-28,IDO,2026-10-06,24550.0,CE,2.15,2.15,22780.25,127985,4076,65
2026-09-28,IDO,2026-10-06,21950.0,CE,947.0,870.21,22780.25,130,2,65
2026-09-28,IDO,2026-10-06,21250.0,CE,2930.15,1558.05,22780.25,0,0,65
2026-09-28,IDO,2026-09-29,27000.0,CE,0.45,0.45,22780.25,1444300,39233,65
2026-09-28,IDO,2026-09-29,26100.0,CE,0.45,0.45,22780.25,20410,1894,65
2026-09-28,IDO,2026-09-29,22900.0,CE,42.6,42.6,22780.25,12894440,6077440,65
2026-09-28,IDO,2026-10-13,21800.0,CE,1974.5,1057.62,22780.25,0,0,65
2026-09-28,IDO,2026-10-27,21400.0,CE,1543.75,1510.09,22780.25,1755,25,65
2026-09-28,IDO,2026-11-03,21450.0,CE,2046.95,1510.77,22780.25,0,0,65
2026-09-28,IDO,2026-11-23,21250.0,CE,3422.3,1801.39,22780.25,0,0,65
2026-09-28,IDO,2026-11-23,23500.0,CE,233.8,233.8,22780.25,829205,12110,65
2026-09-28,IDO,2026-11-23,23800.0,CE,145.2,145.2,22780.25,204295,4423,65
2026-09-28,IDO,2026-12-29,31500.0,CE,4.2,0.03,22780.25,32890,0,65
2026-09-28,IDO,2027-03-30,24000.0,CE,578.3,578.3,22780.25,597610,4555,65
2026-09-28,IDO,2026-09-29,22450.0,PE,7.15,7.15,22780.25,2561780,1371374,65
2026-09-28,IDO,2026-10-06,25600.0,PE,2443.05,2786.5,22780.25,130,0,65
2026-09-28,IDO,2026-10-13,25350.0,PE,1628.0,2508.17,22780.25,0,0,65
2026-09-28,IDO,2026-10-19,20850.0,PE,4.65,2.22,22780.25,0,0,65
2026-09-28,IDO,2026-10-19,21800.0,PE,46.2,46.2,22780.25,16250,584,65
2026-09-28,IDO,2026-10-19,22700.0,PE,202.8,202.8,22780.25,28990,916,65
2026-09-28,IDO,2026-11-23,23250.0,PE,557.15,557.15,22780.25,28340,2520,65
2026-09-28,IDO,2026-11-23,25450.0,PE,1217.0,2457.64,22780.25,0,0,65
2026-09-28,IDO,2026-10-06,25450.0,CE,1.35,1.35,22780.25,7995,209,65
2026-09-28,IDO,2027-12-28,30000.0,PE,4650.0,5250.08,22780.25,6825,53,65
2026-09-28,IDO,2027-12-28,22500.0,PE,186.5,749.64,22780.25,0,0,65
2026-09-28,IDO,2027-12-28,19500.0,PE,29.25,158.56,22780.25,0,0,65
2026-09-28,IDO,2027-06-29,33000.0,PE,4691.7,8704.97,22780.25,0,0,65
2026-09-28,IDO,2027-03-30,33000.0,PE,8415.45,9193.22,22780.25,0,0,65
2026-09-28,IDO,2026-12-29,12000.0,PE,3.45,0.0,22780.25,19775,0,65
2026-09-28,IDO,2026-11-23,26100.0,PE,1675.5,3080.3,22780.25,0,0,65
2026-09-28,IDO,2026-11-23,25250.0,PE,1090.7,2270.71,22780.25,0,0,65
2026-09-28,IDO,2026-11-23,24550.0,PE,1567.5,1645.7,22780.25,715,4,65
2026-09-28,IDO,2026-11-23,24100.0,PE,1150.0,1279.16,22780.25,10790,17,65
2026-09-28,IDO,2026-11-23,23950.0,PE,512.35,1165.97,22780.25,1560,0,65
2026-09-28,IDO,2026-11-23,22950.0,PE,409.9,409.9,22780.25,6175,148,65
2026-09-28,IDO,2026-11-23,22450.0,PE,245.9,328.47,22780.25,3575,53,65
2026-09-28,IDO,2026-11-23,20800.0,PE,46.05,46.05,22780.25,11635,283,65
2026-09-28,IDO,2026-11-03,25200.0,PE,1756.2,2276.84,22780.25,0,0,65
2026-09-28,IDO,2026-11-03,24850.0,PE,1448.0,1942.28,22780.25,0,0,65
2026-09-28,IDO,2026-11-03,24400.0,PE,1082.55,1528.05,22780.25,0,0,65
2026-09-28,IDO,2026-11-03,23250.0,PE,533.6,638.56,22780.25,1300,37,65
2026-09-28,IDO,2026-11-03,22800.0,PE,296.65,296.65,22780.25,6500,269,65
2026-09-28,IDO,2026-11-03,22600.0,PE,228.65,228.65,22780.25,1105,33,65
2026-09-28,IDO,2026-11-03,22000.0,PE,105.4,105.4,22780.25,5525,154,65
2026-09-28,IDO,2026-11-03,20550.0,PE,2.35,5.52,22780.25,0,0,65
2026-09-28,IDO,2026-10-27,26600.0,PE,3029.0,3694.83,22780.25,390,0,65
2026-09-28,IDO,2026-10-27,26000.0,PE,3047.85,3047.85,22780.25,1768390,7326,65
2026-09-28,IDO,2026-10-27,25600.0,PE,2642.35,2701.62,22780.25,7930,20,65
2026-09-28,IDO,2026-10-27,25200.0,PE,2249.45,2249.45,22780.25,30615,163,65
2026-09-28,IDO,2026-10-27,25000.0,PE,2056.5,2056.5,22780.25,1864655,8342,65
2026-09-28,IDO,2026-10-27,24850.0,PE,1900.0,1966.99,22780.25,1495,13,65
2026-09-28,IDO,2026-10-27,24800.0,PE,1861.75,1861.75,22780.25,311805,877,65
2026-09-28,IDO,2026-10-27,24300.0,PE,1376.65,1376.65,22780.25,208520,1821,65
2026-09-28,IDO,2026-10-27,23450.0,PE,634.5,634.5,22780.25,58890,485,65
2026-09-28,IDO,2026-10-27,23100.0,PE,408.75,408.75,22780.25,1820650,36857,65
2026-09-28,IDO,2026-10-27,22200.0,PE,116.1,116.1,22780.25,429845,15868,65
2026-09-28,IDO,2026-10-27,22050.0,PE,94.4,94.4,22780.25,33215,1080,65
2026-09-28,IDO,2026-10-27,21000.0,PE,25.4,25.4,22780.25,616265,21201,65
2026-09-28,IDO,2026-10-27,20900.0,PE,22.5,22.5,22780.25,11115,362,65
2026-09-28,IDO,2026-10-27,20800.0,PE,20.95,20.95,22780.25,94965,4059,65
2026-09-28,IDO,2026-10-27,20650.0,PE,17.1,3.65,22780.25,0,0,65
2026-09-28,IDO,2026-10-19,23650.0,PE,579.65,879.53,22780.25,1040,0,65
2026-09-28,IDO,2026-10-19,23200.0,PE,441.45,441.45,22780.25,17225,403,65
2026-09-28,IDO,2026-10-19,22750.0,PE,221.2,221.2,22780.25,6045,181,65
2026-09-28,IDO,2026-10-19,22400.0,PE,123.0,123.0,22780.25,9100,238,65
2026-09-28,IDO,2026-10-19,22250.0,PE,96.25,96.25,22780.25,8385,46,65
2026-09-28,IDO,2026-10-19,22000.0,PE,62.75,62.75,22780.25,88465,2582,65
2026-09-28,IDO,2026-10-19,21400.0,PE,19.55,14.51,22780.25,0,0,65
2026-09-28,IDO,2026-10-19,20950.0,PE,11.15,3.22,22780.25,65,0,65
2026-09-28,IDO,2026-10-19,20650.0,PE,2.6,1.0,22780.25,0,0,65
2026-09-28,IDO,2026-10-13,24850.0,PE,1184.15,2010.32,22780.25,195,0,65
2026-09-28,IDO,2026-10-13,24700.0,PE,1075.5,1861.53,22780.25,0,0,65
2026-09-28,IDO,2026-10-13,24150.0,PE,1248.0,1248.0,22780.25,520,9,65
2026-09-28,IDO,2026-10-13,23500.0,PE,663.35,663.35,22780.25,149890,2285,65
2026-09-28,IDO,2026-10-13,22850.0,PE,226.15,226.15,22780.25,53950,4602,65
2026-09-28,IDO,2026-10-13,22700.0,PE,170.9,170.9,22780.25,235105,12524,65
2026-09-28,IDO,2026-10-13,22600.0,PE,140.3,140.3,22780.25,153335,8417,65
2026-09-28,IDO,2026-10-13,22400.0,PE,94.25,94.25,22780.25,102440,5749,65
2026-09-28,IDO,2026-10-13,22300.0,PE,77.35,77.35,22780.25,125645,6507,65
2026-09-28,IDO,2026-10-13,20500.0,PE,0.45,0.08,22780.25,0,0,65
2026-09-28,IDO,2026-10-06,25750.0,PE,2830.0,2936.3,22780.25,130,2,65
2026-09-28,IDO,2026-10-06,25050.0,PE,1932.0,2237.22,22780.25,65,0,65
2026-09-28,IDO,2026-10-06,25000.0,PE,2138.8,2138.8,22780.25,74880,734,65
2026-09-28,IDO,2026-10-06,24700.0,PE,1800.0,1887.72,22780.25,1560,20,65
2026-09-28,IDO,2026-10-06,24400.0,PE,1537.25,1537.25,22780.25,51025,648,65
2026-09-28,IDO,2026-10-06,23900.0,PE,1053.9,1053.9,22780.25,104130,1081,65
2026-09-28,IDO,2026-10-06,23050.0,PE,288.95,288.95,22780.25,496145,20967,65
2026-09-28,IDO,2026-10-06,22800.0,PE,155.3,155.3,22780.25,1950585,224919,65
2026-09-28,IDO,2026-10-06,22650.0,PE,103.75,103.75,22780.25,277615,37809,65
2026-09-28,IDO,2026-10-06,22500.0,PE,68.8,68.8,22780.25,2464605,197716,65
2026-09-28,IDO,2026-10-06,21750.0,PE,13.55,13.55,22780.25,145860,5914,65
2026-09-28,IDO,2026-10-06,21650.0,PE,11.75,11.75,22780.25,79885,4746,65
2026-09-28,IDO,2026-10-06,21550.0,PE,10.1,10.1,22780.25,46020,1969,65
2026-09-28,IDO,2026-09-29,33000.0,PE,6552.15,10214.39,22780.25,0,0,65
2026-09-28,IDO,2026-09-29,27150.0,PE,2959.15,4365.34,22780.25,0,0,65
2026-09-28,IDO,2026-09-29,25700.0,PE,2903.2,2903.2,22780.25,5590,56,65
2026-09-28,IDO,2026-09-29,25650.0,PE,2200.0,2865.58,22780.25,520,0,65
2026-09-28,IDO,2026-09-29,24950.0,PE,2120.0,2165.7,22780.25,4290,4,65
2026-09-28,IDO,2026-09-29,24750.0,PE,1940.95,1940.95,22780.25,24505,59,65
2026-09-28,IDO,2026-09-29,23400.0,PE,590.65,590.65,22780.25,2188550,46899,65
2026-09-28,IDO,2026-09-29,22600.0,PE,18.85,18.85,22780.25,7943715,3359039,65
2026-09-28,IDO,2026-09-29,22550.0,PE,13.45,13.45,22780.25,3304860,1729174,65
2026-09-28,IDO,2026-09-29,21950.0,PE,1.55,1.55,22780.25,667615,202992,65
2026-09-28,IDO,2026-09-29,21000.0,PE,0.7,0.7,22780.25,7796230,285298,65
2026-09-28,IDO,2031-06-24,27000.0,CE,5699.0,4523.87,22780.25,0,0,65
2026-09-28,IDO,2030-12-31,21000.0,CE,10552.5,7188.85,22780.25,0,0,65
2026-09-28,IDO,2029-12-24,30000.0,CE,1649.85,1936.48,22780.25,10940,1,65
2026-09-28,IDO,2029-12-24,25500.0,CE,6500.6,3605.46,22780.25,0,0,65
2026-09-28,IDO,2029-06-26,27000.0,CE,6570.4,2423.78,22780.25,0,0,65
2026-09-28,IDO,2028-12-26,16500.0,CE,12176.65,8503.28,22780.25,0,0,65
2026-09-28,IDO,2027-03-30,22500.0,CE,1420.85,1420.85,22780.25,212550,1603,65
2026-09-28,IDO,2026-12-29,34500.0,CE,2.5,0.0,22780.25,1235,15,65
2026-09-28,IDO,2026-12-29,18000.0,CE,5012.9,5012.9,22780.25,3445,17,65
2026-09-28,IDO,2026-11-23,26000.0,CE,10.05,10.05,22780.25,359970,4862,65
2026-09-28,IDO,2026-11-23,25950.0,CE,9.35,9.35,22780.25,1495,85,65
2026-09-28,IDO,2026-11-23,24950.0,CE,670.25,67.02,22780.25,0,0,65
2026-09-28,IDO,2026-11-23,23850.0,CE,136.3,136.3,22780.25,13780,172,65
2026-09-28,IDO,2026-11-23,23000.0,CE,457.3,457.3,22780.25,477815,9339,65
2026-09-28,IDO,2026-11-23,22650.0,CE,861.5,753.62,22780.25,260,0,65
2026-09-28,IDO,2026-11-03,25050.0,CE,11.35,11.35,22780.25,1820,52,65
2026-09-28,IDO,2026-11-03,24900.0,CE,10.0,10.0,22780.25,325,11,65
2026-09-28,IDO,2026-11-03,22900.0,CE,385.85,385.85,22780.25,1755,51,65
2026-09-28,IDO,2026-11-03,22850.0,CE,412.4,412.4,22780.25,975,36,65
2026-09-28,IDO,2026-11-03,22550.0,CE,1089.1,659.71,22780.25,0,0,65
2026-09-28,IDO,2026-11-03,21750.0,CE,1767.5,1249.36,22780.25,0,0,65
2026-09-28,IDO,2026-11-03,21650.0,CE,1859.6,1334.6,22780.25,0,0,65
2026-09-28,IDO,2026-11-03,21400.0,CE,2094.4,1555.85,22780.25,0,0,65
2026-09-28,IDO,2026-10-27,26350.0,CE,8.0,0.25,22780.25,520,0,65
2026-09-28,IDO,2026-10-27,26250.0,CE,2.45,0.35,22780.25,2015,0,65
2026-09-28,IDO,2026-10-27,25200.0,CE,5.5,5.5,22780.25,114660,1526,65
2026-09-28,IDO,2026-10-27,24550.0,CE,12.05,12.05,22780.25,155480,638,65
2026-09-28,IDO,2026-10-27,23150.0,CE,212.65,212.65,22780.25,55445,1589,65
2026-09-28,IDO,2026-10-27,22750.0,CE,427.05,427.05,22780.25,15275,780,65
2026-09-28,IDO,2026-10-27,22450.0,CE,631.3,658.65,22780.25,3835,39,65
2026-09-28,IDO,2026-10-27,22250.0,CE,768.5,796.76,22780.25,14105,2,65
2026-09-28,IDO,2026-10-27,22000.0,CE,995.75,995.75,22780.25,782925,8348,65
2026-09-28,IDO,2026-10-27,21500.0,CE,1449.5,1449.5,22780.25,385905,5251,65
2026-09-28,IDO,2026-10-27,20850.0,CE,3471.7,2034.99,22780.25,0,0,65
2026-09-28,IDO,2026-10-19,24950.0,CE,4.65,3.41,22780.25,1105,0,65
2026-09-28,IDO,2026-10-19,24350.0,CE,18.9,18.34,22780.25,2600,43,65
2026-09-28,IDO,2026-10-19,23100.0,CE,186.35,186.35,22780.25,20800,559,65
2026-09-28,IDO,2026-10-19,21700.0,CE,1575.5,1188.1,22780.25,0,0,65
2026-09-28,IDO,2026-10-19,21150.0,CE,2094.65,1708.81,22780.25,0,0,65
2026-09-28,IDO,2026-10-13,23500.0,CE,43.2,43.2,22780.25,618150,23144,65
2026-09-28,IDO,2026-10-13,23050.0,CE,156.55,156.55,22780.25,31850,1302,65
2026-09-28,IDO,2026-10-13,22450.0,CE,1379.8,522.93,22780.25,0,0,65
2026-09-28,IDO,2026-10-13,22150.0,CE,1647.3,751.28,22780.25,0,0,65
2026-09-28,IDO,2026-10-13,21900.0,CE,1879.7,966.72,22780.25,0,0,65
2026-09-28,IDO,2026-10-13,20900.0,CE,2853.0,1931.77,22780.25,0,0,65
2026-09-28,IDO,2026-10-13,20700.0,CE,3051.15,2130.87,22780.25,0,0,65
2026-09-28,IDO,2026-10-06,25700.0,CE,1.0,1.0,22780.25,34255,1133,65
2026-09-28,IDO,2026-10-06,23850.0,CE,7.05,7.05,22780.25,639405,30585,65
2026-09-28,IDO,2026-10-06,23200.0,CE,51.75,51.75,22780.25,2704065,167694,65
2026-09-28,IDO,2026-10-06,22050.0,CE,850.0,776.78,22780.25,65,1,65
2026-09-28,IDO,2026-10-06,21700.0,CE,2486.95,1111.69,22780.25,0,0,65
2026-09-28,IDO,2026-09-29,26850.0,CE,0.4,0.4,22780.25,9490,723,65
2026-09-28,IDO,2026-09-29,25300.0,CE,0.6,0.6,22780.25,287040,25120,65
2026-09-28,IDO,2026-09-29,25250.0,CE,0.6,0.6,22780.25,59345,8281,65
2026-09-28,IDO,2026-09-29,25050.0,CE,0.65,0.65,22780.25,78130,10569,65
2026-09-28,IDO,2026-09-29,24250.0,CE,1.15,1.15,22780.25,1430585,124430,65
2026-09-28,IDO,2026-09-29,23650.0,CE,3.0,3.0,22780.25,3402490,814337,65
2026-09-28,IDO,2026-09-29,23500.0,CE,4.0,4.0,22780.25,16657160,1848120,65
2026-09-28,IDO,2026-09-29,23450.0,CE,4.35,4.35,22780.25,3961230,1050907,65
2026-09-28,IDO,2026-09-29,23400.0,CE,4.85,4.85,22780.25,13385645,1796945,65
2026-09-28,IDO,2026-09-29,23200.0,CE,7.55,7.55,22780.25,13867945,2829983,65
2026-09-28,IDO,2026-09-29,22350.0,CE,468.35,468.35,22780.25,25805,1319,65
2026-09-28,IDO,2026-09-29,22300.0,CE,517.2,517.2,22780.25,12610,1668,65
2026-09-28,IDO,2026-09-29,18000.0,CE,5190.0,4783.17,22780.25,780,0,65
2026-09-28,IDO,2026-09-29,15000.0,CE,10499.3,7782.69,22780.25,0,0,65
2026-09-28,IDO,2028-06-27,22000.0,PE,470.1,647.8,22780.25,2145,0,65
2026-09-28,IDO,2028-12-26,30000.0,PE,3500.0,4297.88,22780.25,325,0,65
2026-09-28,IDO,2029-06-26,22500.0,PE,224.45,775.41,22780.25,0,0,65
2026-09-28,IDO,2029-06-26,26000.0,PE,1650.0,1912.6,22780.25,50,0,65
2026-09-28,IDO,2029-12-24,19500.0,PE,61.2,271.47,22780.25,0,0,65
2026-09-28,IDO,2030-12-31,27000.0,PE,779.5,1886.65,22780.25,0,0,65
2026-09-28,IDO,2030-12-31,33000.0,PE,2387.3,4500.18,22780.25,0,0,65
2026-09-28,IDO,2028-12-26,22500.0,PE,218.8,785.41,22780.25,0,0,65
2026-09-28,IDO,2028-12-26,21000.0,PE,400.0,456.69,22780.25,10920,4,65
2026-09-28,IDO,2028-06-27,25500.0,PE,1034.0,1940.13,22780.25,0,0,65
2026-09-28,IDO,2028-06-27,18000.0,PE,396.75,84.69,22780.25,0,0,65
2026-09-28,IDO,2026-10-06,25100.0,CE,1.7,1.7,22780.25,53885,4351,65
2026-09-28,IDO,2026-10-06,25150.0,CE,1.8,1.8,22780.25,7475,197,65
2026-09-28,IDO,2026-10-13,22500.0,CE,488.45,488.45,22780.25,23790,858,65
2026-09-28,IDO,2026-10-13,23300.0,CE,77.15,77.15,22780.25,367965,9886,65
2026-09-28,IDO,2026-10-13,23650.0,CE,27.75,27.75,22780.25,81055,2448,65
2026-09-28,IDO,2026-10-13,24450.0,CE,6.1,6.1,22780.25,6890,72,65
2026-09-28,IDO,2026-10-13,25050.0,CE,4.4,0.47,22780.25,1235,3,65
2026-09-28,IDO,2026-10-13,25150.0,CE,3.6,0.3,22780.25,3120,62,65
2026-09-28,IDO,2026-10-19,21000.0,CE,2240.4,1855.64,22780.25,0,0,65
2026-09-28,IDO,2026-10-19,21300.0,CE,1950.35,1563.44,22780.25,0,0,65
2026-09-28,IDO,2026-10-19,21600.0,CE,1667.5,1279.72,22780.25,0,0,65
2026-09-28,IDO,2026-10-19,21800.0,CE,1484.95,1098.44,22780.25,0,0,65
2026-09-28,IDO,2026-10-19,21950.0,CE,1352.2,968.27,22780.25,0,0,65
2026-09-28,IDO,2026-10-19,22600.0,CE,834.65,488.85,22780.25,0,0,65
2026-09-28,IDO,2026-10-19,24400.0,CE,10.45,10.45,22780.25,24245,388,65
2026-09-28,IDO,2026-10-19,24800.0,CE,7.05,5.33,22780.25,1560,2,65
2026-09-28,IDO,2026-10-19,25000.0,CE,5.55,5.55,22780.25,54860,1312,65
2026-09-28,IDO,2026-10-27,21150.0,CE,3188.75,1745.26,22780.25,0,0,65
2026-09-28,IDO,2026-10-27,21300.0,CE,1630.0,1603.28,22780.25,65,1,65
2026-09-28,IDO,2026-10-27,21650.0,CE,2729.45,1283.67,22780.25,0,0,65
2026-09-28,IDO,2026-10-27,21850.0,CE,2551.3,1111.13,22780.25,0,0,65
2026-09-28,IDO,2026-10-27,22350.0,CE,685.2,725.97,22780.25,130,2,65
2026-09-28,IDO,2026-10-27,22950.0,CE,308.6,308.6,22780.25,43550,2601,65
2026-09-28,IDO,2026-10-27,23900.0,CE,38.95,38.95,22780.25,561600,21903,65
2026-09-28,IDO,2026-10-27,24200.0,CE,20.9,20.9,22780.25,901875,19312,65
2026-09-28,IDO,2026-10-27,24500.0,CE,12.95,12.95,22780.25,2568735,33185,65
2026-09-28,IDO,2026-10-27,25450.0,CE,4.1,4.1,22780.25,3445,53,65
2026-09-28,IDO,2026-10-27,26000.0,CE,1.7,1.7,22780.25,1820585,17513,65
2026-09-28,IDO,2026-10-27,26600.0,CE,2.6,0.12,22780.25,2795,0,65
2026-09-28,IDO,2026-10-27,26750.0,CE,6.35,0.07,22780.25,975,0,65
2026-09-28,IDO,2026-11-03,20550.0,CE,2921.3,2363.27,22780.25,0,0,65
2026-09-28,IDO,2026-11-03,21250.0,CE,2237.75,1693.26,22780.25,0,0,65
2026-09-28,IDO,2026-11-03,22200.0,CE,1370.9,895.82,22780.25,0,0,65
2026-09-28,IDO,2026-11-03,23050.0,CE,309.95,394.96,22780.25,585,12,65
2026-09-28,IDO,2026-11-03,23500.0,CE,134.7,134.7,22780.25,18265,345,65
2026-09-28,IDO,2026-11-23,21500.0,CE,1582.9,1582.9,22780.25,4355,70,65
2026-09-28,IDO,2026-11-23,21600.0,CE,3092.25,1501.49,22780.25,0,0,65
2026-09-28,IDO,2026-11-23,22350.0,CE,1245.35,939.7,22780.25,195,0,65
2026-09-28,IDO,2026-11-23,22950.0,CE,483.0,483.0,22780.25,1300,26,65
2026-09-28,IDO,2026-11-23,23300.0,CE,310.95,310.95,22780.25,112905,2004,65
2026-09-28,IDO,2026-11-23,24000.0,CE,105.6,105.6,22780.25,948805,14833,65
2026-09-28,IDO,2026-11-23,24100.0,CE,87.95,87.95,22780.25,106860,2378,65
2026-09-28,IDO,2026-11-23,24750.0,CE,32.35,32.35,22780.25,17290,97,65
2026-09-28,IDO,2026-11-23,25850.0,CE,8.5,8.5,22780.25,520,16,65
2026-09-28,IDO,2026-12-29,21000.0,CE,2214.0,2214.0,22780.25,425835,1246,65
2026-09-28,IDO,2027-03-30,18000.0,CE,5643.55,5347.5,22780.25,0,0,65
2026-09-28,IDO,2027-06-29,21000.0,CE,3061.8,3030.29,22780.25,0,0,65
2026-09-28,IDO,2027-06-29,24000.0,CE,890.65,890.65,22780.25,17435,241,65
2026-09-28,IDO,2027-06-29,27000.0,CE,146.35,146.35,22780.25,39910,336,65
2026-09-28,IDO,2027-12-28,22500.0,CE,3011.0,2735.5,22780.25,65,0,65
2026-09-28,IDO,2027-12-28,25500.0,CE,2400.0,1279.24,22780.25,0,0,65
2026-09-28,IDO,2027-12-28,28500.0,CE,220.1,220.1,22780.25,70005,417,65
2026-09-28,IDO,2028-06-27,25500.0,CE,1900.0,1883.35,22780.25,195,0,65
2026-09-28,IDO,2028-06-27,31500.0,CE,1784.8,430.9,22780.25,0,0,65
2026-09-28,IDO,2028-12-26,15000.0,CE,11381.75,9775.94,22780.25,0,0,65
2026-09-28,IDO,2028-12-26,21000.0,CE,7512.5,5012.5,22780.25,0,0,65
2026-09-28,IDO,2029-06-26,15000.0,CE,13671.85,10185.39,22780.25,0,0,65
2026-09-28,IDO,2029-12-24,22500.0,CE,8486.15,5198.48,22780.25,0,0,65
2026-09-28,IDO,2030-06-25,16500.0,CE,13374.05,9823.62,22780.25,0,0,65
2026-09-28,IDO,2030-06-25,19500.0,CE,11140.25,7659.43,22780.25,0,0,65
2026-09-28,IDO,2031-06-24,28500.0,CE,5048.95,3914.42,22780.25,0,0,65
2026-09-28,IDO,2026-09-29,20650.0,PE,21.8,0.0,22780.25,0,0,65
2026-09-28,IDO,2026-09-29,21250.0,PE,0.8,0.8,22780.25,91260,28261,65
2026-09-28,IDO,2026-09-29,21700.0,PE,0.9,0.9,22780.25,1650870,310712,65
2026-09-28,IDO,2026-09-29,22200.0,PE,2.6,2.6,22780.25,4586790,735015,65
2026-09-28,IDO,2026-09-29,22250.0,PE,3.0,3.0,22780.25,1584765,420372,65
2026-09-28,IDO,2026-09-29,23150.0,PE,343.85,343.85,22780.25,1168375,273286,65
2026-09-28,IDO,2026-09-29,23700.0,PE,890.95,890.95,22780.25,413725,8231,65
2026-09-28,IDO,2026-09-29,23750.0,PE,939.75,939.75,22780.25,166335,761,65
2026-09-28,IDO,2026-09-29,23950.0,PE,1138.65,1138.65,22780.25,100750,548,65
2026-09-28,IDO,2026-09-29,24100.0,PE,1291.15,1291.15,22780.25,276835,2368,65
2026-09-28,IDO,2026-09-29,24250.0,PE,1442.4,1442.4,22780.25,137410,300,65
2026-09-28,IDO,2026-09-29,24400.0,PE,1586.95,1586.95,22780.25,977405,6601,65
2026-09-28,IDO,2026-09-29,24600.0,PE,1793.1,1793.1,22780.25,442975,2655,65
2026-09-28,IDO,2026-09-29,25750.0,PE,2989.95,2989.95,22780.25,260,1,65
2026-09-28,IDO,2026-09-29,26300.0,PE,3490.05,3490.05,22780.25,47645,324,65
2026-09-28,IDO,2026-09-29,27200.0,PE,3004.3,4415.33,22780.25,0,0,65
2026-09-28,IDO,2026-10-06,20650.0,PE,0.25,0.0,22780.25,0,0,65
2026-09-28,IDO,2026-10-06,20900.0,PE,5.1,5.1,22780.25,34060,2489,65
2026-09-28,IDO,2026-10-06,21850.0,PE,16.0,16.0,22780.25,74295,5345,65
2026-09-28,IDO,2026-10-06,22450.0,PE,60.0,60.0,22780.25,208585,26287,65
2026-09-28,IDO,2026-10-06,22950.0,PE,226.7,226.7,22780.25,263510,43121,65
2026-09-28,IDO,2026-10-06,23200.0,PE,398.45,398.45,22780.25,1133405,34286,65
2026-09-28,IDO,2026-10-06,23350.0,PE,527.05,527.05,22780.25,90285,1821,65
2026-09-28,IDO,2026-10-06,23850.0,PE,999.8,1044.98,22780.25,8775,48,65
2026-09-28,IDO,2026-10-06,24350.0,PE,1150.0,1538.59,22780.25,650,0,65
2026-09-28,IDO,2026-10-06,25100.0,PE,2240.0,2287.15,22780.25,4940,74,65
2026-09-28,IDO,2026-10-06,25150.0,PE,1102.0,2337.09,22780.25,0,0,65
2026-09-28,IDO,2026-10-06,25500.0,PE,2504.0,2504.0,22780.25,27820,167,65
2026-09-28,IDO,2026-10-13,21150.0,PE,3.35,2.08,22780.25,0,0,65
2026-09-28,IDO,2026-10-13,21200.0,PE,13.0,2.59,22780.25,325,5,65
2026-09-28,IDO,2026-10-13,21500.0,PE,19.4,19.4,22780.25,131625,6241,65
2026-09-28,IDO,2026-10-13,21800.0,PE,30.5,30.5,22780.25,121680,6055,65
2026-09-28,IDO,2026-10-13,21850.0,PE,33.45,33.45,22780.25,10270,146,65
2026-09-28,IDO,2026-10-13,22200.0,PE,63.9,63.9,22780.25,137410,7343,65
2026-09-28,IDO,2026-10-13,24750.0,PE,1115.1,1911.07,22780.25,0,0,65
2026-09-28,IDO,2026-10-13,24950.0,PE,1278.75,2109.73,22780.25,0,0,65
2026-09-28,IDO,2026-10-13,25300.0,PE,1583.0,2458.33,22780.25,0,0,65
2026-09-28,IDO,2026-10-19,20500.0,PE,1.6,0.53,22780.25,0,0,65
2026-09-28,IDO,2026-10-19,20550.0,PE,1.9,0.66,22780.25,0,0,65
2026-09-28,IDO,2026-10-19,20750.0,PE,3.5,1.5,22780.25,0,0,65
2026-09-28,IDO,2026-10-19,21150.0,PE,20.95,6.52,22780.25,1560,31,65
2026-09-28,IDO,2026-10-19,21500.0,PE,30.95,30.95,22780.25,20800,702,65
2026-09-28,IDO,2026-10-19,21600.0,PE,34.75,34.75,22780.25,4225,164,65
2026-09-28,IDO,2026-10-19,22150.0,PE,90.65,98.83,22780.25,1560,8,65
2026-09-28,IDO,2026-10-19,23150.0,PE,436.35,513.73,22780.25,3315,52,65
2026-09-28,IDO,2026-10-19,23350.0,PE,569.25,648.95,22780.25,2405,6,65
2026-09-28,IDO,2026-10-19,23950.0,PE,887.9,1136.05,22780.25,0,0,65
2026-09-28,IDO,2026-10-27,21150.0,PE,20.8,15.6,22780.25,2665,0,65
2026-09-28,IDO,2026-10-27,22250.0,PE,125.05,125.05,22780.25,222495,11496,65
2026-09-28,IDO,2026-10-27,22650.0,PE,222.6,222.6,22780.25,53040,1612,65
2026-09-28,IDO,2026-10-27,22800.0,PE,277.15,277.15,22780.25,1540565,41654,65
2026-09-28,IDO,2026-10-27,22850.0,PE,295.9,295.9,22780.25,82225,3989,65
2026-09-28,IDO,2026-10-27,25750.0,PE,1659.3,2850.18,22780.25,325,0,65
2026-09-28,IDO,2026-10-27,25900.0,PE,2950.0,2950.0,22780.25,1430,1,65
2026-09-28,IDO,2026-10-27,26150.0,PE,2950.0,3247.3,22780.25,195,0,65
2026-09-28,IDO,2026-11-03,21050.0,PE,8.75,19.84,22780.25,0,0,65
2026-09-28,IDO,2026-11-03,21250.0,PE,14.0,31.17,22780.25,0,0,65
2026-09-28,IDO,2026-11-03,22550.0,PE,219.3,289.55,22780.25,715,10,65
2026-09-28,IDO,2026-11-03,23850.0,PE,700.25,1063.23,22780.25,0,0,65
2026-09-28,IDO,2026-11-03,24550.0,PE,1199.8,1663.54,22780.25,0,0,65
2026-09-28,IDO,2026-11-23,20850.0,PE,11.65,33.47,22780.25,0,0,65
2026-09-28,IDO,2026-11-23,21050.0,PE,61.95,47.65,22780.25,130,7,65
2026-09-28,IDO,2026-11-23,21650.0,PE,107.8,121.5,22780.25,1235,21,65
2026-09-28,IDO,2026-11-23,22300.0,PE,205.4,205.4,22780.25,53885,736,65
2026-09-28,IDO,2026-11-23,22750.0,PE,335.55,335.55,22780.25,11570,238,65
2026-09-28,IDO,2026-11-23,23850.0,PE,910.9,1091.59,22780.25,2340,8,65
2026-09-28,IDO,2026-11-23,24200.0,PE,1202.8,1202.8,22780.25,11830,72,65
2026-09-28,IDO,2026-11-23,24250.0,PE,1293.1,1397.48,22780.25,780,1,65
2026-09-28,IDO,2026-11-23,25150.0,PE,1030.25,2178.37,22780.25,0,0,65
2026-09-28,IDO,2026-11-23,25500.0,PE,2452.55,2452.55,22780.25,209625,355,65
2026-09-28,IDO,2026-12-29,13000.0,PE,6.0,0.0,22780.25,8915,22,65
2026-09-28,IDO,2026-12-29,26000.0,PE,2749.35,2749.35,22780.25,1572530,1941,65
2026-09-28,IDO,2027-03-30,19500.0,PE,75.5,75.5,22780.25,258310,961,65
2026-09-28,IDO,2028-12-26,27000.0,PE,2001.0,2001.0,22780.25,17390,18,65
2026-09-28,IDO,2028-12-26,28500.0,PE,1451.15,3364.55,22780.25,0,0,65
2026-09-28,IDO,2029-06-26,24000.0,PE,850.0,1186.92,22780.25,155,0,65
2026-09-28,IDO,2029-12-24,25500.0,PE,597.3,1608.83,22780.25,0,0,65
2026-09-28,IDO,2029-12-24,31500.0,PE,2240.25,4442.32,22780.25,0,0,65
2026-09-28,IDO,2030-06-25,21000.0,PE,220.0,467.66,22780.25,65,0,65
2026-09-28,IDO,2030-06-25,25500.0,PE,568.55,1510.14,22780.25,0,0,65
2026-09-28,IDO,2030-12-31,21000.0,PE,450.0,458.45,22780.25,845,0,65
2026-09-28,IDO,2031-06-24,15000.0,PE,47.5,38.64,22780.25,0,0,65
2026-09-28,IDO,2026-09-29,21200.0,CE,3038.1,1583.69,22780.25,0,0,65
2026-09-28,IDO,2026-09-29,19500.0,CE,3305.95,3305.95,22780.25,68315,798,65
2026-09-28,IDF,2026-11-23,,,23025.2,23025.2,22780.25,1652235,9708,65
2026-09-28,IDO,2026-09-29,21750.0,CE,1700.0,1033.78,22780.25,65,0,65
2026-09-28,IDO,2026-09-29,21800.0,CE,1100.6,983.79,22780.25,130,1,65
2026-09-28,IDO,2026-09-29,22100.0,CE,710.95,710.95,22780.25,2340,94,65
2026-09-28,IDO,2026-09-29,24400.0,CE,1.1,1.1,22780.25,2584725,187811,65
2026-09-28,IDO,2026-09-29,24700.0,CE,0.8,0.8,22780.25,1793935,169862,65
2026-09-28,IDO,2026-09-29,24800.0,CE,0.85,0.85,22780.25,1177800,167968,65
2026-09-28,IDO,2026-09-29,24900.0,CE,0.75,0.75,22780.25,453895,82346,65
2026-09-28,IDO,2026-09-29,26400.0,CE,0.35,0.35,22780.25,26780,1815,65
2026-09-28,IDO,2026-10-06,23500.0,CE,18.15,18.15,22780.25,3511625,184559,65
2026-09-28,IDO,2026-10-06,24150.0,CE,4.0,4.0,22780.25,91845,6687,65
2026-09-28,IDO,2026-10-06,24700.0,CE,2.05,2.05,22780.25,1201395,56223,65
2026-09-28,IDO,2026-10-13,24250.0,CE,7.55,7.55,22780.25,13975,334,65
2026-09-28,IDO,2026-10-13,24000.0,CE,12.4,12.4,22780.25,575770,15839,65
2026-09-28,IDO,2026-10-13,23850.0,CE,16.2,16.2,22780.25,86580,2569,65
2026-09-28,IDO,2026-10-13,23600.0,CE,32.05,32.05,22780.25,271960,12020,65
2026-09-28,IDO,2026-10-13,23200.0,CE,103.55,103.55,22780.25,362245,9912,65
2026-09-28,IDO,2026-10-13,22400.0,CE,584.25,558.22,22780.25,65,2,65
2026-09-28,IDO,2026-10-13,22300.0,CE,647.85,632.38,22780.25,195,3,65
2026-09-28,IDO,2026-10-13,20500.0,CE,3249.65,2330.22,22780.25,0,0,65
2026-09-28,IDO,2026-10-06,25800.0,CE,0.95,0.95,22780.25,203905,5208,65
2026-09-28,IDO,2026-10-06,25650.0,CE,1.2,1.2,22780.25,19890,351,65
2026-09-28,IDO,2026-10-06,24400.0,CE,2.4,2.4,22780.25,2368795,82118,65
2026-09-28,IDO,2026-10-06,23800.0,CE,7.85,7.85,22780.25,1540175,78264,65
2026-09-28,IDO,2026-10-06,23650.0,CE,11.25,11.25,22780.25,638040,34432,65
2026-09-28,IDO,2026-10-06,22700.0,CE,267.3,267.3,22780.25,344305,29602,65
2026-09-28,IDO,2026-10-06,21500.0,CE,1346.8,1346.8,22780.25,1755,27,65
2026-09-28,IDO,2026-10-06,21350.0,CE,2831.3,1458.37,22780.25,0,0,65
2026-09-28,IDO,2026-10-06,21000.0,CE,3177.85,1807.56,22780.25,0,0,65
2026-09-28,IDO,2026-10-06,20950.0,CE,3227.45,1857.48,22780.25,0,0,65
2026-09-28,IDO,2026-10-06,20800.0,CE,3376.3,2007.27,22780.25,0,0,65
2026-09-28,IDO,2026-10-06,20650.0,CE,3525.3,2157.07,22780.25,0,0,65
2026-09-28,IDO,2026-09-29,31500.0,CE,0.25,0.25,22780.25,44395,1863,65
2026-09-28,IDO,2026-09-29,28500.0,CE,0.4,0.4,22780.25,391105,4737,65
2026-09-28,IDO,2026-09-29,26650.0,CE,0.55,0.55,22780.25,20475,705,65
2026-09-28,IDO,2026-09-29,26500.0,CE,0.4,0.4,22780.25,531180,21349,65
2026-09-28,IDO,2026-09-29,25400.0,CE,0.6,0.6,22780.25,158275,11512,65
2026-09-28,IDO,2026-09-29,24950.0,CE,0.7,0.7,22780.25,147420,13810,65
2026-09-28,IDO,2026-09-29,23850.0,CE,2.2,2.2,22780.25,2045615,653546,65
2026-09-28,IDO,2026-09-29,22600.0,CE,231.6,231.6,22780.25,305110,146360,65
2026-09-28,IDO,2026-09-29,21400.0,CE,2015.2,1383.73,22780.25,65,0,65
2026-09-28,IDO,2026-09-29,20850.0,CE,3364.75,1933.64,22780.25,0,0,65
2026-09-28,IDO,2026-09-29,20550.0,CE,3649.7,2233.59,22780.25,0,0,65
2026-09-28,IDO,2026-11-23,21900.0,CE,2815.2,1261.9,22780.25,0,0,65
2026-09-28,IDO,2026-11-23,22150.0,CE,1411.85,1076.76,22780.25,195,0,65
2026-09-28,IDO,2026-11-23,23050.0,CE,433.35,433.35,22780.25,6240,99,65
2026-09-28,IDO,2026-11-23,25050.0,CE,24.0,58.5,22780.25,780,4,65
2026-09-28,IDO,2026-12-29,33000.0,CE,3.0,3.0,22780.25,105040,87,65
2026-09-28,IDO,2027-03-30,25500.0,CE,177.1,177.1,22780.25,748865,7126,65
2026-09-28,IDO,2027-06-29,22500.0,CE,5539.6,1989.0,22780.25,0,0,65
2026-09-28,IDO,2027-12-28,15000.0,CE,7931.05,8919.8,22780.25,0,0,65
2026-09-28,IDO,2027-12-28,19500.0,CE,8684.7,4917.0,22780.25,0,0,65
2026-09-28,IDO,2027-12-28,27000.0,CE,401.1,401.1,22780.25,178115,530,65
2026-09-28,IDO,2028-06-27,33000.0,CE,2004.15,283.85,22780.25,0,0,65
2026-09-28,IDO,2029-06-26,16500.0,CE,12587.95,8959.14,22780.25,0,0,65
2026-09-28,IDO,2030-06-25,27000.0,CE,6972.5,3489.88,22780.25,0,0,65
2026-09-28,IDO,2031-06-24,19500.0,CE,9840.6,8598.56,22780.25,0,0,65
2026-09-28,IDO,2031-06-24,25500.0,CE,6409.8,5204.0,22780.25,0,0,65
2026-09-28,IDO,2026-09-29,19500.0,PE,0.4,0.4,22780.25,632450,27392,65
2026-09-28,IDO,2026-09-29,20900.0,PE,0.65,0.65,22780.25,134355,22113,65
2026-09-28,IDO,2026-09-29,21200.0,PE,0.8,0.8,22780.25,394615,49249,65
2026-09-28,IDO,2026-09-29,21400.0,PE,0.7,0.7,22780.25,2171845,156330,65
2026-09-28,IDO,2026-09-29,21750.0,PE,1.1,1.1,22780.25,783965,152426,65
2026-09-28,IDO,2026-09-29,24200.0,PE,1390.95,1390.95,22780.25,805155,3667,65
2026-09-28,IDO,2026-09-29,24300.0,PE,1486.65,1486.65,22780.25,1607255,9584,65
2026-09-28,IDO,2026-09-29,24500.0,PE,1689.25,1689.25,22780.25,864175,13031,65
2026-09-28,IDO,2026-09-29,24650.0,PE,1846.45,1846.45,22780.25,32045,63,65
2026-09-28,IDO,2026-09-29,25200.0,PE,2390.1,2390.1,22780.25,49335,420,65
2026-09-28,IDO,2026-09-29,25400.0,PE,2595.45,2595.45,22780.25,17550,89,65
2026-09-28,IDO,2026-09-29,25450.0,PE,2000.0,2665.62,22780.25,585,0,65
2026-09-28,IDO,2026-09-29,25950.0,PE,1299.0,3165.53,22780.25,65,0,65
2026-09-28,IDO,2026-10-06,22200.0,PE,32.8,32.8,22780.25,1822925,81936,65
2026-09-28,IDO,2026-10-06,22550.0,PE,78.35,78.35,22780.25,301405,33113,65
2026-09-28,IDO,2026-10-06,23400.0,PE,570.35,570.35,22780.25,683735,12080,65
2026-09-28,IDO,2026-10-06,23550.0,PE,712.35,712.35,22780.25,26780,366,65
2026-09-28,IDO,2026-10-06,23800.0,PE,954.5,954.5,22780.25,105300,1961,65
2026-09-28,IDO,2026-10-06,24050.0,PE,1208.0,1240.88,22780.25,3770,14,65
2026-09-28,IDO,2026-10-06,24100.0,PE,1246.3,1246.3,22780.25,48945,589,65
2026-09-28,IDO,2026-10-06,24200.0,PE,1341.2,1341.2,22780.25,44785,566,65
2026-09-28,IDO,2026-10-06,24750.0,PE,1438.5,1937.64,22780.25,195,0,65
2026-09-28,IDO,2026-10-06,25200.0,PE,2310.0,2387.02,22780.25,130,1,65
2026-09-28,IDO,2026-10-06,25300.0,PE,1222.15,2486.89,22780.25,0,0,65
2026-09-28,IDO,2026-10-06,25550.0,PE,1432.35,2736.56,22780.25,0,0,65
2026-09-28,IDO,2026-10-13,21250.0,PE,4.45,3.2,22780.25,0,0,65
2026-09-28,IDO,2026-10-13,22250.0,PE,70.45,70.45,22780.25,14170,535,65
2026-09-28,IDO,2026-10-13,23050.0,PE,329.5,329.5,22780.25,23595,676,65
2026-09-28,IDO,2026-10-13,23200.0,PE,422.55,422.55,22780.25,227110,3034,65
2026-09-28,IDO,2026-10-13,24800.0,PE,1155.2,1960.68,22780.25,0,0,65
2026-09-28,IDO,2026-10-19,21350.0,PE,21.05,12.45,22780.25,1040,5,65
2026-09-28,IDO,2026-10-19,22850.0,PE,258.45,258.45,22780.25,5330,328,65
2026-09-28,IDO,2026-10-19,23550.0,PE,717.35,717.35,22780.25,3510,2,65
2026-09-28,IDO,2026-10-19,23850.0,PE,815.85,1048.15,22780.25,0,0,65
2026-09-28,IDO,2026-10-27,20500.0,PE,16.5,16.5,22780.25,65,1,65
2026-09-28,IDO,2026-10-27,20700.0,PE,21.65,21.65,22780.25,65,1,65
2026-09-28,IDO,2026-10-27,23400.0,PE,598.45,598.45,22780.25,1596205,9499,65
2026-09-28,IDO,2026-10-27,23600.0,PE,747.05,747.05,22780.25,676845,7460,65
2026-09-28,IDO,2026-10-27,23650.0,PE,784.05,784.05,22780.25,18265,457,65
2026-09-28,IDO,2026-10-27,24200.0,PE,1283.3,1283.3,22780.25,388375,1005,65
2026-09-28,IDO,2026-10-27,24650.0,PE,1694.4,1775.71,22780.25,2925,3,65
2026-09-28,IDO,2026-10-27,24700.0,PE,1760.0,1760.0,22780.25,210730,163,65
2026-09-28,IDO,2026-10-27,24950.0,PE,1970.0,2063.65,22780.25,3770,2,65
2026-09-28,IDO,2026-10-27,26550.0,PE,2330.1,3645.09,22780.25,0,0,65
2026-09-28,IDO,2026-10-27,26850.0,PE,2588.1,3943.59,22780.25,0,0,65
2026-09-28,IDO,2026-10-27,27150.0,PE,3860.6,4242.15,22780.25,325,0,65
2026-09-28,IDO,2026-10-27,27200.0,PE,4226.6,4226.6,22780.25,55510,328,65
2026-09-28,IDO,2026-11-03,21500.0,PE,52.2,52.2,22780.25,650,6,65
2026-09-28,IDO,2026-11-03,21600.0,PE,38.1,63.71,22780.25,910,14,65
2026-09-28,IDO,2026-11-03,22100.0,PE,67.35,151.81,22780.25,910,0,65
2026-09-28,IDO,2026-11-03,22200.0,PE,128.1,177.83,22780.25,2795,23,65
2026-09-28,IDO,2026-11-03,22650.0,PE,244.9,244.9,22780.25,975,14,65
2026-09-28,IDO,2026-11-03,22850.0,PE,319.7,319.7,22780.25,260,4,65
2026-09-28,IDO,2026-11-03,23300.0,PE,553.0,669.83,22780.25,2405,4,65
2026-09-28,IDO,2026-11-03,23400.0,PE,615.0,615.0,22780.25,650,113,65
2026-09-28,IDO,2026-11-03,23450.0,PE,620.0,768.4,22780.25,260,1,65
2026-09-28,IDO,2026-11-03,24100.0,PE,863.85,1267.36,22780.25,0,0,65
2026-09-28,IDO,2026-11-03,24150.0,PE,898.65,1309.72,22780.25,0,0,65
2026-09-28,IDO,2026-11-23,21150.0,PE,18.9,56.4,22780.25,0,0,65
2026-09-28,IDO,2026-11-23,21550.0,PE,34.3,105.22,22780.25,0,0,65
2026-09-28,IDO,2026-11-23,22000.0,PE,147.75,147.75,22780.25,824720,14068,65
2026-09-28,IDO,2026-11-23,23800.0,PE,904.95,904.95,22780.25,79365,475,65
2026-09-28,IDO,2026-11-23,24000.0,PE,1069.65,1069.65,22780.25,307905,2335,65
2026-09-28,IDO,2026-11-23,24500.0,PE,1497.2,1497.2,22780.25,234455,323,65
2026-09-28,IDO,2026-11-23,24600.0,PE,1620.0,1688.41,22780.25,3575,28,65
2026-09-28,IDO,2026-11-23,24900.0,PE,1365.0,1951.51,22780.25,1040,0,65
2026-09-28,IDO,2026-11-23,25300.0,PE,1600.0,2317.17,22780.25,65,0,65
2026-09-28,IDO,2026-12-29,23000.0,PE,477.1,477.1,22780.25,3164335,19777,65
2026-09-28,IDO,2026-12-29,30000.0,PE,6618.9,6618.9,22780.25,467065,726,65
2026-09-28,IDO,2027-03-30,24000.0,PE,993.3,993.3,22780.25,807300,2835,65
2026-09-28,IDO,2027-06-29,22500.0,PE,511.0,511.0,22780.25,8970,72,65
2026-09-28,IDO,2027-12-28,25000.0,PE,1320.8,1320.8,22780.25,236600,556,65
2026-09-28,IDO,2027-12-28,26000.0,PE,1822.9,1822.9,22780.25,88925,241,65
2026-09-28,IDO,2028-06-27,33000.0,PE,3707.8,7057.4,22780.25,0,0,65
2026-09-28,IDO,2028-12-26,23000.0,PE,777.65,922.0,22780.25,2975,5,65
2026-09-28,IDO,2028-12-26,26000.0,PE,1600.0,2046.46,22780.25,6940,4,65
2026-09-28,IDO,2029-06-26,25500.0,PE,624.25,1712.47,22780.25,0,0,65
2026-09-28,IDO,2029-06-26,27000.0,PE,1252.35,2349.19,22780.25,0,0,65
2026-09-28,IDO,2029-06-26,30000.0,PE,2031.05,3927.81,22780.25,0,0,65
2026-09-28,IDO,2029-12-24,24000.0,PE,755.0,1133.75,22780.25,520,0,65
2026-09-28,IDO,2029-12-24,33000.0,PE,2953.7,5347.68,22780.25,0,0,65
2026-09-28,IDO,2030-06-25,28500.0,PE,1167.6,2635.69,22780.25,0,0,65
2026-09-28,IDO,2030-12-31,24000.0,PE,1000.0,1021.38,22780.25,520,0,65
2026-09-28,IDO,2031-06-24,19500.0,PE,289.2,277.61,22780.25,0,0,65
2026-09-28,IDO,2026-10-19,22100.0,CE,1223.75,844.29,22780.25,0,0,65
2026-09-28,IDO,2026-11-23,21350.0,CE,3327.35,1713.74,22780.25,0,0,65
2026-09-28,IDO,2026-11-23,21150.0,CE,3517.65,1890.41,22780.25,0,0,65
2026-09-28,IDO,2026-11-03,25200.0,CE,7.55,13.44,22780.25,650,15,65
2026-09-28,IDO,2026-11-03,25000.0,CE,11.5,20.03,22780.25,2015,55,65
2026-09-28,IDO,2026-11-03,24950.0,CE,83.2,22.07,22780.25,0,0,65
2026-09-28,IDO,2026-11-03,24350.0,CE,190.35,64.91,22780.25,0,0,65
2026-09-28,IDO,2026-11-03,23750.0,CE,380.65,163.18,22780.25,0,0,65
2026-09-28,IDO,2026-11-03,23000.0,CE,329.15,329.15,22780.25,3120,120,65
2026-09-28,IDO,2026-11-03,22350.0,CE,1246.8,789.33,22780.25,0,0,65
2026-09-28,IDO,2026-11-03,22150.0,CE,1413.3,932.66,22780.25,0,0,65
2026-09-28,IDO,2026-11-03,22050.0,CE,1499.4,1007.29,22780.25,0,0,65
2026-09-28,IDO,2026-11-03,21500.0,CE,1999.75,1466.07,22780.25,0,0,65
2026-09-28,IDO,2026-11-03,20700.0,CE,2773.55,2216.97,22780.25,0,0,65
2026-09-28,IDO,2026-10-27,26900.0,CE,1.15,0.04,22780.25,27430,57,65
2026-09-28,IDO,2026-10-27,26400.0,CE,1.5,0.22,22780.25,4550,62,65
2026-09-28,IDO,2026-10-27,24700.0,CE,9.9,9.9,22780.25,275145,4359,65
2026-09-28,IDO,2026-10-27,24300.0,CE,17.8,17.8,22780.25,581425,12564,65
2026-09-28,IDO,2026-10-27,24150.0,CE,22.8,22.8,22780.25,54860,1652,65
2026-09-28,IDO,2026-10-27,23550.0,CE,89.0,89.0,22780.25,86775,2580,65
2026-09-28,IDO,2026-10-27,21100.0,CE,1850.0,1793.08,22780.25,65,1,65
2026-09-28,IDO,2026-10-19,23500.0,CE,67.4,67.4,22780.25,123240,5557,65
2026-09-28,IDO,2026-10-19,23450.0,CE,77.85,77.85,22780.25,9425,303,65
2026-09-28,IDO,2026-10-19,23050.0,CE,207.85,207.85,22780.25,7540,193,65
2026-09-28,IDO,2026-10-19,22750.0,CE,368.85,368.85,22780.25,650,14,65
2026-09-28,IDO,2026-10-19,22500.0,CE,543.5,543.5,22780.25,455,24,65
2026-09-28,IDO,2026-10-19,21450.0,CE,1807.8,1420.17,22780.25,0,0,65
2026-09-28,IDO,2026-10-13,24900.0,CE,3.65,3.65,22780.25,13065,101,65
2026-09-28,IDO,2026-10-13,24850.0,CE,4.35,1.06,22780.25,2405,7,65
2026-09-28,IDO,2026-10-13,24550.0,CE,5.2,5.2,22780.25,4615,143,65
2026-09-28,IDO,2026-10-13,24050.0,CE,10.8,10.8,22780.25,91130,1939,65
2026-09-28,IDO,2026-10-13,23100.0,CE,136.65,136.65,22780.25,241280,9893,65
2026-09-28,IDO,2026-10-13,22800.0,CE,286.4,286.4,22780.25,362440,11819,65
2026-09-28,IDO,2026-10-13,22750.0,CE,315.65,315.65,22780.25,26845,999,65
2026-09-28,IDO,2026-10-13,22200.0,CE,1601.7,710.67,22780.25,0,0,65
2026-09-28,IDO,2026-10-13,22100.0,CE,1693.15,792.8,22780.25,0,0,65
2026-09-28,IDO,2026-10-13,20800.0,CE,2952.0,2031.27,22780.25,0,0,65
2026-09-28,IDO,2026-10-13,20650.0,CE,3100.75,2180.69,22780.25,0,0,65
2026-09-28,IDO,2026-10-06,25500.0,CE,1.15,1.15,22780.25,719290,30959,65
2026-09-28,IDO,2026-10-06,25000.0,CE,1.9,1.9,22780.25,3050450,132102,65
2026-09-28,IDO,2026-10-06,24450.0,CE,2.55,2.55,22780.25,69745,3460,65
2026-09-28,IDO,2026-10-06,24350.0,CE,2.85,2.85,22780.25,93600,4401,65
2026-09-28,IDO,2026-10-06,24300.0,CE,3.0,3.0,22780.25,1836510,78207,65
2026-09-28,IDO,2026-10-06,24250.0,CE,3.3,3.3,22780.25,205725,5359,65
2026-09-28,IDO,2026-10-06,23150.0,CE,61.85,61.85,22780.25,870415,50635,65
2026-09-28,IDO,2026-10-06,22450.0,CE,456.85,456.85,22780.25,150540,5436,65
2026-09-28,IDO,2026-10-06,22150.0,CE,710.0,710.0,22780.25,130,1,65
2026-09-28,IDO,2026-10-06,21750.0,CE,2438.05,1062.75,22780.25,0,0,65
2026-09-28,IDO,2026-10-06,21650.0,CE,2535.9,1160.84,22780.25,0,0,65
2026-09-28,IDO,2026-10-06,21450.0,CE,2732.6,1358.86,22780.25,0,0,65
2026-09-28,IDO,2026-10-06,21100.0,CE,3078.7,1707.72,22780.25,0,0,65
2026-09-28,IDO,2026-09-29,30000.0,CE,0.35,0.35,22780.25,265625,3206,65
2026-09-28,IDO,2026-09-29,26750.0,CE,0.35,0.35,22780.25,17290,2066,65
2026-09-28,IDO,2026-09-29,26450.0,CE,0.4,0.4,22780.25,18460,1083,65
2026-09-28,IDO,2026-09-29,26050.0,CE,0.45,0.45,22780.25,18005,821,65
2026-09-28,IDO,2026-09-29,25900.0,CE,0.35,0.35,22780.25,204035,12886,65
2026-09-28,IDO,2026-09-29,25700.0,CE,0.5,0.5,22780.25,207740,10630,65
2026-09-28,IDO,2026-09-29,25550.0,CE,0.6,0.6,22780.25,136955,9180,65
2026-09-28,IDO,2026-09-29,25450.0,CE,0.6,0.6,22780.25,38545,1797,65
2026-09-28,IDO,2026-09-29,25000.0,CE,0.55,0.55,22780.25,5175950,300477,65
2026-09-28,IDO,2026-09-29,24750.0,CE,0.9,0.9,22780.25,176800,26015,65
2026-09-28,IDO,2026-09-29,24650.0,CE,0.85,0.85,22780.25,478205,50314,65
2026-09-28,IDO,2026-09-29,24600.0,CE,0.9,0.9,22780.25,2202005,212714,65
2026-09-28,IDO,2026-09-29,24350.0,CE,1.15,1.15,22780.25,1265485,108137,65
2026-09-28,IDO,2026-09-29,23150.0,CE,9.0,9.0,22780.25,5952440,1955696,65
2026-09-28,IDO,2026-09-29,22700.0,CE,149.5,149.5,22780.25,1238835,624019,65
2026-09-28,IDO,2026-09-29,22550.0,CE,276.6,276.6,22780.25,68835,19710,65
2026-09-28,IDO,2026-09-29,22450.0,CE,369.35,369.35,22780.25,38610,4778,65
2026-09-28,IDO,2026-09-29,22000.0,CE,814.3,814.3,22780.25,243425,8697,65
2026-09-28,IDO,2026-09-29,21850.0,CE,1250.0,933.8,22780.25,65,0,65
2026-09-28,IDO,2026-10-27,25500.0,CE,3.35,3.35,22780.25,1113645,10085,65
2026-09-28,IDO,2026-10-27,25600.0,CE,3.1,3.1,22780.25,34970,603,65
2026-09-28,IDO,2026-10-27,25800.0,CE,2.65,2.65,22780.25,87100,369,65
2026-09-28,IDO,2026-10-27,26100.0,CE,2.3,0.54,22780.25,19435,28,65
2026-09-28,IDO,2026-10-27,26700.0,CE,2.85,0.08,22780.25,520,0,65
2026-09-28,IDO,2026-11-03,20600.0,CE,2872.0,2314.4,22780.25,0,0,65
2026-09-28,IDO,2026-11-03,22300.0,CE,1287.65,823.74,22780.25,0,0,65
2026-09-28,IDO,2026-11-03,22450.0,CE,1166.8,722.88,22780.25,0,0,65
2026-09-28,IDO,2026-11-03,24100.0,CE,257.0,97.13,22780.25,0,0,65
2026-09-28,IDO,2026-11-03,24400.0,CE,177.75,59.69,22780.25,0,0,65
2026-09-28,IDO,2026-11-23,20550.0,CE,4096.8,2447.13,22780.25,0,0,65
2026-09-28,IDO,2026-11-23,21000.0,CE,2031.0,2031.0,22780.25,2340,50,65
2026-09-28,IDO,2026-11-23,21450.0,CE,3232.9,1627.6,22780.25,0,0,65
2026-09-28,IDO,2026-11-23,21750.0,CE,2952.95,1379.45,22780.25,0,0,65
2026-09-28,IDO,2026-11-23,22450.0,CE,796.9,796.9,22780.25,260,4,65
2026-09-28,IDO,2026-11-23,23700.0,CE,171.05,171.05,22780.25,121355,3674,65
2026-09-28,IDO,2026-11-23,23900.0,CE,122.8,122.8,22780.25,63765,1580,65
2026-09-28,IDO,2026-11-23,24450.0,CE,49.75,49.75,22780.25,13715,295,65
2026-09-28,IDO,2026-11-23,24650.0,CE,36.45,36.45,22780.25,4030,158,65
2026-09-28,IDO,2026-11-23,24900.0,CE,691.9,71.66,22780.25,0,0,65
2026-09-28,IDO,2026-11-23,25500.0,CE,12.8,12.8,22780.25,355290,7644,65
2026-09-28,IDO,2026-12-29,25000.0,CE,70.5,70.5,22780.25,3633250,24969,65
2026-09-28,IDO,2026-12-29,26000.0,CE,29.45,29.45,22780.25,4169605,19255,65
2026-09-28,IDO,2027-06-29,30000.0,CE,67.0,72.43,22780.25,3055,33,65
2026-09-28,IDO,2027-12-28,24000.0,CE,1586.6,1586.6,22780.25,166660,417,65
2026-09-28,IDO,2028-06-27,15000.0,CE,8633.05,9353.87,22780.25,0,0,65
2026-09-28,IDO,2028-12-26,18000.0,CE,9380.3,7268.59,22780.25,0,0,65
2026-09-28,IDO,2028-12-26,24000.0,CE,3120.05,3190.38,22780.25,2730,0,65
2026-09-28,IDO,2028-12-26,25500.0,CE,2130.55,2473.47,22780.25,390,0,65
2026-09-28,IDO,2028-12-26,28000.0,CE,1227.0,1227.0,22780.25,10800,43,65
2026-09-28,IDO,2028-12-26,28500.0,CE,3608.65,1411.63,22780.25,0,0,65
2026-09-28,IDO,2028-12-26,30000.0,CE,707.35,707.35,22780.25,21315,28,65
2026-09-28,IDO,2030-06-25,24000.0,CE,8591.55,4906.64,22780.25,0,0,65
2026-09-28,IDO,2030-06-25,33000.0,CE,4416.45,1626.8,22780.25,0,0,65
2026-09-28,IDO,2030-12-31,22500.0,CE,9536.95,6287.45,22780.25,0,0,65
2026-09-28,IDO,2030-12-31,27000.0,CE,6772.8,4031.39,22780.25,0,0,65
2026-09-28,IDO,2026-09-29,21050.0,PE,0.7,0.7,22780.25,75400,10199,65
2026-09-28,IDO,2026-09-29,21150.0,PE,0.75,0.75,22780.25,48620,32524,65
2026-09-28,IDO,2026-09-29,21500.0,PE,0.85,0.85,22780.25,4081805,546018,65
2026-09-28,IDO,2026-09-29,23500.0,PE,691.85,691.85,22780.25,3152175,51671,65
2026-09-28,IDO,2026-09-29,23550.0,PE,738.9,738.9,22780.25,242775,2575,65
2026-09-28,IDO,2026-09-29,24000.0,PE,1187.2,1187.2,22780.25,1897845,30674,65
2026-09-28,IDO,2026-09-29,24550.0,PE,1742.45,1742.45,22780.25,38285,250,65
2026-09-28,IDO,2026-09-29,26150.0,PE,3380.0,3365.5,22780.25,65,1,65
2026-09-28,IDO,2026-09-29,26350.0,PE,2262.9,3565.47,22780.25,0,0,65
2026-09-28,IDO,2026-09-29,26400.0,PE,3242.4,3615.46,22780.25,2665,0,65
2026-09-28,IDO,2026-09-29,26550.0,PE,2431.75,3765.44,22780.25,0,0,65
2026-09-28,IDO,2026-10-06,20550.0,PE,0.15,0.0,22780.25,0,0,65
2026-09-28,IDO,2026-10-06,22050.0,PE,23.75,23.75,22780.25,265265,19162,65
2026-09-28,IDO,2026-10-06,22350.0,PE,46.1,46.1,22780.25,307775,22495,65
2026-09-28,IDO,2026-10-06,23700.0,PE,853.75,853.75,22780.25,121160,1976,65
2026-09-28,IDO,2026-10-06,23950.0,PE,1106.0,1142.52,22780.25,37960,27,65
2026-09-28,IDO,2026-10-06,24450.0,PE,1568.0,1638.25,22780.25,780,2,65
2026-09-28,IDO,2026-10-06,24850.0,PE,1645.0,2037.49,22780.25,260,0,65
2026-09-28,IDO,2026-10-13,20850.0,PE,9.75,9.75,22780.25,5720,170,65
2026-09-28,IDO,2026-10-19,21650.0,PE,34.5,29.7,22780.25,0,0,65
2026-09-28,IDO,2026-10-19,21750.0,PE,43.95,38.68,22780.25,130,0,65
2026-09-28,IDO,2026-10-19,21900.0,PE,54.2,54.2,22780.25,1625,57,65
2026-09-28,IDO,2026-10-19,22600.0,PE,172.55,172.55,22780.25,10530,317,65
2026-09-28,IDO,2026-10-19,22800.0,PE,239.95,239.95,22780.25,49335,1241,65
2026-09-28,IDO,2026-10-19,24500.0,PE,1329.5,1648.68,22780.25,0,0,65
2026-09-28,IDO,2026-10-19,24900.0,PE,1686.55,2038.9,22780.25,0,0,65
2026-09-28,IDO,2026-10-19,25050.0,PE,1825.8,2186.93,22780.25,0,0,65
2026-09-28,IDO,2026-10-27,22300.0,PE,134.6,134.6,22780.25,734045,19161,65
2026-09-28,IDO,2026-10-27,23500.0,PE,674.4,674.4,22780.25,6431685,45877,65
2026-09-28,IDO,2026-10-27,25350.0,PE,2383.35,2383.35,22780.25,1300,13,65
2026-09-28,IDO,2026-10-27,25950.0,PE,1842.3,3048.61,22780.25,0,0,65
2026-09-28,IDO,2026-11-03,21950.0,PE,71.3,119.08,22780.25,65,0,65
2026-09-28,IDO,2026-11-03,22900.0,PE,338.2,338.2,22780.25,2600,92,65
2026-09-28,IDO,2026-11-03,23100.0,PE,453.55,549.66,22780.25,1755,11,65
2026-09-28,IDO,2026-11-03,23600.0,PE,555.1,873.74,22780.25,0,0,65
2026-09-28,IDO,2026-11-03,24750.0,PE,1363.45,1848.37,22780.25,0,0,65
2026-09-28,IDO,2026-11-23,20500.0,PE,6.35,17.09,22780.25,0,0,65
2026-09-28,IDO,2026-11-23,20750.0,PE,9.85,27.82,22780.25,0,0,65
2026-09-28,IDO,2026-11-23,20950.0,PE,13.75,40.04,22780.25,0,0,65
2026-09-28,IDO,2026-11-23,22700.0,PE,317.45,317.45,22780.25,121030,1644,65
2026-09-28,IDO,2026-11-23,23450.0,PE,671.6,671.6,22780.25,5980,107,65
2026-09-28,IDO,2026-11-23,23650.0,PE,825.6,951.59,22780.25,9425,14,65
2026-09-28,IDO,2026-11-23,25700.0,PE,1890.0,2694.84,22780.25,65,0,65
2026-09-28,IDO,2026-12-29,19000.0,PE,33.85,33.85,22780.25,902425,5423,65
2026-09-28,IDO,2026-12-29,22000.0,PE,208.2,208.2,22780.25,3217455,22361,65
2026-09-28,IDO,2027-03-30,18000.0,PE,49.15,49.15,22780.25,67405,353,65
2026-09-28,IDO,2027-06-29,18000.0,PE,70.0,20.25,22780.25,230,1,65
2026-09-28,IDO,2027-06-29,27000.0,PE,2325.1,3313.37,22780.25,195,0,65
2026-09-28,IDO,2028-06-27,15000.0,PE,127.2,7.17,22780.25,0,0,65
2026-09-28,IDO,2028-06-27,27000.0,PE,2752.35,2746.15,22780.25,0,0,65
2026-09-28,IDO,2028-12-26,24000.0,PE,922.0,1238.06,22780.25,5135,0,65
2026-09-28,IDO,2028-12-26,31500.0,PE,2673.4,5317.41,22780.25,0,0,65
2026-09-28,IDO,2029-06-26,16500.0,PE,8.1,54.57,22780.25,0,0,65
2026-09-28,IDO,2029-06-26,18000.0,PE,118.45,127.84,22780.25,0,0,65
2026-09-28,IDO,2029-06-26,19500.0,PE,56.0,259.37,22780.25,0,0,65
2026-09-28,IDO,2029-12-24,25000.0,PE,1500.0,1439.14,22780.25,1200,6,65
2026-09-28,IDO,2030-12-31,15000.0,PE,4.95,35.13,22780.25,0,0,65
2026-09-28,IDO,2031-06-24,18000.0,PE,173.45,159.63,22780.25,0,0,65
2026-09-28,IDO,2026-10-27,25300.0,CE,4.8,4.8,22780.25,25870,244,65
2026-09-28,IDO,2026-10-27,25100.0,CE,6.1,6.1,22780.25,90285,1930,65
2026-09-28,IDO,2026-10-27,23950.0,CE,35.35,35.35,22780.25,86905,2611,65
2026-09-28,IDO,2026-10-27,22550.0,CE,560.65,560.65,22780.25,9880,166,65
2026-09-28,IDO,2026-10-27,21750.0,CE,2639.9,1196.31,22780.25,0,0,65
2026-09-28,IDO,2026-10-27,21050.0,CE,3282.55,1841.11,22780.25,0,0,65
2026-09-28,IDO,2026-10-19,24750.0,CE,6.2,6.17,22780.25,975,0,65
2026-09-28,IDO,2026-10-19,23350.0,CE,101.25,101.25,22780.25,12740,189,65
2026-09-28,IDO,2026-10-19,23200.0,CE,147.3,147.3,22780.25,61750,1157,65
2026-09-28,IDO,2026-10-19,22700.0,CE,406.3,406.3,22780.25,1625,49,65
2026-09-28,IDO,2026-10-19,22150.0,CE,1182.0,804.52,22780.25,0,0,65
2026-09-28,IDO,2026-10-19,21550.0,CE,1714.0,1326.17,22780.25,0,0,65
2026-09-28,IDO,2026-10-19,21500.0,CE,1760.75,1372.99,22780.25,0,0,65
2026-09-28,IDO,2031-06-24,16500.0,CE,11849.25,10628.87,22780.25,0,0,65
2026-09-28,IDO,2030-12-31,24000.0,CE,8563.3,5458.96,22780.25,0,0,65
2026-09-28,IDO,2030-06-25,25500.0,CE,7070.45,4153.99,22780.25,0,0,65
2026-09-28,IDO,2029-12-24,19500.0,CE,10678.8,7158.36,22780.25,0,0,65
2026-09-28,IDO,2029-06-26,19500.0,CE,10206.95,6641.08,22780.25,0,0,65
2026-09-28,IDO,2028-06-27,16500.0,CE,11752.8,8031.52,22780.25,0,0,65
2026-09-28,IDO,2027-12-28,31500.0,CE,98.0,176.41,22780.25,2145,0,65
2026-09-28,IDO,2027-12-28,30000.0,CE,124.5,124.5,22780.25,233220,755,65
2026-09-28,IDO,2027-12-28,26000.0,CE,647.15,647.15,22780.25,140245,990,65
2026-09-28,IDO,2027-12-28,25000.0,CE,1022.95,1022.95,22780.25,161405,933,65
2026-09-28,IDO,2027-06-29,28500.0,CE,1711.9,163.12,22780.25,0,0,65
2026-09-28,IDO,2026-12-29,28000.0,CE,7.6,7.6,22780.25,1733555,2988,65
2026-09-28,IDO,2026-11-23,25250.0,CE,550.35,44.22,22780.25,0,0,65
2026-09-28,IDO,2026-11-23,25200.0,CE,19.6,19.6,22780.25,6240,153,65
2026-09-28,IDO,2026-11-23,24850.0,CE,118.8,76.58,22780.25,390,0,65
2026-09-28,IDO,2026-11-23,23200.0,CE,355.4,355.4,22780.25,200785,2176,65
2026-09-28,IDO,2026-11-23,22800.0,CE,572.5,572.5,22780.25,43680,1442,65
2026-09-28,IDO,2026-11-23,22500.0,CE,769.2,769.2,22780.25,55250,1359,65
2026-09-28,IDO,2026-11-23,22250.0,CE,1327.75,1006.98,22780.25,195,0,65
2026-09-28,IDO,2026-11-23,22200.0,CE,993.0,993.0,22780.25,585,21,65
2026-09-28,IDO,2026-11-23,20650.0,CE,3999.6,2352.19,22780.25,0,0,65
2026-09-28,IDO,2026-11-23,20500.0,CE,4145.45,2494.84,22780.25,0,0,65
2026-09-28,IDO,2026-11-03,23550.0,CE,137.25,214.26,22780.25,3120,21,65
2026-09-28,IDO,2026-11-03,23300.0,CE,199.3,199.3,22780.25,5395,116,65
2026-09-28,IDO,2026-11-03,23100.0,CE,280.1,280.1,22780.25,2210,62,65
2026-09-28,IDO,2026-11-03,22400.0,CE,1206.5,755.7,22780.25,0,0,65
2026-09-28,IDO,2026-11-03,22250.0,CE,1329.0,858.93,22780.25,0,0,65
2026-09-28,IDO,2026-11-03,21350.0,CE,2142.0,1601.31,22780.25,0,0,65
2026-09-28,IDO,2026-11-03,21300.0,CE,2189.8,1647.12,22780.25,0,0,65
2026-09-28,IDO,2026-10-27,27100.0,CE,1.5,0.02,22780.25,8385,10,65
2026-09-28,IDO,2026-10-27,27000.0,CE,0.65,0.65,22780.25,918450,5127,65
2026-09-28,IDO,2026-10-27,26850.0,CE,6.1,0.05,22780.25,845,0,65
2026-09-28,IDO,2026-10-27,26050.0,CE,1.8,1.8,22780.25,6630,7,65
2026-09-28,IDO,2026-10-27,25400.0,CE,4.5,4.5,22780.25,85930,1333,65
2026-09-28,IDO,2026-10-27,25000.0,CE,6.8,6.8,22780.25,2540915,27306,65
2026-09-28,IDO,2026-10-27,24950.0,CE,6.95,6.95,22780.25,64740,116,65
2026-09-28,IDO,2026-10-27,24800.0,CE,8.1,8.1,22780.25,433940,10451,65
2026-09-28,IDO,2026-10-27,23700.0,CE,61.15,61.15,22780.25,1006525,27661,65
2026-09-28,IDO,2026-10-27,23400.0,CE,124.5,124.5,22780.25,1845545,21996,65
2026-09-28,IDO,2026-10-27,23350.0,CE,139.45,139.45,22780.25,72150,2258,65
2026-09-28,IDO,2026-10-27,23100.0,CE,233.4,233.4,22780.25,977145,19561,65
2026-09-28,IDO,2026-10-27,22100.0,CE,904.5,904.5,22780.25,2080,36,65
2026-09-28,IDO,2026-10-27,21350.0,CE,3002.9,1556.52,22780.25,0,0,65
2026-09-28,IDO,2026-10-27,20600.0,CE,3710.55,2280.19,22780.25,0,0,65
2026-09-28,IDO,2026-10-19,24900.0,CE,5.3,3.96,22780.25,2210,27,65
2026-09-28,IDO,2026-10-19,24650.0,CE,7.0,8.2,22780.25,845,21,65
2026-09-28,IDO,2026-10-19,24250.0,CE,121.35,23.6,22780.25,0,0,65
2026-09-28,IDO,2026-10-19,22850.0,CE,308.5,308.5,22780.25,11505,279,65
2026-09-28,IDO,2026-10-19,20900.0,CE,2338.15,1954.11,22780.25,0,0,65
2026-09-28,IDO,2026-10-13,25250.0,CE,2.5,0.2,22780.25,585,0,65
2026-09-28,IDO,2026-10-13,24200.0,CE,8.0,8.0,22780.25,281580,4361,65
2026-09-28,IDO,2026-10-13,23550.0,CE,36.3,36.3,22780.25,57915,1920,65
2026-09-28,IDO,2026-10-13,23250.0,CE,89.95,89.95,22780.25,106405,3831,65
2026-09-28,IDO,2026-10-13,22000.0,CE,913.2,913.2,22780.25,3575,113,65
2026-09-28,IDO,2026-10-13,21400.0,CE,2360.9,1438.22,22780.25,0,0,65
2026-09-28,IDO,2026-10-13,21300.0,CE,2458.75,1536.03,22780.25,0,0,65
2026-09-28,IDO,2026-10-13,20950.0,CE,2803.55,1882.07,22780.25,0,0,65
2026-09-28,IDO,2026-10-06,23700.0,CE,10.3,10.3,22780.25,1409655,90364,65
2026-09-28,IDO,2026-10-06,23450.0,CE,21.45,21.45,22780.25,563485,37690,65
2026-09-28,IDO,2026-10-06,23000.0,CE,106.9,106.9,22780.25,3451695,256979,65
2026-09-28,IDO,2026-10-06,22950.0,CE,127.7,127.7,22780.25,474500,49112,65
2026-09-28,IDO,2026-10-06,21900.0,CE,959.0,959.0,22780.25,520,8,65
2026-09-28,IDO,2026-10-06,21200.0,CE,2979.65,1607.92,22780.25,0,0,65
2026-09-28,IDO,2026-10-06,20900.0,CE,3277.05,1907.41,22780.25,0,0,65
2026-09-28,IDO,2026-10-06,20600.0,CE,3574.95,2207.01,22780.25,0,0,65
2026-09-28,IDO,2026-09-29,25800.0,CE,0.4,0.4,22780.25,175370,16525,65
2026-09-28,IDO,2026-09-29,24500.0,CE,0.9,0.9,22780.25,6439355,625009,65
2026-09-28,IDO,2026-09-29,24150.0,CE,1.45,1.45,22780.25,925860,130991,65
2026-09-28,IDO,2026-09-29,23750.0,CE,2.65,2.65,22780.25,2775630,777855,65
2026-09-28,IDO,2026-09-29,22750.0,CE,114.55,114.55,22780.25,2082535,902258,65
2026-09-28,IDO,2026-09-29,21700.0,CE,1820.0,1083.78,22780.25,0,0,65
2026-09-28,IDO,2026-09-29,21050.0,CE,3177.2,1733.67,22780.25,0,0,65
2026-09-28,IDO,2026-09-29,20750.0,CE,3459.3,2033.62,22780.25,0,0,65
2026-09-28,IDO,2026-09-29,20650.0,CE,3554.3,2133.6,22780.25,0,0,65
2026-09-28,IDO,2026-09-29,22100.0,PE,2.1,2.1,22780.25,2478320,559631,65
2026-09-28,IDO,2026-09-29,22350.0,PE,4.3,4.3,22780.25,1989130,1067555,65
2026-09-28,IDO,2026-09-29,22750.0,PE,51.8,51.8,22780.25,6529380,5512817,65
2026-09-28,IDO,2026-09-29,23200.0,PE,392.5,392.5,22780.25,2534220,340731,65
2026-09-28,IDO,2026-09-29,23450.0,PE,639.4,639.4,22780.25,673985,8625,65
2026-09-28,IDO,2026-09-29,24050.0,PE,1239.65,1239.65,22780.25,70460,626,65
2026-09-28,IDO,2026-09-29,24150.0,PE,1344.2,1344.2,22780.25,99645,271,65
2026-09-28,IDO,2026-09-29,24900.0,PE,2086.45,2086.45,22780.25,52975,164,65
2026-09-28,IDO,2026-09-29,25250.0,PE,2375.0,2465.65,22780.25,975,23,65
2026-09-28,IDO,2026-09-29,25900.0,PE,3090.0,3115.54,22780.25,650,29,65
2026-09-28,IDO,2026-09-29,26450.0,PE,2346.8,3665.45,22780.25,0,0,65
2026-09-28,IDO,2026-10-06,20700.0,PE,0.3,0.0,22780.25,0,0,65
2026-09-28,IDO,2026-10-06,21250.0,PE,6.8,6.8,22780.25,19955,1512,65
2026-09-28,IDO,2026-10-06,22300.0,PE,40.65,40.65,22780.25,1301365,69346,65
2026-09-28,IDO,2026-10-06,23300.0,PE,483.95,483.95,22780.25,1452230,27616,65
2026-09-28,IDO,2026-10-06,25350.0,PE,1263.25,2536.82,22780.25,0,0,65
2026-09-28,IDO,2026-10-13,21100.0,PE,2.9,1.66,22780.25,0,0,65
2026-09-28,IDO,2026-10-13,22050.0,PE,48.6,48.6,22780.25,12740,395,65
2026-09-28,IDO,2026-10-13,22950.0,PE,274.1,274.1,22780.25,20735,1712,65
2026-09-28,IDO,2026-10-13,23800.0,PE,926.3,926.3,22780.25,9425,137,65
2026-09-28,IDO,2026-10-13,23850.0,PE,587.85,1042.77,22780.25,2210,0,65
2026-09-28,IDO,2026-10-13,23950.0,PE,563.2,1134.84,22780.25,0,0,65
2026-09-28,IDO,2026-10-13,24450.0,PE,886.75,1614.96,22780.25,0,0,65
2026-09-28,IDO,2026-10-13,24650.0,PE,1036.55,1812.04,22780.25,0,0,65
2026-09-28,IDO,2026-10-13,25250.0,PE,1538.35,2408.49,22780.25,0,0,65
2026-09-28,IDO,2026-10-19,20800.0,PE,13.5,1.83,22780.25,845,17,65
2026-09-28,IDO,2026-10-19,20900.0,PE,5.35,2.68,22780.25,0,0,65
2026-09-28,IDO,2026-10-19,21100.0,PE,9.25,5.5,22780.25,0,0,65
2026-09-28,IDO,2026-10-19,23300.0,PE,503.9,503.9,22780.25,10725,416,65
2026-09-28,IDO,2026-10-19,24400.0,PE,1450.0,1552.77,22780.25,650,10,65
2026-09-28,IDO,2026-10-19,24650.0,PE,1460.6,1793.99,22780.25,0,0,65
2026-09-28,IDO,2026-10-19,24800.0,PE,1850.0,1940.61,22780.25,1170,18,65
2026-09-28,IDO,2026-10-19,24850.0,PE,1640.7,1989.71,22780.25,0,0,65
2026-09-28,IDO,2026-10-27,22150.0,PE,108.45,108.45,22780.25,34320,944,65
2026-09-28,IDO,2026-10-27,22600.0,PE,207.35,207.35,22780.25,393315,12845,65
2026-09-28,IDO,2026-10-27,22750.0,PE,250.25,250.25,22780.25,236145,4774,65
2026-09-28,IDO,2026-10-27,23000.0,PE,363.9,363.9,22780.25,6059560,140231,65
2026-09-28,IDO,2026-10-27,24600.0,PE,1665.15,1665.15,22780.25,186095,522,65
2026-09-28,IDO,2026-10-27,24900.0,PE,1951.05,1951.05,22780.25,141570,94,65
2026-09-28,IDO,2026-10-27,25100.0,PE,2151.7,2151.7,22780.25,34450,299,65
2026-09-28,IDO,2026-10-27,25150.0,PE,2150.0,2258.49,22780.25,260,1,65
2026-09-28,IDO,2026-09-29,26250.0,CE,0.5,0.5,22780.25,24505,988,65
2026-09-28,IDO,2026-10-27,25500.0,PE,2552.7,2552.7,22780.25,922805,2243,65
2026-09-28,IDO,2026-10-27,26950.0,PE,2675.85,4043.11,22780.25,0,0,65
2026-09-28,IDO,2026-11-03,21550.0,PE,27.0,57.85,22780.25,0,0,65
2026-09-28,IDO,2026-11-03,23900.0,PE,731.5,1102.96,22780.25,0,0,65
2026-09-28,IDO,2026-11-03,24350.0,PE,1045.45,1483.59,22780.25,0,0,65
2026-09-28,IDO,2026-11-03,24800.0,PE,1405.5,1895.21,22780.25,0,0,65
2026-09-28,IDO,2026-11-03,25050.0,PE,1622.0,2132.49,22780.25,0,0,65
2026-09-28,IDO,2026-11-23,20550.0,PE,6.95,18.89,22780.25,0,0,65
2026-09-28,IDO,2026-11-23,20900.0,PE,41.8,36.63,22780.25,1300,20,65
2026-09-28,IDO,2026-11-23,21300.0,PE,69.45,69.45,22780.25,4745,50,65
2026-09-28,IDO,2026-11-23,21600.0,PE,98.25,98.25,22780.25,10010,269,65
2026-09-28,IDO,2026-11-23,21800.0,PE,119.95,119.95,22780.25,31915,924,65
2026-09-28,IDO,2026-11-23,22400.0,PE,225.35,225.35,22780.25,68640,1032,65
2026-09-28,IDO,2026-11-23,22650.0,PE,299.9,299.9,22780.25,3380,119,65
2026-09-28,IDO,2026-11-23,23550.0,PE,728.95,728.95,22780.25,16575,18,65
2026-09-28,IDO,2026-11-23,24050.0,PE,1132.55,1240.66,22780.25,1040,13,65
2026-09-28,IDO,2026-11-23,24450.0,PE,1476.35,1561.37,22780.25,455,15,65
2026-09-28,IDO,2026-11-23,24650.0,PE,1463.55,1731.46,22780.25,260,1,65
2026-09-28,IDO,2026-12-29,15000.0,PE,10.6,10.6,22780.25,144285,753,65
2026-09-28,IDO,2026-12-29,16000.0,PE,11.6,11.6,22780.25,128500,302,65
2026-09-28,IDO,2026-12-29,24000.0,PE,1020.55,1020.55,22780.25,2303770,13413,65
2026-09-28,IDO,2026-12-29,33000.0,PE,5263.45,9699.05,22780.25,0,0,65
2026-09-28,IDO,2027-12-28,28500.0,PE,2979.7,4068.46,22780.25,260,0,65
2026-09-28,IDO,2027-12-28,31500.0,PE,3240.0,6508.31,22780.25,0,0,65
2026-09-28,IDO,2026-09-29,21650.0,PE,0.9,0.9,22780.25,640510,146719,65
2026-09-28,IDO,2027-12-28,33000.0,PE,4155.55,7817.55,22780.25,0,0,65
2026-09-28,IDO,2028-06-27,19500.0,PE,40.05,206.75,22780.25,0,0,65
2026-09-28,IDO,2028-06-27,30000.0,PE,3779.25,4729.55,22780.25,0,0,65
2026-09-28,IDO,2028-12-26,16500.0,PE,5.9,42.24,22780.25,0,0,65
2026-09-28,IDO,2029-06-26,15000.0,PE,30.9,19.4,22780.25,0,0,65
2026-09-28,IDO,2029-12-24,18000.0,PE,96.5,141.17,22780.25,0,0,65
2026-09-28,IDO,2029-12-24,23000.0,PE,725.05,871.67,22780.25,1625,1,65
2026-09-28,IDO,2029-12-24,26000.0,PE,1900.0,1789.46,22780.25,4380,2,65
2026-09-28,IDO,2030-06-25,24000.0,PE,698.15,1078.3,22780.25,0,0,65
2026-09-28,IDO,2030-12-31,25500.0,PE,538.25,1414.37,22780.25,0,0,65
2026-09-28,IDO,2031-06-24,31500.0,PE,3185.85,3470.54,22780.25,0,0,65
2026-09-28,IDO,2026-09-29,22050.0,PE,2.05,2.05,22780.25,986635,306915,65
2026-09-28,IDO,2026-09-29,16500.0,PE,0.45,0.45,22780.25,61880,4978,65
2026-09-28,IDO,2026-10-13,22250.0,CE,1556.55,671.02,22780.25,0,0,65
2026-09-28,IDO,2026-10-13,21150.0,CE,2606.15,1683.81,22780.25,0,0,65
2026-09-28,IDO,2026-10-13,20550.0,CE,3200.0,2280.37,22780.25,0,0,65
2026-09-28,IDO,2026-10-06,25400.0,CE,1.25,1.25,22780.25,74555,2857,65
2026-09-28,IDO,2026-10-06,23900.0,CE,6.55,6.55,22780.25,849030,50480,65
2026-09-28,IDO,2026-10-06,23300.0,CE,36.2,36.2,22780.25,3490630,152124,65
2026-09-28,IDO,2026-10-06,22650.0,CE,302.6,302.6,22780.25,40950,2690,65
2026-09-28,IDO,2026-10-06,22250.0,CE,638.2,638.2,22780.25,325,13,65
2026-09-28,IDO,2026-10-06,20850.0,CE,3326.65,1957.34,22780.25,0,0,65
2026-09-28,IDO,2026-09-29,27050.0,CE,0.3,0.3,22780.25,22555,997,65
2026-09-28,IDO,2026-09-29,26150.0,CE,0.35,0.35,22780.25,25220,2794,65
2026-09-28,IDO,2026-09-29,25100.0,CE,0.6,0.6,22780.25,464165,27281,65
2026-09-28,IDO,2026-09-29,23800.0,CE,2.35,2.35,22780.25,8542885,1494445,65
2026-09-28,IDO,2026-09-29,23550.0,CE,3.6,3.6,22780.25,5395845,1090315,65
2026-09-28,IDO,2026-09-29,23250.0,CE,6.7,6.7,22780.25,9930245,1656751,65
2026-09-28,IDO,2026-09-29,22400.0,CE,419.35,419.35,22780.25,29250,4256,65
2026-09-28,IDO,2026-09-29,22250.0,CE,567.7,567.7,22780.25,4420,187,65
2026-09-28,IDO,2026-09-29,22150.0,CE,668.6,668.6,22780.25,6045,87,65
2026-09-28,IDO,2026-09-29,21300.0,CE,2946.2,1483.71,22780.25,0,0,65
2026-09-28,IDO,2026-10-13,23400.0,CE,58.25,58.25,22780.25,449735,12905,65
2026-09-28,IDO,2026-10-13,23700.0,CE,24.6,24.6,22780.25,219830,10491,65
2026-09-28,IDO,2026-09-29,25350.0,CE,0.55,0.55,22780.25,24245,1683,65
2026-09-28,IDO,2026-10-13,23950.0,CE,13.45,13.45,22780.25,17745,743,65
2026-09-28,IDO,2026-10-13,24700.0,CE,4.3,4.3,22780.25,8840,206,65
2026-09-28,IDO,2026-10-13,24950.0,CE,3.6,3.6,22780.25,7865,67,65
2026-09-28,IDO,2026-10-19,20500.0,CE,2732.2,2350.6,22780.25,0,0,65
2026-09-28,IDO,2026-10-19,20750.0,CE,2485.4,2102.43,22780.25,0,0,65
2026-09-28,IDO,2026-10-19,20800.0,CE,2436.25,2052.92,22780.25,0,0,65
2026-09-28,IDO,2026-10-19,21050.0,CE,2191.7,1806.56,22780.25,0,0,65
2026-09-28,IDO,2026-10-19,22300.0,CE,1060.25,691.25,22780.25,0,0,65
2026-09-28,IDO,2026-10-19,22350.0,CE,1020.95,654.17,22780.25,0,0,65
2026-09-28,IDO,2026-10-19,23300.0,CE,114.4,114.4,22780.25,38545,1123,65
2026-09-28,IDO,2026-10-19,23750.0,CE,245.05,73.69,22780.25,0,0,65
2026-09-28,IDO,2026-10-19,24100.0,CE,17.1,17.1,22780.25,31980,543,65
2026-09-28,IDO,2026-10-19,24150.0,CE,15.7,15.7,22780.25,3770,79,65
2026-09-28,IDO,2026-10-19,24850.0,CE,8.2,4.6,22780.25,2470,0,65
2026-09-28,IDO,2026-10-27,21600.0,CE,1129.6,1328.09,22780.25,650,1,65
2026-09-28,IDO,2026-10-27,22050.0,CE,2377.1,948.27,22780.25,0,0,65
2026-09-28,IDO,2026-10-27,23000.0,CE,284.1,284.1,22780.25,3816865,118063,65
2026-09-28,IDO,2026-10-27,23050.0,CE,259.7,259.7,22780.25,55770,3086,65
2026-09-28,IDO,2026-10-27,25050.0,CE,6.45,6.45,22780.25,151125,553,65
2026-09-28,IDO,2026-10-27,25150.0,CE,5.75,5.75,22780.25,17615,23,65
2026-09-28,IDO,2026-10-27,25650.0,CE,2.7,1.93,22780.25,3640,6,65
2026-09-28,IDO,2026-10-27,27200.0,CE,0.6,0.6,22780.25,61035,869,65
2026-09-28,IDO,2026-11-03,20650.0,CE,2822.75,2265.63,22780.25,0,0,65
2026-09-28,IDO,2026-11-03,20900.0,CE,2577.35,2023.75,22780.25,0,0,65
2026-09-28,IDO,2026-11-03,21200.0,CE,2285.9,1739.71,22780.25,0,0,65
2026-09-28,IDO,2026-11-03,22650.0,CE,1014.85,599.89,22780.25,0,0,65
2026-09-28,IDO,2026-11-03,22700.0,CE,978.1,571.26,22780.25,0,0,65
2026-09-28,IDO,2026-11-03,23400.0,CE,163.9,163.9,22780.25,3835,74,65
2026-09-28,IDO,2026-11-03,24250.0,CE,214.4,76.51,22780.25,0,0,65
2026-09-28,IDO,2026-11-03,25150.0,CE,8.6,8.6,22780.25,650,28,65
2026-09-28,IDO,2026-11-23,20600.0,CE,4048.2,2399.58,22780.25,0,0,65
2026-09-28,IDO,2026-11-23,20900.0,CE,3757.7,2118.24,22780.25,0,0,65
2026-09-28,IDO,2026-11-23,21700.0,CE,2999.2,1419.65,22780.25,0,0,65
2026-09-28,IDO,2026-11-23,22700.0,CE,636.45,636.45,22780.25,6110,152,65
2026-09-28,IDO,2026-11-23,23100.0,CE,410.45,410.45,22780.25,250835,5855,65
2026-09-28,IDO,2026-11-23,23400.0,CE,270.35,270.35,22780.25,118495,2134,65
2026-09-28,IDO,2026-11-23,23450.0,CE,250.8,250.8,22780.25,11310,297,65
2026-09-28,IDO,2026-11-23,23600.0,CE,200.4,200.4,22780.25,113750,2073,65
2026-09-28,IDO,2026-11-23,24250.0,CE,68.75,68.75,22780.25,13715,255,65
2026-09-28,IDO,2026-11-23,24600.0,CE,40.05,40.05,22780.25,76440,2417,65
2026-09-28,IDO,2026-11-23,25450.0,CE,479.65,33.09,22780.25,0,0,65
2026-09-28,IDO,2026-11-23,25550.0,CE,13.3,28.51,22780.25,845,37,65
2026-09-28,IDO,2026-12-29,16000.0,CE,7200.0,7032.71,22780.25,260,0,65
2026-09-28,IDO,2026-12-29,22500.0,CE,977.9,977.9,22780.25,145340,7376,65
2026-09-28,IDO,2027-06-29,25500.0,CE,382.85,382.85,22780.25,3315,64,65
2026-09-28,IDO,2027-06-29,33000.0,CE,1122.75,11.92,22780.25,0,0,65
2026-09-28,IDO,2027-12-28,33000.0,CE,64.0,99.35,22780.25,9230,11,65
2026-09-28,IDO,2028-06-27,19500.0,CE,9209.1,5523.39,22780.25,0,0,65
2026-09-28,IDO,2029-06-26,18000.0,CE,11678.65,7770.98,22780.25,0,0,65
2026-09-28,IDO,2029-06-26,21000.0,CE,9799.75,5589.66,22780.25,0,0,65
2026-09-28,IDO,2029-06-26,33000.0,CE,4179.45,870.09,22780.25,0,0,65
2026-09-28,IDO,2029-12-24,16500.0,CE,12984.85,9396.72,22780.25,0,0,65
2026-09-28,IDO,2029-12-24,28500.0,CE,4802.1,2403.06,22780.25,0,0,65
2026-09-28,IDO,2030-06-25,15000.0,CE,14543.9,10965.83,22780.25,0,0,65
2026-09-28,IDO,2030-06-25,18000.0,CE,12423.9,8716.78,22780.25,0,0,65
2026-09-28,IDO,2030-06-25,31500.0,CE,3984.8,1985.95,22780.25,0,0,65
2026-09-28,IDO,2030-12-31,15000.0,CE,14862.95,11351.21,22780.25,0,0,65
2026-09-28,IDO,2030-12-31,16500.0,CE,13763.55,10248.8,22780.25,0,0,65
2026-09-28,IDO,2030-12-31,28500.0,CE,5968.3,3433.62,22780.25,0,0,65
2026-09-28,IDO,2031-06-24,31500.0,CE,3928.35,2893.46,22780.25,0,0,65
2026-09-28,IDO,2026-09-29,18000.0,PE,0.5,0.5,22780.25,307710,33514,65
2026-09-28,IDO,2026-09-29,20700.0,PE,23.45,0.0,22780.25,0,0,65
2026-09-28,IDO,2026-09-29,20750.0,PE,25.25,0.0,22780.25,0,0,65
2026-09-28,IDO,2026-09-29,20800.0,PE,0.5,0.5,22780.25,270270,53125,65
2026-09-28,IDO,2026-09-29,20950.0,PE,0.55,0.55,22780.25,24895,4155,65
2026-09-28,IDO,2026-09-29,21100.0,PE,0.75,0.75,22780.25,442455,47809,65
2026-09-28,IDO,2026-09-29,23300.0,PE,493.1,493.1,22780.25,2216305,149488,65
2026-09-28,IDO,2026-09-29,23850.0,PE,1042.05,1042.05,22780.25,77740,1253,65
2026-09-28,IDO,2026-09-29,24350.0,PE,1537.5,1537.5,22780.25,281190,354,65
2026-09-28,IDO,2026-09-29,25150.0,PE,2304.25,2365.66,22780.25,1560,1,65
2026-09-28,IDO,2026-09-29,25350.0,PE,2536.0,2536.0,22780.25,455,12,65
2026-09-28,IDO,2026-09-29,26700.0,PE,2560.85,3915.41,22780.25,0,0,65
2026-09-28,IDO,2026-10-06,20600.0,PE,0.2,0.0,22780.25,0,0,65
2026-09-28,IDO,2026-10-06,21450.0,PE,8.75,8.75,22780.25,22490,1944,65
2026-09-28,IDO,2026-10-06,22100.0,PE,26.35,26.35,22780.25,917995,50051,65
2026-09-28,IDO,2026-10-06,22750.0,PE,135.5,135.5,22780.25,519480,54435,65
2026-09-28,IDO,2026-10-06,23100.0,PE,323.85,323.85,22780.25,1515995,72864,65
2026-09-28,IDO,2026-10-06,23250.0,PE,442.55,442.55,22780.25,102700,5865,65
2026-09-28,IDO,2026-10-06,23750.0,PE,903.7,903.7,22780.25,5590,205,65
2026-09-28,IDO,2026-10-06,24150.0,PE,1278.0,1339.79,22780.25,2210,10,65
2026-09-28,IDO,2026-10-06,24500.0,PE,1635.2,1635.2,22780.25,119210,1306,65
2026-09-28,IDO,2026-10-06,24950.0,PE,1475.85,2137.35,22780.25,65,0,65
2026-09-28,IDO,2026-10-06,25700.0,PE,2575.0,2886.37,22780.25,715,0,65
2026-09-28,IDO,2026-10-13,20600.0,PE,0.6,0.13,22780.25,0,0,65
2026-09-28,IDO,2026-10-13,21900.0,PE,36.3,36.3,22780.25,49985,1655,65
2026-09-28,IDO,2026-10-13,22000.0,PE,44.2,44.2,22780.25,273910,14854,65
2026-09-28,IDO,2026-10-13,22150.0,PE,57.9,57.9,22780.25,16185,369,65
2026-09-28,IDO,2026-10-13,23150.0,PE,392.8,392.8,22780.25,18915,600,65
2026-09-28,IDO,2026-10-13,24000.0,PE,1121.35,1121.35,22780.25,13195,140,65
2026-09-28,IDO,2026-10-13,24100.0,PE,1200.0,1276.02,22780.25,6825,27,65
2026-09-28,IDO,2026-10-13,24200.0,PE,1337.0,1371.76,22780.25,1950,15,65
2026-09-28,IDO,2026-10-13,24350.0,PE,1430.0,1517.14,22780.25,520,2,65
2026-09-28,IDO,2026-10-13,24500.0,PE,1604.5,1604.5,22780.25,13455,189,65
2026-09-28,IDO,2026-10-13,25150.0,PE,1450.15,2308.84,22780.25,0,0,65
2026-09-28,IDO,2026-10-19,20600.0,PE,2.2,0.81,22780.25,0,0,65
2026-09-28,IDO,2026-10-19,21050.0,PE,8.1,4.62,22780.25,0,0,65
2026-09-28,IDO,2026-10-19,22100.0,PE,74.2,74.2,22780.25,4745,139,65
2026-09-28,IDO,2026-10-19,22300.0,PE,103.6,103.6,22780.25,14950,484,65
2026-09-28,IDO,2026-10-19,22350.0,PE,117.5,147.79,22780.25,585,7,65
2026-09-28,IDO,2026-10-19,23050.0,PE,351.25,351.25,22780.25,3380,77,65
2026-09-28,IDO,2026-10-19,24950.0,PE,1732.7,2088.18,22780.25,0,0,65
2026-09-28,IDO,2026-10-27,20750.0,PE,19.95,4.99,22780.25,0,0,65
2026-09-28,IDO,2026-10-27,21100.0,PE,27.95,27.95,22780.25,19760,906,65
2026-09-28,IDO,2026-10-27,21400.0,PE,39.5,39.5,22780.25,180375,5489,65
2026-09-28,IDO,2026-10-27,22100.0,PE,100.9,100.9,22780.25,156910,11746,65
2026-09-28,IDO,2026-10-27,22500.0,PE,180.85,180.85,22780.25,3705520,92633,65
2026-09-28,IDO,2026-10-27,26200.0,PE,3245.7,3245.7,22780.25,12415,214,65
2026-09-28,IDO,2026-10-27,26350.0,PE,2163.0,3446.15,22780.25,0,0,65
2026-09-28,IDO,2026-10-27,26700.0,PE,3424.95,3794.33,22780.25,130,0,65
2026-09-28,IDO,2026-11-03,23550.0,PE,528.4,837.9,22780.25,0,0,65
2026-09-28,IDO,2026-11-03,23700.0,PE,610.85,948.56,22780.25,0,0,65
2026-09-28,IDO,2026-11-23,20600.0,PE,7.6,20.86,22780.25,0,0,65
2026-09-28,IDO,2026-11-23,21700.0,PE,108.95,108.95,22780.25,56875,846,65
2026-09-28,IDO,2026-11-23,23600.0,PE,772.0,772.0,22780.25,51545,153,65
2026-09-28,IDO,2026-11-23,25000.0,PE,1966.55,1966.55,22780.25,288275,1249,65
2026-09-28,IDO,2026-11-23,25050.0,PE,1014.95,2086.91,22780.25,0,0,65
2026-09-28,IDO,2026-11-23,25850.0,PE,1490.4,2838.66,22780.25,0,0,65
2026-09-28,IDO,2026-11-23,25900.0,PE,1526.4,2886.81,22780.25,0,0,65
2026-09-28,IDO,2026-12-29,19500.0,PE,40.5,40.5,22780.25,166725,973,65
2026-09-28,IDO,2026-12-29,25000.0,PE,1827.85,1827.85,22780.25,2038645,4092,65
2026-09-28,IDO,2026-12-29,28500.0,PE,3320.25,5272.98,22780.25,130,0,65
2026-09-28,IDO,2027-03-30,25500.0,PE,1998.55,1998.55,22780.25,244140,426,65
2026-09-28,IDO,2027-03-30,30000.0,PE,6112.95,6112.95,22780.25,2535,52,65
2026-09-28,IDO,2027-03-30,31500.0,PE,7066.15,7743.24,22780.25,0,0,65
2026-09-28,IDO,2027-06-29,15000.0,PE,1173.2,0.24,22780.25,0,0,65
2026-09-28,IDO,2027-06-29,24000.0,PE,985.95,985.95,22780.25,20605,139,65
2026-09-28,IDO,2027-06-29,31500.0,PE,3604.7,7292.65,22780.25,0,0,65
2026-09-28,IDO,2027-12-28,15000.0,PE,21.7,2.48,22780.25,755,0,65
2026-09-28,IDO,2027-12-28,22000.0,PE,493.8,493.8,22780.25,94060,380,65
2026-09-28,IDO,2028-06-27,21000.0,PE,325.0,428.55,22780.25,260,2,65
2026-09-28,IDO,2026-10-13,22700.0,CE,344.95,344.95,22780.25,70200,1874,65
2026-09-28,IDO,2028-12-26,18000.0,PE,250.0,109.29,22780.25,75,0,65
2026-09-28,IDO,2028-12-26,25000.0,PE,1310.0,1310.0,22780.25,13345,7,65
2026-09-28,IDO,2028-12-26,33000.0,PE,3315.4,6405.56,22780.25,0,0,65
2026-09-28,IDO,2029-06-26,21000.0,PE,320.25,469.37,22780.25,0,0,65
2026-09-28,IDO,2029-06-26,31500.0,PE,2443.35,4849.25,22780.25,0,0,65
2026-09-28,IDO,2030-06-25,16500.0,PE,12.0,72.8,22780.25,0,0,65
2026-09-28,IDO,2030-06-25,19500.0,PE,64.95,277.6,22780.25,0,0,65
2026-09-28,IDO,2030-06-25,33000.0,PE,3143.9,4905.41,22780.25,0,0,65
2026-09-28,IDO,2026-10-13,23000.0,CE,179.6,179.6,22780.25,406965,19301,65
2026-09-28,IDO,2026-10-13,22950.0,CE,202.05,202.05,22780.25,32435,2173,65
2026-09-28,IDO,2026-10-13,22650.0,CE,377.05,377.05,22780.25,4680,104,65
2026-09-28,IDO,2026-09-29,23350.0,CE,5.4,5.4,22780.25,5449665,1207800,65
2026-09-28,IDO,2026-09-29,21650.0,CE,1590.0,1133.77,22780.25,65,0,65
2026-09-28,IDO,2026-09-29,21350.0,CE,2900.5,1433.72,22780.25,0,0,65
2026-09-28,IDO,2026-09-29,21150.0,CE,3084.3,1633.69,22780.25,0,0,65
2026-09-28,IDO,2026-09-29,21100.0,CE,3130.65,1683.68,22780.25,0,0,65
2026-09-28,IDO,2026-09-29,20950.0,CE,3270.7,1833.65,22780.25,0,0,65
2026-09-28,IDO,2026-09-29,20600.0,CE,3601.95,2183.6,22780.25,0,0,65
2026-09-28,IDO,2026-09-29,16500.0,CE,10168.85,6282.93,22780.25,0,0,65
2026-09-28,IDO,2026-09-29,26000.0,CE,0.55,0.55,22780.25,2371475,46904,65
2026-09-28,IDO,2026-09-29,26600.0,CE,0.4,0.4,22780.25,28990,1268,65
2026-09-28,IDO,2026-09-29,27150.0,CE,0.35,0.35,22780.25,79430,3660,65
2026-09-28,IDO,2026-10-06,20500.0,CE,3674.35,2306.88,22780.25,0,0,65
2026-09-28,IDO,2026-10-06,21300.0,CE,2880.7,1508.19,22780.25,0,0,65
2026-09-28,IDO,2026-10-06,22550.0,CE,374.35,374.35,22780.25,63310,2123,65
2026-09-28,IDO,2026-10-06,24000.0,CE,5.55,5.55,22780.25,3530475,128156,65
2026-09-28,IDO,2026-10-06,25350.0,CE,1.55,1.55,22780.25,9815,263,65
2026-09-28,IDO,2026-10-13,20600.0,CE,3150.35,2230.52,22780.25,0,0,65
2026-09-28,IDO,2026-10-13,23800.0,CE,18.8,18.8,22780.25,353210,13211,65
2026-09-28,IDO,2026-10-13,25000.0,CE,3.0,3.0,22780.25,127140,2288,65
2026-09-28,IDO,2026-10-13,25300.0,CE,2.5,0.16,22780.25,1300,11,65
2026-09-28,IDO,2026-10-19,20600.0,CE,2633.35,2251.23,22780.25,0,0,65
2026-09-28,IDO,2026-10-19,20700.0,CE,2534.65,2151.98,22780.25,0,0,65
2026-09-28,IDO,2026-10-19,21250.0,CE,1998.25,1611.7,22780.25,0,0,65
2026-09-28,IDO,2026-10-19,21350.0,CE,1902.6,1515.42,22780.25,0,0,65
2026-09-28,IDO,2026-10-19,22400.0,CE,982.3,619.01,22780.25,0,0,65
2026-09-28,IDO,2026-10-19,22950.0,CE,259.05,259.05,22780.25,7540,175,65
2026-09-28,IDO,2026-10-19,24450.0,CE,8.8,8.8,22780.25,3185,34,65
2026-09-28,IDO,2026-10-27,22500.0,CE,595.3,595.3,22780.25,516165,9398,65
2026-09-28,IDO,2026-10-27,23750.0,CE,54.6,54.6,22780.25,102310,3570,65
2026-09-28,IDO,2026-10-27,23800.0,CE,48.95,48.95,22780.25,1192035,43239,65
2026-09-28,IDO,2026-10-27,23850.0,CE,44.05,44.05,22780.25,68965,2374,65
2026-09-28,IDO,2026-10-27,24650.0,CE,10.3,10.3,22780.25,44720,828,65
2026-09-28,IDO,2026-10-27,25250.0,CE,5.9,5.9,22780.25,2080,8,65
2026-09-28,IDO,2026-10-27,25950.0,CE,3.25,3.25,22780.25,1170,14,65
2026-09-28,IDO,2026-10-27,26500.0,CE,1.0,1.0,22780.25,654810,7810,65
2026-09-28,IDO,2026-11-03,20850.0,CE,2626.3,2071.82,22780.25,0,0,65
2026-09-28,IDO,2026-11-03,21000.0,CE,2479.75,1928.17,22780.25,0,0,65
2026-09-28,IDO,2026-11-03,22000.0,CE,1543.15,1046.08,22780.25,0,0,65
2026-09-28,IDO,2026-11-03,22950.0,CE,360.45,360.45,22780.25,520,14,65
2026-09-28,IDO,2026-11-03,23650.0,CE,181.9,187.25,22780.25,1495,0,65
2026-09-28,IDO,2026-11-03,23700.0,CE,401.3,175.85,22780.25,0,0,65
2026-09-28,IDO,2026-11-03,23800.0,CE,74.1,74.1,22780.25,6695,235,65
2026-09-28,IDO,2026-11-03,24500.0,CE,156.05,50.3,22780.25,0,0,65
2026-09-28,IDO,2026-11-03,24550.0,CE,146.05,46.1,22780.25,0,0,65
2026-09-28,IDO,2026-11-03,24700.0,CE,16.35,16.35,22780.25,12285,105,65
2026-09-28,IDO,2026-11-03,24750.0,CE,111.0,32.18,22780.25,0,0,65
2026-09-28,IDO,2026-11-23,21050.0,CE,3613.45,1980.7,22780.25,0,0,65
2026-09-28,IDO,2026-11-23,21300.0,CE,3374.8,1757.38,22780.25,0,0,65
2026-09-28,IDO,2026-11-23,21400.0,CE,3280.1,1670.48,22780.25,0,0,65
2026-09-28,IDO,2026-11-23,21800.0,CE,1571.45,1339.75,22780.25,130,0,65
2026-09-28,IDO,2026-11-23,22850.0,CE,550.2,550.2,22780.25,3250,114,65
2026-09-28,IDO,2026-11-23,23150.0,CE,386.0,386.0,22780.25,129805,2453,65
2026-09-28,IDO,2026-11-23,23650.0,CE,187.85,187.85,22780.25,19110,673,65
2026-09-28,IDO,2026-11-23,24200.0,CE,73.65,73.65,22780.25,231920,4432,65
2026-09-28,IDO,2026-11-23,25700.0,CE,9.8,22.7,22780.25,975,24,65
2026-09-28,IDO,2026-12-29,20000.0,CE,3124.75,3124.75,22780.25,737645,1148,65
2026-09-28,IDO,2027-03-30,16500.0,CE,6995.9,6794.57,22780.25,0,0,65
2026-09-28,IDO,2027-03-30,28500.0,CE,30.75,30.75,22780.25,201695,532,65
2026-09-28,IDO,2028-06-27,22500.0,CE,6796.05,3410.74,22780.25,0,0,65
2026-09-28,IDO,2028-06-27,28500.0,CE,2990.0,939.47,22780.25,0,0,65
2026-09-28,IDO,2028-12-26,27000.0,CE,1526.55,1526.55,22780.25,4550,9,65
2026-09-28,IDO,2029-06-26,22500.0,CE,7946.5,4634.27,22780.25,0,0,65
2026-09-28,IDO,2030-06-25,28500.0,CE,5382.85,2910.56,22780.25,0,0,65
2026-09-28,IDO,2030-06-25,30000.0,CE,5580.35,2411.42,22780.25,0,0,65
2026-09-28,IDO,2031-06-24,22500.0,CE,8012.75,6771.97,22780.25,0,0,65
2026-09-28,IDO,2026-09-29,20850.0,PE,0.65,0.65,22780.25,47710,3268,65
2026-09-28,IDO,2026-09-29,21450.0,PE,0.95,0.95,22780.25,256750,57406,65
2026-09-28,IDO,2026-09-29,21600.0,PE,0.85,0.85,22780.25,872365,204495,65
2026-09-28,IDO,2026-09-29,21800.0,PE,1.1,1.1,22780.25,3327415,497492,65
2026-09-28,IDO,2026-09-29,22300.0,PE,3.4,3.4,22780.25,4779515,1296662,65
2026-09-28,IDO,2026-09-29,22850.0,PE,97.3,97.3,22780.25,4598555,7396460,65
2026-09-28,IDO,2026-09-29,23250.0,PE,442.8,442.8,22780.25,1923155,79103,65
2026-09-28,IDO,2026-09-29,23350.0,PE,543.5,543.5,22780.25,463775,22247,65
2026-09-28,IDO,2026-09-29,23900.0,PE,1088.15,1088.15,22780.25,351260,6229,65
2026-09-28,IDO,2026-09-29,25000.0,PE,2188.85,2188.85,22780.25,661385,8755,65
2026-09-28,IDO,2026-09-29,25600.0,PE,2788.35,2788.35,22780.25,28470,62,65
2026-09-28,IDO,2026-09-29,26750.0,PE,2201.15,3965.4,22780.25,65,0,65
2026-09-28,IDO,2026-09-29,26850.0,PE,2691.9,4065.39,22780.25,0,0,65
2026-09-28,IDO,2026-09-29,26900.0,PE,2776.0,4115.38,22780.25,65,0,65
2026-09-28,IDO,2026-09-29,28500.0,PE,5698.35,5698.35,22780.25,200980,1903,65
2026-09-28,IDO,2026-10-06,21200.0,PE,6.4,6.4,22780.25,183625,17436,65
2026-09-28,IDO,2026-10-06,21350.0,PE,7.85,7.85,22780.25,592020,10531,65
2026-09-28,IDO,2026-10-06,21400.0,PE,8.25,8.25,22780.25,1361490,37591,65
2026-09-28,IDO,2026-10-06,21950.0,PE,19.25,19.25,22780.25,229125,17833,65
2026-09-28,IDO,2026-10-06,22150.0,PE,29.4,29.4,22780.25,221195,15129,65
2026-09-28,IDO,2026-10-06,22250.0,PE,35.85,35.85,22780.25,382850,26780,65
2026-09-28,IDO,2026-10-06,23600.0,PE,757.8,757.8,22780.25,161850,2707,65
2026-09-28,IDO,2026-10-06,24800.0,PE,1924.4,1924.4,22780.25,18525,45,65
2026-09-28,IDO,2026-10-13,20700.0,PE,0.85,0.23,22780.25,0,0,65
2026-09-28,IDO,2026-10-13,20800.0,PE,10.0,10.0,22780.25,325,5,65
2026-09-28,IDO,2026-10-13,20950.0,PE,1.85,0.83,22780.25,0,0,65
2026-09-28,IDO,2026-10-13,22100.0,PE,52.75,52.75,22780.25,63310,4272,65
2026-09-28,IDO,2026-10-13,22650.0,PE,155.15,155.15,22780.25,23465,1628,65
2026-09-28,IDO,2026-10-13,22900.0,PE,250.9,250.9,22780.25,123630,9461,65
2026-09-28,IDO,2026-10-13,23300.0,PE,498.6,498.6,22780.25,114530,1092,65
2026-09-28,IDO,2026-10-13,23450.0,PE,608.0,608.0,22780.25,14560,80,65
2026-09-28,IDO,2026-10-13,23600.0,PE,741.75,741.75,22780.25,40690,154,65
2026-09-28,IDO,2026-10-13,24550.0,PE,961.3,1713.3,22780.25,0,0,65
2026-09-28,IDO,2026-10-13,25400.0,PE,1673.35,2558.03,22780.25,0,0,65
2026-09-28,IDO,2026-10-19,20700.0,PE,3.0,1.23,22780.25,0,0,65
2026-09-28,IDO,2026-10-19,21200.0,PE,12.0,7.7,22780.25,0,0,65
2026-09-28,IDO,2026-10-19,21550.0,PE,27.65,22.52,22780.25,0,0,65
2026-09-28,IDO,2026-10-19,21700.0,PE,38.4,33.95,22780.25,0,0,65
2026-09-28,IDO,2026-10-19,23100.0,PE,381.7,381.7,22780.25,11830,365,65
2026-09-28,IDO,2026-10-19,23500.0,PE,663.15,663.15,22780.25,21905,181,65
2026-09-28,IDO,2026-10-19,24250.0,PE,1180.0,1410.76,22780.25,65,1,65
2026-09-28,IDO,2026-10-27,21550.0,PE,47.65,47.65,22780.25,11050,271,65
2026-09-28,IDO,2026-10-27,21700.0,PE,57.85,57.85,22780.25,386620,11432,65
2026-09-28,IDO,2026-10-27,23050.0,PE,387.2,387.2,22780.25,67535,2065,65
2026-09-28,IDO,2026-10-27,23300.0,PE,531.45,531.45,22780.25,2957045,24175,65
2026-09-28,IDO,2026-10-27,23350.0,PE,564.15,564.15,22780.25,38805,746,65
2026-09-28,IDO,2026-10-27,23950.0,PE,1046.6,1046.6,22780.25,5200,44,65
2026-09-28,IDO,2026-10-27,24000.0,PE,1098.6,1098.6,22780.25,2909595,26055,65
2026-09-28,IDO,2026-10-27,24550.0,PE,1336.5,1681.34,22780.25,6435,1,65
2026-09-28,IDO,2026-10-27,24750.0,PE,1810.0,1810.0,22780.25,715,11,65
2026-09-28,IDO,2026-10-27,25450.0,PE,1850.0,2553.4,22780.25,325,0,65
2026-09-28,IDO,2026-10-27,25650.0,PE,2492.35,2751.11,22780.25,195,0,65
2026-09-28,IDO,2026-10-27,26500.0,PE,3545.65,3545.65,22780.25,451620,4768,65
2026-09-28,IDO,2026-10-27,26750.0,PE,2501.2,3844.08,22780.25,0,0,65
2026-09-28,IDO,2026-11-03,20500.0,PE,2.05,4.8,22780.25,0,0,65
2026-09-28,IDO,2026-11-03,20850.0,PE,5.3,12.21,22780.25,0,0,65
2026-09-28,IDO,2026-11-03,21350.0,PE,17.55,38.6,22780.25,0,0,65
2026-09-28,IDO,2026-11-03,21750.0,PE,74.95,84.17,22780.25,65,2,65
2026-09-28,IDO,2026-11-03,22250.0,PE,150.0,190.64,22780.25,650,19,65
2026-09-28,IDO,2026-11-03,22700.0,PE,263.25,263.25,22780.25,1885,59,65
2026-09-28,IDO,2026-11-03,23500.0,PE,672.8,672.8,22780.25,4680,194,65
2026-09-28,IDO,2026-11-03,23800.0,PE,669.7,1024.1,22780.25,0,0,65
2026-09-28,IDO,2026-11-03,24250.0,PE,970.25,1395.81,22780.25,0,0,65
2026-09-28,IDO,2026-11-03,24450.0,PE,1121.05,1572.88,22780.25,0,0,65
2026-09-28,IDO,2026-11-03,24950.0,PE,1534.25,2037.02,22780.25,0,0,65
2026-09-28,IDO,2026-11-23,20700.0,PE,9.05,25.31,22780.25,0,0,65
2026-09-28,IDO,2026-11-23,21400.0,PE,79.65,79.65,22780.25,17290,433,65
2026-09-28,IDO,2026-11-23,22500.0,PE,254.5,254.5,22780.25,642200,9080,65
2026-09-28,IDO,2026-11-23,22600.0,PE,282.65,282.65,22780.25,75205,1150,65
2026-09-28,IDO,2026-11-23,25600.0,PE,1316.4,2599.55,22780.25,0,0,65
2026-09-28,IDO,2026-11-23,25650.0,PE,1350.35,2647.13,22780.25,0,0,65
2026-09-28,IDO,2026-12-29,14000.0,PE,7.95,7.95,22780.25,11170,20,65
2026-09-28,IDO,2026-12-29,16500.0,PE,12.95,12.95,22780.25,4160,11,65
2026-09-28,IDO,2026-12-29,18000.0,PE,24.05,24.05,22780.25,740045,3267,65
2026-09-28,IDO,2026-12-29,20000.0,PE,51.2,51.2,22780.25,1499720,8789,65
2026-09-28,IDO,2027-03-30,22500.0,PE,417.75,417.75,22780.25,791245,6692,65
2026-09-28,IDO,2027-12-28,24000.0,PE,981.95,981.95,22780.25,243845,626,65
2026-09-28,IDO,2029-12-24,16500.0,PE,10.15,64.69,22780.25,0,0,65
2026-09-28,IDO,2029-12-24,21000.0,PE,418.05,471.9,22780.25,1885,0,65
2026-09-28,IDO,2029-12-24,30000.0,PE,2500.05,3607.55,22780.25,1365,0,65
2026-09-28,IDO,2030-12-31,16500.0,PE,13.65,79.14,22780.25,0,0,65
2026-09-28,IDO,2030-12-31,19500.0,PE,67.4,279.24,22780.25,0,0,65
2026-09-28,IDO,2026-09-29,25850.0,CE,0.45,0.45,22780.25,23920,1688,65
2026-09-28,IDO,2026-09-29,25750.0,CE,0.4,0.4,22780.25,23855,1196,65
2026-09-28,IDO,2026-09-29,25500.0,CE,0.65,0.65,22780.25,2040415,56156,65
2026-09-28,IDO,2026-09-29,24550.0,CE,0.85,0.85,22780.25,1067755,96624,65
2026-09-28,IDO,2031-06-24,30000.0,PE,2616.25,2836.93,22780.25,0,0,65
2026-09-28,IDO,2031-06-24,28500.0,PE,2104.2,2266.99,22780.25,0,0,65
2026-09-28,IDO,2031-06-24,25500.0,PE,1262.85,1332.07,22780.25,0,0,65
2026-09-28,IDO,2031-06-24,24000.0,PE,933.85,969.76,22780.25,65,0,65
2026-09-28,IDO,2030-12-31,30000.0,PE,1450.1,3057.14,22780.25,0,0,65
2026-09-28,IDO,2028-12-26,22000.0,PE,620.0,620.0,22780.25,9930,4,65
2026-09-28,IDO,2028-06-27,28500.0,PE,1560.85,3682.96,22780.25,0,0,65
2026-09-28,IDO,2027-12-28,20000.0,PE,208.35,208.35,22780.25,82255,97,65
2026-09-28,IDO,2027-12-28,19000.0,PE,133.0,133.0,22780.25,34420,137,65
2026-09-28,IDO,2027-12-28,18000.0,PE,112.2,112.2,22780.25,19590,64,65
2026-09-28,IDO,2027-06-29,19500.0,PE,17.3,89.18,22780.25,0,0,65
2026-09-28,IDO,2027-06-29,19000.0,PE,89.0,56.78,22780.25,1460,13,65
2026-09-28,IDO,2027-03-30,16500.0,PE,23.0,23.0,22780.25,2210,10,65
2026-09-28,IDO,2026-11-23,26000.0,PE,2931.95,2931.95,22780.25,84760,813,65
2026-09-28,IDO,2026-11-23,25350.0,PE,1152.95,2363.82,22780.25,0,0,65
2026-09-28,IDO,2026-11-23,25100.0,PE,1999.95,2132.53,22780.25,195,2,65
2026-09-28,IDO,2026-11-23,24400.0,PE,1425.0,1519.78,22780.25,11375,12,65
2026-09-28,IDO,2026-11-23,24150.0,PE,1160.0,1318.13,22780.25,1235,1,65
2026-09-28,IDO,2026-10-27,26050.0,PE,2789.0,3147.93,22780.25,260,0,65
2026-09-28,IDO,2026-11-03,21300.0,PE,15.7,34.72,22780.25,0,0,65
2026-09-28,IDO,2026-11-03,21450.0,PE,21.85,47.43,22780.25,0,0,65
2026-09-28,IDO,2026-11-03,22500.0,PE,202.45,202.45,22780.25,4875,151,65
2026-09-28,IDO,2026-11-03,23950.0,PE,763.55,1143.25,22780.25,0,0,65
2026-09-28,IDO,2026-11-03,24050.0,PE,829.7,1225.48,22780.25,0,0,65
2026-09-28,IDO,2026-11-03,24500.0,PE,1160.15,1618.05,22780.25,0,0,65
2026-09-28,IDO,2026-11-23,21100.0,PE,17.5,51.87,22780.25,0,0,65
2026-09-28,IDO,2026-11-23,21750.0,PE,122.9,139.65,22780.25,1690,33,65
2026-09-28,IDO,2026-11-23,22250.0,PE,194.95,194.95,22780.25,6240,56,65
2026-09-28,IDO,2026-11-23,22850.0,PE,374.45,374.45,22780.25,6825,203,65
2026-09-28,IDO,2026-11-03,21100.0,PE,9.85,22.28,22780.25,0,0,65
2026-09-28,IDO,2031-06-24,33000.0,PE,3810.15,4163.26,22780.25,0,0,65
2026-09-28,IDO,2031-06-24,22500.0,PE,663.6,675.53,22780.25,0,0,65
2026-09-28,IDO,2030-12-31,31500.0,PE,1885.5,3747.32,22780.25,0,0,65
2026-09-28,IDO,2030-12-31,28500.0,PE,1083.1,2435.3,22780.25,0,0,65
2026-09-28,IDO,2030-12-31,22500.0,PE,219.35,703.46,22780.25,0,0,65
2026-09-28,IDO,2028-12-26,19500.0,PE,49.0,238.84,22780.25,0,0,65
2026-09-28,IDO,2028-06-27,31500.0,PE,2935.6,5861.09,22780.25,0,0,65
2026-09-28,IDO,2028-06-27,22500.0,PE,206.95,780.81,22780.25,0,0,65
2026-09-28,IDO,2027-12-28,25500.0,PE,676.05,2065.98,22780.25,0,0,65
2026-09-28,IDO,2027-06-29,16500.0,PE,22.1,22.1,22780.25,780,1,65
2026-09-28,IDO,2027-03-30,28500.0,PE,2937.15,4883.27,22780.25,65,0,65
2026-09-28,IDO,2027-03-30,21000.0,PE,168.7,168.7,22780.25,1074320,3775,65
2026-09-28,IDO,2026-12-29,25500.0,PE,2287.3,2287.3,22780.25,360295,581,65
2026-09-28,IDO,2026-11-23,26050.0,PE,1637.9,3031.81,22780.25,0,0,65
2026-09-28,IDO,2026-11-23,25800.0,PE,1454.8,2790.61,22780.25,0,0,65
2026-09-28,IDO,2026-11-23,24750.0,PE,807.55,1818.57,22780.25,0,0,65
2026-09-28,IDO,2026-11-23,24300.0,PE,1326.7,1326.7,22780.25,15860,48,65
2026-09-28,IDO,2026-11-23,23750.0,PE,895.5,1020.44,22780.25,3185,15,65
2026-09-28,IDO,2026-11-23,22900.0,PE,392.1,392.1,22780.25,46670,1898,65
2026-09-28,IDO,2026-09-29,20500.0,CE,3697.55,2283.58,22780.25,0,0,65
2026-09-28,IDO,2026-09-29,20800.0,CE,3411.95,1983.63,22780.25,0,0,65
2026-09-28,IDO,2026-09-29,21250.0,CE,2992.05,1533.7,22780.25,0,0,65
2026-09-28,IDO,2026-09-29,23900.0,CE,2.05,2.05,22780.25,3782805,958987,65
2026-09-28,IDO,2026-09-29,24000.0,CE,1.85,1.85,22780.25,17778995,2022133,65
2026-09-28,IDO,2026-09-29,24100.0,CE,1.5,1.5,22780.25,4159610,869643,65
2026-09-28,IDO,2026-09-29,24850.0,CE,0.75,0.75,22780.25,121420,11506,65
2026-09-28,IDO,2026-09-29,25650.0,CE,0.6,0.6,22780.25,59345,1590,65
2026-09-28,IDO,2026-09-29,26700.0,CE,0.35,0.35,22780.25,14300,948,65
2026-09-28,IDO,2026-09-29,26900.0,CE,0.35,0.35,22780.25,15730,705,65
2026-09-28,IDO,2026-10-06,21550.0,CE,2634.15,1259.62,22780.25,0,0,65
2026-09-28,IDO,2026-10-06,21600.0,CE,2585.0,1210.16,22780.25,0,0,65
2026-09-28,IDO,2026-10-06,22000.0,CE,863.75,863.75,22780.25,108875,1580,65
2026-09-28,IDO,2026-10-06,22800.0,CE,203.5,203.5,22780.25,1480050,139961,65
2026-09-28,IDO,2026-10-06,23950.0,CE,5.85,5.85,22780.25,410605,21505,65
2026-09-28,IDO,2026-10-06,24600.0,CE,2.2,2.2,22780.25,2703740,100646,65
2026-09-28,IDO,2026-10-06,24800.0,CE,2.05,2.05,22780.25,1059890,49724,65
2026-09-28,IDO,2026-10-06,25550.0,CE,1.25,1.25,22780.25,20930,685,65
2026-09-28,IDO,2026-10-06,25600.0,CE,1.05,1.05,22780.25,216190,10770,65
2026-09-28,IDO,2026-10-06,25750.0,CE,1.0,1.0,22780.25,27040,716,65
2026-09-28,IDO,2026-10-13,21000.0,CE,2754.15,1832.41,22780.25,0,0,65
2026-09-28,IDO,2026-10-13,21050.0,CE,2704.75,1782.81,22780.25,0,0,65
2026-09-28,IDO,2026-10-13,21200.0,CE,2556.95,1634.44,22780.25,0,0,65
2026-09-28,IDO,2026-10-13,21550.0,CE,2214.9,1293.07,22780.25,0,0,65
2026-09-28,IDO,2026-10-13,22900.0,CE,226.95,226.95,22780.25,175630,8372,65
2026-09-28,IDO,2026-10-13,21600.0,CE,2166.5,1245.23,22780.25,0,0,65
2026-09-28,IDO,2026-10-06,25300.0,CE,1.5,1.5,22780.25,392535,9171,65
2026-09-28,IDO,2026-10-06,25200.0,CE,1.6,1.6,22780.25,190970,10735,65
2026-09-28,IDO,2026-10-06,24950.0,CE,1.8,1.8,22780.25,24375,665,65
2026-09-28,IDO,2026-10-06,24850.0,CE,1.9,1.9,22780.25,50635,1564,65
2026-09-28,IDO,2026-10-06,24650.0,CE,2.05,2.05,22780.25,110240,4087,65
2026-09-28,IDO,2026-10-06,24500.0,CE,2.55,2.55,22780.25,4765800,213466,65
2026-09-28,IDO,2026-10-06,24200.0,CE,3.75,3.75,22780.25,636220,45651,65
2026-09-28,IDO,2026-10-06,24100.0,CE,4.5,4.5,22780.25,866255,46204,65
2026-09-28,IDO,2026-10-06,23350.0,CE,30.5,30.5,22780.25,549185,49983,65
2026-09-28,IDO,2026-10-06,23100.0,CE,74.45,74.45,22780.25,2972450,152471,65
2026-09-28,IDO,2026-10-06,22750.0,CE,234.8,234.8,22780.25,267605,20205,65
2026-09-28,IDO,2026-10-06,22200.0,CE,672.35,672.35,22780.25,9880,213,65
2026-09-28,IDO,2026-10-06,20700.0,CE,3475.65,2107.14,22780.25,0,0,65
2026-09-28,IDO,2026-09-29,27100.0,CE,0.4,0.4,22780.25,34125,2300,65
2026-09-28,IDO,2026-09-29,26800.0,CE,0.45,0.45,22780.25,12415,1237,65
2026-09-28,IDO,2026-09-29,26200.0,CE,0.4,0.4,22780.25,138060,10701,65
2026-09-28,IDO,2026-09-29,25600.0,CE,0.6,0.6,22780.25,112775,8391,65
2026-09-28,IDO,2026-09-29,25200.0,CE,0.45,0.45,22780.25,438165,23645,65
2026-09-28,IDO,2026-09-29,23700.0,CE,2.85,2.85,22780.25,9369035,1554787,65
2026-09-28,IDO,2026-09-29,23000.0,CE,21.55,21.55,22780.25,20625020,6386340,65
2026-09-28,IDO,2026-09-29,22800.0,CE,84.2,84.2,22780.25,11606465,4243861,65
2026-09-28,IDO,2026-09-29,22200.0,CE,618.55,618.55,22780.25,8385,570,65
2026-09-28,IDO,2026-11-23,20800.0,CE,3854.3,2211.18,22780.25,0,0,65
2026-09-28,IDO,2026-11-23,20850.0,CE,3805.95,2164.59,22780.25,0,0,65
2026-09-28,IDO,2026-11-23,20950.0,CE,3709.55,2072.13,22780.25,0,0,65
2026-09-28,IDO,2026-11-23,22000.0,CE,1148.95,1148.95,22780.25,30810,333,65
2026-09-28,IDO,2026-11-23,22400.0,CE,839.95,839.95,22780.25,1495,49,65
2026-09-28,IDO,2026-11-23,23350.0,CE,291.2,291.2,22780.25,15145,203,65
2026-09-28,IDO,2026-11-23,24150.0,CE,80.4,80.4,22780.25,17615,223,65
2026-09-28,IDO,2026-11-23,24500.0,CE,47.6,47.6,22780.25,741585,10510,65
2026-09-28,IDO,2026-12-29,22000.0,CE,1346.7,1346.7,22780.25,763610,9333,65
2026-09-28,IDO,2026-12-29,27000.0,CE,13.35,13.35,22780.25,1742495,9393,65
2026-09-28,IDO,2026-12-29,28500.0,CE,7.05,7.05,22780.25,92105,380,65
2026-09-28,IDO,2026-12-29,29000.0,CE,5.8,5.8,22780.25,406135,6782,65
2026-09-28,IDO,2026-12-29,31000.0,CE,5.35,5.35,22780.25,129565,172,65
2026-09-28,IDO,2027-03-30,27000.0,CE,59.3,59.3,22780.25,986375,5840,65
2026-09-28,IDO,2027-03-30,31500.0,CE,15.0,15.0,22780.25,845,7,65
2026-09-28,IDO,2027-12-28,16500.0,CE,11316.4,7544.87,22780.25,0,0,65
2026-09-28,IDO,2029-12-24,18000.0,CE,11362.4,8250.63,22780.25,0,0,65
2026-09-28,IDO,2030-06-25,21000.0,CE,10421.65,6665.0,22780.25,0,0,65
2026-09-28,IDO,2030-12-31,31500.0,CE,4554.55,2452.8,22780.25,0,0,65
2026-09-28,IDO,2031-06-24,15000.0,CE,12902.2,11696.36,22780.25,0,0,65
2026-09-28,IDO,2031-06-24,21000.0,CE,8900.75,7655.61,22780.25,0,0,65
2026-09-28,IDO,2031-06-24,33000.0,CE,3451.55,2473.93,22780.25,0,0,65
2026-09-28,IDO,2026-09-29,20500.0,PE,17.35,0.0,22780.25,0,0,65
2026-09-28,IDO,2026-09-29,22400.0,PE,5.4,5.4,22780.25,4886180,1559925,65
2026-09-28,IDO,2026-09-29,23050.0,PE,251.5,251.5,22780.25,979875,970781,65
2026-09-28,IDO,2026-09-29,24850.0,PE,2037.55,2037.55,22780.25,10010,16,65
2026-09-28,IDO,2026-09-29,25050.0,PE,2238.4,2265.68,22780.25,3185,2,65
2026-09-28,IDO,2026-09-29,25300.0,PE,2490.0,2490.0,22780.25,20215,122,65
2026-09-28,IDO,2026-09-29,25550.0,PE,2670.0,2765.6,22780.25,130,5,65
2026-09-28,IDO,2026-09-29,26000.0,PE,3192.95,3192.95,22780.25,802005,7426,65
2026-09-28,IDO,2026-09-29,26050.0,PE,2915.0,3265.52,22780.25,65,0,65
2026-09-28,IDO,2026-09-29,34500.0,PE,7064.95,11714.15,22780.25,0,0,65
2026-09-28,IDO,2026-10-06,20800.0,PE,5.05,5.05,22780.25,2845700,71389,65
2026-09-28,IDO,2026-10-06,20950.0,PE,5.55,5.55,22780.25,6695,498,65
2026-09-28,IDO,2026-10-13,23900.0,CE,14.85,14.85,22780.25,90870,6421,65
2026-09-28,IDO,2026-10-06,21900.0,PE,17.4,17.4,22780.25,503165,27421,65
2026-09-28,IDO,2026-10-06,22000.0,PE,21.75,21.75,22780.25,3516760,149241,65
2026-09-28,IDO,2026-10-06,23450.0,PE,620.8,620.8,22780.25,49530,846,65
2026-09-28,IDO,2026-10-06,24000.0,PE,1148.5,1148.5,22780.25,320060,3217,65
2026-09-28,IDO,2026-10-06,25800.0,PE,2890.0,2986.24,22780.25,1235,2,65
2026-09-28,IDO,2026-10-13,20650.0,PE,0.7,0.18,22780.25,0,0,65
2026-09-28,IDO,2026-10-13,21050.0,PE,2.5,1.32,22780.25,0,0,65
2026-09-28,IDO,2026-10-13,21750.0,PE,29.5,29.5,22780.25,8645,165,65
2026-09-28,IDO,2026-10-13,23350.0,PE,545.9,621.06,22780.25,10075,54,65
2026-09-28,IDO,2026-10-13,23650.0,PE,739.7,865.15,22780.25,6825,5,65
2026-09-28,IDO,2026-10-13,25000.0,PE,1710.0,2159.48,22780.25,455,0,65
2026-09-28,IDO,2026-09-29,26350.0,CE,0.4,0.4,22780.25,11180,1145,65
2026-09-28,IDO,2026-09-29,26550.0,CE,0.4,0.4,22780.25,9425,884,65
2026-09-28,IDO,2026-09-29,27200.0,CE,0.4,0.4,22780.25,309400,13493,65
2026-09-28,IDO,2026-09-29,34500.0,CE,0.25,0.25,22780.25,16705,872,65
2026-09-28,IDO,2026-10-06,20550.0,CE,3624.65,2256.94,22780.25,0,0,65
2026-09-28,IDO,2026-10-06,21150.0,CE,3029.15,1657.82,22780.25,0,0,65
2026-09-28,IDO,2026-10-06,22850.0,CE,176.65,176.65,22780.25,598260,67968,65
2026-09-28,IDO,2026-10-06,23250.0,CE,43.05,43.05,22780.25,656435,54813,65
2026-09-28,IDO,2026-10-06,23400.0,CE,25.35,25.35,22780.25,2333890,124304,65
2026-09-28,IDO,2026-10-06,23550.0,CE,15.55,15.55,22780.25,562770,40243,65
2026-09-28,IDO,2026-10-06,24750.0,CE,1.8,1.8,22780.25,72020,5811,65
2026-09-28,IDO,2026-10-13,20750.0,CE,3001.55,2081.06,22780.25,0,0,65
2026-09-28,IDO,2026-11-03,24200.0,CE,40.0,40.0,22780.25,195,3,65
2026-09-28,IDO,2026-11-23,20700.0,CE,3951.1,2304.99,22780.25,0,0,65
2026-09-28,IDO,2031-06-24,27000.0,PE,1653.15,1764.18,22780.25,0,0,65
2026-09-28,IDO,2029-12-24,28500.0,PE,1255.9,2851.56,22780.25,0,0,65
2026-09-28,IDO,2029-12-24,27000.0,PE,1177.9,2183.02,22780.25,0,0,65
2026-09-28,IDO,2029-12-24,22500.0,PE,225.7,756.72,22780.25,0,0,65
2026-09-28,IDO,2029-06-26,33000.0,PE,3022.85,5841.21,22780.25,0,0,65
2026-09-28,IDO,2029-06-26,28500.0,PE,1349.1,3090.94,22780.25,0,0,65
2026-09-28,IDO,2028-12-26,25500.0,PE,648.2,1822.89,22780.25,0,0,65
2026-09-28,IDO,2028-12-26,15000.0,PE,22.25,13.15,22780.25,0,0,65
2026-09-28,IDO,2028-06-27,24000.0,PE,680.05,1282.15,22780.25,65,0,65
2026-09-28,IDO,2027-12-28,21000.0,PE,323.15,323.15,22780.25,59615,189,65
2026-09-28,IDO,2027-12-28,17000.0,PE,72.55,72.55,22780.25,17775,8,65
2026-09-28,IDO,2027-06-29,25500.0,PE,667.15,2207.53,22780.25,0,0,65
2026-09-28,IDO,2027-06-29,21000.0,PE,227.1,227.1,22780.25,31880,273,65
2026-09-28,IDO,2026-11-23,25550.0,PE,1282.8,2552.1,22780.25,0,0,65
2026-09-28,IDO,2026-11-23,24800.0,PE,1700.0,1862.59,22780.25,5395,1,65
2026-09-28,IDO,2026-11-23,24700.0,PE,1645.0,1774.86,22780.25,3770,4,65
2026-09-28,IDO,2026-11-23,23900.0,PE,984.75,984.75,22780.25,13065,108,65
2026-09-28,IDO,2026-11-23,23700.0,PE,836.25,836.25,22780.25,36660,177,65
2026-09-28,IDO,2026-11-23,23500.0,PE,703.5,703.5,22780.25,571155,3897,65
2026-09-28,IDO,2026-11-23,23100.0,PE,480.95,480.95,22780.25,39390,940,65
2026-09-28,IDO,2026-11-23,22800.0,PE,353.95,353.95,22780.25,276835,7366,65
2026-09-28,IDO,2026-11-23,22150.0,PE,177.0,233.11,22780.25,7800,40,65
2026-09-28,IDO,2026-11-23,22050.0,PE,159.45,207.37,22780.25,10985,66,65
2026-09-28,IDO,2026-11-23,21950.0,PE,137.55,137.55,22780.25,2340,18,65
2026-09-28,IDO,2026-11-23,21350.0,PE,83.35,83.35,22780.25,7735,47,65
2026-09-28,IDO,2026-11-23,21000.0,PE,56.55,56.55,22780.25,150475,4689,65
2026-09-28,IDO,2026-11-23,20650.0,PE,8.3,22.99,22780.25,0,0,65
2026-09-28,IDO,2026-11-03,25000.0,PE,1577.95,2084.67,22780.25,0,0,65
2026-09-28,IDO,2026-11-03,24900.0,PE,1490.95,1989.55,22780.25,0,0,65
2026-09-28,IDO,2026-11-03,24700.0,PE,1321.8,1801.77,22780.25,0,0,65
2026-09-28,IDO,2026-11-03,22300.0,PE,158.9,158.9,22780.25,3705,97,65
2026-09-28,IDO,2026-11-03,21850.0,PE,48.85,100.46,22780.25,0,0,65
2026-09-28,IDO,2026-11-03,21800.0,PE,44.45,92.03,22780.25,0,0,65
2026-09-28,IDO,2026-11-03,21650.0,PE,33.15,70.03,22780.25,0,0,65
2026-09-28,IDO,2026-11-03,21400.0,PE,19.6,42.83,22780.25,0,0,65
2026-09-28,IDO,2026-11-03,21200.0,PE,12.5,27.93,22780.25,0,0,65
2026-09-28,IDO,2026-11-03,20700.0,PE,3.55,8.3,22780.25,0,0,65
2026-09-28,IDO,2026-10-27,26400.0,PE,3430.0,3495.88,22780.25,130,1,65
2026-09-28,IDO,2026-10-27,26250.0,PE,3000.0,3346.71,22780.25,260,0,65
2026-09-28,IDO,2026-10-27,25700.0,PE,2740.1,2800.63,22780.25,5850,52,65
2026-09-28,IDO,2026-10-27,23800.0,PE,913.95,913.95,22780.25,530335,4894,65
2026-09-28,IDO,2026-10-27,23750.0,PE,837.8,837.8,22780.25,15015,112,65
2026-09-28,IDO,2026-10-27,23150.0,PE,440.2,440.2,22780.25,41470,934,65
2026-09-28,IDO,2026-10-27,22950.0,PE,337.9,337.9,22780.25,69875,2645,65
2026-09-28,IDO,2026-10-27,22900.0,PE,315.9,315.9,22780.25,744445,28885,65
2026-09-28,IDO,2026-10-27,22000.0,PE,87.8,87.8,22780.25,3127865,84990,65
2026-09-28,IDO,2026-10-27,21950.0,PE,81.3,81.3,22780.25,15405,444,65
2026-09-28,IDO,2026-10-27,21900.0,PE,77.05,77.05,22780.25,338650,11409,65
2026-09-28,IDO,2026-10-27,21600.0,PE,50.35,50.35,22780.25,154440,3943,65
2026-09-28,IDO,2026-10-19,24600.0,PE,1500.0,1745.39,22780.25,325,5,65
2026-09-28,IDO,2026-10-19,24550.0,PE,1372.75,1696.94,22780.25,0,0,65
2026-09-28,IDO,2026-10-19,24200.0,PE,1040.0,1364.01,22780.25,65,0,65
2026-09-28,IDO,2026-10-19,23400.0,PE,586.25,586.25,22780.25,10075,85,65
2026-09-28,IDO,2026-10-19,21950.0,PE,56.55,56.55,22780.25,260,8,65
2026-09-28,IDO,2026-10-19,21850.0,PE,52.35,49.76,22780.25,0,0,65
2026-09-28,IDO,2026-10-27,25400.0,PE,2455.0,2455.0,22780.25,3185,40,65
2026-09-28,IDO,2026-10-13,24400.0,CE,6.05,6.05,22780.25,86450,2327,65
2026-09-28,IDO,2026-10-13,24800.0,CE,3.75,3.75,22780.25,36140,466,65
2026-09-28,IDO,2026-10-19,20650.0,CE,2584.0,2201.58,22780.25,0,0,65
2026-09-28,IDO,2026-10-19,20850.0,CE,2387.15,2003.48,22780.25,0,0,65
2026-09-28,IDO,2026-10-19,21100.0,CE,2143.1,1757.61,22780.25,0,0,65
2026-09-28,IDO,2026-10-19,21400.0,CE,1855.05,1467.65,22780.25,0,0,65
2026-09-28,IDO,2026-10-19,21900.0,CE,1396.0,1011.03,22780.25,0,0,65
2026-09-28,IDO,2026-10-19,22200.0,CE,1140.8,765.6,22780.25,0,0,65
2026-09-28,IDO,2026-10-19,22550.0,CE,508.6,519.77,22780.25,455,8,65
2026-09-28,IDO,2026-10-19,23000.0,CE,230.0,230.0,22780.25,53495,2045,65
2026-09-28,IDO,2026-10-19,24550.0,CE,9.0,9.0,22780.25,1430,3,65
2026-09-28,IDO,2026-10-27,20650.0,CE,3662.6,2230.96,22780.25,0,0,65
2026-09-28,IDO,2026-10-27,20700.0,CE,3614.75,2181.82,22780.25,0,0,65
2026-09-28,IDO,2026-10-27,20950.0,CE,3376.9,1937.73,22780.25,0,0,65
2026-09-28,IDO,2026-10-27,21250.0,CE,3095.5,1650.34,22780.25,0,0,65
2026-09-28,IDO,2026-10-27,21450.0,CE,2911.0,1464.0,22780.25,0,0,65
2026-09-28,IDO,2026-10-27,21700.0,CE,1250.0,1239.73,22780.25,195,2,65
2026-09-28,IDO,2026-10-27,21900.0,CE,1100.0,1069.44,22780.25,1690,31,65
2026-09-28,IDO,2026-10-27,22200.0,CE,832.85,832.85,22780.25,4290,85,65
2026-09-28,IDO,2026-10-27,22900.0,CE,336.8,336.8,22780.25,441285,19066,65
2026-09-28,IDO,2026-10-27,23300.0,CE,155.45,155.45,22780.25,2892825,33096,65
2026-09-28,IDO,2026-10-27,24350.0,CE,15.25,15.25,22780.25,79885,1135,65
2026-09-28,IDO,2026-10-27,26150.0,CE,4.85,0.47,22780.25,455,0,65
2026-09-28,IDO,2026-10-27,26550.0,CE,1.9,0.14,22780.25,650,0,65
2026-09-28,IDO,2026-10-27,26800.0,CE,1.05,0.06,22780.25,390,13,65
2026-09-28,IDO,2026-10-27,26950.0,CE,4.25,0.04,22780.25,780,0,65
2026-09-28,IDO,2026-11-03,20750.0,CE,2724.4,2168.45,22780.25,0,0,65
2026-09-28,IDO,2026-11-03,21600.0,CE,1906.05,1377.97,22780.25,0,0,65
2026-09-28,IDO,2026-11-03,21850.0,CE,1676.7,1166.27,22780.25,0,0,65
2026-09-28,IDO,2026-11-03,21950.0,CE,1587.3,1085.52,22780.25,0,0,65
2026-09-28,IDO,2026-11-03,23200.0,CE,236.15,236.15,22780.25,4745,104,65
2026-09-28,IDO,2026-11-03,23850.0,CE,341.7,141.45,22780.25,0,0,65
2026-09-28,IDO,2026-11-03,25100.0,CE,10.8,10.8,22780.25,13260,401,65
2026-09-28,IDO,2026-11-23,21200.0,CE,3469.95,1845.73,22780.25,0,0,65
2026-09-28,IDO,2026-11-23,21550.0,CE,3139.0,1543.09,22780.25,0,0,65
2026-09-28,IDO,2026-11-23,22050.0,CE,1497.25,1150.06,22780.25,195,0,65
2026-09-28,IDO,2026-11-23,22550.0,CE,971.5,812.97,22780.25,260,0,65
2026-09-28,IDO,2026-11-23,22900.0,CE,516.55,516.55,22780.25,11895,499,65
2026-09-28,IDO,2026-11-23,24400.0,CE,53.6,53.6,22780.25,75790,2277,65
2026-09-28,IDO,2026-11-23,24700.0,CE,34.2,34.2,22780.25,40560,825,65
2026-09-28,IDO,2026-11-23,25000.0,CE,23.8,23.8,22780.25,1046890,12348,65
2026-09-28,IDO,2026-11-23,25350.0,CE,514.1,38.3,22780.25,0,0,65
2026-09-28,IDO,2026-11-23,26050.0,CE,10.5,10.5,22780.25,2405,31,65
2026-09-28,IDO,2026-12-29,23000.0,CE,655.55,655.55,22780.25,1326805,13321,65
2026-09-28,IDO,2027-06-29,19000.0,CE,7800.0,4716.04,22780.25,75,0,65
2026-09-28,IDO,2027-06-29,31500.0,CE,769.15,30.21,22780.25,0,0,65
2026-09-28,IDO,2028-06-27,18000.0,CE,6809.35,6744.68,22780.25,0,0,65
2026-09-28,IDO,2029-06-26,28500.0,CE,4213.3,1904.1,22780.25,0,0,65
2026-09-28,IDO,2029-06-26,30000.0,CE,5268.4,1479.54,22780.25,0,0,65
2026-09-28,IDO,2029-12-24,15000.0,CE,13369.45,10579.84,22780.25,0,0,65
2026-09-28,IDO,2029-12-24,31500.0,CE,3429.3,1548.68,22780.25,0,0,65
2026-09-28,IDO,2030-06-25,22500.0,CE,9012.4,5745.36,22780.25,0,0,65
2026-09-28,IDO,2030-12-31,30000.0,CE,5227.2,2909.04,22780.25,0,0,65
2026-09-28,IDO,2031-06-24,24000.0,CE,7181.9,5953.95,22780.25,0,0,65
2026-09-28,IDO,2026-09-29,20550.0,PE,18.75,0.0,22780.25,0,0,65
2026-09-28,IDO,2026-09-29,21300.0,PE,0.7,0.7,22780.25,197795,42550,65
2026-09-28,IDO,2026-09-29,21350.0,PE,0.7,0.7,22780.25,851435,104335,65
2026-09-28,IDO,2026-09-29,21550.0,PE,1.05,1.05,22780.25,215670,88972,65
2026-09-28,IDO,2026-09-29,21850.0,PE,1.25,1.25,22780.25,743795,223786,65
2026-09-28,IDO,2026-09-29,22150.0,PE,2.35,2.35,22780.25,1089270,351731,65
2026-09-28,IDO,2026-09-29,22800.0,PE,71.45,71.45,22780.25,11000730,11147805,65
2026-09-28,IDO,2026-09-29,22950.0,PE,166.7,166.7,22780.25,2313805,2867554,65
2026-09-28,IDO,2026-09-29,24700.0,PE,1893.3,1893.3,22780.25,117845,913,65
2026-09-28,IDO,2026-09-29,25800.0,PE,2991.95,2991.95,22780.25,11700,186,65
2026-09-28,IDO,2026-09-29,26650.0,PE,2517.6,3865.42,22780.25,0,0,65
2026-09-28,IDO,2026-09-29,26800.0,PE,4012.95,4015.4,22780.25,390,24,65
2026-09-28,IDO,2026-09-29,27100.0,PE,2914.15,4315.35,22780.25,0,0,65
2026-09-28,IDO,2026-09-29,30000.0,PE,7209.6,7209.6,22780.25,69615,591,65
2026-09-28,IDO,2026-10-06,20500.0,PE,4.3,4.3,22780.25,213330,5187,65
2026-09-28,IDO,2026-10-06,22700.0,PE,118.25,118.25,22780.25,1339325,135990,65
2026-09-28,IDO,2026-10-06,23000.0,PE,256.2,256.2,22780.25,2096705,173522,65
2026-09-28,IDO,2026-10-06,24300.0,PE,1438.8,1438.8,22780.25,42965,540,65
2026-09-28,IDO,2026-10-06,24650.0,PE,1450.0,1837.81,22780.25,3900,0,65
2026-09-28,IDO,2026-10-06,25400.0,PE,2500.0,2586.76,22780.25,1430,21,65
2026-09-28,IDO,2026-10-06,25450.0,PE,1346.9,2636.69,22780.25,0,0,65
2026-09-28,IDO,2026-10-06,25650.0,PE,2795.5,2836.43,22780.25,260,4,65
2026-09-28,IDO,2026-10-13,20550.0,PE,0.5,0.1,22780.25,0,0,65
2026-09-28,IDO,2026-10-13,21650.0,PE,24.3,24.3,22780.25,325,17,65
2026-09-28,IDO,2026-10-13,21950.0,PE,40.15,40.15,22780.25,7670,251,65
2026-09-28,IDO,2026-10-13,22800.0,PE,204.0,204.0,22780.25,512005,20591,65
2026-09-28,IDO,2026-10-13,23100.0,PE,359.9,359.9,22780.25,164320,3937,65
2026-09-28,IDO,2026-10-13,23750.0,PE,549.9,952.75,22780.25,4810,0,65
2026-09-28,IDO,2026-10-13,24900.0,PE,1237.05,2060.01,22780.25,0,0,65
2026-09-28,IDO,2026-10-13,25050.0,PE,1363.6,2209.24,22780.25,0,0,65
2026-09-28,IDO,2026-10-13,25100.0,PE,1406.65,2259.03,22780.25,0,0,65
2026-09-28,IDO,2026-10-19,21000.0,PE,17.2,17.2,22780.25,5330,85,65
2026-09-28,IDO,2026-10-19,22050.0,PE,71.25,79.51,22780.25,975,29,65
2026-09-28,IDO,2026-10-19,22650.0,PE,186.3,186.3,22780.25,7085,96,65
2026-09-28,IDO,2026-10-19,23250.0,PE,473.55,473.55,22780.25,2600,48,65
2026-09-28,IDO,2026-10-19,23450.0,PE,646.75,723.39,22780.25,3900,20,65
2026-09-28,IDO,2026-10-19,23600.0,PE,743.5,743.5,22780.25,3770,22,65
2026-09-28,IDO,2026-10-19,23900.0,PE,777.4,1091.83,22780.25,0,0,65
2026-09-28,IDO,2026-10-19,24100.0,PE,1001.35,1271.59,22780.25,0,0,65
2026-09-28,IDO,2026-10-19,24300.0,PE,1400.0,1400.0,22780.25,975,15,65
2026-09-28,IDO,2026-10-19,24750.0,PE,1549.95,1891.62,22780.25,0,0,65
2026-09-28,IDO,2026-10-27,20600.0,PE,15.8,3.11,22780.25,0,0,65
2026-09-28,IDO,2026-10-27,20950.0,PE,26.85,9.01,22780.25,0,0,65
2026-09-28,IDO,2026-10-27,21200.0,PE,30.8,30.8,22780.25,36010,1464,65
2026-09-28,IDO,2026-10-27,23200.0,PE,468.2,468.2,22780.25,2397265,20924,65
2026-09-28,IDO,2026-10-27,23700.0,PE,827.8,827.8,22780.25,432185,3833,65
2026-09-28,IDO,2026-10-27,24450.0,PE,1560.0,1587.99,22780.25,9360,27,65
2026-09-28,IDO,2026-10-27,25800.0,PE,2845.85,2845.85,22780.25,9750,137,65
2026-09-28,IDO,2026-10-13,24350.0,CE,6.95,6.95,22780.25,14950,275,65
2026-09-28,IDO,2026-10-19,20550.0,CE,2682.75,2300.9,22780.25,0,0,65
2026-09-28,IDO,2026-10-19,20950.0,CE,2289.2,1904.83,22780.25,0,0,65
2026-09-28,IDO,2026-10-19,21750.0,CE,1530.05,1143.01,22780.25,0,0,65
2026-09-28,IDO,2026-10-19,22000.0,CE,957.65,957.65,22780.25,390,9,65
2026-09-28,IDO,2026-10-19,22250.0,CE,1100.2,727.57,22780.25,0,0,65
2026-09-28,IDO,2026-10-19,23950.0,CE,186.0,47.88,22780.25,65,0,65
2026-09-28,IDO,2026-10-27,20800.0,CE,3519.25,2083.82,22780.25,0,0,65
2026-09-28,IDO,2026-10-27,21800.0,CE,1174.05,1174.05,22780.25,10075,135,65
2026-09-28,IDO,2026-10-27,21950.0,CE,1080.0,1028.37,22780.25,65,1,65
2026-09-28,IDO,2026-10-27,22650.0,CE,490.75,490.75,22780.25,11505,289,65
2026-09-28,IDO,2026-10-27,23250.0,CE,171.65,171.65,22780.25,101400,3102,65
2026-09-28,IDO,2031-06-24,21000.0,PE,450.5,446.92,22780.25,0,0,65
2026-09-28,IDO,2030-06-25,31500.0,PE,2056.3,4080.07,22780.25,0,0,65
2026-09-28,IDO,2028-12-26,20000.0,PE,272.85,272.85,22780.25,5480,5,65
2026-09-28,IDO,2028-06-27,16500.0,PE,3.8,28.17,22780.25,0,0,65
2026-09-28,IDO,2026-10-19,22900.0,CE,284.95,284.95,22780.25,42380,1250,65
2026-09-28,IDO,2027-12-28,23000.0,PE,707.5,707.5,22780.25,125285,672,65
2026-09-28,IDO,2027-06-29,30000.0,PE,4000.0,5904.27,22780.25,455,0,65
2026-09-28,IDO,2027-06-29,28500.0,PE,1807.05,4564.35,22780.25,0,0,65
2026-09-28,IDO,2027-03-30,15000.0,PE,25.95,25.95,22780.25,5135,9,65
2026-09-28,IDO,2026-12-29,29000.0,PE,5629.15,5629.15,22780.25,319750,498,65
2026-09-28,IDO,2026-12-29,27000.0,PE,3704.15,3704.15,22780.25,1443200,2348,65
2026-09-28,IDO,2026-12-29,22500.0,PE,312.35,312.35,22780.25,1770730,16446,65
2026-09-28,IDO,2026-12-29,17000.0,PE,16.05,16.05,22780.25,220165,446,65
2026-09-28,IDO,2026-11-23,25750.0,PE,1419.55,2742.67,22780.25,0,0,65
2026-09-28,IDO,2026-11-23,24950.0,PE,915.05,1996.39,22780.25,0,0,65
2026-09-28,IDO,2026-11-23,24850.0,PE,860.35,1906.91,22780.25,0,0,65
2026-09-28,IDO,2026-11-23,24350.0,PE,1134.85,1478.59,22780.25,4030,0,65
2026-09-28,IDO,2026-11-23,22100.0,PE,164.85,164.85,22780.25,32890,766,65
2026-09-28,IDO,2026-11-23,21500.0,PE,88.5,88.5,22780.25,386425,7289,65
2026-09-28,IDO,2026-11-03,25150.0,PE,1711.15,2228.58,22780.25,0,0,65
2026-09-28,IDO,2026-11-03,24300.0,PE,1010.0,1439.5,22780.25,65,1,65
2026-09-28,IDO,2026-11-03,24200.0,PE,934.1,1352.54,22780.25,0,0,65
2026-09-28,IDO,2026-11-03,23350.0,PE,608.5,701.91,22780.25,715,2,65
2026-09-28,IDO,2026-11-03,23050.0,PE,427.35,521.7,22780.25,1300,10,65
2026-09-28,IDO,2026-11-03,22400.0,PE,181.65,181.65,22780.25,2080,33,65
2026-09-28,IDO,2026-11-03,22150.0,PE,131.8,131.8,22780.25,1885,20,65
2026-09-28,IDO,2026-11-03,21900.0,PE,53.6,109.47,22780.25,0,0,65
2026-09-28,IDO,2026-11-03,21700.0,PE,60.45,76.84,22780.25,455,2,65
2026-09-28,IDO,2026-11-03,20750.0,PE,4.05,9.46,22780.25,0,0,65
2026-09-28,IDO,2026-11-03,20600.0,PE,2.7,6.34,22780.25,0,0,65
2026-09-28,IDO,2026-10-27,27100.0,PE,3809.35,4192.39,22780.25,260,0,65
2026-09-28,IDO,2026-10-27,27050.0,PE,2764.35,4142.63,22780.25,0,0,65
2026-09-28,IDO,2026-10-27,26800.0,PE,3531.05,3893.84,22780.25,325,2,65
2026-09-28,IDO,2026-10-27,26650.0,PE,2415.2,3744.58,22780.25,0,0,65
2026-09-28,IDO,2026-10-27,26450.0,PE,3460.0,3460.0,22780.25,195,3,65
2026-09-28,IDO,2026-10-27,25850.0,PE,1093.8,2949.35,22780.25,65,0,65
2026-09-28,IDO,2026-10-27,25550.0,PE,2567.2,2652.17,22780.25,845,13,65
2026-09-28,IDO,2026-10-27,24500.0,PE,1568.45,1568.45,22780.25,1414465,11150,65
2026-09-28,IDO,2026-10-27,24400.0,PE,1472.65,1472.65,22780.25,136825,546,65
2026-09-28,IDO,2026-10-27,24350.0,PE,1373.9,1373.9,22780.25,14625,38,65
2026-09-28,IDO,2026-10-27,23850.0,PE,980.0,1059.28,22780.25,13325,79,65
2026-09-28,IDO,2026-10-27,23550.0,PE,712.4,712.4,22780.25,20670,287,65
2026-09-28,IDO,2026-10-27,22700.0,PE,239.35,239.35,22780.25,680875,20240,65
2026-09-28,IDO,2026-10-27,22550.0,PE,193.35,193.35,22780.25,46280,1486,65
2026-09-28,IDO,2026-10-27,21850.0,PE,71.35,71.35,22780.25,33280,802,65
2026-09-28,IDO,2026-10-27,21300.0,PE,34.7,34.7,22780.25,48490,2149,65
2026-09-28,IDO,2026-10-27,21050.0,PE,31.05,11.92,22780.25,0,0,65
2026-09-28,IDO,2026-10-27,20850.0,PE,21.95,21.95,22780.25,1820,40,65
2026-09-28,IDO,2026-10-19,25100.0,PE,1872.7,2236.4,22780.25,0,0,65
2026-09-28,IDO,2026-10-19,25000.0,PE,1779.1,2137.52,22780.25,0,0,65
2026-09-28,IDO,2026-10-19,24350.0,PE,1202.45,1505.16,22780.25,0,0,65
2026-09-28,IDO,2026-10-19,24150.0,PE,1040.4,1317.62,22780.25,0,0,65
2026-09-28,IDO,2026-10-19,23700.0,PE,548.25,920.7,22780.25,2210,0,65
2026-09-28,IDO,2026-10-19,22450.0,PE,133.7,133.7,22780.25,3770,57,65
2026-09-28,IDO,2026-10-19,22200.0,PE,88.45,88.45,22780.25,5590,266,65
2026-09-28,IDO,2026-10-13,25200.0,PE,1494.1,2358.66,22780.25,0,0,65
2026-09-28,IDO,2026-10-13,24600.0,PE,1680.0,1762.63,22780.25,2925,50,65
2026-09-28,IDO,2026-10-13,24400.0,PE,1480.0,1565.98,22780.25,1300,15,65
2026-09-28,IDO,2026-10-13,24300.0,PE,1411.65,1411.65,22780.25,2925,25,65
2026-09-28,IDO,2026-10-13,24050.0,PE,621.65,1228.6,22780.25,0,0,65
2026-09-28,IDO,2026-10-13,23550.0,PE,723.95,780.39,22780.25,7085,54,65
2026-09-28,IDO,2026-10-13,23400.0,PE,580.4,580.4,22780.25,75920,1671,65
2026-09-28,IDO,2026-10-13,22750.0,PE,187.1,187.1,22780.25,49725,1968,65
2026-09-28,IDO,2026-10-13,22450.0,PE,103.85,103.85,22780.25,23335,953,65
2026-09-28,IDO,2026-10-13,22350.0,PE,85.95,85.95,22780.25,24505,1087,65
2026-09-28,IDO,2026-10-06,24900.0,PE,2040.0,2040.0,22780.25,130,2,65
2026-09-28,IDO,2026-10-06,23500.0,PE,663.85,663.85,22780.25,924560,18207,65
2026-09-28,IDO,2026-10-06,23150.0,PE,360.95,360.95,22780.25,155155,11573,65
2026-09-28,IDO,2026-10-06,21800.0,PE,14.55,14.55,22780.25,909740,40881,65
2026-09-28,IDO,2026-10-06,21700.0,PE,12.2,12.2,22780.25,986245,34761,65
2026-09-28,IDO,2026-10-06,21600.0,PE,10.55,10.55,22780.25,577850,28163,65
2026-09-28,IDO,2026-09-29,27050.0,PE,2869.35,4265.36,22780.25,0,0,65
2026-09-28,IDO,2026-09-29,26500.0,PE,3695.6,3695.6,22780.25,363025,6669,65
2026-09-28,IDO,2026-09-29,26200.0,PE,3400.0,3400.0,22780.25,29770,289,65
2026-09-28,IDO,2026-09-29,25850.0,PE,2809.85,3065.55,22780.25,845,0,65
2026-09-28,IDO,2026-09-29,24800.0,PE,1993.65,1993.65,22780.25,162695,1552,65
2026-09-28,IDO,2026-09-29,24450.0,PE,1639.75,1639.75,22780.25,66755,256,65
2026-09-28,IDO,2026-09-29,23650.0,PE,841.6,841.6,22780.25,120900,2887,65
2026-09-28,IDO,2026-09-29,23600.0,PE,790.2,790.2,22780.25,605735,10130,65
2026-09-28,IDO,2026-09-29,23000.0,PE,207.3,207.3,22780.25,6009365,3479827,65
2026-09-28,IDO,2026-09-29,22900.0,PE,129.1,129.1,22780.25,5027100,6966105,65
2026-09-28,IDO,2031-06-24,30000.0,CE,4459.9,3372.1,22780.25,0,0,65
2026-09-28,IDO,2031-06-24,18000.0,CE,10825.95,9592.83,22780.25,0,0,65
2026-09-28,IDO,2030-12-31,25500.0,CE,7639.65,4705.52,22780.25,0,0,65
2026-09-28,IDO,2030-12-31,19500.0,CE,11601.15,8156.06,22780.25,0,0,65
2026-09-28,IDO,2029-12-24,21000.0,CE,9463.95,6136.22,22780.25,0,0,65
2026-09-28,IDO,2029-06-26,25500.0,CE,5917.35,3048.48,22780.25,0,0,65
2026-09-28,IDO,2028-06-27,27000.0,CE,1935.0,1346.02,22780.25,65,0,65
2026-09-28,IDO,2027-12-28,21000.0,CE,4902.4,3747.63,22780.25,0,0,65
2026-09-28,IDO,2027-06-29,19500.0,CE,8143.4,4271.57,22780.25,0,0,65
2026-09-28,IDO,2027-06-29,16500.0,CE,10867.2,7046.55,22780.25,0,0,65
2026-09-28,IDO,2027-06-29,15000.0,CE,5367.85,8474.45,22780.25,0,0,65
2026-09-28,IDO,2027-03-30,30000.0,CE,19.05,19.05,22780.25,162370,311,65
2026-09-28,IDO,2027-03-30,21000.0,CE,2570.6,2570.6,22780.25,20995,118,65
2026-09-28,IDO,2027-03-30,15000.0,CE,8379.85,8247.38,22780.25,0,0,65
2026-09-28,IDO,2026-12-29,25500.0,CE,40.25,40.25,22780.25,982670,10183,65
2026-09-28,IDO,2026-12-29,19500.0,CE,7586.85,3597.54,22780.25,0,0,65
2026-09-28,IDO,2026-11-23,25900.0,CE,12.45,16.59,22780.25,1885,1,65
2026-09-28,IDO,2026-11-23,25300.0,CE,532.0,41.17,22780.25,0,0,65
2026-09-28,IDO,2026-11-23,24800.0,CE,29.5,29.5,22780.25,64805,2514,65
2026-09-28,IDO,2026-11-23,24300.0,CE,63.35,63.35,22780.25,116675,2211,65
2026-09-28,IDO,2026-11-23,22300.0,CE,912.1,973.02,22780.25,520,18,65
2026-09-28,IDO,2026-11-23,21950.0,CE,2769.65,1223.78,22780.25,0,0,65
2026-09-28,IDO,2026-11-23,21100.0,CE,3565.5,1935.41,22780.25,0,0,65
2026-09-28,IDO,2026-11-03,24850.0,CE,96.3,26.7,22780.25,0,0,65
2026-09-28,IDO,2026-11-03,24650.0,CE,127.55,38.6,22780.25,0,0,65
2026-09-28,IDO,2026-11-03,24000.0,CE,51.85,51.85,22780.25,45240,1020,65
2026-09-28,IDO,2026-11-03,23950.0,CE,305.7,122.1,22780.25,0,0,65
2026-09-28,IDO,2026-11-03,21800.0,CE,1721.95,1207.54,22780.25,0,0,65
2026-09-28,IDO,2026-11-03,21100.0,CE,2382.6,1833.44,22780.25,0,0,65
2026-09-28,IDO,2026-11-03,21050.0,CE,2431.1,1880.69,22780.25,0,0,65
2026-09-28,IDO,2026-11-03,20800.0,CE,2675.3,2120.06,22780.25,0,0,65
2026-09-28,IDO,2026-10-27,26450.0,CE,8.15,0.19,22780.25,520,0,65
2026-09-28,IDO,2026-10-27,24600.0,CE,11.5,11.5,22780.25,635050,13578,65
2026-09-28,IDO,2026-10-27,24100.0,CE,25.85,25.85,22780.25,835055,19114,65
2026-09-28,IDO,2026-10-27,23650.0,CE,70.35,70.35,22780.25,84435,2893,65
2026-09-28,IDF,2026-10-27,,,22910.7,22910.7,22780.25,13541970,83237,65
2026-09-28,IDO,2026-09-29,20900.0,CE,3317.65,1883.65,22780.25,0,0,65
2026-09-28,IDO,2026-09-29,21000.0,CE,1815.05,1815.05,22780.25,239785,2293,65
2026-09-28,IDO,2026-09-29,21450.0,CE,2809.7,1333.73,22780.25,0,0,65
2026-09-28,IDO,2026-09-29,21550.0,CE,2719.75,1233.75,22780.25,0,0,65
2026-09-28,IDO,2026-09-29,21600.0,CE,1223.0,1223.0,22780.25,15080,694,65
2026-09-28,IDO,2026-09-29,21950.0,CE,1267.85,833.82,22780.25,130,0,65
2026-09-28,IDO,2026-09-29,22850.0,CE,60.45,60.45,22780.25,8439730,4317830,65
2026-09-28,IDO,2026-09-29,23100.0,CE,11.2,11.2,22780.25,13638300,3447929,65
2026-09-28,IDO,2026-09-29,24300.0,CE,1.05,1.05,22780.25,5450705,498801,65
2026-09-28,IDO,2026-09-29,25950.0,CE,0.45,0.45,22780.25,23855,887,65
2026-09-28,IDO,2026-10-06,22100.0,CE,772.05,772.05,22780.25,585,15,65
2026-09-28,IDO,2026-10-06,22300.0,CE,583.95,583.95,22780.25,11505,397,65
2026-09-28,IDO,2026-10-06,22350.0,CE,810.65,516.37,22780.25,65,0,65
2026-09-28,IDO,2026-10-06,22400.0,CE,496.55,496.55,22780.25,29185,1185,65
2026-09-28,IDO,2026-10-06,22500.0,CE,416.65,416.65,22780.25,275340,9672,65
2026-09-28,IDO,2026-10-06,22900.0,CE,150.15,150.15,22780.25,1556360,159197,65
2026-09-28,IDO,2026-10-06,23600.0,CE,13.45,13.45,22780.25,1631955,87260,65
2026-09-28,IDO,2026-10-06,23750.0,CE,9.35,9.35,22780.25,491725,30928,65
2026-09-28,IDO,2026-10-06,24900.0,CE,1.95,1.95,22780.25,156975,15493,65
2026-09-28,IDO,2026-10-06,25050.0,CE,2.0,2.0,22780.25,11310,269,65
2026-09-28,IDO,2026-10-06,25250.0,CE,1.85,1.85,22780.25,4810,125,65
2026-09-28,IDO,2026-10-13,20850.0,CE,2902.5,1981.5,22780.25,0,0,65
2026-09-28,IDO,2026-10-13,21450.0,CE,2312.1,1389.6,22780.25,0,0,65
2026-09-28,IDO,2026-10-13,21750.0,CE,2022.25,1103.87,22780.25,0,0,65
2026-09-28,IDO,2026-10-13,21950.0,CE,1832.65,922.17,22780.25,0,0,65
2026-09-28,IDO,2026-10-13,22050.0,CE,1739.4,835.15,22780.25,0,0,65
2026-09-28,IDO,2026-10-13,23450.0,CE,49.1,49.1,22780.25,72280,2877,65
2026-09-28,IDO,2026-10-13,21100.0,CE,2655.45,1733.27,22780.25,0,0,65
2026-09-28,IDO,2026-10-13,21500.0,CE,1411.85,1341.2,22780.25,65,1,65
2026-09-28,IDO,2026-10-13,21650.0,CE,2118.25,1197.72,22780.25,0,0,65
2026-09-28,IDO,2026-10-13,21850.0,CE,1927.0,1011.89,22780.25,0,0,65
2026-09-28,IDO,2026-10-13,23750.0,CE,21.5,21.5,22780.25,62205,2170,65
2026-09-28,IDO,2031-06-24,16500.0,PE,95.65,83.41,22780.25,0,0,65
2026-09-28,IDO,2030-12-31,18000.0,PE,32.3,156.53,22780.25,0,0,65
2026-09-28,IDO,2030-06-25,30000.0,PE,2100.85,3321.05,22780.25,0,0,65
2026-09-28,IDO,2030-06-25,27000.0,PE,1286.05,2030.52,22780.25,0,0,65
2026-09-28,IDO,2030-06-25,22500.0,PE,223.75,732.52,22780.25,0,0,65
2026-09-28,IDO,2030-06-25,18000.0,PE,116.65,150.46,22780.25,0,0,65
2026-09-28,IDO,2030-06-25,15000.0,PE,29.65,30.52,22780.25,0,0,65
2026-09-28,IDO,2029-12-24,15000.0,PE,29.0,25.25,22780.25,65,0,65
2026-09-28,IDO,2027-12-28,27000.0,PE,2440.3,2440.3,22780.25,62490,93,65
2026-09-28,IDO,2027-12-28,16500.0,PE,52.05,13.84,22780.25,130,0,65
2026-09-28,IDO,2027-03-30,27000.0,PE,3301.9,3301.9,22780.25,62400,97,65
2026-09-28,IDO,2026-12-29,31500.0,PE,4059.3,8222.74,22780.25,0,0,65
2026-09-28,IDO,2026-12-29,28000.0,PE,4675.35,4675.35,22780.25,1038940,520,65
2026-09-28,IDO,2026-12-29,21000.0,PE,94.95,94.95,22780.25,2116915,15626,65
2026-09-28,IDO,2026-11-23,25950.0,PE,1562.8,2935.06,22780.25,0,0,65
2026-09-28,IDO,2026-11-23,25400.0,PE,2300.0,2410.65,22780.25,325,4,65
2026-09-28,IDO,2026-11-23,25200.0,PE,1060.25,2224.44,22780.25,0,0,65
2026-09-28,IDO,2026-11-23,23400.0,PE,645.35,645.35,22780.25,101140,550,65
2026-09-28,IDO,2026-11-23,23150.0,PE,498.55,498.55,22780.25,129415,2318,65
2026-09-28,IDO,2026-11-23,23050.0,PE,453.95,453.95,22780.25,5135,129,65
2026-09-28,IDO,2026-11-23,22550.0,PE,284.45,365.47,22780.25,3185,42,65
2026-09-28,IDO,2026-11-23,22200.0,PE,184.35,184.35,22780.25,165165,4391,65
2026-09-28,IDO,2026-11-23,21450.0,PE,79.95,90.7,22780.25,65,1,65
2026-09-28,IDO,2026-11-23,21250.0,PE,22.05,66.41,22780.25,0,0,65
2026-09-28,IDO,2026-11-23,21200.0,PE,66.25,66.25,22780.25,27365,563,65
2026-09-28,IDO,2026-11-03,24650.0,PE,1280.65,1755.42,22780.25,0,0,65
2026-09-28,IDO,2026-11-03,24600.0,PE,1240.0,1709.33,22780.25,0,0,65
2026-09-28,IDO,2026-11-03,24000.0,PE,788.3,1184.1,22780.25,65,0,65
2026-09-28,IDO,2026-11-03,23750.0,PE,639.9,985.58,22780.25,0,0,65
2026-09-28,IDO,2026-11-03,23650.0,PE,463.5,910.27,22780.25,195,0,65
2026-09-28,IDO,2026-11-03,23000.0,PE,380.4,380.4,22780.25,4355,63,65
2026-09-28,IDO,2026-11-03,22750.0,PE,278.4,278.4,22780.25,1430,56,65
2026-09-28,IDO,2026-11-03,22450.0,PE,195.2,253.35,22780.25,1690,34,65
2026-09-28,IDO,2026-11-03,21150.0,PE,11.1,24.97,22780.25,0,0,65
2026-09-28,IDO,2026-11-03,20950.0,PE,27.3,15.63,22780.25,1105,17,65
2026-09-28,IDO,2026-11-03,20900.0,PE,26.4,13.83,22780.25,910,14,65
2026-09-28,IDO,2026-11-03,20650.0,PE,3.1,7.26,22780.25,0,0,65
2026-09-28,IDO,2026-10-27,27000.0,PE,4032.65,4032.65,22780.25,867230,3733,65
2026-09-28,IDO,2026-10-27,26300.0,PE,3379.7,3379.7,22780.25,26260,221,65
2026-09-28,IDO,2026-10-27,25300.0,PE,2283.65,2405.63,22780.25,4095,7,65
2026-09-28,IDO,2026-10-27,24250.0,PE,1370.9,1405.03,22780.25,13130,23,65
2026-09-28,IDO,2026-10-27,24050.0,PE,1180.0,1228.26,22780.25,5135,6,65
2026-09-28,IDO,2026-10-27,23900.0,PE,1005.8,1005.8,22780.25,193700,602,65
2026-09-28,IDO,2026-10-27,23250.0,PE,498.0,498.0,22780.25,65780,875,65
2026-09-28,IDO,2026-10-27,22450.0,PE,167.1,167.1,22780.25,44005,1274,65
2026-09-28,IDO,2026-10-27,22350.0,PE,145.3,145.3,22780.25,48360,1412,65
2026-09-28,IDO,2026-10-27,21800.0,PE,66.95,66.95,22780.25,478985,14873,65
2026-09-28,IDO,2026-10-27,21650.0,PE,54.45,54.45,22780.25,55055,1342,65
2026-09-28,IDO,2026-10-27,21500.0,PE,43.7,43.7,22780.25,1369290,33432,65
2026-09-28,IDO,2026-10-27,21350.0,PE,37.45,37.45,22780.25,313820,2801,65
2026-09-28,IDO,2026-10-27,21250.0,PE,20.25,20.21,22780.25,2665,0,65
2026-09-28,IDO,2026-10-27,20550.0,PE,14.6,2.64,22780.25,0,0,65
2026-09-28,IDO,2026-10-19,25200.0,PE,1967.2,2335.47,22780.25,0,0,65
2026-09-28,IDO,2026-10-19,24450.0,PE,1286.65,1600.61,22780.25,0,0,65
2026-09-28,IDO,2026-10-19,23750.0,PE,746.7,962.55,22780.25,0,0,65
2026-09-28,IDO,2026-10-19,22950.0,PE,304.55,304.55,22780.25,6825,243,65
2026-09-28,IDO,2026-10-19,22500.0,PE,144.15,144.15,22780.25,41340,1631,65
2026-09-28,IDO,2026-10-13,24250.0,PE,1053.4,1420.01,22780.25,195,0,65
2026-09-28,IDO,2026-10-13,22550.0,PE,127.15,127.15,22780.25,17160,1082,65
2026-09-28,IDO,2026-10-13,22500.0,PE,115.65,115.65,22780.25,336700,19724,65
2026-09-28,IDO,2026-10-13,21550.0,PE,21.0,21.0,22780.25,2535,79,65
2026-09-28,IDO,2026-10-13,21450.0,PE,7.65,7.14,22780.25,0,0,65
2026-09-28,IDO,2026-10-13,21400.0,PE,17.3,17.3,22780.25,22555,932,65
2026-09-28,IDO,2026-10-13,21350.0,PE,15.8,15.8,22780.25,15535,470,65
2026-09-28,IDO,2026-10-06,25250.0,PE,2349.0,2436.95,22780.25,130,2,65
2026-09-28,IDO,2026-10-06,24600.0,PE,1736.85,1736.85,22780.25,17225,236,65
2026-09-28,IDO,2026-10-06,24550.0,PE,1661.0,1738.0,22780.25,325,3,65
2026-09-28,IDO,2026-10-06,22850.0,PE,176.2,176.2,22780.25,345930,81207,65
2026-09-28,IDO,2026-10-06,22400.0,PE,52.25,52.25,22780.25,1727050,96440,65
2026-09-28,IDO,2026-10-06,21500.0,PE,9.4,9.4,22780.25,2560805,81012,65
2026-09-28,IDO,2026-10-06,21000.0,PE,5.55,5.55,22780.25,1449175,52953,65
2026-09-28,IDO,2026-10-06,20850.0,PE,5.3,5.3,22780.25,12220,625,65
2026-09-28,IDO,2026-09-29,26600.0,PE,2474.55,3815.43,22780.25,0,0,65
2026-09-28,IDO,2026-09-29,26250.0,PE,2180.0,3465.49,22780.25,0,0,65
2026-09-28,IDO,2026-09-29,26100.0,PE,3291.8,3291.8,22780.25,1430,48,65
2026-09-28,IDO,2026-09-29,25500.0,PE,2692.6,2692.6,22780.25,375440,4880,65
2026-09-28,IDO,2026-09-29,25100.0,PE,2291.9,2291.9,22780.25,56810,491,65
2026-09-28,IDO,2026-09-29,23800.0,PE,988.7,988.7,22780.25,543725,8843,65
2026-09-28,IDO,2026-09-29,23100.0,PE,295.8,295.8,22780.25,4136795,1075717,65
2026-09-28,IDO,2026-09-29,22700.0,PE,36.55,36.55,22780.25,8759855,5507123,65
2026-09-28,IDO,2026-09-29,22000.0,PE,1.75,1.75,22780.25,13209105,1387354,65
2026-09-28,IDO,2030-12-31,33000.0,CE,3948.25,2059.25,22780.25,0,0,65
2026-09-28,IDO,2029-12-24,27000.0,CE,6201.65,2957.08,22780.25,0,0,65
2026-09-28,IDO,2029-06-26,24000.0,CE,8085.35,3784.36,22780.25,0,0,65
2026-09-28,IDO,2028-12-26,33000.0,CE,2477.5,547.4,22780.25,0,0,65
2026-09-28,IDO,2028-12-26,19500.0,CE,9716.4,6096.4,22780.25,0,0,65
2026-09-28,IDO,2028-06-27,21000.0,CE,5226.55,4401.84,22780.25,0,0,65
2026-09-28,IDO,2027-06-29,18000.0,CE,4066.45,5633.25,22780.25,0,0,65
2026-09-28,IDO,2026-12-29,30000.0,CE,5.45,5.45,22780.25,795850,1459,65
2026-09-28,IDO,2026-12-29,24000.0,CE,227.7,227.7,22780.25,2615425,30680,65
2026-09-28,IDO,2026-12-29,15000.0,CE,5977.65,8016.93,22780.25,0,0,65
2026-09-28,IDO,2026-11-23,26100.0,CE,9.75,9.75,22780.25,9165,228,65
2026-09-28,IDO,2026-11-23,25800.0,CE,9.3,9.3,22780.25,910,27,65
2026-09-28,IDO,2026-11-23,25750.0,CE,9.4,9.4,22780.25,520,20,65
2026-09-28,IDO,2026-11-23,25150.0,CE,588.45,50.93,22780.25,0,0,65
2026-09-28,IDO,2026-11-23,25100.0,CE,20.95,20.95,22780.25,49725,639,65
2026-09-28,IDO,2026-11-23,24550.0,CE,45.65,45.65,22780.25,8645,108,65
2026-09-28,IDO,2026-11-23,24350.0,CE,57.55,57.55,22780.25,12350,47,65
2026-09-28,IDO,2026-11-23,24050.0,CE,96.7,96.7,22780.25,14300,246,65
2026-09-28,IDO,2026-11-23,23250.0,CE,333.75,333.75,22780.25,24635,2732,65
2026-09-28,IDO,2026-11-23,22600.0,CE,700.6,700.6,22780.25,1560,54,65
2026-09-28,IDO,2026-11-23,22100.0,CE,1071.3,1113.53,22780.25,1040,13,65
2026-09-28,IDO,2026-11-23,21650.0,CE,3045.65,1460.33,22780.25,0,0,65
2026-09-28,IDO,2026-11-03,24450.0,CE,166.6,54.82,22780.25,0,0,65
2026-09-28,IDO,2026-11-03,24300.0,CE,201.5,70.51,22780.25,0,0,65
2026-09-28,IDO,2026-11-03,23600.0,CE,106.8,106.8,22780.25,7150,89,65
2026-09-28,IDO,2026-11-03,23350.0,CE,198.5,277.03,22780.25,3640,17,65
2026-09-28,IDO,2026-11-03,23250.0,CE,216.1,313.06,22780.25,3770,71,65
2026-09-28,IDO,2026-11-03,22800.0,CE,444.3,444.3,22780.25,1560,52,65
2026-09-28,IDO,2026-11-03,22750.0,CE,475.0,543.49,22780.25,520,8,65
2026-09-28,IDO,2026-11-03,22500.0,CE,1127.65,690.88,22780.25,0,0,65
2026-09-28,IDO,2026-11-03,20500.0,CE,2970.65,2412.24,22780.25,0,0,65
2026-09-28,IDO,2026-10-27,27150.0,CE,1.0,1.0,22780.25,2210,9,65
2026-09-28,IDO,2026-10-27,27050.0,CE,0.6,0.6,22780.25,4095,55,65
2026-09-28,IDO,2026-10-27,25900.0,CE,2.35,2.35,22780.25,27105,262,65
2026-09-28,IDO,2026-10-27,25700.0,CE,2.95,2.95,22780.25,38935,718,65
2026-09-28,IDO,2026-10-27,25550.0,CE,3.35,2.52,22780.25,1365,8,65
2026-09-28,IDO,2026-10-27,24900.0,CE,7.35,7.35,22780.25,221000,1827,65
2026-09-28,IDO,2026-10-27,24450.0,CE,13.6,13.6,22780.25,163865,732,65
2026-09-28,IDO,2026-10-27,24400.0,CE,15.2,15.2,22780.25,573300,7008,65
2026-09-28,IDO,2026-10-27,24000.0,CE,32.35,32.35,22780.25,5348265,97612,65
2026-09-28,IDO,2026-10-27,22850.0,CE,365.3,365.3,22780.25,87230,3559,65
2026-09-28,IDO,2026-10-27,22700.0,CE,457.85,457.85,22780.25,152945,3816,65
2026-09-28,IDO,2026-10-27,22600.0,CE,524.3,524.3,22780.25,40495,1230,65
2026-09-28,IDO,2026-10-27,22400.0,CE,670.8,670.8,22780.25,10270,260,65
2026-09-28,IDO,2026-10-27,22300.0,CE,747.3,747.3,22780.25,3250,205,65
2026-09-28,IDO,2026-10-27,22150.0,CE,882.95,871.05,22780.25,910,63,65
2026-09-28,IDO,2026-10-27,21000.0,CE,1916.05,1916.05,22780.25,160615,2275,65
2026-09-28,IDO,2026-10-27,20750.0,CE,3566.95,2132.77,22780.25,0,0,65
2026-09-28,IDO,2026-10-19,25200.0,CE,3.3,3.3,22780.25,780,14,65
2026-09-28,IDO,2026-10-19,25150.0,CE,3.85,1.82,22780.25,585,4,65
2026-09-28,IDO,2026-10-19,25100.0,CE,5.1,2.14,22780.25,1755,0,65
2026-09-28,IDO,2026-10-19,25050.0,CE,3.95,2.5,22780.25,780,0,65
2026-09-28,IDO,2026-10-19,24700.0,CE,6.7,7.12,22780.25,1560,10,65
2026-09-28,IDO,2026-10-19,24500.0,CE,8.85,8.85,22780.25,51870,736,65
2026-09-28,IDO,2026-10-19,24000.0,CE,20.8,20.8,22780.25,151320,4669,65
2026-09-28,IDO,2026-10-19,23850.0,CE,28.6,28.6,22780.25,13390,249,65
2026-09-28,IDO,2026-10-19,23800.0,CE,31.45,31.45,22780.25,50895,1034,65
2026-09-28,IDO,2026-10-19,23700.0,CE,40.25,40.25,22780.25,68900,1940,65
2026-09-28,IDO,2026-10-19,23650.0,CE,45.6,45.6,22780.25,6695,149,65
2026-09-28,IDO,2026-10-19,23600.0,CE,51.15,51.15,22780.25,41600,1764,65
2026-09-28,IDO,2026-10-19,23400.0,CE,88.6,88.6,22780.25,37440,1069,65
2026-09-28,IDO,2026-10-13,25100.0,CE,3.05,3.05,22780.25,3640,1,65
2026-09-28,IDO,2026-10-13,24750.0,CE,4.15,1.57,22780.25,2210,2,65
2026-09-28,IDO,2026-10-13,24150.0,CE,7.8,7.8,22780.25,5265,118,65
2026-09-28,IDO,2026-09-29,20700.0,CE,3506.75,2083.61,22780.25,0,0,65
2026-09-28,IDO,2026-09-29,21900.0,CE,980.0,883.81,22780.25,585,13,65
2026-09-28,IDO,2026-09-29,22500.0,CE,322.5,322.5,22780.25,849420,86178,65
2026-09-28,IDO,2026-09-29,22950.0,CE,29.95,29.95,22780.25,7702565,3723893,65
2026-09-28,IDO,2026-09-29,23950.0,CE,1.95,1.95,22780.25,1398020,562837,65
2026-09-28,IDO,2026-09-29,24200.0,CE,1.35,1.35,22780.25,5862740,513806,65
2026-09-28,IDO,2026-10-13,24100.0,CE,9.8,9.8,22780.25,38675,1192,65
2026-09-28,IDO,2026-10-13,23350.0,CE,67.4,67.4,22780.25,46085,2490,65
2026-09-28,IDO,2026-10-13,23150.0,CE,119.8,119.8,22780.25,35945,1319,65
2026-09-28,IDO,2026-10-13,22600.0,CE,413.3,413.3,22780.25,7995,292,65
2026-09-28,IDO,2026-10-13,22350.0,CE,1467.3,595.67,22780.25,0,0,65
2026-09-28,IDO,2026-10-13,21700.0,CE,2070.15,1150.59,22780.25,0,0,65
2026-09-28,IDO,2026-10-13,24500.0,CE,5.3,5.3,22780.25,243815,7328,65
2026-09-28,IDO,2026-10-13,24600.0,CE,5.25,5.25,22780.25,37310,862,65
2026-09-28,IDO,2026-10-19,21850.0,CE,1440.3,1054.43,22780.25,0,0,65
2026-09-28,IDO,2026-10-19,22050.0,CE,1266.05,884.86,22780.25,0,0,65
2026-09-28,IDO,2026-10-19,22650.0,CE,430.0,459.03,22780.25,585,9,65
2026-09-28,IDO,2026-10-19,22800.0,CE,341.9,341.9,22780.25,16575,662,65
2026-09-28,IDO,2026-10-19,23250.0,CE,133.25,133.25,22780.25,5330,122,65
2026-09-28,IDO,2026-10-19,23550.0,CE,59.95,59.95,22780.25,7345,458,65
2026-09-28,IDO,2026-10-19,24300.0,CE,112.45,20.83,22780.25,0,0,65
2026-09-28,IDO,2026-10-27,20550.0,CE,3758.6,2329.48,22780.25,0,0,65
2026-09-28,IDO,2026-10-27,20900.0,CE,2000.0,2000.0,22780.25,65,1,65
2026-09-28,IDO,2026-10-27,21200.0,CE,1750.0,1697.67,22780.25,65,1,65
2026-09-28,IDO,2026-10-27,21550.0,CE,2819.8,1372.97,22780.25,0,0,65
2026-09-28,IDO,2026-10-27,22800.0,CE,396.05,396.05,22780.25,603200,21613,65
2026-09-28,IDO,2026-10-27,23200.0,CE,191.85,191.85,22780.25,2319785,29826,65
2026-09-28,IDO,2026-10-27,23450.0,CE,111.7,111.7,22780.25,87230,2723,65
2026-09-28,IDO,2026-10-27,23600.0,CE,78.5,78.5,22780.25,1087840,29330,65
2026-09-28,IDO,2026-10-27,24050.0,CE,28.15,28.15,22780.25,68445,2606,65
2026-09-28,IDO,2026-10-27,24750.0,CE,8.9,8.9,22780.25,34190,281,65
2026-09-28,IDO,2026-10-27,24850.0,CE,7.75,7.75,22780.25,32630,770,65
2026-09-28,IDO,2026-10-27,25750.0,CE,3.0,3.0,22780.25,85865,479,65
2026-09-28,IDO,2026-10-27,25850.0,CE,2.35,1.11,22780.25,585,6,65
2026-09-28,IDO,2026-10-27,26300.0,CE,1.25,1.25,22780.25,31525,275,65
2026-09-28,IDO,2026-11-03,20950.0,CE,2528.5,1975.86,22780.25,0,0,65
2026-09-28,IDO,2026-11-03,21150.0,CE,2334.2,1786.44,22780.25,0,0,65
2026-09-28,IDO,2026-11-03,21900.0,CE,1631.8,1125.59,22780.25,0,0,65
2026-09-28,IDO,2026-11-03,22100.0,CE,1456.1,969.18,22780.25,0,0,65
2026-09-28,IDO,2026-11-03,23450.0,CE,157.9,244.14,22780.25,3575,19,65
2026-09-28,IDO,2026-11-03,22950.0,PE,360.0,360.0,22780.25,455,9,65
2026-09-28,IDF,2026-09-29,,,22819.6,22819.6,22780.25,8852025,69987,65
2026-09-28,IDO,2026-09-29,21500.0,CE,1314.5,1314.5,22780.25,130,4,65
2026-09-28,IDO,2026-09-29,22050.0,CE,765.45,733.83,22780.25,650,7,65
2026-09-28,IDO,2026-09-29,22650.0,CE,188.95,188.95,22780.25,242450,130557,65
2026-09-28,IDO,2026-09-29,23050.0,CE,15.2,15.2,22780.25,6121115,2523858,65
2026-09-28,IDO,2026-09-29,23300.0,CE,5.85,5.85,22780.25,11722750,2135613,65
2026-09-28,IDO,2026-09-29,23600.0,CE,3.25,3.25,22780.25,9541350,1600297,65
2026-09-28,IDO,2026-09-29,24050.0,CE,1.7,1.7,22780.25,2182635,549253,65
2026-09-28,IDO,2026-09-29,24450.0,CE,1.0,1.0,22780.25,355290,47652,65
2026-09-28,IDO,2026-09-29,25150.0,CE,0.65,0.65,22780.25,74165,9618,65
2026-09-28,IDO,2026-09-29,26300.0,CE,0.45,0.45,22780.25,103285,3573,65
2026-09-28,IDO,2026-09-29,26950.0,CE,0.35,0.35,22780.25,15600,458,65
2026-09-28,IDO,2026-09-29,33000.0,CE,0.4,0.4,22780.25,55445,1125,65
2026-09-28,IDO,2026-10-06,20750.0,CE,3425.95,2057.21,22780.25,0,0,65
2026-09-28,IDO,2026-10-06,21050.0,CE,3128.25,1757.64,22780.25,0,0,65
2026-09-28,IDO,2026-10-06,21400.0,CE,2781.95,1408.59,22780.25,0,0,65
2026-09-28,IDO,2026-10-06,21800.0,CE,1053.65,1053.65,22780.25,5915,101,65
2026-09-28,IDO,2026-10-06,21850.0,CE,2340.55,965.72,22780.25,0,0,65
2026-09-28,IDO,2026-10-06,22600.0,CE,337.45,337.45,22780.25,120900,9668,65
2026-09-28,IDO,2026-10-06,23050.0,CE,90.15,90.15,22780.25,863980,48147,65
2026-09-28,IDO,2026-10-06,24050.0,CE,4.9,4.9,22780.25,236860,12305,65
2026-09-28,IDO,2026-10-13,21250.0,CE,2507.8,1585.17,22780.25,0,0,65
2026-09-28,IDO,2026-10-13,21350.0,CE,2409.75,1487.04,22780.25,0,0,65
2026-09-28,IDO,2026-10-13,22550.0,CE,461.3,461.3,22780.25,845,15,65
2026-09-28,IDO,2026-10-13,22850.0,CE,256.4,256.4,22780.25,48880,2477,65
2026-09-28,IDO,2026-10-13,24300.0,CE,7.2,7.2,22780.25,87165,2439,65
2026-09-28,IDO,2026-10-13,24650.0,CE,5.2,5.2,22780.25,8125,98,65
2026-09-28,IDO,2026-10-13,25200.0,CE,3.2,3.2,22780.25,4225,50,65
2026-09-28,IDO,2026-10-13,25350.0,CE,2.2,0.13,22780.25,585,0,65
2026-09-28,IDO,2026-10-13,25400.0,CE,2.35,2.35,22780.25,25935,534,65
2026-09-28,IDO,2026-10-19,21200.0,CE,2046.4,1660.16,22780.25,0,0,65
2026-09-28,IDO,2026-10-19,21650.0,CE,1621.35,1233.69,22780.25,0,0,65
2026-09-28,IDO,2026-10-19,22450.0,CE,944.35,584.88,22780.25,0,0,65
2026-09-28,IDO,2026-10-19,23150.0,CE,165.15,165.15,22780.25,8645,339,65
2026-09-28,IDO,2026-10-19,23900.0,CE,200.65,53.49,22780.25,0,0,65
2026-09-28,IDO,2026-10-19,24050.0,CE,162.9,38.13,22780.25,0,0,65
2026-09-28,IDO,2026-10-19,24200.0,CE,130.85,26.69,22780.25,0,0,65
2026-09-28,IDO,2026-10-19,24600.0,CE,7.7,7.7,22780.25,12675,91,65
2026-09-28,IDO,2026-10-27,20500.0,CE,3806.75,2378.84,22780.25,0,0,65
2026-09-28,IDO,2026-10-27,23500.0,CE,99.05,99.05,22780.25,7724015,102688,65
2026-09-28,IDO,2026-10-27,24250.0,CE,19.5,19.5,22780.25,99970,2633,65
2026-09-28,IDO,2026-10-27,25350.0,CE,4.2,4.23,22780.25,1235,19,65
2026-09-28,IDO,2026-10-27,26200.0,CE,1.65,1.65,22780.25,14300,261,65
2026-09-28,IDO,2026-10-27,26650.0,CE,6.95,0.1,22780.25,390,0,65
2026-09-28,IDO,2026-11-03,21550.0,CE,1952.8,1421.8,22780.25,0,0,65
2026-09-28,IDO,2026-11-03,21700.0,CE,1813.4,1291.73,22780.25,0,0,65
2026-09-28,IDO,2026-11-03,22600.0,CE,1051.2,629.38,22780.25,0,0,65
2026-09-28,IDO,2026-11-03,23150.0,CE,259.25,259.25,22780.25,2015,16,65
2026-09-28,IDO,2026-11-03,23900.0,CE,323.3,131.49,22780.25,0,0,65
2026-09-28,IDO,2026-11-03,24050.0,CE,272.55,104.94,22780.25,0,0,65
2026-09-28,IDO,2026-11-03,24150.0,CE,242.15,89.8,22780.25,0,0,65
2026-09-28,IDO,2026-11-03,24600.0,CE,20.65,20.65,22780.25,5330,81,65
2026-09-28,IDO,2026-11-03,24800.0,CE,103.45,29.33,22780.25,0,0,65
2026-09-28,IDO,2026-11-23,20750.0,CE,3902.65,2257.98,22780.25,0,0,65
2026-09-28,IDO,2026-11-23,21850.0,CE,2860.95,1300.56,22780.25,0,0,65
2026-09-28,IDO,2026-11-23,22750.0,CE,601.2,601.2,22780.25,195,4,65
2026-09-28,IDO,2026-11-23,23550.0,CE,216.1,216.1,22780.25,13130,220,65
2026-09-28,IDO,2026-11-23,23750.0,CE,158.15,158.15,22780.25,15600,292,65
2026-09-28,IDO,2026-11-23,23950.0,CE,114.4,114.4,22780.25,15210,205,65
2026-09-28,IDO,2026-11-23,25400.0,CE,496.65,35.61,22780.25,0,0,65
2026-09-28,IDO,2026-11-23,25600.0,CE,10.35,10.35,22780.25,845,72,65
2026-09-28,IDO,2026-11-23,25650.0,CE,13.0,24.5,22780.25,195,6,65
2026-09-28,IDO,2026-12-29,16500.0,CE,10405.0,6540.6,22780.25,0,0,65
2026-09-28,IDO,2026-12-29,19000.0,CE,4105.8,4105.8,22780.25,192855,1341,65
