TradDt,FinInstrmTp,XpryDt,StrkPric,OptnTp,ClsPric,SttlmPric,UndrlygPric,OpnIntrst,TtlTradgVol,NewBrdLotQty
2026-10-09,IDO,2026-11-03,21450.0,CE,2046.95,1177.41,22520.45,0,0,65
2026-10-09,IDO,2026-11-03,21050.0,CE,2431.1,1559.09,22520.45,0,0,65
2026-10-09,IDO,2026-11-03,20750.0,CE,2724.4,1853.82,22520.45,0,0,65
2026-10-09,IDO,2026-11-03,20600.0,CE,2872.0,2002.36,22520.45,0,0,65
2026-10-09,IDO,2026-11-03,20050.0,CE,3416.1,2549.32,22520.45,0,0,65
2026-10-09,IDO,2026-10-27,27150.0,CE,1.0,0.01,22520.45,5590,0,65
2026-10-09,IDO,2026-12-29,21950.0,PE,249.45,249.45,22520.45,12610,51,65
2026-10-09,IDO,2026-12-29,22150.0,PE,301.55,301.55,22520.45,9620,59,65
2026-10-09,IDO,2026-12-29,22650.0,PE,455.0,455.0,22520.45,30940,22,65
2026-10-09,IDO,2026-12-29,23000.0,PE,616.25,616.25,22520.45,2504790,6631,65
2026-10-09,IDO,2026-12-29,23300.0,PE,763.8,848.24,22520.45,3835,29,65
2026-10-09,IDO,2026-12-29,23750.0,PE,1072.15,1158.23,22520.45,2795,15,65
2026-10-09,IDO,2026-12-29,26000.0,PE,3077.35,3077.35,22520.45,1573850,442,65
2026-10-09,IDO,2027-03-30,27000.0,PE,3602.75,3602.75,22520.45,83135,54,65
2026-10-09,IDO,2027-09-28,18000.0,PE,40.2,15.93,22520.45,0,0,65
2026-10-09,IDO,2027-12-28,21000.0,PE,410.05,410.05,22520.45,80145,357,65
2026-10-09,IDO,2028-06-27,33000.0,PE,3707.8,7478.96,22520.45,0,0,65
2026-10-09,IDO,2028-12-26,15000.0,PE,22.25,3.99,22520.45,0,0,65
2026-10-09,IDO,2028-12-26,23000.0,PE,951.05,799.95,22520.45,3085,1,65
2026-10-09,IDO,2029-06-26,16500.0,PE,8.1,24.51,22520.45,0,0,65
2026-10-09,IDO,2029-12-24,21000.0,PE,418.05,353.38,22520.45,1885,0,65
2026-10-09,IDO,2029-12-24,22500.0,PE,225.7,621.08,22520.45,0,0,65
2026-10-09,IDO,2026-10-27,24700.0,CE,3.2,3.2,22520.45,257920,548,65
2026-10-09,IDO,2026-10-27,24400.0,CE,4.35,4.35,22520.45,282295,3218,65
2026-10-09,IDO,2026-10-27,24100.0,CE,6.65,6.65,22520.45,590655,4083,65
2026-10-09,IDO,2026-10-27,23850.0,CE,9.85,9.85,22520.45,122460,700,65
2026-10-09,IDO,2026-10-27,23200.0,CE,54.75,54.75,22520.45,2833155,49537,65
2026-10-09,IDO,2026-10-27,22650.0,CE,243.2,243.2,22520.45,392730,9934,65
2026-10-09,IDO,2026-10-27,22600.0,CE,269.3,269.3,22520.45,2117830,59574,65
2026-10-09,IDO,2026-10-27,22100.0,CE,614.95,614.95,22520.45,98670,2361,65
2026-10-09,IDO,2026-10-27,21350.0,CE,1174.0,1238.38,22520.45,65,0,65
2026-10-09,IDO,2026-10-27,20350.0,CE,3951.55,2228.11,22520.45,0,0,65
2026-10-09,IDO,2026-10-19,24750.0,CE,0.95,0.95,22520.45,1755,31,65
2026-10-09,IDO,2026-10-19,24300.0,CE,1.25,1.25,22520.45,119600,3492,65
2026-10-09,IDO,2026-10-19,24050.0,CE,1.75,1.75,22520.45,35555,686,65
2026-10-09,IDO,2026-10-19,22600.0,CE,176.95,176.95,22520.45,1272830,84547,65
2026-10-09,IDO,2026-10-19,22500.0,CE,234.5,234.5,22520.45,1252355,116651,65
2026-10-09,IDO,2026-10-19,21200.0,CE,2046.4,1354.2,22520.45,0,0,65
2026-10-09,IDO,2026-10-19,21100.0,CE,2143.1,1453.85,22520.45,0,0,65
2026-10-09,IDO,2026-10-19,21050.0,CE,2191.7,1503.71,22520.45,0,0,65
2026-10-09,IDO,2026-10-13,24500.0,CE,0.45,0.45,22520.45,2135770,100303,65
2026-10-09,IDO,2026-10-13,24150.0,CE,0.5,0.5,22520.45,207415,11775,65
2026-10-09,IDO,2026-10-13,23300.0,CE,1.65,1.65,22520.45,5447910,764985,65
2026-10-09,IDO,2026-10-13,23150.0,CE,2.7,2.7,22520.45,2558985,642425,65
2026-10-09,IDO,2026-10-13,22900.0,CE,10.45,10.45,22520.45,9565725,2002225,65
2026-10-09,IDO,2026-10-13,22600.0,CE,83.05,83.05,22520.45,7383285,6283060,65
2026-10-09,IDO,2026-10-13,22050.0,CE,523.65,523.65,22520.45,119470,10214,65
2026-10-09,IDO,2026-10-13,20950.0,CE,2803.55,1583.65,22520.45,0,0,65
2026-10-09,IDO,2026-11-23,22250.0,CE,713.35,713.35,22520.45,10335,293,65
2026-10-09,IDO,2026-11-23,22600.0,CE,486.15,486.15,22520.45,664625,7159,65
2026-10-09,IDO,2026-11-23,23050.0,CE,268.95,268.95,22520.45,31070,320,65
2026-10-09,IDO,2026-11-23,23350.0,CE,167.75,167.75,22520.45,40495,367,65
2026-10-09,IDO,2026-11-23,23600.0,CE,109.45,109.45,22520.45,254930,4106,65
2026-10-09,IDO,2026-11-23,23850.0,CE,71.3,71.3,22520.45,19110,267,65
2026-10-09,IDO,2026-11-23,24100.0,CE,47.5,47.5,22520.45,162435,2179,65
2026-10-09,IDO,2026-11-23,24550.0,CE,30.3,30.3,22520.45,7540,23,65
2026-10-09,IDO,2026-11-23,24750.0,CE,15.6,13.83,22520.45,13000,3,65
2026-10-09,IDO,2026-11-23,24900.0,CE,15.5,9.93,22520.45,7475,0,65
2026-10-09,IDO,2026-12-29,23150.0,PE,698.75,755.78,22520.45,6955,0,65
2026-10-09,IDO,2026-12-29,23100.0,PE,658.0,726.25,22520.45,10530,28,65
2026-10-09,IDO,2026-12-29,22700.0,PE,479.15,479.15,22520.45,57005,448,65
2026-10-09,IDO,2026-12-29,20950.0,PE,107.65,107.65,22520.45,5720,28,65
2026-10-09,IDO,2026-11-23,25950.0,PE,1562.8,3246.95,22520.45,0,0,65
2026-10-09,IDO,2026-11-23,25700.0,PE,3216.0,2999.4,22520.45,1300,0,65
2026-10-09,IDO,2026-11-23,25500.0,PE,2731.75,2731.75,22520.45,418470,1114,65
2026-10-09,IDO,2026-11-23,25450.0,PE,1217.0,2752.44,22520.45,0,0,65
2026-10-09,IDO,2026-11-23,25150.0,PE,1030.25,2457.46,22520.45,0,0,65
2026-10-09,IDO,2026-11-23,23700.0,PE,1050.0,1114.64,22520.45,28600,30,65
2026-10-09,IDO,2026-11-23,23550.0,PE,942.65,942.65,22520.45,11635,36,65
2026-10-09,IDO,2026-11-23,21700.0,PE,139.4,139.4,22520.45,154375,2109,65
2026-10-09,IDO,2026-11-23,21500.0,PE,112.15,112.15,22520.45,1124695,15638,65
2026-10-09,IDO,2026-11-23,20400.0,PE,37.95,37.95,22520.45,2665,78,65
2026-10-09,IDO,2026-11-09,24600.0,PE,1723.8,1965.12,22520.45,0,0,65
2026-10-09,IDO,2026-11-09,24200.0,PE,1362.7,1577.74,22520.45,0,0,65
2026-10-09,IDO,2026-11-09,23800.0,PE,1029.2,1205.78,22520.45,0,0,65
2026-10-09,IDO,2026-11-09,22500.0,PE,282.85,282.85,22520.45,6825,179,65
2026-10-09,IDO,2026-11-09,22250.0,PE,287.1,191.26,22520.45,65,1,65
2026-10-09,IDO,2026-11-09,21850.0,PE,94.6,87.29,22520.45,0,0,65
2026-10-09,IDO,2026-11-09,21100.0,PE,73.7,12.43,22520.45,455,0,65
2026-10-09,IDO,2026-11-09,20950.0,PE,13.6,7.73,22520.45,0,0,65
2026-10-09,IDO,2026-11-09,20350.0,PE,2.5,0.84,22520.45,0,0,65
2026-10-09,IDO,2026-11-09,20150.0,PE,1.3,0.35,22520.45,0,0,65
2026-10-09,IDO,2026-11-03,23950.0,PE,1480.0,1352.61,22520.45,390,0,65
2026-10-09,IDO,2026-11-03,23350.0,PE,761.0,815.9,22520.45,390,1,65
2026-10-09,IDO,2026-11-03,21950.0,PE,110.05,110.05,22520.45,10400,208,65
2026-10-09,IDO,2026-11-03,21150.0,PE,34.95,8.46,22520.45,2795,43,65
2026-10-09,IDO,2026-10-27,27100.0,PE,4601.5,4502.81,22520.45,195,1,65
2026-10-09,IDO,2026-10-27,25800.0,PE,3175.0,3206.5,22520.45,11960,0,65
2026-10-09,IDO,2026-10-27,24750.0,PE,1810.0,2159.68,22520.45,715,0,65
2026-10-09,IDO,2026-10-27,24100.0,PE,1478.35,1478.35,22520.45,210600,109,65
2026-10-09,IDO,2026-10-27,23750.0,PE,1182.0,1175.24,22520.45,13650,5,65
2026-10-09,IDO,2026-10-13,21550.0,CE,1009.65,1009.65,22520.45,1690,126,65
2026-10-09,IDO,2026-10-13,22700.0,CE,44.65,44.65,22520.45,9048910,4260447,65
2026-10-09,IDO,2026-10-13,24000.0,CE,0.55,0.55,22520.45,7880990,494198,65
2026-10-09,IDO,2026-10-13,25000.0,CE,0.4,0.4,22520.45,1322100,28403,65
2026-10-09,IDO,2026-10-19,20550.0,CE,2682.75,2002.8,22520.45,0,0,65
2026-10-09,IDO,2026-10-19,20950.0,CE,2289.2,1603.48,22520.45,0,0,65
2026-10-09,IDO,2026-10-19,22300.0,CE,374.5,374.5,22520.45,353145,32834,65
2026-10-09,IDO,2026-10-19,23100.0,CE,25.6,25.6,22520.45,1081145,61777,65
2026-10-09,IDO,2026-10-27,21800.0,CE,872.15,872.15,22520.45,39650,256,65
2026-10-09,IDO,2026-10-27,23250.0,CE,47.85,47.85,22520.45,260325,5572,65
2026-10-09,IDO,2026-10-27,24500.0,CE,4.05,4.05,22520.45,2307175,10027,65
2026-10-09,IDO,2026-10-27,27200.0,CE,0.55,0.55,22520.45,56550,40,65
2026-10-09,IDO,2026-11-03,20550.0,CE,2921.3,2051.97,22520.45,0,0,65
2026-10-09,IDO,2026-11-03,21200.0,CE,2285.9,1413.85,22520.45,0,0,65
2026-10-09,IDO,2026-11-03,23900.0,CE,19.85,19.85,22520.45,13065,206,65
2026-10-09,IDO,2026-11-09,20550.0,CE,2343.7,2072.43,22520.45,0,0,65
2026-10-09,IDO,2026-11-09,20600.0,CE,2294.65,2023.06,22520.45,0,0,65
2026-10-09,IDO,2026-11-09,20950.0,CE,1954.9,1680.24,22520.45,0,0,65
2026-10-09,IDO,2026-11-09,21100.0,CE,1811.8,1535.67,22520.45,0,0,65
2026-10-09,IDO,2026-11-09,21500.0,CE,1442.45,1163.41,22520.45,0,0,65
2026-10-09,IDO,2026-11-09,22700.0,CE,340.25,340.25,22520.45,4485,74,65
2026-10-09,IDO,2026-11-09,24650.0,CE,32.0,4.68,22520.45,0,0,65
2026-10-09,IDO,2026-11-23,25500.0,CE,8.8,8.8,22520.45,431535,2435,65
2026-10-09,IDO,2026-11-23,26100.0,CE,4.65,4.65,22520.45,28795,176,65
2026-10-09,IDO,2026-12-29,20050.0,CE,2986.45,2734.85,22520.45,0,0,65
2026-10-09,IDO,2026-12-29,22300.0,CE,876.05,876.05,22520.45,33605,134,65
2026-10-09,IDO,2026-12-29,22550.0,CE,704.35,704.35,22520.45,4290,27,65
2026-10-09,IDO,2026-12-29,23550.0,CE,249.4,249.4,22520.45,17030,80,65
2026-10-09,IDO,2027-06-29,22500.0,CE,1504.3,1504.3,22520.45,32045,267,65
2026-10-09,IDO,2027-06-29,28500.0,CE,1711.9,51.21,22520.45,0,0,65
2026-10-09,IDO,2027-12-28,21000.0,CE,4902.4,3229.36,22520.45,0,0,65
2026-10-09,IDO,2027-12-28,24000.0,CE,1420.65,1420.65,22520.45,175825,392,65
2026-10-09,IDO,2028-06-27,24000.0,CE,3918.85,1970.65,22520.45,0,0,65
2026-10-09,IDO,2030-06-25,24000.0,CE,8591.55,4071.61,22520.45,0,0,65
2026-10-09,IDO,2026-10-13,20950.0,PE,1.6,1.6,22520.45,376025,98548,65
2026-10-09,IDO,2026-10-13,21250.0,PE,2.15,2.15,22520.45,1531075,233294,65
2026-10-09,IDO,2026-10-13,23750.0,PE,1477.05,1214.6,22520.45,3770,0,65
2026-10-09,IDO,2026-10-19,22500.0,PE,145.7,145.7,22520.45,1475370,121943,65
2026-10-09,IDO,2026-10-19,24350.0,PE,1202.45,1791.26,22520.45,0,0,65
2026-10-09,IDO,2026-10-19,24450.0,PE,1286.65,1891.08,22520.45,0,0,65
2026-10-09,IDO,2026-10-27,22600.0,PE,248.35,248.35,22520.45,1720290,49313,65
2026-10-09,IDO,2026-10-27,25000.0,PE,2378.75,2378.75,22520.45,2082145,2506,65
2026-10-09,IDO,2026-10-27,25150.0,PE,2815.85,2558.36,22520.45,260,0,65
2026-10-09,IDO,2026-11-03,21750.0,PE,79.5,79.5,22520.45,3380,64,65
2026-10-09,IDO,2026-11-03,24800.0,PE,1405.5,2183.16,22520.45,0,0,65
2026-10-09,IDO,2026-11-09,20550.0,PE,4.55,1.87,22520.45,0,0,65
2026-10-09,IDO,2026-11-09,20650.0,PE,6.1,2.72,22520.45,0,0,65
2026-10-09,IDO,2026-11-23,23650.0,PE,1020.7,1073.69,22520.45,8255,9,65
2026-10-09,IDO,2026-11-23,25750.0,PE,1419.55,3048.88,22520.45,0,0,65
2026-10-09,IDO,2026-12-29,19000.0,PE,32.4,32.4,22520.45,1192485,4445,65
2026-10-09,IDO,2026-12-29,20000.0,PE,57.35,57.35,22520.45,1860935,9134,65
2026-10-09,IDO,2026-12-29,20600.0,PE,105.55,30.58,22520.45,1560,0,65
2026-10-09,IDO,2026-12-29,21050.0,PE,117.45,66.34,22520.45,2860,21,65
2026-10-09,IDO,2026-12-29,21500.0,PE,170.95,170.95,22520.45,508105,7336,65
2026-10-09,IDO,2026-12-29,22750.0,PE,500.1,500.1,22520.45,31265,179,65
2026-10-09,IDO,2026-12-29,22900.0,PE,563.2,563.2,22520.45,37050,119,65
2026-10-09,IDO,2026-12-29,22950.0,PE,589.05,589.05,22520.45,15730,11,65
2026-10-09,IDO,2026-12-29,24000.0,PE,1261.3,1261.3,22520.45,2047370,2949,65
2026-10-09,IDO,2027-03-30,19500.0,PE,87.95,87.95,22520.45,643305,4368,65
2026-10-09,IDO,2027-03-30,21000.0,PE,214.25,214.25,22520.45,1127880,5864,65
2026-10-09,IDO,2027-09-28,27000.0,PE,3265.0,3304.48,22520.45,0,0,65
2026-10-09,IDO,2027-12-28,30000.0,PE,5155.0,5155.0,22520.45,7345,2,65
2026-10-09,IDO,2028-12-26,24000.0,PE,1254.95,1128.08,22520.45,4920,1,65
2026-10-09,IDO,2030-06-25,21000.0,PE,220.0,347.76,22520.45,65,0,65
2026-10-09,IDO,2031-06-24,22500.0,PE,663.6,537.62,22520.45,0,0,65
2026-10-09,IDO,2026-10-13,20450.0,CE,3299.3,2083.33,22520.45,0,0,65
2026-10-09,IDO,2026-10-13,21400.0,CE,1158.1,1158.1,22520.45,2600,5,65
2026-10-09,IDO,2026-10-27,27100.0,CE,0.95,0.95,22520.45,11765,55,65
2026-10-09,IDO,2026-10-27,26750.0,CE,0.65,0.01,22520.45,975,0,65
2026-10-09,IDO,2026-10-27,26550.0,CE,1.4,0.01,22520.45,975,0,65
2026-10-09,IDO,2026-10-27,26300.0,CE,0.7,0.7,22520.45,37050,174,65
2026-10-09,IDO,2026-10-27,26150.0,CE,4.85,0.01,22520.45,455,0,65
2026-10-09,IDO,2026-10-27,25800.0,CE,1.05,1.05,22520.45,63505,144,65
2026-10-09,IDO,2026-10-27,25700.0,CE,1.2,1.2,22520.45,20865,29,65
2026-10-09,IDO,2026-10-27,25300.0,CE,1.8,1.8,22520.45,31980,346,65
2026-10-09,IDO,2026-10-27,24800.0,CE,2.9,2.9,22520.45,400725,641,65
2026-10-09,IDO,2026-10-27,22550.0,CE,299.0,299.0,22520.45,270985,9091,65
2026-10-09,IDO,2026-10-27,21850.0,CE,789.85,776.8,22520.45,2990,13,65
2026-10-09,IDO,2026-10-27,21700.0,CE,953.45,953.45,22520.45,5070,63,65
2026-10-09,IDO,2026-10-27,21050.0,CE,1609.9,1532.04,22520.45,65,0,65
2026-10-09,IDO,2026-10-27,20150.0,CE,4145.5,2427.52,22520.45,0,0,65
2026-10-09,IDO,2026-10-19,24400.0,CE,1.1,1.1,22520.45,110760,1033,65
2026-10-09,IDO,2026-10-19,23450.0,CE,6.9,6.9,22520.45,73970,4619,65
2026-10-09,IDO,2026-10-19,23250.0,CE,13.7,13.7,22520.45,292500,21531,65
2026-10-09,IDO,2026-10-19,21750.0,CE,865.85,865.85,22520.45,390,7,65
2026-10-09,IDO,2026-10-19,21250.0,CE,1998.25,1304.44,22520.45,0,0,65
2026-10-09,IDO,2026-10-19,21000.0,CE,1378.4,1553.59,22520.45,2600,1,65
2026-10-09,IDO,2026-10-19,20650.0,CE,2584.0,1902.96,22520.45,0,0,65
2026-10-09,IDO,2026-10-13,24100.0,CE,0.5,0.5,22520.45,690365,140476,65
2026-10-09,IDO,2026-10-13,23800.0,CE,0.7,0.7,22520.45,3011905,157904,65
2026-10-09,IDO,2026-10-13,23350.0,CE,1.45,1.45,22520.45,1326975,175318,65
2026-10-09,IDO,2026-10-13,23000.0,CE,5.85,5.85,22520.45,14203930,2330762,65
2026-10-09,IDO,2026-10-13,22350.0,CE,249.9,249.9,22520.45,1024335,1547099,65
2026-10-09,IDO,2026-10-13,22250.0,CE,335.7,335.7,22520.45,685880,368516,65
2026-10-09,IDO,2026-10-13,21700.0,CE,865.55,865.55,22520.45,19825,573,65
2026-10-09,IDO,2026-10-13,21350.0,CE,1145.85,1183.9,22520.45,65,0,65
2026-10-09,IDO,2026-10-13,20700.0,CE,3051.15,1833.49,22520.45,0,0,65
2026-10-09,IDO,2026-10-13,20650.0,CE,3100.75,1883.46,22520.45,0,0,65
2026-10-09,IDF,2026-11-23,,,22711.6,22711.6,22520.45,2459795,5731,65
2026-10-09,IDO,2026-12-29,20250.0,CE,2799.0,2542.7,22520.45,0,0,65
2026-10-09,IDO,2026-12-29,21450.0,CE,1307.5,1463.65,22520.45,2730,0,65
2026-10-09,IDO,2026-12-29,21800.0,CE,1256.25,1190.3,22520.45,4420,8,65
2026-10-09,IDO,2026-12-29,22200.0,CE,942.4,942.4,22520.45,12090,144,65
2026-10-09,IDO,2026-12-29,23350.0,CE,320.55,320.55,22520.45,9360,69,65
2026-10-09,IDO,2026-12-29,23800.0,CE,185.35,185.35,22520.45,128700,1763,65
2026-10-09,IDO,2026-12-29,24650.0,CE,206.95,78.46,22520.45,0,0,65
2026-10-09,IDO,2026-12-29,28500.0,CE,5.0,5.0,22520.45,94250,156,65
2026-10-09,IDO,2027-03-30,21000.0,CE,2315.2,2315.2,22520.45,158015,306,65
2026-10-09,IDO,2027-03-30,22500.0,CE,1202.45,1202.45,22520.45,360945,1519,65
2026-10-09,IDO,2027-06-29,18000.0,CE,4066.45,5258.49,22520.45,0,0,65
2026-10-09,IDO,2027-06-29,21000.0,CE,2572.5,2572.5,22520.45,2730,52,65
2026-10-09,IDO,2027-06-29,25500.0,CE,250.45,250.45,22520.45,87685,603,65
2026-10-09,IDO,2027-09-28,15000.0,CE,8577.25,8334.2,22520.45,0,0,65
2026-10-09,IDO,2028-06-27,28500.0,CE,2990.0,529.46,22520.45,0,0,65
2026-10-09,IDO,2028-12-26,22500.0,CE,7382.9,3374.89,22520.45,0,0,65
2026-10-09,IDO,2029-06-26,25500.0,CE,5917.35,2324.88,22520.45,0,0,65
2026-10-09,IDO,2029-06-26,30000.0,CE,5268.4,907.15,22520.45,0,0,65
2026-10-09,IDO,2029-12-24,28500.0,CE,4802.1,1673.22,22520.45,0,0,65
2026-10-09,IDO,2030-06-25,19500.0,CE,11140.25,6953.14,22520.45,0,0,65
2026-10-09,IDO,2031-06-24,22500.0,CE,8012.75,5895.79,22520.45,0,0,65
2026-10-09,IDO,2026-10-13,20250.0,PE,1.0,1.0,22520.45,290940,34400,65
2026-10-09,IDO,2026-10-13,21700.0,PE,4.05,4.05,22520.45,5555940,905109,65
2026-10-09,IDO,2026-10-13,21950.0,PE,7.75,7.75,22520.45,2682225,714489,65
2026-10-09,IDO,2026-10-13,22250.0,PE,23.8,23.8,22520.45,4553835,1850423,65
2026-10-09,IDO,2026-10-13,22300.0,PE,29.9,29.9,22520.45,11361090,4603093,65
2026-10-09,IDO,2026-10-13,23950.0,PE,1351.85,1414.46,22520.45,10920,2,65
2026-10-09,IDO,2026-10-13,24650.0,PE,1870.0,2114.02,22520.45,130,0,65
2026-10-09,IDO,2026-10-13,25050.0,PE,2424.75,2513.77,22520.45,520,0,65
2026-10-09,IDO,2026-10-13,25200.0,PE,2570.0,2663.68,22520.45,910,0,65
2026-10-09,IDO,2026-10-13,25250.0,PE,2862.65,2713.65,22520.45,585,2,65
2026-10-09,IDO,2026-10-13,25300.0,PE,1583.0,2763.61,22520.45,0,0,65
2026-10-09,IDO,2026-10-19,22450.0,PE,128.5,128.5,22520.45,312975,26800,65
2026-10-09,IDO,2026-10-19,23450.0,PE,830.0,900.89,22520.45,2795,1,65
2026-10-09,IDO,2026-10-19,24300.0,PE,1700.0,1741.35,22520.45,1950,11,65
2026-10-09,IDO,2026-10-19,24400.0,PE,1450.0,1841.17,22520.45,650,0,65
2026-10-09,IDO,2026-10-19,24700.0,PE,2150.0,2140.67,22520.45,130,2,65
2026-10-09,IDO,2026-10-19,25050.0,PE,1825.8,2490.12,22520.45,0,0,65
2026-10-09,IDO,2026-10-27,20400.0,PE,8.6,8.6,22520.45,67340,1887,65
2026-10-09,IDO,2026-10-27,21350.0,PE,26.2,26.2,22520.45,279760,2162,65
2026-10-09,IDO,2026-10-27,21800.0,PE,55.65,55.65,22520.45,1276665,45495,65
2026-10-09,IDO,2026-10-27,22000.0,PE,81.5,81.5,22520.45,4703725,112036,65
2026-10-09,IDO,2026-10-27,22550.0,PE,227.9,227.9,22520.45,228150,7625,65
2026-10-09,IDO,2026-10-27,22700.0,PE,295.3,295.3,22520.45,1812330,39253,65
2026-10-09,IDO,2026-10-27,22750.0,PE,323.0,323.0,22520.45,262600,1211,65
2026-10-09,IDO,2026-10-27,22900.0,PE,409.85,409.85,22520.45,630240,3464,65
2026-10-09,IDO,2026-10-27,24000.0,PE,1373.5,1373.5,22520.45,2740725,2626,65
2026-10-09,IDO,2026-10-27,24300.0,PE,1674.4,1674.4,22520.45,223665,290,65
2026-10-09,IDO,2026-10-27,25650.0,PE,3005.0,3056.92,22520.45,325,0,65
2026-10-09,IDO,2026-10-27,25850.0,PE,3025.0,3256.35,22520.45,455,0,65
2026-10-09,IDO,2026-10-27,26400.0,PE,3600.0,3804.8,22520.45,195,0,65
2026-10-09,IDO,2026-10-27,26500.0,PE,3853.35,3853.35,22520.45,557700,27,65
2026-10-09,IDO,2026-11-03,20500.0,PE,16.1,16.1,22520.45,43095,485,65
2026-10-09,IDO,2026-11-03,21050.0,PE,52.75,5.9,22520.45,1625,0,65
2026-10-09,IDO,2026-11-03,22700.0,PE,334.45,334.45,22520.45,25675,269,65
2026-10-09,IDO,2026-11-03,22750.0,PE,361.7,391.51,22520.45,8775,26,65
2026-10-09,IDO,2026-11-03,23400.0,PE,811.9,811.9,22520.45,1690,12,65
2026-10-09,IDO,2026-11-03,24650.0,PE,1280.65,2034.53,22520.45,0,0,65
2026-10-09,IDO,2026-11-03,25100.0,PE,1666.4,2481.24,22520.45,0,0,65
2026-10-09,IDO,2026-11-03,25200.0,PE,1756.2,2580.73,22520.45,0,0,65
2026-10-09,IDO,2026-11-09,21200.0,PE,53.75,53.75,22520.45,2275,22,65
2026-10-09,IDO,2026-11-09,21800.0,PE,192.8,78.23,22520.45,390,0,65
2026-10-09,IDO,2026-11-09,22400.0,PE,248.15,248.15,22520.45,1365,66,65
2026-10-09,IDO,2026-11-09,22750.0,PE,374.55,414.83,22520.45,65,1,65
2026-10-09,IDO,2026-11-09,23650.0,PE,914.5,1072.95,22520.45,0,0,65
2026-10-09,IDO,2026-11-09,24400.0,PE,1540.5,1770.16,22520.45,0,0,65
2026-10-09,IDO,2026-11-23,20350.0,PE,4.85,3.67,22520.45,0,0,65
2026-10-09,IDO,2026-11-23,21400.0,PE,99.9,99.9,22520.45,108160,1514,65
2026-10-09,IDO,2026-11-23,21550.0,PE,117.75,117.75,22520.45,10205,105,65
2026-10-09,IDO,2026-11-23,21800.0,PE,154.3,154.3,22520.45,228410,7682,65
2026-10-09,IDO,2026-11-23,21900.0,PE,173.0,173.0,22520.45,141440,2625,65
2026-10-09,IDO,2026-11-23,22400.0,PE,300.45,300.45,22520.45,613860,4803,65
2026-10-09,IDO,2026-11-23,22500.0,PE,331.95,331.95,22520.45,1227005,25513,65
2026-10-09,IDO,2026-11-23,22700.0,PE,412.05,412.05,22520.45,185835,2745,65
2026-10-09,IDO,2026-11-23,23850.0,PE,1037.55,1240.76,22520.45,2015,0,65
2026-10-09,IDO,2026-11-23,23950.0,PE,1298.4,1327.32,22520.45,1040,0,65
2026-10-09,IDO,2026-11-23,24100.0,PE,1555.0,1460.37,22520.45,10725,0,65
2026-10-09,IDO,2026-11-23,24200.0,PE,1476.8,1550.96,22520.45,9945,8,65
2026-10-09,IDO,2026-11-23,24300.0,PE,1593.45,1593.45,22520.45,12415,147,65
2026-10-09,IDO,2026-11-23,25000.0,PE,2252.7,2252.7,22520.45,416390,1387,65
2026-10-09,IDO,2026-11-23,25400.0,PE,2300.0,2703.15,22520.45,325,0,65
2026-10-09,IDO,2026-11-23,25600.0,PE,2600.0,2900.53,22520.45,195,0,65
2026-10-09,IDO,2026-12-29,20350.0,PE,72.4,72.4,22520.45,3315,51,65
2026-10-09,IDO,2026-12-29,21250.0,PE,137.8,137.8,22520.45,4810,58,65
2026-10-09,IDO,2026-12-29,21900.0,PE,241.15,241.15,22520.45,54795,302,65
2026-10-09,IDO,2026-12-29,23350.0,PE,837.3,880.33,22520.45,1300,8,65
2026-10-09,IDO,2026-12-29,24550.0,PE,1586.75,1807.6,22520.45,780,0,65
2026-10-09,IDO,2027-03-30,31500.0,PE,7066.15,8137.75,22520.45,0,0,65
2026-10-09,IDO,2027-06-29,22500.0,PE,570.5,570.5,22520.45,52390,449,65
2026-10-09,IDO,2027-09-28,24000.0,PE,1050.0,1282.25,22520.45,130,2,65
2026-10-09,IDO,2027-12-28,18000.0,PE,132.0,132.0,22520.45,33305,13,65
2026-10-09,IDO,2027-12-28,28500.0,PE,2979.7,4290.56,22520.45,260,0,65
2026-10-09,IDO,2028-06-27,25500.0,PE,1034.0,1905.94,22520.45,0,0,65
2026-10-09,IDO,2028-06-27,28500.0,PE,1560.85,3828.52,22520.45,0,0,65
2026-10-09,IDO,2028-12-26,25500.0,PE,648.2,1753.6,22520.45,0,0,65
2026-10-09,IDO,2028-12-26,28500.0,PE,1451.15,3448.11,22520.45,0,0,65
2026-10-09,IDO,2029-06-26,22500.0,PE,224.45,644.42,22520.45,0,0,65
2026-10-09,IDO,2029-12-24,16500.0,PE,10.15,30.24,22520.45,0,0,65
2026-10-09,IDO,2029-12-24,25000.0,PE,1600.0,1318.28,22520.45,2500,0,65
2026-10-09,IDO,2029-12-24,28500.0,PE,1255.9,2848.01,22520.45,0,0,65
2026-10-09,IDO,2029-12-24,30000.0,PE,3350.0,3682.91,22520.45,1690,6,65
2026-10-09,IDO,2029-12-24,31500.0,PE,2240.25,4606.9,22520.45,0,0,65
2026-10-09,IDO,2030-12-31,18000.0,PE,32.3,90.91,22520.45,0,0,65
2026-10-09,IDO,2030-12-31,24000.0,PE,1000.0,877.25,22520.45,520,0,65
2026-10-09,IDO,2031-06-24,15000.0,PE,47.5,15.76,22520.45,0,0,65
2026-10-09,IDO,2031-06-24,21000.0,PE,450.5,327.72,22520.45,0,0,65
2026-10-09,IDO,2031-06-24,24000.0,PE,933.85,823.86,22520.45,65,0,65
2026-10-09,IDO,2031-06-24,25500.0,PE,1262.85,1193.25,22520.45,0,0,65
2026-10-09,IDO,2026-11-23,25550.0,CE,9.0,2.07,22520.45,1690,1,65
2026-10-09,IDO,2026-11-23,24300.0,CE,33.7,33.7,22520.45,146900,2522,65
2026-10-09,IDO,2026-11-23,23550.0,CE,121.0,121.0,22520.45,36010,431,65
2026-10-09,IDO,2026-11-23,22300.0,CE,681.55,681.55,22520.45,41730,906,65
2026-10-09,IDO,2026-11-23,21550.0,CE,3139.0,1195.75,22520.45,0,0,65
2026-10-09,IDO,2026-11-23,21200.0,CE,1581.0,1581.0,22520.45,65,1,65
2026-10-09,IDO,2026-11-23,20900.0,CE,3757.7,1785.18,22520.45,0,0,65
2026-10-09,IDO,2026-11-23,20400.0,CE,4242.9,2268.83,22520.45,0,0,65
2026-10-09,IDO,2026-11-09,24600.0,CE,35.2,5.41,22520.45,0,0,65
2026-10-09,IDO,2026-11-09,23550.0,CE,75.75,72.31,22520.45,1625,29,65
2026-10-09,IDO,2026-11-09,23350.0,CE,105.9,107.53,22520.45,1105,21,65
2026-10-09,IDO,2026-11-09,22350.0,CE,550.0,506.48,22520.45,195,7,65
2026-10-09,IDO,2026-11-09,22200.0,CE,656.6,656.6,22520.45,3315,637,65
2026-10-09,IDO,2026-11-09,21350.0,CE,1578.45,1300.14,22520.45,0,0,65
2026-10-09,IDO,2026-11-03,24150.0,CE,11.6,9.59,22520.45,845,0,65
2026-10-09,IDO,2026-11-03,23450.0,CE,55.8,55.8,22520.45,9945,294,65
2026-10-09,IDO,2026-11-03,21600.0,CE,1906.05,1040.53,22520.45,0,0,65
2026-10-09,IDO,2026-11-03,21150.0,CE,2334.2,1462.05,22520.45,0,0,65
2026-10-09,IDO,2026-10-13,23650.0,PE,1056.0,1114.68,22520.45,9555,10,65
2026-10-09,IDO,2026-10-13,24450.0,PE,1690.0,1914.15,22520.45,195,0,65
2026-10-09,IDO,2026-10-13,24750.0,PE,1115.1,2213.96,22520.45,0,0,65
2026-10-09,IDO,2026-10-19,24100.0,PE,1584.7,1541.83,22520.45,1235,0,65
2026-10-09,IDO,2031-06-24,19500.0,PE,289.2,183.85,22520.45,0,0,65
2026-10-09,IDO,2030-12-31,21000.0,PE,450.0,338.43,22520.45,845,0,65
2026-10-09,IDO,2030-06-25,19500.0,PE,64.95,184.51,22520.45,0,0,65
2026-10-09,IDO,2030-06-25,16500.0,PE,12.0,35.0,22520.45,0,0,65
2026-10-09,IDO,2029-12-24,24000.0,PE,1133.0,999.69,22520.45,585,0,65
2026-10-09,IDO,2028-12-26,27000.0,PE,2152.0,2152.0,22520.45,17260,12,65
2026-10-09,IDO,2028-12-26,22000.0,PE,722.0,722.0,22520.45,11100,3,65
2026-10-09,IDO,2028-06-27,27000.0,PE,2752.35,2794.16,22520.45,0,0,65
2026-10-09,IDO,2028-06-27,21000.0,PE,400.05,327.01,22520.45,325,0,65
2026-10-09,IDO,2027-12-28,26000.0,PE,2119.0,2119.0,22520.45,73910,46,65
2026-10-09,IDO,2027-12-28,25000.0,PE,1523.55,1523.55,22520.45,256555,728,65
2026-10-09,IDO,2027-06-29,16500.0,PE,41.8,0.59,22520.45,780,0,65
2026-10-09,IDO,2026-12-29,24600.0,PE,1739.75,1851.39,22520.45,0,0,65
2026-10-09,IDO,2026-12-29,24450.0,PE,1602.15,1720.97,22520.45,330720,17,65
2026-10-09,IDO,2026-12-29,24300.0,PE,1611.0,1593.58,22520.45,2210,2,65
2026-10-09,IDO,2026-12-29,24200.0,PE,1591.15,1510.51,22520.45,2080,2,65
2026-10-09,IDO,2026-12-29,23950.0,PE,1287.1,1310.14,22520.45,2340,3,65
2026-10-09,IDO,2026-12-29,23900.0,PE,1232.35,1271.42,22520.45,2665,7,65
2026-10-09,IDO,2026-12-29,23550.0,PE,983.1,1014.7,22520.45,2210,7,65
2026-10-09,IDO,2026-12-29,23400.0,PE,1084.8,913.02,22520.45,4355,0,65
2026-10-09,IDO,2026-12-29,22850.0,PE,545.55,545.55,22520.45,16445,20,65
2026-10-09,IDO,2026-12-29,22600.0,PE,442.3,442.3,22520.45,38415,339,65
2026-10-09,IDO,2026-12-29,22200.0,PE,312.45,312.45,22520.45,60645,789,65
2026-10-09,IDO,2026-12-29,21400.0,PE,157.15,157.15,22520.45,12675,197,65
2026-10-09,IDO,2026-12-29,20100.0,PE,28.7,11.33,22520.45,0,0,65
2026-10-09,IDO,2026-12-29,15000.0,PE,8.85,8.85,22520.45,161110,291,65
2026-10-09,IDO,2026-11-23,25650.0,PE,1350.35,2949.96,22520.45,0,0,65
2026-10-09,IDO,2026-11-23,25200.0,PE,2423.95,2506.48,22520.45,130,0,65
2026-10-09,IDO,2026-11-23,24250.0,PE,1293.1,1596.76,22520.45,780,0,65
2026-10-09,IDO,2026-11-23,23050.0,PE,589.65,634.96,22520.45,3705,23,65
2026-10-09,IDO,2026-11-23,22450.0,PE,313.45,313.45,22520.45,16380,238,65
2026-10-09,IDO,2026-11-23,21350.0,PE,96.45,96.45,22520.45,19565,210,65
2026-10-09,IDO,2026-11-23,20850.0,PE,60.0,60.0,22520.45,1105,1,65
2026-10-09,IDO,2026-11-23,20200.0,PE,3.65,2.28,22520.45,0,0,65
2026-10-09,IDO,2026-11-09,23700.0,PE,951.5,1116.72,22520.45,0,0,65
2026-10-09,IDO,2026-11-09,23500.0,PE,804.05,945.14,22520.45,0,0,65
2026-10-09,IDO,2026-11-09,23450.0,PE,769.05,903.82,22520.45,0,0,65
2026-10-09,IDO,2026-11-09,23250.0,PE,636.9,745.94,22520.45,0,0,65
2026-10-09,IDF,2026-10-27,,,22612.6,22612.6,22520.45,18942950,60159,65
2026-10-09,IDO,2026-10-13,20100.0,CE,3647.1,2433.11,22520.45,0,0,65
2026-10-09,IDO,2026-10-13,20400.0,CE,3348.95,2133.3,22520.45,0,0,65
2026-10-09,IDO,2026-10-13,21100.0,CE,2655.45,1433.74,22520.45,0,0,65
2026-10-09,IDO,2026-10-13,21450.0,CE,1028.3,1083.98,22520.45,260,2,65
2026-10-09,IDO,2026-10-13,21600.0,CE,967.35,967.35,22520.45,8775,321,65
2026-10-09,IDO,2026-10-13,21800.0,CE,766.65,766.65,22520.45,68185,2312,65
2026-10-09,IDO,2026-10-13,23650.0,CE,0.8,0.8,22520.45,367640,50799,65
2026-10-09,IDO,2026-10-13,24300.0,CE,0.45,0.45,22520.45,517725,54116,65
2026-10-09,IDO,2026-10-13,24550.0,CE,0.45,0.45,22520.45,74230,4203,65
2026-10-09,IDO,2026-10-19,20500.0,CE,2732.2,2052.72,22520.45,0,0,65
2026-10-09,IDO,2026-10-19,21150.0,CE,2094.65,1404.01,22520.45,0,0,65
2026-10-09,IDO,2026-11-09,21500.0,PE,76.1,76.1,22520.45,11440,242,65
2026-10-09,IDO,2026-11-09,20500.0,PE,3.95,1.54,22520.45,0,0,65
2026-10-09,IDO,2026-10-19,22050.0,CE,580.9,580.9,22520.45,38480,285,65
2026-10-09,IDO,2026-11-09,20450.0,PE,3.4,1.26,22520.45,0,0,65
2026-10-09,IDO,2026-11-09,20100.0,PE,1.1,0.28,22520.45,0,0,65
2026-10-09,IDO,2026-10-19,22800.0,CE,90.25,90.25,22520.45,1079455,77084,65
2026-10-09,IDO,2026-10-19,22850.0,CE,74.1,74.1,22520.45,253370,18342,65
2026-10-09,IDO,2026-10-19,23400.0,CE,7.95,7.95,22520.45,741975,40090,65
2026-10-09,IDO,2026-10-19,24550.0,CE,0.95,0.95,22520.45,4810,76,65
2026-10-09,IDO,2026-10-19,25000.0,CE,0.75,0.75,22520.45,1118910,14616,65
2026-10-09,IDO,2026-10-19,25100.0,CE,0.75,0.75,22520.45,13520,514,65
2026-10-09,IDO,2026-10-27,20050.0,CE,4242.8,2527.23,22520.45,0,0,65
2026-10-09,IDO,2026-10-27,20250.0,CE,4048.4,2327.81,22520.45,0,0,65
2026-10-09,IDO,2026-10-27,21000.0,CE,1628.75,1628.75,22520.45,327340,921,65
2026-10-09,IDO,2026-10-27,21600.0,CE,1083.95,1001.05,22520.45,2210,22,65
2026-10-09,IDO,2026-10-27,22350.0,CE,428.05,428.05,22520.45,109590,4299,65
2026-10-09,IDO,2026-10-27,22800.0,CE,171.45,171.45,22520.45,3220685,60009,65
2026-10-09,IDO,2026-10-27,23400.0,CE,30.45,30.45,22520.45,2053610,34752,65
2026-10-09,IDO,2026-10-27,23450.0,CE,26.15,26.15,22520.45,353600,3263,65
2026-10-09,IDO,2026-10-27,24000.0,CE,7.8,7.8,22520.45,5997030,38225,65
2026-10-09,IDO,2026-10-27,24600.0,CE,3.5,3.5,22520.45,285220,860,65
2026-10-09,IDO,2026-10-27,25050.0,CE,2.3,2.3,22520.45,155155,124,65
2026-10-09,IDO,2026-10-27,26600.0,CE,0.7,0.01,22520.45,2405,0,65
2026-10-09,IDO,2026-10-27,26650.0,CE,1.9,0.01,22520.45,455,0,65
2026-10-09,IDO,2026-11-03,20200.0,CE,3267.45,2399.98,22520.45,0,0,65
2026-10-09,IDO,2026-11-03,20300.0,CE,3168.4,2300.47,22520.45,0,0,65
2026-10-09,IDO,2026-11-09,20050.0,PE,0.95,0.22,22520.45,0,0,65
2026-10-09,IDO,2026-11-03,23000.0,PE,508.85,508.85,22520.45,23140,269,65
2026-10-09,IDO,2026-11-03,20800.0,PE,25.0,25.0,22520.45,2665,2,65
2026-10-09,IDO,2026-11-03,20750.0,PE,4.05,1.81,22520.45,0,0,65
2026-10-09,IDO,2026-11-03,20400.0,CE,3069.5,2201.0,22520.45,0,0,65
2026-10-09,IDO,2026-11-03,22800.0,CE,233.3,233.3,22520.45,44265,1241,65
2026-10-09,IDO,2026-11-03,22950.0,CE,173.1,173.1,22520.45,9230,169,65
2026-10-09,IDO,2026-11-03,23100.0,CE,125.55,125.55,22520.45,34450,702,65
2026-10-09,IDO,2026-11-03,23400.0,CE,62.85,62.85,22520.45,25480,855,65
2026-10-09,IDO,2026-11-03,23600.0,CE,39.55,39.55,22520.45,91520,1776,65
2026-10-09,IDO,2026-11-03,23800.0,CE,25.25,25.25,22520.45,138645,959,65
2026-10-09,IDO,2026-11-03,24400.0,CE,9.95,9.95,22520.45,8385,280,65
2026-10-09,IDO,2026-11-03,24550.0,CE,8.15,8.15,22520.45,2730,30,65
2026-10-09,IDO,2026-11-09,20150.0,CE,2738.25,2468.97,22520.45,0,0,65
2026-10-09,IDO,2026-11-09,21200.0,CE,1717.6,1440.5,22520.45,0,0,65
2026-10-09,IDO,2026-11-09,21450.0,CE,1487.4,1208.52,22520.45,0,0,65
2026-10-09,IDO,2026-11-09,21900.0,CE,1100.0,824.28,22520.45,0,0,65
2026-10-09,IDO,2026-11-09,24100.0,CE,84.95,20.71,22520.45,0,0,65
2026-10-09,IDO,2026-11-09,24550.0,CE,11.7,11.7,22520.45,6760,91,65
2026-10-09,IDO,2026-11-23,20150.0,CE,4487.2,2514.73,22520.45,0,0,65
2026-10-09,IDO,2026-11-23,20500.0,CE,2340.0,2171.01,22520.45,130,0,65
2026-10-09,IDO,2026-11-23,20650.0,CE,3999.6,2025.14,22520.45,0,0,65
2026-10-09,IDO,2026-11-23,20800.0,CE,3854.3,1880.59,22520.45,0,0,65
2026-10-09,IDO,2026-11-23,21500.0,CE,1307.65,1307.65,22520.45,34125,272,65
2026-10-09,IDO,2026-11-23,22200.0,CE,752.25,752.25,22520.45,46735,1315,65
2026-10-09,IDO,2026-11-23,22400.0,CE,614.35,614.35,22520.45,65390,2128,65
2026-10-09,IDO,2026-11-23,23650.0,CE,101.5,101.5,22520.45,26585,284,65
2026-10-09,IDO,2026-11-23,24450.0,CE,28.0,25.96,22520.45,14365,84,65
2026-10-09,IDO,2026-11-23,24700.0,CE,21.2,21.2,22520.45,41795,151,65
2026-10-09,IDO,2026-11-23,24850.0,CE,22.8,11.1,22520.45,780,0,65
2026-10-09,IDO,2026-11-23,25300.0,CE,14.0,14.0,22520.45,910,4,65
2026-10-09,IDO,2026-11-23,25750.0,CE,5.85,1.22,22520.45,910,2,65
2026-10-09,IDO,2026-11-23,26050.0,CE,5.0,0.54,22520.45,3445,6,65
2026-10-09,IDO,2026-12-29,20300.0,CE,2752.55,2494.99,22520.45,0,0,65
2026-10-09,IDO,2026-12-29,20850.0,CE,2255.35,1982.46,22520.45,0,0,65
2026-10-09,IDO,2026-12-29,21400.0,CE,1356.7,1504.68,22520.45,2210,0,65
2026-10-09,IDO,2026-12-29,22100.0,CE,990.05,977.82,22520.45,4290,20,65
2026-10-09,IDO,2027-03-30,16500.0,CE,6995.9,6461.58,22520.45,0,0,65
2026-10-09,IDO,2027-03-30,24000.0,CE,454.85,454.85,22520.45,925665,5990,65
2026-10-09,IDO,2027-06-29,15000.0,CE,5367.85,8129.24,22520.45,0,0,65
2026-10-09,IDO,2027-09-28,24000.0,CE,1493.15,1104.47,22520.45,65,0,65
2026-10-09,IDO,2027-09-28,30000.0,CE,153.4,54.24,22520.45,130,0,65
2026-10-09,IDO,2027-12-28,18000.0,CE,6285.7,5764.49,22520.45,0,0,65
2026-10-09,IDO,2026-11-03,20450.0,PE,1.75,0.47,22520.45,0,0,65
2026-10-09,IDO,2026-10-27,27150.0,PE,3860.6,4552.67,22520.45,325,0,65
2026-10-09,IDO,2026-10-27,26350.0,PE,2163.0,3754.94,22520.45,0,0,65
2026-10-09,IDO,2026-10-27,26250.0,PE,3000.0,3655.22,22520.45,260,0,65
2026-10-09,IDO,2026-10-27,26200.0,PE,3520.0,3605.36,22520.45,18460,0,65
2026-10-09,IDO,2026-10-27,25750.0,PE,3527.25,3156.64,22520.45,325,0,65
2026-10-09,IDO,2026-10-27,25700.0,PE,3141.65,3106.78,22520.45,6955,1,65
2026-10-09,IDO,2026-10-27,23250.0,PE,672.85,672.85,22520.45,49725,48,65
2026-10-09,IDO,2026-10-27,22950.0,PE,442.25,442.25,22520.45,49985,263,65
2026-10-09,IDO,2026-10-27,21850.0,PE,61.6,61.6,22520.45,62335,3049,65
2026-10-09,IDO,2026-10-27,21600.0,PE,38.95,38.95,22520.45,550355,23376,65
2026-10-09,IDO,2026-10-27,21150.0,PE,19.4,19.4,22520.45,24050,1268,65
2026-10-09,IDO,2026-10-27,20300.0,PE,7.8,7.8,22520.45,51675,2591,65
2026-10-09,IDO,2026-10-19,24950.0,PE,1732.7,2390.28,22520.45,0,0,65
2026-10-09,IDO,2026-10-19,24800.0,PE,2250.0,2240.51,22520.45,1365,1,65
2026-10-09,IDO,2026-10-19,23850.0,PE,815.85,1293.0,22520.45,0,0,65
2026-10-09,IDO,2026-10-19,22300.0,PE,86.35,86.35,22520.45,1130350,77556,65
2026-10-09,IDO,2026-10-19,22250.0,PE,75.4,75.4,22520.45,187720,20465,65
2026-10-09,IDO,2026-10-19,22200.0,PE,65.55,65.55,22520.45,1040195,73249,65
2026-10-09,IDO,2026-10-19,21300.0,PE,9.05,9.05,22520.45,413010,29242,65
2026-10-09,IDO,2026-10-19,20700.0,PE,4.55,4.55,22520.45,151775,7407,65
2026-10-09,IDO,2026-10-13,25350.0,PE,2725.0,2813.58,22520.45,520,0,65
2026-10-09,IDO,2026-10-13,25150.0,PE,2528.6,2613.71,22520.45,1040,0,65
2026-10-09,IDO,2028-06-27,15000.0,CE,8633.05,8933.07,22520.45,0,0,65
2026-10-09,IDO,2028-06-27,30000.0,CE,2278.45,316.69,22520.45,0,0,65
2026-10-09,IDO,2028-12-26,16500.0,CE,12176.65,8012.67,22520.45,0,0,65
2026-10-09,IDO,2028-12-26,27000.0,CE,1340.0,1283.93,22520.45,8060,18,65
2026-10-09,IDO,2028-12-26,28000.0,CE,1030.0,1000.09,22520.45,12295,19,65
2026-10-09,IDO,2029-06-26,21000.0,CE,9799.75,4909.67,22520.45,0,0,65
2026-10-09,IDO,2029-06-26,22500.0,CE,7946.5,3917.03,22520.45,0,0,65
2026-10-09,IDO,2029-12-24,16500.0,CE,12984.85,8832.39,22520.45,0,0,65
2026-10-09,IDO,2029-12-24,21000.0,CE,9463.95,5414.18,22520.45,0,0,65
2026-10-09,IDO,2030-12-31,16500.0,CE,13763.55,9621.83,22520.45,0,0,65
2026-10-09,IDO,2026-10-13,20500.0,PE,1.15,1.15,22520.45,3834025,343455,65
2026-10-09,IDO,2026-10-13,20600.0,PE,1.25,1.25,22520.45,1072695,144015,65
2026-10-09,IDO,2026-10-13,21050.0,PE,1.7,1.7,22520.45,697905,122905,65
2026-10-09,IDO,2026-10-13,21100.0,PE,1.75,1.75,22520.45,1402440,457273,65
2026-10-09,IDO,2026-10-13,21350.0,PE,2.35,2.35,22520.45,1434290,284344,65
2026-10-09,IDO,2026-10-13,21550.0,PE,3.1,3.1,22520.45,1600365,473802,65
2026-10-09,IDO,2026-10-13,21750.0,PE,4.5,4.5,22520.45,2149940,591906,65
2026-10-09,IDO,2026-10-13,23600.0,PE,1039.9,1039.9,22520.45,60710,197,65
2026-10-09,IDO,2026-11-23,22350.0,CE,644.65,644.65,22520.45,5070,138,65
2026-10-09,IDO,2026-11-23,22000.0,CE,897.0,897.0,22520.45,273000,3997,65
2026-10-09,IDO,2026-11-23,21400.0,CE,3280.1,1325.58,22520.45,0,0,65
2026-10-09,IDO,2026-11-23,21000.0,CE,1757.55,1757.55,22520.45,34320,135,65
2026-10-09,IDO,2026-11-23,20050.0,CE,2570.0,2613.47,22520.45,845,6,65
2026-10-09,IDO,2026-11-09,24750.0,CE,26.4,3.48,22520.45,0,0,65
2026-10-09,IDO,2026-11-09,23300.0,CE,118.05,118.05,22520.45,4485,176,65
2026-10-09,IDO,2026-11-09,20700.0,CE,2196.95,1924.56,22520.45,0,0,65
2026-10-09,IDO,2026-11-03,25150.0,CE,6.15,0.28,22520.45,1625,0,65
2026-10-09,IDO,2026-11-03,23300.0,CE,78.4,78.4,22520.45,74880,1426,65
2026-10-09,IDO,2026-11-03,23050.0,CE,139.9,139.9,22520.45,12675,153,65
2026-10-09,IDO,2026-11-03,22750.0,CE,256.5,256.5,22520.45,15015,296,65
2026-10-09,IDO,2026-11-03,22500.0,CE,391.9,391.9,22520.45,40560,1954,65
2026-10-09,IDO,2026-11-03,21350.0,CE,2142.0,1270.94,22520.45,0,0,65
2026-10-09,IDO,2026-11-03,20500.0,CE,2970.65,2101.62,22520.45,0,0,65
2026-10-09,IDO,2026-11-03,20250.0,CE,3217.9,2350.22,22520.45,0,0,65
2026-10-09,IDO,2026-10-27,27050.0,CE,0.95,0.95,22520.45,10400,54,65
2026-10-09,IDO,2026-10-27,25850.0,CE,1.6,0.01,22520.45,2730,0,65
2026-10-09,IDO,2026-10-27,25750.0,CE,1.35,1.35,22520.45,25675,25,65
2026-10-09,IDO,2026-10-27,24300.0,CE,4.85,4.85,22520.45,401050,5566,65
2026-10-09,IDO,2026-10-27,23650.0,CE,14.85,14.85,22520.45,131235,3049,65
2026-10-09,IDO,2026-11-23,25700.0,CE,7.25,7.25,22520.45,7670,78,65
2026-10-09,IDO,2026-12-29,19000.0,CE,3777.55,3777.55,22520.45,274560,412,65
2026-10-09,IDO,2026-12-29,20150.0,CE,2892.45,2638.53,22520.45,0,0,65
2026-10-09,IDO,2026-12-29,20750.0,CE,2343.6,2073.61,22520.45,0,0,65
2026-10-09,IDO,2026-12-29,22900.0,CE,519.75,519.75,22520.45,25285,199,65
2026-10-09,IDO,2026-12-29,24450.0,CE,80.2,80.2,22520.45,35165,177,65
2026-10-09,IDO,2026-12-29,24750.0,CE,189.05,68.75,22520.45,0,0,65
2026-10-09,IDO,2027-03-30,15000.0,CE,8379.85,7921.43,22520.45,0,0,65
2026-10-09,IDO,2027-03-30,25500.0,CE,129.9,129.9,22520.45,747500,5772,65
2026-10-09,IDO,2027-03-30,28500.0,CE,23.7,23.7,22520.45,196300,261,65
2026-10-09,IDO,2027-06-29,16500.0,CE,10867.2,6690.69,22520.45,0,0,65
2026-10-09,IDO,2027-06-29,30000.0,CE,41.65,41.65,22520.45,10660,49,65
2026-10-09,IDO,2027-09-28,25500.0,CE,908.35,591.47,22520.45,0,0,65
2026-10-09,IDO,2027-12-28,31500.0,CE,94.0,55.47,22520.45,1950,0,65
2026-10-09,IDO,2028-06-27,16500.0,CE,11752.8,7583.1,22520.45,0,0,65
2026-10-09,IDO,2028-06-27,18000.0,CE,6809.35,6257.27,22520.45,0,0,65
2026-10-09,IDO,2028-06-27,19500.0,CE,9209.1,4988.45,22520.45,0,0,65
2026-10-09,IDO,2028-12-26,30000.0,CE,602.0,586.65,22520.45,25975,53,65
2026-10-09,IDO,2029-12-24,15000.0,CE,13369.45,10058.42,22520.45,0,0,65
2026-10-09,IDO,2029-12-24,27000.0,CE,2100.0,2188.29,22520.45,260,0,65
2026-10-09,IDO,2030-06-25,27000.0,CE,6972.5,2652.67,22520.45,0,0,65
2026-10-09,IDO,2030-06-25,33000.0,CE,4416.45,976.38,22520.45,0,0,65
2026-10-09,IDO,2031-06-24,33000.0,CE,3451.55,1632.91,22520.45,0,0,65
2026-10-09,IDO,2026-10-13,20400.0,PE,1.05,1.05,22520.45,662740,88615,65
2026-10-09,IDO,2026-10-13,21000.0,PE,1.7,1.7,22520.45,12553905,1084148,65
2026-10-09,IDO,2026-10-13,21450.0,PE,2.65,2.65,22520.45,1216085,355378,65
2026-10-09,IDO,2026-10-13,21900.0,PE,6.7,6.7,22520.45,4801030,1053596,65
2026-10-09,IDO,2026-10-13,22150.0,PE,15.45,15.45,22520.45,3450330,1235510,65
2026-10-09,IDO,2026-10-13,23250.0,PE,687.15,687.15,22520.45,129870,1823,65
2026-10-09,IDO,2026-10-13,23350.0,PE,784.75,784.75,22520.45,11700,121,65
2026-10-09,IDO,2026-10-13,23700.0,PE,1137.45,1137.45,22520.45,30875,159,65
2026-10-09,IDO,2026-10-13,24150.0,PE,1952.25,1614.34,22520.45,1690,0,65
2026-10-09,IDO,2026-10-13,24350.0,PE,1700.0,1814.21,22520.45,715,0,65
2026-10-09,IDO,2026-10-13,24400.0,PE,1923.95,1864.18,22520.45,9685,5,65
2026-10-09,IDO,2026-10-19,20450.0,PE,3.75,3.75,22520.45,11570,172,65
2026-10-09,IDO,2026-10-19,20500.0,PE,3.9,3.9,22520.45,1360320,41030,65
2026-10-09,IDO,2026-10-19,22100.0,PE,50.15,50.15,22520.45,524030,40398,65
2026-10-09,IDO,2026-10-19,22150.0,PE,57.2,57.2,22520.45,220870,15676,65
2026-10-09,IDO,2026-10-19,23200.0,PE,623.35,623.35,22520.45,24375,373,65
2026-10-09,IDO,2026-10-19,23950.0,PE,1335.0,1392.4,22520.45,260,0,65
2026-10-09,IDO,2026-10-19,25000.0,PE,2400.7,2400.7,22520.45,2340,10,65
2026-10-09,IDO,2026-10-19,20400.0,CE,2831.2,2152.56,22520.45,0,0,65
2026-10-09,IDO,2026-10-13,25400.0,CE,0.35,0.35,22520.45,858780,25926,65
2026-10-09,IDO,2026-10-13,25100.0,CE,0.4,0.4,22520.45,57135,1872,65
2026-10-09,IDO,2026-10-13,24900.0,CE,0.35,0.35,22520.45,164320,3573,65
2026-10-09,IDO,2026-10-13,24450.0,CE,0.45,0.45,22520.45,89570,6218,65
2026-10-09,IDO,2026-10-27,20050.0,PE,6.8,6.8,22520.45,463255,7699,65
2026-10-09,IDO,2026-10-27,20500.0,PE,8.95,8.95,22520.45,1196520,22383,65
2026-10-09,IDO,2026-10-27,20800.0,PE,12.7,12.7,22520.45,330265,8590,65
2026-10-09,IDO,2026-10-27,20850.0,PE,13.9,13.9,22520.45,15470,304,65
2026-10-09,IDO,2026-10-27,20900.0,PE,14.15,14.15,22520.45,97305,3760,65
2026-10-09,IDO,2026-10-27,21300.0,PE,23.95,23.95,22520.45,466180,28178,65
2026-10-09,IDO,2026-10-27,22150.0,PE,108.9,108.9,22520.45,146900,3229,65
2026-10-09,IDO,2026-10-27,22250.0,PE,132.25,132.25,22520.45,642070,13433,65
2026-10-09,IDO,2026-10-27,22450.0,PE,190.45,190.45,22520.45,221650,8825,65
2026-10-09,IDO,2026-10-27,22850.0,PE,380.6,380.6,22520.45,92300,405,65
2026-10-09,IDO,2026-10-27,23100.0,PE,550.6,550.6,22520.45,1497535,1171,65
2026-10-09,IDO,2026-10-27,23300.0,PE,711.5,711.5,22520.45,2300545,8885,65
2026-10-09,IDO,2026-10-27,23400.0,PE,801.5,801.5,22520.45,1212315,4118,65
2026-10-09,IDO,2026-10-27,23900.0,PE,1277.95,1277.95,22520.45,214110,298,65
2026-10-09,IDO,2026-10-27,23950.0,PE,1330.0,1368.09,22520.45,4290,2,65
2026-10-09,IDO,2026-10-27,24150.0,PE,1572.75,1564.11,22520.45,16575,6,65
2026-10-09,IDO,2026-10-27,24350.0,PE,1643.05,1761.89,22520.45,14885,0,65
2026-10-09,IDO,2026-10-27,24550.0,PE,1893.3,1960.57,22520.45,6500,0,65
2026-10-09,IDO,2026-10-27,24600.0,PE,1963.35,2010.32,22520.45,199940,23,65
2026-10-09,IDO,2026-10-27,25350.0,PE,2416.7,2757.78,22520.45,1495,0,65
2026-10-09,IDO,2026-10-27,26450.0,PE,3460.0,3854.65,22520.45,195,0,65
2026-10-09,IDO,2026-10-27,27050.0,PE,2764.35,4452.96,22520.45,0,0,65
2026-10-09,IDO,2026-11-03,21450.0,PE,52.45,52.45,22520.45,2340,37,65
2026-10-09,IDO,2026-11-03,21800.0,PE,86.8,86.8,22520.45,17680,603,65
2026-10-09,IDO,2026-11-03,23300.0,PE,722.0,775.2,22520.45,2210,4,65
2026-10-09,IDO,2026-11-03,23900.0,PE,731.5,1305.39,22520.45,0,0,65
2026-10-09,IDO,2026-11-03,24700.0,PE,1321.8,2084.03,22520.45,0,0,65
2026-10-09,IDO,2026-11-09,20600.0,PE,5.3,2.26,22520.45,0,0,65
2026-10-09,IDO,2026-11-09,21150.0,PE,79.95,14.46,22520.45,130,0,65
2026-10-09,IDO,2026-11-09,21900.0,PE,129.4,129.4,22520.45,1235,36,65
2026-10-09,IDO,2026-11-09,22650.0,PE,363.1,361.2,22520.45,1105,18,65
2026-10-09,IDO,2026-11-09,23900.0,PE,1109.35,1296.65,22520.45,0,0,65
2026-10-09,IDO,2026-11-09,24150.0,PE,1319.3,1530.17,22520.45,0,0,65
2026-10-09,IDO,2026-11-23,20550.0,PE,57.2,6.65,22520.45,3055,0,65
2026-10-09,IDO,2026-11-23,21050.0,PE,71.65,71.65,22520.45,8190,123,65
2026-10-09,IDO,2026-11-23,21600.0,PE,124.25,124.25,22520.45,117780,2597,65
2026-10-09,IDO,2026-11-23,22550.0,PE,350.35,350.35,22520.45,15015,350,65
2026-10-09,IDO,2026-11-23,23100.0,PE,622.5,622.5,22520.45,154310,250,65
2026-10-09,IDO,2026-11-23,24150.0,PE,1300.0,1505.49,22520.45,1300,0,65
2026-10-09,IDO,2026-11-23,24700.0,PE,2055.0,2020.48,22520.45,3705,3,65
2026-10-09,IDO,2026-12-29,13000.0,PE,4.85,0.01,22520.45,9305,0,65
2026-10-09,IDO,2026-12-29,16000.0,PE,12.1,12.1,22520.45,175300,438,65
2026-10-09,IDO,2026-10-13,23900.0,CE,0.6,0.6,22520.45,1850550,201666,65
2026-10-09,IDO,2026-10-13,23450.0,CE,1.15,1.15,22520.45,966030,150754,65
2026-10-09,IDO,2026-12-29,20200.0,PE,32.5,13.99,22520.45,195,0,65
2026-10-09,IDO,2026-12-29,20250.0,PE,36.15,15.5,22520.45,0,0,65
2026-10-09,IDO,2026-12-29,20400.0,PE,72.5,72.5,22520.45,2080,17,65
2026-10-09,IDO,2026-12-29,21700.0,PE,202.95,202.95,22520.45,68380,386,65
2026-10-09,IDO,2026-12-29,22100.0,PE,285.75,285.75,22520.45,38285,479,65
2026-10-09,IDO,2026-12-29,22300.0,PE,339.95,339.95,22520.45,67990,902,65
2026-10-09,IDO,2026-12-29,22350.0,PE,355.05,364.16,22520.45,7410,79,65
2026-10-09,IDO,2026-12-29,24700.0,PE,1819.75,1939.84,22520.45,0,0,65
2026-10-09,IDO,2027-03-30,22500.0,PE,522.2,522.2,22520.45,911885,3608,65
2026-10-09,IDO,2027-06-29,25500.0,PE,667.15,2309.17,22520.45,0,0,65
2026-10-09,IDO,2027-12-28,22500.0,PE,711.05,711.05,22520.45,6435,64,65
2026-10-09,IDO,2027-12-28,25500.0,PE,676.05,2083.79,22520.45,0,0,65
2026-10-09,IDO,2028-12-26,20000.0,PE,390.0,390.0,22520.45,5805,5,65
2026-10-09,IDO,2028-12-26,21000.0,PE,516.35,346.58,22520.45,11635,3,65
2026-10-09,IDO,2029-06-26,15000.0,PE,30.9,6.54,22520.45,0,0,65
2026-10-09,IDO,2029-06-26,21000.0,PE,320.25,353.87,22520.45,0,0,65
2026-10-09,IDO,2029-12-24,27000.0,PE,1177.9,2115.96,22520.45,0,0,65
2026-10-09,IDO,2030-06-25,24000.0,PE,698.15,938.01,22520.45,0,0,65
2026-10-09,IDO,2030-06-25,27000.0,PE,1286.05,1942.43,22520.45,0,0,65
2026-10-09,IDO,2031-06-24,18000.0,PE,173.45,93.12,22520.45,0,0,65
2026-10-09,IDO,2026-10-13,22100.0,CE,474.65,474.65,22520.45,348855,70619,65
2026-10-09,IDO,2026-10-13,21150.0,CE,2606.15,1383.77,22520.45,0,0,65
2026-10-09,IDO,2026-10-13,20850.0,CE,2902.5,1683.58,22520.45,0,0,65
2026-10-09,IDO,2026-10-13,20600.0,CE,3150.35,1933.43,22520.45,0,0,65
2026-10-09,IDO,2026-10-13,20350.0,CE,3398.6,2183.27,22520.45,0,0,65
2026-10-09,IDO,2026-10-13,20050.0,CE,2589.8,2589.8,22520.45,130,2,65
2026-10-09,IDO,2026-10-27,23050.0,CE,87.65,87.65,22520.45,194220,4717,65
2026-10-09,IDO,2026-10-27,22950.0,CE,116.7,116.7,22520.45,140530,4315,65
2026-10-09,IDO,2026-10-27,21650.0,CE,1000.0,954.92,22520.45,130,0,65
2026-10-09,IDO,2026-10-27,21100.0,CE,1340.0,1482.71,22520.45,65,0,65
2026-10-09,IDO,2026-10-27,20950.0,CE,3376.9,1630.99,22520.45,0,0,65
2026-10-09,IDO,2026-10-19,24150.0,CE,1.5,1.5,22520.45,21905,519,65
2026-10-09,IDO,2026-10-19,24000.0,CE,1.9,1.9,22520.45,1239875,23268,65
2026-10-09,IDO,2026-10-19,23300.0,CE,11.45,11.45,22520.45,1081795,76191,65
2026-10-09,IDO,2026-10-19,22950.0,CE,48.95,48.95,22520.45,574665,27585,65
2026-10-09,IDO,2026-10-19,21850.0,CE,799.0,721.68,22520.45,910,9,65
2026-10-09,IDO,2026-10-19,20800.0,CE,2436.25,1753.21,22520.45,0,0,65
2026-10-09,IDO,2026-11-23,24950.0,CE,16.5,8.87,22520.45,1495,26,65
2026-10-09,IDO,2026-11-23,24000.0,CE,56.45,56.45,22520.45,1877460,27612,65
2026-10-09,IDO,2026-11-23,23750.0,CE,84.9,84.9,22520.45,22035,161,65
2026-10-09,IDO,2026-11-23,23250.0,CE,198.2,198.2,22520.45,40430,284,65
2026-10-09,IDO,2026-11-23,23150.0,CE,231.3,231.3,22520.45,30745,416,65
2026-10-09,IDO,2026-11-23,22750.0,CE,402.5,402.5,22520.45,33930,494,65
2026-10-09,IDO,2028-06-27,18000.0,PE,396.75,43.87,22520.45,0,0,65
2026-10-09,IDO,2031-06-24,28500.0,PE,2104.2,2190.09,22520.45,0,0,65
2026-10-09,IDO,2031-06-24,30000.0,PE,2616.25,2813.64,22520.45,0,0,65
2026-10-09,IDO,2028-12-26,18000.0,PE,250.0,59.44,22520.45,75,0,65
2026-10-09,IDO,2029-12-24,23000.0,PE,901.05,734.37,22520.45,1690,0,65
2026-10-09,IDO,2029-12-24,26000.0,PE,1850.0,1690.68,22520.45,4965,0,65
2026-10-09,IDO,2030-12-31,16500.0,PE,13.65,38.85,22520.45,0,0,65
2026-10-09,IDO,2026-10-13,20300.0,CE,3448.3,2233.24,22520.45,0,0,65
2026-10-09,IDO,2026-10-13,21250.0,CE,2507.8,1283.84,22520.45,0,0,65
2026-10-09,IDO,2026-10-13,21900.0,CE,669.75,669.75,22520.45,82680,4529,65
2026-10-09,IDO,2026-10-13,22450.0,CE,172.9,172.9,22520.45,1726530,3526531,65
2026-10-09,IDO,2026-10-13,23200.0,CE,2.3,2.3,22520.45,7631325,1181401,65
2026-10-09,IDO,2026-10-13,23500.0,CE,1.15,1.15,22520.45,9551165,865343,65
2026-10-09,IDO,2026-10-13,24650.0,CE,0.4,0.4,22520.45,58240,1470,65
2026-10-09,IDO,2026-10-13,24850.0,CE,0.4,0.4,22520.45,29770,734,65
2026-10-09,IDO,2026-10-13,25150.0,CE,0.35,0.35,22520.45,45240,2617,65
2026-10-09,IDO,2026-10-13,25350.0,CE,0.4,0.4,22520.45,83655,3051,65
2026-10-09,IDO,2026-10-19,20450.0,CE,2781.7,2102.64,22520.45,0,0,65
2026-10-09,IDO,2026-10-19,20900.0,CE,2338.15,1653.39,22520.45,0,0,65
2026-10-09,IDO,2026-10-19,21450.0,CE,1807.8,1106.2,22520.45,0,0,65
2026-10-09,IDO,2026-10-19,21950.0,CE,709.5,631.25,22520.45,1560,45,65
2026-10-09,IDO,2026-10-19,22000.0,CE,625.65,625.65,22520.45,149825,4487,65
2026-10-09,IDO,2026-10-19,23050.0,CE,32.1,32.1,22520.45,183300,17199,65
2026-10-09,IDO,2026-10-19,24100.0,CE,1.6,1.6,22520.45,541515,9279,65
2026-10-09,IDO,2026-10-19,24600.0,CE,1.05,1.05,22520.45,24310,444,65
2026-10-09,IDO,2026-10-27,20400.0,CE,3903.2,2178.27,22520.45,0,0,65
2026-10-09,IDO,2026-10-27,20550.0,CE,3758.6,2028.77,22520.45,0,0,65
2026-10-09,IDO,2026-10-27,20600.0,CE,3710.55,1978.96,22520.45,0,0,65
2026-10-09,IDO,2026-10-27,21150.0,CE,1433.7,1433.5,22520.45,65,0,65
2026-10-09,IDO,2026-10-27,22200.0,CE,535.6,535.6,22520.45,881985,63466,65
2026-10-09,IDO,2026-10-27,22900.0,CE,133.2,133.2,22520.45,1396005,31761,65
2026-10-09,IDO,2026-10-27,23350.0,CE,35.05,35.05,22520.45,122135,3037,65
2026-10-09,IDO,2026-10-27,23550.0,CE,19.8,19.8,22520.45,155545,2698,65
2026-10-09,IDO,2026-10-27,23800.0,CE,10.3,10.3,22520.45,1635465,15359,65
2026-10-09,IDO,2026-10-27,24450.0,CE,4.1,4.1,22520.45,54145,466,65
2026-10-09,IDO,2026-10-27,24850.0,CE,2.75,2.75,22520.45,33605,57,65
2026-10-09,IDO,2026-10-27,24950.0,CE,2.6,2.6,22520.45,26910,35,65
2026-10-09,IDO,2026-10-27,26850.0,CE,0.55,0.01,22520.45,5070,0,65
2026-10-09,IDO,2026-11-03,20900.0,CE,2577.35,1705.93,22520.45,0,0,65
2026-10-09,IDO,2026-11-03,21100.0,CE,2382.6,1510.47,22520.45,0,0,65
2026-10-09,IDO,2026-11-03,21250.0,CE,2237.75,1365.91,22520.45,0,0,65
2026-10-09,IDO,2026-11-03,21300.0,CE,2189.8,1318.26,22520.45,0,0,65
2026-10-09,IDO,2026-11-03,21500.0,CE,1999.75,1131.28,22520.45,0,0,65
2026-10-09,IDO,2026-11-03,21950.0,CE,1587.3,743.57,22520.45,0,0,65
2026-10-09,IDO,2026-11-03,22000.0,CE,756.0,756.0,22520.45,15145,393,65
2026-10-09,IDO,2026-11-03,22050.0,CE,514.55,666.25,22520.45,4030,0,65
2026-10-09,IDO,2026-11-03,22350.0,CE,493.3,493.3,22520.45,6175,72,65
2026-10-09,IDO,2026-11-03,23500.0,CE,49.1,49.1,22520.45,116220,2454,65
2026-10-09,IDO,2026-11-03,24000.0,CE,15.85,15.85,22520.45,175500,2656,65
2026-10-09,IDO,2026-11-03,24450.0,CE,9.05,3.71,22520.45,1365,4,65
2026-10-09,IDO,2026-11-03,24500.0,CE,7.6,7.6,22520.45,46020,365,65
2026-10-09,IDO,2026-11-03,24750.0,CE,7.0,1.31,22520.45,2990,1,65
2026-10-09,IDO,2026-11-03,24800.0,CE,6.95,6.95,22520.45,2665,34,65
2026-10-09,IDO,2026-11-03,25100.0,CE,5.2,5.2,22520.45,32370,180,65
2026-10-09,IDO,2026-11-09,21750.0,CE,1224.45,946.32,22520.45,0,0,65
2026-10-09,IDO,2026-11-09,22050.0,CE,981.15,709.69,22520.45,0,0,65
2026-10-09,IDO,2026-11-09,22950.0,CE,225.55,225.55,22520.45,2275,14,65
2026-10-09,IDO,2026-11-09,23150.0,CE,150.85,155.17,22520.45,2145,37,65
2026-10-09,IDO,2026-11-09,23900.0,CE,116.9,33.53,22520.45,0,0,65
2026-10-09,IDO,2026-11-23,20350.0,CE,4291.7,2317.87,22520.45,0,0,65
2026-10-09,IDO,2026-11-23,22650.0,CE,456.3,456.3,22520.45,20800,140,65
2026-10-09,IDO,2026-11-23,23200.0,CE,213.4,213.4,22520.45,354835,3943,65
2026-10-09,IDO,2026-11-23,23300.0,CE,182.2,182.2,22520.45,220805,2537,65
2026-10-09,IDO,2026-11-23,23400.0,CE,154.9,154.9,22520.45,258050,2800,65
2026-10-09,IDO,2026-11-23,24500.0,CE,26.95,26.95,22520.45,896415,10772,65
2026-10-09,IDO,2026-12-29,20200.0,CE,2845.65,2590.56,22520.45,0,0,65
2026-10-09,IDO,2026-12-29,21700.0,CE,1341.0,1265.78,22520.45,3315,0,65
2026-10-09,IDO,2026-12-29,22400.0,CE,805.4,805.4,22520.45,21580,243,65
2026-10-09,IDO,2026-12-29,22950.0,CE,490.75,503.05,22520.45,6370,34,65
2026-10-09,IDO,2026-12-29,23400.0,CE,303.25,303.25,22520.45,51610,665,65
2026-10-09,IDO,2026-12-29,23950.0,CE,155.25,155.25,22520.45,20085,83,65
2026-10-09,IDO,2026-12-29,24350.0,CE,91.9,91.9,22520.45,18980,39,65
2026-10-09,IDO,2027-06-29,19500.0,CE,8143.4,3862.68,22520.45,0,0,65
2026-10-09,IDO,2027-06-29,33000.0,CE,1122.75,1.2,22520.45,0,0,65
2026-10-09,IDO,2027-09-28,21000.0,CE,3277.85,2914.67,22520.45,0,0,65
2026-10-09,IDO,2028-06-27,33000.0,CE,2004.15,103.14,22520.45,0,0,65
2026-10-09,IDO,2029-12-24,31500.0,CE,3429.3,937.88,22520.45,0,0,65
2026-10-09,IDO,2030-12-31,27000.0,CE,6772.8,3132.45,22520.45,0,0,65
2026-10-09,IDO,2031-06-24,21000.0,CE,8900.75,6830.04,22520.45,0,0,65
2026-10-09,IDO,2026-10-13,20350.0,PE,1.05,1.05,22520.45,323440,35469,65
2026-10-09,IDO,2026-10-13,20450.0,PE,1.15,1.15,22520.45,781300,77027,65
2026-10-09,IDO,2026-10-13,21200.0,PE,2.0,2.0,22520.45,6497010,681802,65
2026-10-09,IDO,2026-10-13,21600.0,PE,3.35,3.35,22520.45,3721575,747283,65
2026-10-09,IDO,2026-10-13,22000.0,PE,9.1,9.1,22520.45,12445030,2489687,65
2026-10-09,IDO,2026-10-13,22350.0,PE,37.5,37.5,22520.45,5117580,2914319,65
2026-10-09,IDO,2026-10-13,22550.0,PE,95.95,95.95,22520.45,3946930,2632711,65
2026-10-09,IDO,2026-10-13,22950.0,PE,394.1,394.1,22520.45,238095,5959,65
2026-10-09,IDO,2026-10-13,23150.0,PE,586.35,586.35,22520.45,31850,237,65
2026-10-09,IDO,2026-10-13,23550.0,PE,985.9,985.9,22520.45,41340,381,65
2026-10-09,IDO,2026-10-13,24100.0,PE,1515.0,1564.37,22520.45,59540,13,65
2026-10-09,IDO,2026-10-13,24300.0,PE,1701.0,1764.24,22520.45,42055,33,65
2026-10-09,IDO,2026-10-19,20050.0,PE,3.05,3.05,22520.45,605345,8857,65
2026-10-09,IDO,2026-10-19,20150.0,PE,3.1,3.1,22520.45,11765,529,65
2026-10-09,IDO,2026-10-19,20350.0,PE,3.55,3.55,22520.45,3835,137,65
2026-10-09,IDO,2026-10-19,20850.0,PE,5.25,5.25,22520.45,35750,1456,65
2026-10-09,IDO,2026-10-19,21150.0,PE,7.6,7.6,22520.45,160810,5804,65
2026-10-09,IDO,2026-10-19,21900.0,PE,29.8,29.8,22520.45,595530,53314,65
2026-10-09,IDO,2026-10-19,22850.0,PE,333.7,333.7,22520.45,48555,2081,65
2026-10-09,IDO,2026-10-19,23100.0,PE,533.1,533.1,22520.45,35425,621,65
2026-10-09,IDO,2026-10-19,23350.0,PE,759.0,805.86,22520.45,1690,11,65
2026-10-09,IDO,2026-10-19,23650.0,PE,939.3,1095.35,22520.45,1040,0,65
2026-10-09,IDO,2026-10-19,24550.0,PE,1372.75,1990.91,22520.45,0,0,65
2026-10-09,IDO,2026-10-19,24600.0,PE,2005.0,2005.0,22520.45,715,6,65
2026-10-09,IDO,2026-10-27,20100.0,PE,7.1,7.1,22520.45,404495,4739,65
2026-10-09,IDO,2026-10-27,20200.0,PE,7.4,7.4,22520.45,27235,859,65
2026-10-09,IDO,2026-10-27,20650.0,PE,10.75,10.75,22520.45,16835,477,65
2026-10-09,IDO,2026-10-27,21650.0,PE,42.55,42.55,22520.45,112385,2539,65
2026-10-09,IDO,2026-10-27,21750.0,PE,51.15,51.15,22520.45,102440,3130,65
2026-10-09,IDO,2026-10-27,22050.0,PE,88.6,88.6,22520.45,210860,6183,65
2026-10-09,IDO,2026-10-27,22650.0,PE,268.45,268.45,22520.45,278525,4964,65
2026-10-09,IDO,2026-10-27,23050.0,PE,512.6,512.6,22520.45,46020,126,65
2026-10-09,IDO,2026-10-27,23150.0,PE,589.55,589.55,22520.45,31460,186,65
2026-10-09,IDO,2026-10-27,23450.0,PE,849.35,849.35,22520.45,38350,48,65
2026-10-09,IDO,2026-10-27,23500.0,PE,894.7,894.7,22520.45,5208060,7875,65
2026-10-09,IDO,2026-10-27,24400.0,PE,1768.65,1811.5,22520.45,147420,70,65
2026-10-09,IDO,2026-10-27,24450.0,PE,1828.0,1861.15,22520.45,8515,1,65
2026-10-09,IDO,2026-10-27,24900.0,PE,2269.75,2269.75,22520.45,141375,10,65
2026-10-09,IDO,2026-10-27,25300.0,PE,2870.0,2707.92,22520.45,10465,0,65
2026-10-09,IDO,2026-10-27,26550.0,PE,2330.1,3954.37,22520.45,0,0,65
2026-10-09,IDO,2026-10-27,27000.0,PE,4356.65,4356.65,22520.45,912470,588,65
2026-10-09,IDO,2026-11-03,20100.0,PE,0.6,0.08,22520.45,0,0,65
2026-10-09,IDO,2026-11-03,20900.0,PE,25.05,25.05,22520.45,3770,55,65
2026-10-09,IDO,2026-11-03,20950.0,PE,36.0,4.05,22520.45,2210,0,65
2026-10-09,IDO,2026-11-03,21100.0,PE,36.55,7.08,22520.45,5005,88,65
2026-10-09,IDO,2026-11-03,21250.0,PE,14.0,11.94,22520.45,0,0,65
2026-10-09,IDO,2026-11-03,21650.0,PE,69.1,69.1,22520.45,2275,95,65
2026-10-09,IDO,2026-11-03,22450.0,PE,231.6,231.6,22520.45,13195,295,65
2026-10-09,IDO,2026-11-03,22500.0,PE,252.35,252.35,22520.45,59345,2281,65
2026-10-09,IDO,2026-11-03,22550.0,PE,272.05,272.05,22520.45,12870,257,65
2026-10-09,IDO,2026-11-03,22650.0,PE,314.0,314.0,22520.45,10400,113,65
2026-10-09,IDO,2026-11-03,22900.0,PE,443.6,443.6,22520.45,9815,68,65
2026-10-09,IDO,2026-11-03,24550.0,PE,1199.8,1935.7,22520.45,0,0,65
2026-10-09,IDO,2026-11-03,25050.0,PE,1622.0,2431.51,22520.45,0,0,65
2026-10-09,IDO,2026-11-09,20400.0,PE,2.9,1.03,22520.45,0,0,65
2026-10-09,IDO,2026-11-09,22150.0,PE,157.4,159.55,22520.45,0,0,65
2026-10-09,IDO,2026-11-09,22450.0,PE,303.9,267.38,22520.45,195,0,65
2026-10-09,IDO,2026-11-09,23300.0,PE,668.75,784.23,22520.45,0,0,65
2026-10-09,IDO,2026-11-09,23350.0,PE,701.4,823.33,22520.45,0,0,65
2026-10-09,IDO,2026-11-09,24500.0,PE,1631.55,1867.39,22520.45,0,0,65
2026-10-09,IDO,2026-11-23,20100.0,PE,29.25,29.25,22520.45,34190,730,65
2026-10-09,IDO,2026-11-23,20700.0,PE,50.1,50.1,22520.45,37830,364,65
2026-10-09,IDO,2026-11-23,20750.0,PE,48.05,11.57,22520.45,585,1,65
2026-10-09,IDO,2026-11-23,21000.0,PE,67.9,67.9,22520.45,894920,21072,65
2026-10-09,IDO,2026-11-23,21300.0,PE,89.6,89.6,22520.45,92885,2009,65
2026-10-09,IDO,2026-11-23,22800.0,PE,460.95,460.95,22520.45,313040,1989,65
2026-10-09,IDO,2026-11-23,23200.0,PE,691.4,691.4,22520.45,156195,1020,65
2026-10-09,IDO,2026-11-23,23250.0,PE,714.5,769.27,22520.45,12545,9,65
2026-10-09,IDO,2026-11-23,23450.0,PE,1130.0,916.0,22520.45,5460,0,65
2026-10-09,IDO,2026-11-23,23500.0,PE,897.8,897.8,22520.45,482365,1126,65
2026-10-09,IDO,2026-11-23,23900.0,PE,1240.0,1283.81,22520.45,10010,56,65
2026-10-09,IDO,2026-11-23,24550.0,PE,2080.45,1877.29,22520.45,195,0,65
2026-10-09,IDO,2026-11-23,25100.0,PE,2203.1,2408.51,22520.45,325,0,65
2026-10-09,IDO,2026-12-29,20300.0,PE,38.95,17.16,22520.45,0,0,65
2026-10-09,IDO,2026-12-29,21600.0,PE,187.0,187.0,22520.45,53560,386,65
2026-10-09,IDO,2026-12-29,21750.0,PE,208.95,208.95,22520.45,17745,96,65
2026-10-09,IDO,2026-12-29,22450.0,PE,389.6,389.6,22520.45,6630,109,65
2026-10-09,IDO,2026-12-29,24050.0,PE,1339.5,1388.97,22520.45,2080,2,65
2026-10-09,IDO,2026-12-29,24500.0,PE,1680.3,1680.3,22520.45,6955,20,65
2026-10-09,IDO,2026-12-29,27000.0,PE,4040.5,4040.5,22520.45,1582950,747,65
2026-10-09,IDO,2027-06-29,33000.0,PE,4691.7,9141.45,22520.45,0,0,65
2026-10-09,IDO,2027-09-28,16500.0,PE,8.0,2.04,22520.45,65,1,65
2026-10-09,IDO,2027-12-28,16500.0,PE,49.05,49.05,22520.45,130,2,65
2026-10-09,IDO,2027-12-28,19000.0,PE,170.0,170.0,22520.45,48980,246,65
2026-10-09,IDO,2027-12-28,22000.0,PE,603.5,603.5,22520.45,120710,497,65
2026-10-09,IDO,2027-12-28,24000.0,PE,1132.1,1132.1,22520.45,251125,344,65
2026-10-09,IDO,2026-11-23,25350.0,CE,15.0,3.43,22520.45,455,0,65
2026-10-09,IDO,2026-12-29,15000.0,CE,5977.65,7710.64,22520.45,0,0,65
2026-10-09,IDO,2026-12-29,16500.0,CE,10405.0,6229.66,22520.45,0,0,65
2026-10-09,IDO,2026-12-29,20450.0,CE,2614.3,2352.79,22520.45,0,0,65
2026-10-09,IDO,2026-12-29,23200.0,CE,377.5,377.5,22520.45,64805,878,65
2026-10-09,IDO,2026-12-29,23600.0,CE,239.1,239.1,22520.45,58630,688,65
2026-10-09,IDO,2026-11-23,21950.0,CE,2769.65,875.93,22520.45,0,0,65
2026-10-09,IDO,2026-11-23,21700.0,CE,2999.2,1070.91,22520.45,0,0,65
2026-10-09,IDO,2026-11-23,21250.0,CE,3422.3,1459.67,22520.45,0,0,65
2026-10-09,IDO,2026-12-29,24100.0,CE,126.7,126.7,22520.45,33670,222,65
2026-10-09,IDO,2026-12-29,24250.0,CE,104.5,104.5,22520.45,24830,118,65
2026-10-09,IDO,2026-12-29,24500.0,CE,75.75,75.75,22520.45,238615,6736,65
2026-10-09,IDO,2026-12-29,24600.0,CE,216.4,83.74,22520.45,0,0,65
2026-10-09,IDO,2026-12-29,29000.0,CE,4.7,4.7,22520.45,391915,254,65
2026-10-09,IDO,2027-03-30,19500.0,CE,3350.0,3565.21,22520.45,2470,0,65
2026-10-09,IDO,2027-12-28,15000.0,CE,7931.05,8536.44,22520.45,0,0,65
2026-10-09,IDO,2028-12-26,15000.0,CE,11381.75,9319.31,22520.45,0,0,65
2026-10-09,IDO,2029-06-26,18000.0,CE,11678.65,7193.71,22520.45,0,0,65
2026-10-09,IDO,2029-06-26,19500.0,CE,10206.95,6010.83,22520.45,0,0,65
2026-10-09,IDO,2029-06-26,24000.0,CE,8085.35,3052.42,22520.45,0,0,65
2026-10-09,IDO,2029-06-26,27000.0,CE,6570.4,1732.7,22520.45,0,0,65
2026-10-09,IDO,2029-12-24,30000.0,CE,1250.0,1261.0,22520.45,13800,3,65
2026-10-09,IDO,2030-06-25,18000.0,CE,12423.9,8067.02,22520.45,0,0,65
2026-10-09,IDO,2030-06-25,22500.0,CE,9012.4,4939.62,22520.45,0,0,65
2026-10-09,IDO,2030-06-25,30000.0,CE,5580.35,1643.68,22520.45,0,0,65
2026-10-09,IDO,2030-12-31,21000.0,CE,10552.5,6393.01,22520.45,0,0,65
2026-10-09,IDO,2026-10-13,20100.0,PE,0.8,0.8,22520.45,4583605,199570,65
2026-10-09,IDO,2026-10-13,20850.0,PE,1.45,1.45,22520.45,386555,105357,65
2026-10-09,IDO,2026-10-13,21650.0,PE,3.65,3.65,22520.45,2229045,450263,65
2026-10-09,IDO,2026-10-13,22600.0,PE,120.35,120.35,22520.45,4032015,2116671,65
2026-10-09,IDO,2026-10-19,20200.0,PE,3.2,3.2,22520.45,239720,6283,65
2026-10-09,IDO,2026-10-19,20950.0,PE,5.95,5.95,22520.45,33475,1773,65
2026-10-09,IDO,2026-10-19,21250.0,PE,8.65,8.65,22520.45,107445,7139,65
2026-10-09,IDO,2026-10-19,21550.0,PE,14.0,14.0,22520.45,132730,10252,65
2026-10-09,IDO,2026-10-19,21950.0,PE,34.15,34.15,22520.45,135460,14512,65
2026-10-09,IDO,2026-10-19,22700.0,PE,239.1,239.1,22520.45,486980,21339,65
2026-10-09,IDO,2026-10-27,26500.0,CE,0.65,0.65,22520.45,588575,3753,65
2026-10-09,IDO,2028-12-26,19500.0,PE,49.0,157.14,22520.45,0,0,65
2026-10-09,IDO,2027-09-28,30000.0,PE,5717.3,5906.57,22520.45,0,0,65
2026-10-09,IDO,2027-09-28,22500.0,PE,765.0,637.76,22520.45,130,1,65
2026-10-09,IDO,2026-12-29,23500.0,PE,899.7,899.7,22520.45,122135,969,65
2026-10-09,IDO,2026-12-29,23200.0,PE,718.5,718.5,22520.45,7085,58,65
2026-10-09,IDO,2026-12-29,22800.0,PE,520.35,520.35,22520.45,96135,649,65
2026-10-09,IDO,2026-12-29,22050.0,PE,274.0,274.0,22520.45,11375,99,65
2026-10-09,IDO,2026-12-29,22000.0,PE,264.7,264.7,22520.45,3496245,17500,65
2026-10-09,IDO,2026-12-29,21650.0,PE,194.45,194.45,22520.45,9230,43,65
2026-10-09,IDO,2026-12-29,21350.0,PE,149.4,149.4,22520.45,3640,88,65
2026-10-09,IDO,2026-12-29,21150.0,PE,124.7,77.69,22520.45,1950,53,65
2026-10-09,IDO,2026-12-29,20850.0,PE,97.9,47.65,22520.45,2080,24,65
2026-10-09,IDO,2026-12-29,20150.0,PE,61.85,61.85,22520.45,1495,64,65
2026-10-09,IDO,2026-11-23,25050.0,PE,2671.8,2359.64,22520.45,65,0,65
2026-10-09,IDO,2026-11-23,24950.0,PE,915.05,2262.17,22520.45,0,0,65
2026-10-09,IDO,2026-11-23,24650.0,PE,1463.55,1972.58,22520.45,260,0,65
2026-10-09,IDO,2026-11-23,23750.0,PE,1101.0,1156.15,22520.45,2860,2,65
2026-10-09,IDO,2026-11-23,23150.0,PE,652.8,652.8,22520.45,7020,65,65
2026-10-09,IDO,2026-11-23,20500.0,PE,43.0,43.0,22520.45,580580,8436,65
2026-10-09,IDO,2026-11-23,20300.0,PE,4.4,3.14,22520.45,0,0,65
2026-10-09,IDO,2026-11-23,20150.0,PE,3.3,1.94,22520.45,0,0,65
2026-10-09,IDO,2026-11-09,24100.0,PE,1276.3,1482.85,22520.45,0,0,65
2026-10-09,IDO,2026-11-09,23850.0,PE,1069.0,1251.0,22520.45,0,0,65
2026-10-09,IDO,2026-11-09,23400.0,PE,734.8,863.21,22520.45,0,0,65
2026-10-09,IDO,2026-11-09,23150.0,PE,575.8,671.94,22520.45,0,0,65
2026-10-09,IDO,2026-11-09,22350.0,PE,272.0,227.15,22520.45,325,7,65
2026-10-09,IDO,2026-11-09,22050.0,PE,133.75,131.82,22520.45,0,0,65
2026-10-09,IDO,2026-11-09,21950.0,PE,132.4,132.4,22520.45,455,57,65
2026-10-09,IDO,2026-11-09,21250.0,PE,79.95,19.39,22520.45,65,0,65
2026-10-09,IDO,2026-11-09,21000.0,PE,42.4,42.4,22520.45,7540,168,65
2026-10-09,IDO,2026-11-09,20900.0,PE,11.95,6.55,22520.45,0,0,65
2026-10-09,IDO,2026-11-09,20750.0,PE,8.05,3.91,22520.45,0,0,65
2026-10-09,IDO,2026-11-03,25000.0,PE,2640.85,2381.8,22520.45,65,0,65
2026-10-09,IDO,2026-11-03,24900.0,PE,1490.95,2282.43,22520.45,0,0,65
2026-10-09,IDO,2026-11-03,23850.0,PE,700.25,1258.49,22520.45,0,0,65
2026-10-09,IDO,2026-11-03,23550.0,PE,1000.0,986.05,22520.45,65,1,65
2026-10-09,IDO,2026-11-03,23250.0,PE,740.0,735.33,22520.45,585,3,65
2026-10-09,IDO,2026-11-03,23200.0,PE,648.6,648.6,22520.45,7410,273,65
2026-10-09,IDO,2026-11-03,23150.0,PE,697.4,658.25,22520.45,4485,1,65
2026-10-09,IDO,2026-11-03,22150.0,PE,147.4,147.4,22520.45,8840,135,65
2026-10-09,IDO,2026-11-03,22100.0,PE,137.3,137.3,22520.45,19825,431,65
2026-10-09,IDO,2026-11-03,22000.0,PE,118.4,118.4,22520.45,102765,2335,65
2026-10-09,IDO,2026-11-03,21000.0,PE,27.95,27.95,22520.45,102310,2677,65
2026-10-09,IDO,2026-11-03,20650.0,PE,3.1,1.18,22520.45,0,0,65
2026-10-09,IDO,2026-11-03,20600.0,PE,19.55,19.55,22520.45,3315,21,65
2026-10-09,IDO,2026-11-03,20050.0,PE,0.5,0.06,22520.45,0,0,65
2026-10-09,IDO,2026-10-27,26700.0,PE,3900.0,4103.95,22520.45,260,0,65
2026-10-09,IDO,2026-10-27,26600.0,PE,3700.0,4004.23,22520.45,455,0,65
2026-10-09,IDO,2026-10-27,25550.0,PE,2725.0,2957.21,22520.45,910,0,65
2026-10-09,IDO,2026-10-27,24800.0,PE,2155.0,2155.0,22520.45,312845,21,65
2026-10-09,IDO,2026-10-27,24500.0,PE,1877.45,1877.45,22520.45,1552200,1324,65
2026-10-09,IDO,2026-10-27,21250.0,PE,22.55,22.55,22520.45,259155,6239,65
2026-10-09,IDO,2026-10-27,20350.0,PE,8.0,0.04,22520.45,2015,20,65
2026-10-09,IDO,2026-10-19,25100.0,PE,1872.7,2540.04,22520.45,0,0,65
2026-10-09,IDO,2026-10-19,24500.0,PE,1817.65,1941.0,22520.45,2535,2,65
2026-10-09,IDO,2026-10-19,23250.0,PE,671.25,671.25,22520.45,3835,41,65
2026-10-09,IDO,2026-10-19,23050.0,PE,493.05,493.05,22520.45,4550,60,65
2026-10-09,IDO,2026-10-19,21050.0,PE,6.55,6.55,22520.45,53950,3014,65
2026-10-09,IDO,2026-10-19,21000.0,PE,6.35,6.35,22520.45,2060370,94553,65
2026-10-09,IDO,2026-10-19,20800.0,PE,4.95,4.95,22520.45,185315,12629,65
2026-10-09,IDO,2026-10-13,24500.0,PE,1929.95,1929.95,22520.45,109785,64,65
2026-10-09,IDO,2026-10-13,24200.0,PE,1630.0,1664.31,22520.45,58435,65,65
2026-10-09,IDO,2026-10-13,23100.0,PE,539.95,539.95,22520.45,288535,2279,65
2026-10-09,IDO,2026-10-13,22650.0,PE,149.25,149.25,22520.45,1355250,467901,65
2026-10-09,IDO,2026-10-13,20900.0,PE,1.5,1.5,22520.45,959725,195977,65
2026-10-09,IDO,2031-06-24,25500.0,CE,6409.8,4263.12,22520.45,0,0,65
2026-10-09,IDO,2031-06-24,19500.0,CE,9840.6,7830.33,22520.45,0,0,65
2026-10-09,IDO,2031-06-24,18000.0,CE,10825.95,8883.75,22520.45,0,0,65
2026-10-09,IDO,2030-12-31,22500.0,CE,9536.95,5443.59,22520.45,0,0,65
2026-10-09,IDO,2030-06-25,15000.0,CE,14543.9,10415.31,22520.45,0,0,65
2026-10-09,IDO,2029-12-24,19500.0,CE,10678.8,6488.29,22520.45,0,0,65
2026-10-09,IDO,2029-06-26,33000.0,CE,4179.45,443.8,22520.45,0,0,65
2026-10-09,IDO,2028-12-26,25500.0,CE,1820.0,1825.34,22520.45,1040,1,65
2026-10-09,IDO,2028-12-26,24000.0,CE,2701.05,2701.05,22520.45,4420,4,65
2026-10-09,IDO,2027-12-28,30000.0,CE,131.9,131.9,22520.45,222495,250,65
2026-10-09,IDO,2027-09-28,19500.0,CE,4470.95,4154.9,22520.45,0,0,65
2026-10-09,IDO,2027-06-29,27000.0,CE,102.35,102.35,22520.45,84890,710,65
2026-10-09,IDO,2026-12-29,31500.0,CE,5.0,0.01,22520.45,34385,0,65
2026-10-09,IDO,2026-12-29,30000.0,CE,4.35,4.35,22520.45,812425,302,65
2026-10-09,IDO,2026-12-29,24550.0,CE,226.15,89.32,22520.45,0,0,65
2026-10-09,IDO,2026-12-29,23700.0,CE,210.15,210.15,22520.45,57070,446,65
2026-10-09,IDO,2026-12-29,23650.0,CE,223.1,223.1,22520.45,10790,110,65
2026-10-09,IDO,2026-12-29,21250.0,CE,1447.1,1630.43,22520.45,1170,0,65
2026-10-09,IDO,2026-12-29,20550.0,CE,2523.15,2258.88,22520.45,0,0,65
2026-10-09,IDO,2026-12-29,20400.0,CE,2660.2,2400.03,22520.45,0,0,65
2026-10-09,IDO,2026-11-23,25900.0,CE,7.0,0.82,22520.45,1560,4,65
2026-10-09,IDO,2026-11-23,24400.0,CE,30.5,30.5,22520.45,111150,871,65
2026-10-09,IDO,2026-11-23,23950.0,CE,60.9,60.9,22520.45,31005,205,65
2026-10-09,IDO,2026-11-23,23500.0,CE,131.4,131.4,22520.45,1250600,18536,65
2026-10-09,IDO,2026-11-23,22450.0,CE,581.65,581.65,22520.45,9425,283,65
2026-10-09,IDO,2026-11-23,21150.0,CE,3517.65,1551.08,22520.45,0,0,65
2026-10-09,IDO,2026-11-09,24250.0,CE,66.0,14.14,22520.45,0,0,65
2026-10-09,IDO,2026-11-09,23450.0,CE,89.95,88.51,22520.45,1625,32,65
2026-10-09,IDO,2026-11-09,23250.0,CE,121.65,129.66,22520.45,585,17,65
2026-10-09,IDO,2026-11-09,23000.0,CE,207.25,207.25,22520.45,29770,657,65
2026-10-09,IDO,2026-11-09,21700.0,CE,1267.05,988.48,22520.45,0,0,65
2026-10-09,IDO,2026-11-09,21600.0,CE,1353.8,1074.76,22520.45,0,0,65
2026-10-09,IDO,2026-11-09,20800.0,CE,2099.65,1826.44,22520.45,0,0,65
2026-10-09,IDO,2026-11-09,20400.0,CE,2491.2,2220.86,22520.45,0,0,65
2026-10-09,IDO,2026-11-09,20350.0,CE,2540.5,2270.43,22520.45,0,0,65
2026-10-09,IDO,2026-11-09,20300.0,CE,2589.9,2320.03,22520.45,0,0,65
2026-10-09,IDO,2026-11-09,20250.0,CE,2639.3,2369.65,22520.45,0,0,65
2026-10-09,IDO,2026-11-09,20200.0,CE,2688.75,2419.3,22520.45,0,0,65
2026-10-09,IDO,2026-11-03,24300.0,CE,8.3,8.3,22520.45,1560,28,65
2026-10-09,IDO,2026-11-03,23950.0,CE,18.2,18.2,22520.45,5265,61,65
2026-10-09,IDO,2026-11-03,23850.0,CE,21.2,22.69,22520.45,3055,0,65
2026-10-09,IDO,2026-11-03,23700.0,CE,401.3,33.74,22520.45,0,0,65
2026-10-09,IDO,2026-11-03,23650.0,CE,34.65,34.65,22520.45,4420,50,65
2026-10-09,IDO,2026-11-03,23250.0,CE,88.7,88.7,22520.45,10855,116,65
2026-10-09,IDO,2026-11-03,22450.0,CE,425.0,425.0,22520.45,6565,195,65
2026-10-09,IDO,2026-11-03,20800.0,CE,2675.3,1804.43,22520.45,0,0,65
2026-10-09,IDO,2026-11-03,20700.0,CE,2773.55,1903.27,22520.45,0,0,65
2026-10-09,IDO,2026-11-03,20100.0,CE,3366.5,2499.53,22520.45,0,0,65
2026-10-09,IDO,2026-10-27,27000.0,CE,0.55,0.55,22520.45,918190,2206,65
2026-10-09,IDO,2026-10-27,26000.0,CE,1.05,1.05,22520.45,1833520,4044,65
2026-10-09,IDO,2026-10-27,25450.0,CE,2.55,0.01,22520.45,6565,0,65
2026-10-09,IDO,2026-10-27,24750.0,CE,3.05,3.05,22520.45,18395,102,65
2026-10-09,IDO,2026-10-27,24550.0,CE,3.6,3.6,22520.45,27170,150,65
2026-10-09,IDO,2026-10-27,24250.0,CE,5.35,5.35,22520.45,116285,714,65
2026-10-09,IDO,2026-10-27,24200.0,CE,5.55,5.55,22520.45,784225,5393,65
2026-10-09,IDO,2026-10-27,23950.0,CE,8.25,8.25,22520.45,206765,1150,65
2026-10-09,IDO,2026-10-27,23500.0,CE,22.95,22.95,22520.45,9001395,82878,65
2026-10-09,IDO,2026-10-27,22450.0,CE,360.85,360.85,22520.45,148135,8126,65
2026-10-09,IDO,2026-10-27,22000.0,CE,697.2,697.2,22520.45,1239290,16223,65
2026-10-09,IDO,2026-10-27,21450.0,CE,1084.5,1142.32,22520.45,65,0,65
2026-10-09,IDO,2026-10-27,21300.0,CE,1262.95,1286.84,22520.45,975,2,65
2026-10-09,IDO,2026-10-27,20750.0,CE,3566.95,1829.63,22520.45,0,0,65
2026-10-09,IDO,2026-10-19,25200.0,CE,0.7,0.7,22520.45,32760,397,65
2026-10-09,IDO,2026-10-19,23850.0,CE,2.5,2.5,22520.45,146445,2361,65
2026-10-09,IDO,2026-10-19,23800.0,CE,2.8,2.8,22520.45,1217840,41059,65
2026-10-09,IDO,2026-10-19,23550.0,CE,5.3,5.3,22520.45,176995,7874,65
2026-10-09,IDO,2026-10-19,23500.0,CE,6.15,6.15,22520.45,1315925,63726,65
2026-10-09,IDO,2026-10-19,23000.0,CE,40.2,40.2,22520.45,2213705,128756,65
2026-10-09,IDO,2026-10-19,22900.0,CE,60.6,60.6,22520.45,1102595,66992,65
2026-10-09,IDO,2026-10-19,21500.0,CE,1109.85,1056.98,22520.45,7150,77,65
2026-10-09,IDO,2026-10-13,25050.0,CE,0.4,0.4,22520.45,60385,2279,65
2026-10-09,IDO,2026-10-13,20500.0,CE,2056.6,2033.36,22520.45,325,2,65
2026-10-09,IDO,2031-06-24,27000.0,PE,1653.15,1648.82,22520.45,0,0,65
2026-10-09,IDO,2030-12-31,31500.0,PE,1885.5,3823.39,22520.45,0,0,65
2026-10-09,IDO,2030-12-31,28500.0,PE,1083.1,2376.5,22520.45,0,0,65
2026-10-09,IDO,2029-06-26,26000.0,PE,1650.0,1834.31,22520.45,50,0,65
2026-10-09,IDO,2029-06-26,24000.0,PE,850.0,1063.0,22520.45,155,0,65
2026-10-09,IDO,2028-12-26,31500.0,PE,2673.4,5593.13,22520.45,0,0,65
2026-10-09,IDO,2028-06-27,24000.0,PE,680.05,1192.94,22520.45,65,0,65
2026-10-09,IDO,2027-12-28,23000.0,PE,835.0,835.0,22520.45,325495,553,65
2026-10-09,IDO,2027-12-28,15000.0,PE,21.0,0.46,22520.45,2510,0,65
2026-10-09,IDO,2027-09-28,25500.0,PE,2230.25,2187.88,22520.45,0,0,65
2026-10-09,IDO,2030-12-31,30000.0,PE,1450.1,3059.32,22520.45,0,0,65
2026-10-09,IDO,2027-06-29,24000.0,PE,1133.8,1133.8,22520.45,42185,234,65
2026-10-09,IDO,2027-06-29,19000.0,PE,106.7,106.7,22520.45,5165,52,65
2026-10-09,IDO,2027-03-30,28500.0,PE,2937.15,5227.1,22520.45,65,0,65
2026-10-09,IDO,2026-12-29,24400.0,PE,1580.55,1580.55,22520.45,17745,7,65
2026-10-09,IDO,2026-12-29,23850.0,PE,1114.25,1233.19,22520.45,5265,11,65
2026-10-09,IDO,2026-12-29,23600.0,PE,997.95,1049.76,22520.45,3250,18,65
2026-10-09,IDO,2026-12-29,21100.0,PE,122.15,122.15,22520.45,8190,116,65
2026-10-09,IDO,2026-12-29,20500.0,PE,76.0,76.0,22520.45,190515,3476,65
2026-10-09,IDO,2026-12-29,19500.0,PE,41.65,41.65,22520.45,169585,2845,65
2026-10-09,IDO,2026-12-29,14000.0,PE,4.65,0.01,22520.45,14940,51,65
2026-10-09,IDO,2026-11-23,24900.0,PE,1925.0,2213.59,22520.45,1040,0,65
2026-10-09,IDO,2026-11-23,24500.0,PE,1756.75,1756.75,22520.45,209365,502,65
2026-10-09,IDO,2026-11-23,24450.0,PE,1837.0,1782.8,22520.45,390,0,65
2026-10-09,IDO,2026-11-23,22900.0,PE,507.55,507.55,22520.45,58045,354,65
2026-10-09,IDO,2026-11-23,22650.0,PE,391.0,391.0,22520.45,28795,219,65
2026-10-09,IDO,2026-11-23,22100.0,PE,215.55,215.55,22520.45,189735,8782,65
2026-10-09,IDO,2026-11-23,20900.0,PE,61.55,61.55,22520.45,20410,459,65
2026-10-09,IDO,2026-11-23,20800.0,PE,54.75,54.75,22520.45,163930,2943,65
2026-10-09,IDO,2026-11-23,20600.0,PE,46.85,46.85,22520.45,15275,190,65
2026-10-09,IDO,2026-11-23,20050.0,PE,28.2,28.2,22520.45,3900,66,65
2026-10-09,IDO,2026-11-09,24650.0,PE,1770.35,2014.15,22520.45,0,0,65
2026-10-09,IDO,2026-11-09,24350.0,PE,1495.5,1721.78,22520.45,0,0,65
2026-10-09,IDO,2026-11-09,24050.0,PE,1233.8,1435.82,22520.45,0,0,65
2026-10-09,IDO,2026-11-09,23600.0,PE,876.25,1029.75,22520.45,0,0,65
2026-10-09,IDO,2026-11-09,23550.0,PE,839.8,987.13,22520.45,0,0,65
2026-10-09,IDO,2026-11-09,23100.0,PE,832.0,636.3,22520.45,195,0,65
2026-10-09,IDO,2026-11-09,22600.0,PE,322.5,322.5,22520.45,3575,64,65
2026-10-09,IDO,2026-11-09,22550.0,PE,302.65,302.65,22520.45,1430,24,65
2026-10-09,IDO,2026-11-09,22300.0,PE,219.15,219.15,22520.45,1950,45,65
2026-10-09,IDO,2026-11-09,21700.0,PE,96.55,96.55,22520.45,910,15,65
2026-10-09,IDO,2026-11-09,21400.0,PE,70.85,29.41,22520.45,585,18,65
2026-10-09,IDO,2026-11-09,21350.0,PE,106.95,25.68,22520.45,195,0,65
2026-10-09,IDO,2026-11-03,24750.0,PE,1363.45,2133.58,22520.45,0,0,65
2026-10-09,IDO,2026-11-03,24600.0,PE,1240.0,1985.08,22520.45,0,0,65
2026-10-09,IDO,2026-11-03,24400.0,PE,1082.55,1788.01,22520.45,0,0,65
2026-10-09,IDO,2026-11-03,23750.0,PE,639.9,1165.83,22520.45,0,0,65
2026-10-09,IDO,2026-11-03,22950.0,PE,461.1,515.98,22520.45,7150,40,65
2026-10-09,IDO,2026-11-03,22300.0,PE,187.3,187.3,22520.45,26000,710,65
2026-10-09,IDO,2026-11-03,22250.0,PE,171.8,171.8,22520.45,8125,216,65
2026-10-09,IDO,2026-11-03,21850.0,PE,94.05,94.05,22520.45,6240,136,65
2026-10-09,IDO,2026-11-03,20700.0,PE,20.25,20.25,22520.45,1950,7,65
2026-10-09,IDO,2026-11-03,20550.0,PE,2.35,0.75,22520.45,0,0,65
2026-10-09,IDO,2026-11-03,20400.0,PE,1.5,0.37,22520.45,0,0,65
2026-10-09,IDO,2026-11-03,20300.0,PE,1.15,0.22,22520.45,0,0,65
2026-10-09,IDO,2026-10-27,26800.0,PE,3900.0,4203.66,22520.45,585,0,65
2026-10-09,IDO,2026-10-27,25600.0,PE,3120.65,3007.06,22520.45,8905,9,65
2026-10-09,IDO,2026-10-27,25500.0,PE,2869.05,2869.05,22520.45,783185,1238,65
2026-10-09,IDO,2026-10-27,25100.0,PE,2445.85,2508.51,22520.45,38155,74,65
2026-10-09,IDO,2026-10-27,24650.0,PE,2020.0,2060.09,22520.45,2405,7,65
2026-10-09,IDO,2026-10-27,24250.0,PE,1610.05,1662.85,22520.45,10530,38,65
2026-10-09,IDO,2026-10-27,23850.0,PE,1231.2,1271.15,22520.45,10010,4,65
2026-10-09,IDO,2026-10-27,21500.0,PE,33.1,33.1,22520.45,3380260,76586,65
2026-10-09,IDO,2026-10-27,21200.0,PE,20.65,20.65,22520.45,491465,18884,65
2026-10-09,IDO,2026-10-27,21000.0,PE,15.9,15.9,22520.45,1839565,38247,65
2026-10-09,IDO,2026-10-27,20600.0,PE,10.4,10.4,22520.45,289640,4432,65
2026-10-09,IDO,2026-10-27,20450.0,PE,9.45,9.45,22520.45,3315,63,65
2026-10-09,IDO,2026-10-19,25200.0,PE,2570.0,2639.88,22520.45,130,2,65
2026-10-09,IDO,2026-10-19,24850.0,PE,1640.7,2290.43,22520.45,0,0,65
2026-10-09,IDO,2026-10-19,23800.0,PE,1199.8,1199.8,22520.45,650,3,65
2026-10-09,IDO,2026-10-19,23550.0,PE,955.0,997.55,22520.45,1365,1,65
2026-10-09,IDO,2026-10-19,23300.0,PE,719.25,719.25,22520.45,17225,210,65
2026-10-09,IDO,2026-10-19,22050.0,PE,44.35,44.35,22520.45,343525,16617,65
2026-10-09,IDO,2026-10-19,21750.0,PE,21.0,21.0,22520.45,202800,19106,65
2026-10-09,IDO,2026-10-19,21450.0,PE,11.75,11.75,22520.45,150085,11462,65
2026-10-09,IDO,2026-10-19,20100.0,PE,3.15,3.15,22520.45,530725,14044,65
2026-10-09,IDO,2026-10-13,25400.0,PE,2795.0,2863.55,22520.45,12935,1,65
2026-10-09,IDO,2026-10-13,25000.0,PE,2432.5,2432.5,22520.45,79560,19,65
2026-10-09,IDO,2026-10-13,24550.0,PE,961.3,2014.09,22520.45,0,0,65
2026-10-09,IDO,2026-10-13,23900.0,PE,1331.05,1331.05,22520.45,93015,45,65
2026-10-09,IDO,2026-10-13,23450.0,PE,884.6,884.6,22520.45,10725,117,65
2026-10-09,IDO,2026-10-13,22900.0,PE,345.15,345.15,22520.45,533325,37668,65
2026-10-09,IDO,2026-10-13,22050.0,PE,10.7,10.7,22520.45,2998515,951837,65
2026-10-09,IDO,2026-10-13,21850.0,PE,5.8,5.8,22520.45,2669485,651237,65
2026-10-09,IDO,2026-10-13,21500.0,PE,3.0,3.0,22520.45,12882675,1290579,65
2026-10-09,IDO,2026-10-13,21400.0,PE,2.5,2.5,22520.45,4719845,738449,65
2026-10-09,IDO,2026-10-13,20150.0,PE,0.95,0.95,22520.45,281385,34398,65
2026-10-09,IDO,2026-10-13,20050.0,PE,0.8,0.8,22520.45,5104060,202992,65
2026-10-09,IDO,2031-06-24,30000.0,CE,4459.9,2451.05,22520.45,0,0,65
2026-10-09,IDO,2030-12-31,28500.0,CE,5968.3,2550.41,22520.45,0,0,65
2026-10-09,IDO,2030-12-31,19500.0,CE,11601.15,7416.06,22520.45,0,0,65
2026-10-09,IDO,2030-06-25,16500.0,CE,13374.05,9226.99,22520.45,0,0,65
2026-10-09,IDO,2027-12-28,25000.0,CE,908.0,908.0,22520.45,241355,803,65
2026-10-09,IDO,2027-12-28,22500.0,CE,2318.7,2200.8,22520.45,10335,57,65
2026-10-09,IDO,2027-06-29,24000.0,CE,686.6,686.6,22520.45,162255,1434,65
2026-10-09,IDO,2027-03-30,31500.0,CE,10.0,0.26,22520.45,1235,0,65
2026-10-09,IDO,2026-12-29,26000.0,CE,17.6,17.6,22520.45,3362460,15674,65
2026-10-09,IDO,2026-12-29,24300.0,CE,97.6,97.6,22520.45,61555,387,65
2026-10-09,IDO,2026-12-29,23450.0,CE,287.7,287.7,22520.45,12025,48,65
2026-10-09,IDO,2026-12-29,23050.0,CE,444.4,444.4,22520.45,5265,231,65
2026-10-09,IDO,2026-12-29,22750.0,CE,599.0,599.0,22520.45,13455,95,65
2026-10-09,IDO,2026-12-29,22700.0,CE,626.75,626.75,22520.45,32825,359,65
2026-10-09,IDO,2026-12-29,22150.0,CE,790.25,944.56,22520.45,910,0,65
2026-10-09,IDO,2026-12-29,21650.0,CE,1200.0,1304.33,22520.45,3185,11,65
2026-10-09,IDO,2026-12-29,21200.0,CE,1472.45,1673.17,22520.45,390,0,65
2026-10-09,IDO,2026-12-29,20900.0,CE,2211.65,1937.3,22520.45,0,0,65
2026-10-09,IDO,2026-12-29,20600.0,CE,2477.9,2212.22,22520.45,0,0,65
2026-10-09,IDO,2026-11-23,25150.0,CE,11.75,5.57,22520.45,1365,0,65
2026-10-09,IDO,2026-11-23,24350.0,CE,33.0,31.7,22520.45,11180,8,65
2026-10-09,IDO,2026-11-23,20850.0,CE,3805.95,1832.78,22520.45,0,0,65
2026-10-09,IDO,2026-11-23,20700.0,CE,3951.1,1976.79,22520.45,0,0,65
2026-10-09,IDO,2026-11-23,20600.0,CE,4048.2,2073.63,22520.45,0,0,65
2026-10-09,IDO,2026-11-23,20450.0,CE,4194.15,2219.87,22520.45,0,0,65
2026-10-09,IDO,2026-11-09,22800.0,CE,290.9,290.9,22520.45,4420,136,65
2026-10-09,IDO,2026-11-09,21550.0,CE,1397.9,1118.81,22520.45,0,0,65
2026-10-09,IDO,2026-11-09,21150.0,CE,1764.55,1487.95,22520.45,0,0,65
2026-10-09,IDO,2026-11-09,20100.0,CE,2787.75,2518.65,22520.45,0,0,65
2026-10-09,IDO,2026-11-03,24950.0,CE,4.8,0.62,22520.45,1300,9,65
2026-10-09,IDO,2026-11-03,24350.0,CE,18.75,5.14,22520.45,975,0,65
2026-10-09,IDO,2026-11-03,24250.0,CE,10.8,7.06,22520.45,1365,8,65
2026-10-09,IDO,2026-11-03,23350.0,CE,72.0,72.0,22520.45,8190,135,65
2026-10-09,IDO,2026-11-03,22900.0,CE,192.3,192.3,22520.45,28210,876,65
2026-10-09,IDO,2026-11-03,20650.0,CE,2822.75,1952.79,22520.45,0,0,65
2026-10-09,IDO,2026-10-27,25200.0,CE,2.1,2.1,22520.45,153205,525,65
2026-10-09,IDO,2026-10-27,24900.0,CE,2.55,2.55,22520.45,132600,417,65
2026-10-09,IDO,2026-10-27,24650.0,CE,3.55,3.55,22520.45,27820,229,65
2026-10-09,IDO,2026-10-27,23300.0,CE,40.75,40.75,22520.45,2989415,58009,65
2026-10-09,IDO,2026-10-27,23100.0,CE,75.3,75.3,22520.45,1567475,33640,65
2026-10-09,IDO,2026-10-27,22400.0,CE,395.2,395.2,22520.45,1608360,48101,65
2026-10-09,IDO,2026-10-27,22050.0,CE,656.7,656.7,22520.45,20215,131,65
2026-10-09,IDO,2026-10-27,21950.0,CE,746.55,746.55,22520.45,18005,36,65
2026-10-09,IDO,2026-10-27,21900.0,CE,787.45,787.45,22520.45,62075,289,65
2026-10-09,IDO,2026-10-27,20900.0,CE,1676.8,1680.57,22520.45,325,5,65
2026-10-09,IDO,2026-10-27,20800.0,CE,1550.0,1779.9,22520.45,65,0,65
2026-10-09,IDO,2026-10-27,20100.0,CE,2500.0,2477.37,22520.45,1235,0,65
2026-10-09,IDO,2026-10-19,25150.0,CE,0.7,0.01,22520.45,5720,26,65
2026-10-09,IDO,2026-10-19,24850.0,CE,0.9,0.9,22520.45,1820,46,65
2026-10-09,IDO,2026-10-19,24650.0,CE,0.95,0.95,22520.45,1235,12,65
2026-10-09,IDO,2026-10-19,24500.0,CE,1.0,1.0,22520.45,607685,23299,65
2026-10-09,IDO,2026-10-19,24350.0,CE,1.1,1.1,22520.45,4290,158,65
2026-10-09,IDO,2026-10-19,23900.0,CE,2.1,2.1,22520.45,933205,23041,65
2026-10-09,IDO,2026-10-19,23200.0,CE,16.45,16.45,22520.45,1889550,97188,65
2026-10-09,IDO,2026-10-19,22450.0,CE,266.1,266.1,22520.45,146705,18489,65
2026-10-09,IDO,2026-10-19,22400.0,CE,300.8,300.8,22520.45,385645,48831,65
2026-10-09,IDO,2026-10-19,21900.0,CE,714.7,714.7,22520.45,22945,571,65
2026-10-09,IDO,2026-10-19,20100.0,CE,3128.8,2452.09,22520.45,0,0,65
2026-10-09,IDO,2026-10-13,24950.0,CE,0.4,0.4,22520.45,50570,973,65
2026-10-09,IDO,2026-10-13,24800.0,CE,0.35,0.35,22520.45,440310,15131,65
2026-10-09,IDO,2026-10-13,24750.0,CE,0.4,0.4,22520.45,32435,717,65
2026-10-09,IDO,2026-10-13,23050.0,CE,4.3,4.3,22520.45,2966145,745778,65
2026-10-09,IDO,2026-10-13,22950.0,CE,7.6,7.6,22520.45,4085510,1038001,65
2026-10-09,IDO,2026-10-13,22850.0,CE,15.3,15.3,22520.45,3854695,1794269,65
2026-10-09,IDO,2026-10-13,22800.0,CE,22.1,22.1,22520.45,8309535,3208140,65
2026-10-09,IDO,2026-10-13,22200.0,CE,380.75,380.75,22520.45,1101685,437800,65
2026-10-09,IDO,2026-10-13,21950.0,CE,619.55,619.55,22520.45,43225,2004,65
2026-10-09,IDO,2026-10-13,21850.0,CE,719.85,719.85,22520.45,27690,694,65
2026-10-09,IDO,2026-10-13,21500.0,CE,1064.05,1064.05,22520.45,71890,1154,65
2026-10-09,IDO,2026-10-13,21050.0,CE,2704.75,1483.71,22520.45,0,0,65
2026-10-09,IDO,2026-10-13,20800.0,CE,2952.0,1733.55,22520.45,0,0,65
2026-10-09,IDF,2026-12-29,,,22842.5,22842.5,22520.45,342550,2910,65
2026-10-09,IDO,2030-12-31,19500.0,PE,67.4,185.35,22520.45,0,0,65
2026-10-09,IDO,2030-06-25,33000.0,PE,3143.9,5112.85,22520.45,0,0,65
2026-10-09,IDO,2030-06-25,25500.0,PE,568.55,1386.73,22520.45,0,0,65
2026-10-09,IDO,2030-06-25,22500.0,PE,223.75,594.34,22520.45,0,0,65
2026-10-09,IDO,2029-12-24,15000.0,PE,29.0,9.15,22520.45,65,0,65
2026-10-09,IDO,2026-11-03,22100.0,CE,698.35,629.07,22520.45,4485,49,65
2026-10-09,IDO,2026-11-03,21900.0,CE,1631.8,783.63,22520.45,0,0,65
2026-10-09,IDO,2026-11-03,21550.0,CE,1952.8,1085.64,22520.45,0,0,65
2026-10-09,IDO,2026-10-27,26400.0,CE,1.25,0.01,22520.45,4550,0,65
2026-10-09,IDO,2026-10-27,25350.0,CE,2.85,0.01,22520.45,2275,0,65
2026-10-09,IDO,2026-10-27,25150.0,CE,2.45,0.03,22520.45,17680,0,65
2026-10-09,IDO,2030-06-25,18000.0,PE,116.65,86.71,22520.45,0,0,65
2026-10-09,IDO,2029-12-24,25500.0,PE,597.3,1497.78,22520.45,0,0,65
2026-10-09,IDO,2029-12-24,18000.0,PE,96.5,80.42,22520.45,0,0,65
2026-10-09,IDO,2029-06-26,30000.0,PE,2031.05,4050.49,22520.45,0,0,65
2026-10-09,IDO,2029-06-26,25500.0,PE,1550.0,1618.65,22520.45,130,2,65
2026-10-09,IDO,2028-12-26,25000.0,PE,1470.0,1527.45,22520.45,13295,18,65
2026-10-09,IDO,2028-06-27,30000.0,PE,3779.25,4974.66,22520.45,0,0,65
2026-10-09,IDO,2028-06-27,15000.0,PE,127.2,1.83,22520.45,0,0,65
2026-10-09,IDO,2027-12-28,31500.0,PE,3240.0,6902.41,22520.45,0,0,65
2026-10-09,IDO,2027-12-28,19500.0,PE,29.25,99.32,22520.45,0,0,65
2026-10-09,IDO,2027-12-28,17000.0,PE,72.55,8.29,22520.45,17775,0,65
2026-10-09,IDO,2027-06-29,31500.0,PE,3604.7,7705.73,22520.45,0,0,65
2026-10-09,IDO,2027-03-30,33000.0,PE,8415.45,9597.43,22520.45,0,0,65
2026-10-09,IDO,2027-03-30,30000.0,PE,6273.1,6679.27,22520.45,2470,0,65
2026-10-09,IDO,2027-03-30,25500.0,PE,2272.65,2272.65,22520.45,200785,151,65
2026-10-09,IDO,2026-12-29,33000.0,PE,5263.45,10061.14,22520.45,0,0,65
2026-10-09,IDO,2026-12-29,30000.0,PE,6968.25,6968.25,22520.45,507250,42,65
2026-10-09,IDO,2026-12-29,28000.0,PE,5028.35,5028.35,22520.45,1052675,77,65
2026-10-09,IDO,2026-12-29,23800.0,PE,1125.0,1195.46,22520.45,3315,12,65
2026-10-09,IDO,2026-12-29,22500.0,PE,406.7,406.7,22520.45,1820065,9045,65
2026-10-09,IDO,2026-12-29,22400.0,PE,374.55,374.55,22520.45,42770,690,65
2026-10-09,IDO,2026-12-29,20900.0,PE,103.85,103.85,22520.45,7930,105,65
2026-10-09,IDO,2026-12-29,20700.0,PE,89.85,89.85,22520.45,5460,139,65
2026-10-09,IDO,2026-12-29,20650.0,PE,68.6,33.51,22520.45,1040,0,65
2026-10-09,IDO,2026-12-29,20450.0,PE,71.0,23.05,22520.45,1885,2,65
2026-10-09,IDO,2026-12-29,17000.0,PE,17.75,17.75,22520.45,481790,3000,65
2026-10-09,IDO,2026-11-23,25550.0,PE,1282.8,2851.13,22520.45,0,0,65
2026-10-09,IDO,2026-11-23,25250.0,PE,1090.7,2555.56,22520.45,0,0,65
2026-10-09,IDO,2026-11-23,24400.0,PE,1715.0,1735.9,22520.45,9230,1,65
2026-10-09,IDO,2026-11-23,24350.0,PE,1478.7,1689.24,22520.45,2210,0,65
2026-10-09,IDO,2026-11-23,23350.0,PE,770.05,841.17,22520.45,7085,10,65
2026-10-09,IDO,2026-11-23,23000.0,PE,568.1,568.1,22520.45,1004705,5382,65
2026-10-09,IDO,2026-11-23,22950.0,PE,533.15,533.15,22520.45,4030,23,65
2026-10-09,IDO,2026-11-23,22600.0,PE,369.45,369.45,22520.45,134225,2820,65
2026-10-09,IDO,2026-11-23,22300.0,PE,267.9,267.9,22520.45,225680,3195,65
2026-10-09,IDO,2026-11-23,22150.0,PE,226.45,226.45,22520.45,18005,218,65
2026-10-09,IDO,2026-11-23,22000.0,PE,193.5,193.5,22520.45,2557620,38394,65
2026-10-09,IDO,2026-11-23,21850.0,PE,163.8,163.8,22520.45,21450,314,65
2026-10-09,IDO,2026-11-23,21250.0,PE,86.55,86.55,22520.45,22230,335,65
2026-10-09,IDO,2026-11-09,24550.0,PE,1677.55,1916.2,22520.45,0,0,65
2026-10-09,IDO,2026-11-09,24250.0,PE,1406.55,1625.55,22520.45,0,0,65
2026-10-09,IDO,2026-11-09,24000.0,PE,1191.8,1389.09,22520.45,0,0,65
2026-10-09,IDO,2026-11-09,22200.0,PE,189.35,189.35,22520.45,3640,113,65
2026-10-09,IDO,2026-11-09,21750.0,PE,78.75,69.92,22520.45,0,0,65
2026-10-09,IDO,2026-11-09,21650.0,PE,65.0,55.38,22520.45,0,0,65
2026-10-09,IDO,2026-11-09,20800.0,PE,9.2,4.66,22520.45,0,0,65
2026-10-09,IDO,2026-11-03,24300.0,PE,1635.0,1690.07,22520.45,520,8,65
2026-10-09,IDO,2026-11-03,22850.0,PE,430.6,451.39,22520.45,8580,45,65
2026-10-09,IDO,2026-11-03,22600.0,PE,289.85,289.85,22520.45,28795,760,65
2026-10-09,IDO,2026-11-03,22050.0,PE,128.35,128.35,22520.45,10335,226,65
2026-10-09,IDO,2026-11-03,21350.0,PE,45.7,45.7,22520.45,2860,46,65
2026-10-09,IDO,2026-10-27,27200.0,PE,4538.0,4602.53,22520.45,57460,33,65
2026-10-09,IDO,2026-10-27,24950.0,PE,2282.85,2358.98,22520.45,845,0,65
2026-10-09,IDO,2026-10-27,24700.0,PE,2066.65,2066.65,22520.45,218465,45,65
2026-10-09,IDO,2026-10-27,23800.0,PE,1182.45,1182.45,22520.45,482365,433,65
2026-10-09,IDO,2026-10-27,23700.0,PE,1083.0,1083.0,22520.45,396760,227,65
2026-10-09,IDO,2026-10-27,23550.0,PE,938.55,938.55,22520.45,12675,22,65
2026-10-09,IDO,2026-10-27,22500.0,PE,208.9,208.9,22520.45,4493710,131348,65
2026-10-09,IDO,2026-10-27,21700.0,PE,46.55,46.55,22520.45,627055,28281,65
2026-10-09,IDO,2026-10-27,21050.0,PE,17.1,17.1,22520.45,20020,633,65
2026-10-09,IDO,2026-10-27,20550.0,PE,9.7,9.7,22520.45,25675,772,65
2026-10-09,IDO,2026-10-19,25150.0,PE,1919.85,2589.96,22520.45,0,0,65
2026-10-09,IDO,2026-10-19,24250.0,PE,1180.0,1691.46,22520.45,65,0,65
2026-10-09,IDO,2026-10-19,24150.0,PE,1040.4,1591.69,22520.45,0,0,65
2026-10-09,IDO,2026-10-19,23500.0,PE,913.25,913.25,22520.45,45695,371,65
2026-10-09,IDO,2026-10-19,22950.0,PE,409.75,409.75,22520.45,7345,233,65
2026-10-09,IDO,2026-10-19,22900.0,PE,370.15,370.15,22520.45,68900,1987,65
2026-10-09,IDO,2026-10-19,22350.0,PE,97.45,97.45,22520.45,336180,33143,65
2026-10-09,IDO,2026-10-19,22000.0,PE,39.1,39.1,22520.45,1846065,106425,65
2026-10-09,IDO,2026-10-19,21500.0,PE,12.9,12.9,22520.45,1852695,77899,65
2026-10-09,IDO,2026-10-19,21350.0,PE,10.0,10.0,22520.45,83135,7414,65
2026-10-09,IDO,2026-10-19,20750.0,PE,4.8,4.8,22520.45,20410,1206,65
2026-10-09,IDO,2026-10-19,20600.0,PE,4.15,4.15,22520.45,159575,6559,65
2026-10-09,IDO,2026-10-19,20250.0,PE,3.3,3.3,22520.45,6630,213,65
2026-10-09,IDO,2026-10-13,25100.0,PE,2820.0,2563.74,22520.45,650,0,65
2026-10-09,IDO,2026-10-13,24800.0,PE,2300.0,2263.93,22520.45,3185,1,65
2026-10-09,IDO,2026-10-13,24050.0,PE,1541.4,1514.4,22520.45,260,5,65
2026-10-09,IDO,2026-10-13,23500.0,PE,935.8,935.8,22520.45,305240,3263,65
2026-10-09,IDO,2026-10-13,23200.0,PE,636.8,636.8,22520.45,245245,2191,65
2026-10-09,IDO,2026-10-13,22500.0,PE,75.75,75.75,22520.45,12890735,6894888,65
2026-10-09,IDO,2026-10-13,20200.0,PE,0.95,0.95,22520.45,744575,75073,65
2026-10-09,IDO,2030-12-31,31500.0,CE,4554.55,1645.03,22520.45,0,0,65
2026-10-09,IDO,2029-12-24,25500.0,CE,6500.6,2817.23,22520.45,0,0,65
2026-10-09,IDO,2029-12-24,24000.0,CE,4200.0,3566.26,22520.45,130,0,65
2026-10-09,IDO,2026-10-13,20250.0,CE,3498.0,2283.21,22520.45,0,0,65
2026-10-09,IDO,2026-10-13,21650.0,CE,914.75,914.75,22520.45,3380,68,65
2026-10-09,IDO,2026-10-13,22300.0,CE,292.4,292.4,22520.45,1877200,1578491,65
2026-10-09,IDO,2026-10-13,24250.0,CE,0.5,0.5,22520.45,151320,11842,65
2026-10-09,IDO,2026-10-19,20750.0,CE,2485.4,1803.12,22520.45,0,0,65
2026-10-09,IDO,2029-06-26,28500.0,CE,4213.3,1265.46,22520.45,0,0,65
2026-10-09,IDO,2029-06-26,15000.0,CE,13671.85,9695.1,22520.45,0,0,65
2026-10-09,IDO,2028-12-26,21000.0,CE,7512.5,4379.86,22520.45,0,0,65
2026-10-09,IDO,2028-06-27,22500.0,CE,6796.05,2806.03,22520.45,0,0,65
2026-10-09,IDO,2027-12-28,26000.0,CE,589.8,589.8,22520.45,249185,544,65
2026-10-09,IDO,2027-12-28,16500.0,CE,11316.4,7141.93,22520.45,0,0,65
2026-10-09,IDO,2027-09-28,22500.0,CE,2265.0,1878.62,22520.45,715,0,65
2026-10-09,IDO,2027-09-28,16500.0,CE,7170.5,6917.46,22520.45,0,0,65
2026-10-09,IDO,2027-06-29,31500.0,CE,769.15,4.6,22520.45,0,0,65
2026-10-09,IDO,2027-03-30,27000.0,CE,44.85,44.85,22520.45,957190,10660,65
2026-10-09,IDO,2026-12-29,24700.0,CE,197.85,73.47,22520.45,0,0,65
2026-10-09,IDO,2026-12-29,24200.0,CE,111.45,111.45,22520.45,58565,540,65
2026-10-09,IDO,2026-12-29,22500.0,CE,749.1,749.1,22520.45,517270,4055,65
2026-10-09,IDO,2026-12-29,22350.0,CE,813.35,817.99,22520.45,8385,8,65
2026-10-09,IDO,2026-12-29,22050.0,CE,1130.85,1011.71,22520.45,1105,0,65
2026-10-09,IDO,2026-12-29,21750.0,CE,1125.0,1227.76,22520.45,4225,0,65
2026-10-09,IDO,2026-12-29,21150.0,CE,1997.6,1716.31,22520.45,0,0,65
2026-10-09,IDO,2026-12-29,21050.0,CE,2082.3,1803.69,22520.45,0,0,65
2026-10-09,IDO,2026-12-29,20950.0,CE,2168.25,1892.45,22520.45,0,0,65
2026-10-09,IDO,2026-12-29,20700.0,CE,2388.15,2119.57,22520.45,0,0,65
2026-10-09,IDO,2026-12-29,16000.0,CE,6430.0,6723.32,22520.45,1105,0,65
2026-10-09,IDO,2026-11-23,25250.0,CE,10.35,4.38,22520.45,1235,1,65
2026-10-09,IDO,2026-11-23,24600.0,CE,24.55,24.55,22520.45,68120,687,65
2026-10-09,IDO,2026-10-19,20850.0,CE,2387.15,1703.29,22520.45,0,0,65
2026-10-09,IDO,2026-10-19,21300.0,CE,1950.35,1254.74,22520.45,0,0,65
2026-10-09,IDO,2026-10-19,21350.0,CE,1902.6,1205.11,22520.45,0,0,65
2026-10-09,IDO,2026-10-19,21400.0,CE,1444.1,1155.59,22520.45,65,0,65
2026-10-09,IDO,2026-10-19,21800.0,CE,806.45,806.45,22520.45,16510,314,65
2026-10-09,IDO,2026-10-19,22250.0,CE,413.35,413.35,22520.45,66235,5474,65
2026-10-09,IDO,2026-10-19,23600.0,CE,4.5,4.5,22520.45,306150,18477,65
2026-10-09,IDO,2026-10-19,24700.0,CE,0.95,0.95,22520.45,8580,887,65
2026-10-09,IDO,2026-10-27,21200.0,CE,1505.0,1384.43,22520.45,130,0,65
2026-10-09,IDO,2026-10-27,22500.0,CE,329.8,329.8,22520.45,3708965,125254,65
2026-10-09,IDO,2026-10-27,22850.0,CE,151.45,151.45,22520.45,246090,5511,65
2026-10-09,IDO,2026-10-27,23150.0,CE,64.7,64.7,22520.45,338455,4526,65
2026-10-09,IDO,2026-10-27,23750.0,CE,11.85,11.85,22520.45,154050,2467,65
2026-10-09,IDO,2026-11-23,24150.0,CE,45.6,46.54,22520.45,19175,22,65
2026-10-09,IDO,2026-11-23,23900.0,CE,66.0,66.0,22520.45,92690,2173,65
2026-10-09,IDO,2026-11-23,23450.0,CE,141.8,141.8,22520.45,34905,309,65
2026-10-09,IDO,2026-11-23,22950.0,CE,309.8,309.8,22520.45,21190,286,65
2026-10-09,IDO,2026-11-23,22850.0,CE,353.15,353.15,22520.45,24635,188,65
2026-10-09,IDO,2026-11-23,22800.0,CE,378.3,378.3,22520.45,491270,4372,65
2026-10-09,IDO,2026-11-23,21750.0,CE,2952.95,1030.53,22520.45,0,0,65
2026-10-09,IDO,2026-11-23,20550.0,CE,4096.8,2122.26,22520.45,0,0,65
2026-10-09,IDO,2026-11-23,20100.0,CE,4536.15,2564.08,22520.45,0,0,65
2026-10-09,IDO,2026-11-09,24150.0,CE,78.2,18.27,22520.45,0,0,65
2026-10-09,IDO,2026-11-09,24050.0,CE,92.15,23.43,22520.45,0,0,65
2026-10-09,IDO,2026-11-09,23850.0,CE,126.25,37.64,22520.45,0,0,65
2026-10-09,IDO,2026-11-09,23750.0,CE,146.75,47.16,22520.45,0,0,65
2026-10-09,IDO,2026-11-09,23650.0,CE,170.65,58.62,22520.45,0,0,65
2026-10-09,IDO,2026-11-09,22900.0,CE,246.55,246.55,22520.45,8775,224,65
2026-10-09,IDO,2026-11-09,22750.0,CE,314.1,314.1,22520.45,715,26,65
2026-10-09,IDO,2026-11-09,21850.0,CE,1140.9,864.19,22520.45,0,0,65
2026-10-09,IDO,2026-11-09,21400.0,CE,1532.75,1254.11,22520.45,0,0,65
2026-10-09,IDO,2026-11-09,20750.0,CE,2148.25,1875.45,22520.45,0,0,65
2026-10-09,IDO,2026-11-03,25200.0,CE,3.8,3.8,22520.45,12805,332,65
2026-10-09,IDO,2026-11-03,25000.0,CE,5.55,5.55,22520.45,72345,652,65
2026-10-09,IDO,2026-11-03,24900.0,CE,4.9,4.9,22520.45,1690,20,65
2026-10-09,IDO,2026-11-03,24850.0,CE,5.95,0.91,22520.45,1755,4,65
2026-10-09,IDO,2026-11-03,24200.0,CE,11.9,8.24,22520.45,12805,93,65
2026-10-09,IDO,2026-11-09,23200.0,PE,605.95,708.5,22520.45,0,0,65
2026-10-09,IDO,2026-11-09,24450.0,PE,1585.85,1818.7,22520.45,0,0,65
2026-10-09,IDO,2026-11-23,20250.0,PE,4.0,2.68,22520.45,0,0,65
2026-10-09,IDO,2026-11-23,20450.0,PE,41.0,4.96,22520.45,2470,1,65
2026-10-09,IDO,2026-11-23,20650.0,PE,61.6,8.82,22520.45,1885,1,65
2026-10-09,IDO,2026-11-23,21150.0,PE,78.8,78.8,22520.45,10530,239,65
2026-10-09,IDO,2026-11-23,21450.0,PE,105.35,105.35,22520.45,9230,215,65
2026-10-09,IDO,2030-12-31,22500.0,PE,219.35,565.14,22520.45,0,0,65
2026-10-09,IDO,2030-06-25,30000.0,PE,2100.85,3356.8,22520.45,0,0,65
2026-10-09,IDO,2029-12-24,19500.0,PE,61.2,180.37,22520.45,0,0,65
2026-10-09,IDO,2029-06-26,27000.0,PE,1252.35,2309.66,22520.45,0,0,65
2026-10-09,IDO,2029-06-26,18000.0,PE,118.45,71.53,22520.45,0,0,65
2026-10-09,IDO,2028-12-26,30000.0,PE,3500.0,4476.45,22520.45,325,0,65
2026-10-09,IDO,2028-06-27,22000.0,PE,650.0,536.27,22520.45,2210,0,65
2026-10-09,IDO,2027-12-28,20000.0,PE,270.3,270.3,22520.45,109750,180,65
2026-10-09,IDO,2027-09-28,19500.0,PE,134.1,76.76,22520.45,65,0,65
2026-10-09,IDO,2027-06-29,28500.0,PE,1807.05,4874.09,22520.45,0,0,65
2026-10-09,IDO,2027-06-29,18000.0,PE,70.0,7.51,22520.45,230,0,65
2026-10-09,IDO,2027-03-30,15000.0,PE,21.6,21.6,22520.45,19890,133,65
2026-10-09,IDO,2026-12-29,23700.0,PE,1024.2,1121.53,22520.45,3185,6,65
2026-10-09,IDO,2026-12-29,23650.0,PE,1013.25,1085.37,22520.45,2535,8,65
2026-10-09,IDO,2026-12-29,23450.0,PE,935.2,946.32,22520.45,1430,5,65
2026-10-09,IDO,2026-12-29,23250.0,PE,788.6,816.79,22520.45,2015,0,65
2026-10-09,IDO,2026-12-29,21800.0,PE,220.3,220.3,22520.45,93080,546,65
2026-10-09,IDO,2026-12-29,21550.0,PE,180.6,180.6,22520.45,6760,55,65
2026-10-09,IDO,2026-12-29,20050.0,PE,53.35,10.18,22520.45,3315,0,65
2026-10-09,IDO,2026-12-29,12000.0,PE,2.7,2.7,22520.45,23610,19,65
2026-10-09,IDO,2026-11-23,26100.0,PE,1675.5,3395.65,22520.45,0,0,65
2026-10-09,IDO,2026-11-23,25900.0,PE,3176.5,3197.41,22520.45,65,0,65
2026-10-09,IDO,2026-11-23,24750.0,PE,2770.25,2068.55,22520.45,130,0,65
2026-10-09,IDO,2026-11-23,24600.0,PE,2050.0,1924.84,22520.45,3575,0,65
2026-10-09,IDO,2026-11-23,24050.0,PE,1132.55,1415.62,22520.45,1040,0,65
2026-10-09,IDO,2026-11-23,23800.0,PE,1121.1,1121.1,22520.45,56875,94,65
2026-10-09,IDO,2026-11-23,23400.0,PE,828.45,828.45,22520.45,91390,161,65
2026-10-09,IDO,2026-11-23,23300.0,PE,759.4,759.4,22520.45,55120,199,65
2026-10-09,IDO,2026-11-23,22200.0,PE,242.3,242.3,22520.45,399620,7521,65
2026-10-09,IDO,2026-11-23,21950.0,PE,182.05,182.05,22520.45,23465,150,65
2026-10-09,IDO,2026-11-23,21750.0,PE,147.0,147.0,22520.45,17420,208,65
2026-10-09,IDO,2026-10-13,21000.0,CE,1561.75,1561.75,22520.45,9945,277,65
2026-10-09,IDO,2026-10-13,22750.0,CE,31.75,31.75,22520.45,4158115,2239249,65
2026-10-09,IDO,2026-10-13,23700.0,CE,0.75,0.75,22520.45,2342795,234105,65
2026-10-09,IDO,2026-10-13,24400.0,CE,0.45,0.45,22520.45,285610,23196,65
2026-10-09,IDO,2026-10-13,25250.0,CE,0.4,0.4,22520.45,66235,1373,65
2026-10-09,IDO,2026-10-13,25300.0,CE,0.4,0.4,22520.45,126750,4113,65
2026-10-09,IDO,2026-10-19,20050.0,CE,3178.5,2502.01,22520.45,0,0,65
2026-10-09,IDO,2026-10-19,20200.0,CE,3029.55,2352.25,22520.45,0,0,65
2026-10-09,IDO,2026-10-19,20300.0,CE,2930.35,2252.4,22520.45,0,0,65
2026-10-09,IDO,2026-10-19,20350.0,CE,2880.75,2202.48,22520.45,0,0,65
2026-10-09,IDO,2026-10-19,21650.0,CE,785.0,910.76,22520.45,195,1,65
2026-10-09,IDO,2026-10-19,22150.0,CE,495.4,495.4,22520.45,107055,815,65
2026-10-09,IDO,2026-10-19,22350.0,CE,336.95,336.95,22520.45,61230,12309,65
2026-10-09,IDO,2026-10-19,22550.0,CE,204.9,204.9,22520.45,200005,28406,65
2026-10-09,IDO,2026-10-19,22700.0,CE,129.1,129.1,22520.45,1408875,79343,65
2026-10-09,IDO,2026-10-19,24200.0,CE,1.3,1.3,22520.45,238420,9806,65
2026-10-09,IDO,2026-10-27,20200.0,CE,2420.0,2420.0,22520.45,65,2,65
2026-10-09,IDO,2026-10-27,23000.0,CE,102.25,102.25,22520.45,6161805,154271,65
2026-10-09,IDO,2026-10-27,24150.0,CE,6.0,6.0,22520.45,53560,616,65
2026-10-09,IDO,2026-10-27,24350.0,CE,4.7,4.7,22520.45,36790,543,65
2026-10-09,IDO,2026-10-27,25100.0,CE,2.25,2.25,22520.45,64805,704,65
2026-10-09,IDO,2026-10-27,25400.0,CE,1.7,1.7,22520.45,96200,255,65
2026-10-09,IDO,2026-10-27,25500.0,CE,1.55,1.55,22520.45,879320,4916,65
2026-10-09,IDO,2026-10-27,26050.0,CE,0.85,0.01,22520.45,8450,0,65
2026-10-09,IDO,2026-10-27,26100.0,CE,0.65,0.01,22520.45,10335,0,65
2026-10-09,IDO,2026-10-27,26450.0,CE,1.0,0.01,22520.45,520,0,65
2026-10-09,IDO,2026-10-27,26700.0,CE,0.75,0.01,22520.45,650,0,65
2026-10-09,IDO,2026-10-27,26900.0,CE,0.7,0.01,22520.45,33410,22,65
2026-10-09,IDO,2026-10-27,26950.0,CE,1.9,0.01,22520.45,910,0,65
2026-10-09,IDO,2026-11-03,21800.0,CE,1721.95,866.31,22520.45,0,0,65
2026-10-09,IDO,2026-11-03,22150.0,CE,604.2,592.95,22520.45,4225,26,65
2026-10-09,IDO,2026-11-03,22550.0,CE,365.35,365.35,22520.45,14235,369,65
2026-10-09,IDO,2026-11-03,22600.0,CE,334.75,334.75,22520.45,79690,1525,65
2026-10-09,IDO,2026-11-03,23550.0,CE,43.15,43.15,22520.45,7930,190,65
2026-10-09,IDO,2026-11-03,24100.0,CE,14.85,14.85,22520.45,10790,166,65
2026-10-09,IDO,2026-11-03,24600.0,CE,6.8,6.8,22520.45,18980,66,65
2026-10-09,IDO,2026-11-09,20050.0,CE,2837.3,2568.35,22520.45,0,0,65
2026-10-09,IDO,2026-11-09,20900.0,CE,2003.0,1728.82,22520.45,0,0,65
2026-10-09,IDO,2026-11-09,21250.0,CE,1670.9,1393.37,22520.45,0,0,65
2026-10-09,IDO,2026-11-09,22300.0,CE,797.05,537.76,22520.45,0,0,65
2026-10-09,IDO,2026-11-09,22500.0,CE,447.95,447.95,22520.45,3705,317,65
2026-10-09,IDO,2026-11-09,22600.0,CE,395.95,395.95,22520.45,2015,112,65
2026-10-09,IDO,2026-11-09,22850.0,CE,270.0,254.63,22520.45,195,3,65
2026-10-09,IDO,2026-11-09,23400.0,CE,97.15,97.15,22520.45,35555,760,65
2026-10-09,IDO,2026-11-09,24200.0,CE,71.9,16.09,22520.45,0,0,65
2026-10-09,IDO,2026-11-23,20250.0,CE,4389.4,2416.18,22520.45,0,0,65
2026-10-09,IDO,2026-11-23,22100.0,CE,825.0,825.0,22520.45,10010,178,65
2026-10-09,IDO,2026-11-23,22500.0,CE,545.6,545.6,22520.45,607425,13133,65
2026-10-09,IDO,2026-11-23,23000.0,CE,289.95,289.95,22520.45,2113800,22820,65
2026-10-09,IDO,2026-11-23,23100.0,CE,249.75,249.75,22520.45,465270,2502,65
2026-10-09,IDO,2026-11-23,24250.0,CE,36.55,38.51,22520.45,15275,23,65
2026-10-09,IDO,2026-11-23,25050.0,CE,12.3,7.04,22520.45,1235,0,65
2026-10-09,IDO,2026-11-23,25100.0,CE,14.5,14.5,22520.45,38220,161,65
2026-10-09,IDO,2026-11-23,25200.0,CE,14.9,14.9,22520.45,10465,22,65
2026-10-09,IDO,2026-11-23,25600.0,CE,6.05,1.82,22520.45,975,0,65
2026-10-09,IDO,2026-12-29,19500.0,CE,7586.85,3270.5,22520.45,0,0,65
2026-10-09,IDO,2026-12-29,21300.0,CE,1665.0,1665.0,22520.45,2470,11,65
2026-10-09,IDO,2026-12-29,22450.0,CE,790.8,758.68,22520.45,3510,13,65
2026-10-09,IDO,2026-12-29,23500.0,CE,270.0,270.0,22520.45,1001065,8920,65
2026-10-09,IDO,2026-12-29,23750.0,CE,198.45,198.45,22520.45,18330,103,65
2026-10-09,IDO,2026-12-29,23850.0,CE,173.8,173.8,22520.45,24375,49,65
2026-10-09,IDO,2026-12-29,25500.0,CE,26.15,26.15,22520.45,995800,7474,65
2026-10-09,IDO,2026-12-29,27000.0,CE,8.7,8.7,22520.45,1814850,3384,65
2026-10-09,IDO,2026-12-29,34500.0,CE,2.35,0.01,22520.45,1430,6,65
2026-10-09,IDO,2027-03-30,33000.0,CE,8.3,8.3,22520.45,12870,77,65
2026-10-09,IDO,2029-12-24,22500.0,CE,8486.15,4434.76,22520.45,0,0,65
2026-10-09,IDO,2030-12-31,15000.0,CE,14862.95,10773.05,22520.45,0,0,65
2026-10-09,IDO,2031-06-24,16500.0,CE,11849.25,9976.3,22520.45,0,0,65
2026-10-09,IDO,2031-06-24,31500.0,CE,3928.35,2007.13,22520.45,0,0,65
2026-10-09,IDO,2026-10-13,20650.0,PE,1.3,1.3,22520.45,256360,58640,65
2026-10-09,IDO,2026-10-13,21150.0,PE,1.85,1.85,22520.45,840645,189873,65
2026-10-09,IDO,2026-10-13,22850.0,PE,301.95,301.95,22520.45,173745,19273,65
2026-10-09,IDO,2026-10-13,23000.0,PE,442.95,442.95,22520.45,864760,44433,65
2026-10-09,IDO,2026-10-13,23400.0,PE,839.8,839.8,22520.45,215605,262,65
2026-10-09,IDO,2026-10-19,20650.0,PE,4.2,4.2,22520.45,18135,876,65
2026-10-09,IDO,2026-10-19,20900.0,PE,5.5,5.5,22520.45,387985,17998,65
2026-10-09,IDO,2026-10-19,21200.0,PE,7.85,7.85,22520.45,486330,30068,65
2026-10-09,IDO,2026-10-19,21400.0,PE,10.65,10.65,22520.45,578955,32166,65
2026-10-09,IDO,2026-10-19,21800.0,PE,23.25,23.25,22520.45,1081470,64476,65
2026-10-09,IDO,2026-10-19,22650.0,PE,213.3,213.3,22520.45,199355,8274,65
2026-10-09,IDO,2026-10-19,23000.0,PE,447.5,447.5,22520.45,212550,6958,65
2026-10-09,IDO,2026-10-19,23700.0,PE,1110.0,1110.0,22520.45,5655,100,65
2026-10-09,IDO,2026-10-19,23900.0,PE,1301.5,1342.67,22520.45,1300,20,65
2026-10-09,IDO,2026-10-19,24650.0,PE,2011.0,2090.75,22520.45,715,11,65
2026-10-09,IDO,2026-10-27,21100.0,PE,18.1,18.1,22520.45,107315,6109,65
2026-10-09,IDO,2026-10-27,21900.0,PE,67.4,67.4,22520.45,735995,22959,65
2026-10-09,IDO,2026-10-27,23350.0,PE,757.7,757.7,22520.45,32695,196,65
2026-10-09,IDO,2026-10-27,25250.0,PE,2249.0,2658.07,22520.45,260,0,65
2026-10-09,IDO,2026-10-27,26100.0,PE,3200.0,3505.65,22520.45,195,0,65
2026-10-09,IDO,2026-10-27,26750.0,PE,2501.2,4153.8,22520.45,0,0,65
2026-10-09,IDO,2026-10-27,26900.0,PE,4250.0,4303.38,22520.45,1365,1,65
2026-10-09,IDO,2026-10-27,26950.0,PE,2675.85,4353.24,22520.45,0,0,65
2026-10-09,IDO,2026-11-03,20150.0,PE,0.7,0.1,22520.45,0,0,65
2026-10-09,IDO,2026-11-03,20250.0,PE,0.95,0.17,22520.45,0,0,65
2026-10-09,IDO,2026-11-03,20350.0,PE,1.3,0.29,22520.45,0,0,65
2026-10-09,IDO,2026-11-03,21300.0,PE,42.85,42.85,22520.45,15210,449,65
2026-10-09,IDO,2026-11-03,21550.0,PE,59.4,59.4,22520.45,3380,135,65
2026-10-09,IDO,2026-11-03,21900.0,PE,101.05,101.05,22520.45,23660,493,65
2026-10-09,IDO,2026-11-03,22350.0,PE,198.3,198.3,22520.45,14365,265,65
2026-10-09,IDO,2026-11-03,22800.0,PE,388.6,388.6,22520.45,18980,164,65
2026-10-09,IDO,2026-11-03,23600.0,PE,963.0,1030.2,22520.45,65,1,65
2026-10-09,IDO,2026-11-03,23650.0,PE,1325.75,1074.91,22520.45,195,0,65
2026-10-09,IDO,2026-11-03,24000.0,PE,788.3,1400.14,22520.45,65,0,65
2026-10-09,IDO,2026-11-03,24050.0,PE,829.7,1447.93,22520.45,0,0,65
2026-10-09,IDO,2026-11-03,24200.0,PE,1659.45,1592.67,22520.45,65,0,65
2026-10-09,IDO,2026-11-03,24500.0,PE,1160.15,1886.39,22520.45,0,0,65
2026-10-09,IDO,2026-11-03,25150.0,PE,1711.15,2530.98,22520.45,0,0,65
2026-10-09,IDO,2026-11-09,20700.0,PE,7.0,3.27,22520.45,0,0,65
2026-10-09,IDO,2026-11-09,22000.0,PE,146.95,146.95,22520.45,3575,133,65
2026-10-09,IDO,2026-11-09,22900.0,PE,438.2,503.49,22520.45,0,0,65
2026-10-09,IDO,2030-12-31,24000.0,CE,8563.3,4579.56,22520.45,0,0,65
2026-10-09,IDO,2026-10-13,22400.0,PE,47.4,47.4,22520.45,10726625,5640807,65
2026-10-09,IDO,2026-10-13,22100.0,PE,12.75,12.75,22520.45,6070350,1821650,65
2026-10-09,IDO,2031-06-24,27000.0,CE,5699.0,3574.53,22520.45,0,0,65
2026-10-09,IDO,2031-06-24,24000.0,CE,7181.9,5037.88,22520.45,0,0,65
2026-10-09,IDO,2031-06-24,15000.0,CE,12902.2,11094.69,22520.45,0,0,65
2026-10-09,IDO,2030-12-31,25500.0,CE,7639.65,3808.29,22520.45,0,0,65
2026-10-09,IDO,2031-06-24,33000.0,PE,3810.15,4283.8,22520.45,0,0,65
2026-10-09,IDO,2030-12-31,33000.0,PE,2387.3,4659.81,22520.45,0,0,65
2026-10-09,IDO,2030-12-31,27000.0,PE,779.5,1782.4,22520.45,0,0,65
2026-10-09,IDO,2030-12-31,25500.0,PE,538.25,1282.11,22520.45,0,0,65
2026-10-09,IDO,2029-06-26,31500.0,PE,2443.35,5065.89,22520.45,0,0,65
2026-10-09,IDO,2029-06-26,28500.0,PE,1349.1,3125.61,22520.45,0,0,65
2026-10-09,IDO,2028-12-26,26000.0,PE,1909.2,1996.9,22520.45,6940,0,65
2026-10-09,IDO,2028-12-26,22500.0,PE,218.8,662.13,22520.45,0,0,65
2026-10-09,IDO,2028-06-27,31500.0,PE,2935.6,6200.27,22520.45,0,0,65
2026-10-09,IDO,2028-06-27,19500.0,PE,40.05,133.98,22520.45,0,0,65
2026-10-09,IDO,2027-12-28,27000.0,PE,2783.7,2783.7,22520.45,59035,31,65
2026-10-09,IDO,2027-06-29,19500.0,PE,138.0,138.0,22520.45,10140,147,65
2026-10-09,IDO,2027-03-30,16500.0,PE,26.4,26.4,22520.45,26195,319,65
2026-10-09,IDO,2026-12-29,28500.0,PE,3320.25,5618.28,22520.45,130,0,65
2026-10-09,IDO,2026-12-29,25500.0,PE,2604.5,2604.5,22520.45,300430,150,65
2026-10-09,IDO,2026-12-29,24750.0,PE,1860.25,1984.49,22520.45,0,0,65
2026-10-09,IDO,2026-12-29,24100.0,PE,1579.95,1429.06,22520.45,2145,0,65
2026-10-09,IDO,2026-12-29,22250.0,PE,326.45,327.4,22520.45,11050,115,65
2026-10-09,IDO,2026-12-29,21450.0,PE,157.2,121.23,22520.45,2535,5,65
2026-10-09,IDO,2026-12-29,21200.0,PE,132.5,132.5,22520.45,16185,288,65
2026-10-09,IDO,2026-12-29,21000.0,PE,113.55,113.55,22520.45,2317680,13937,65
2026-10-09,IDO,2026-12-29,20800.0,PE,96.0,43.72,22520.45,1755,12,65
2026-10-09,IDO,2026-11-23,25850.0,PE,2901.65,3147.88,22520.45,65,0,65
2026-10-09,IDO,2026-11-23,25800.0,PE,2725.0,3098.37,22520.45,585,0,65
2026-10-09,IDO,2026-11-23,25350.0,PE,1152.95,2653.91,22520.45,0,0,65
2026-10-09,IDO,2026-11-23,24850.0,PE,860.35,2165.11,22520.45,0,0,65
2026-10-09,IDO,2026-11-23,21650.0,PE,131.2,131.2,22520.45,26065,105,65
2026-10-09,IDO,2026-11-23,21200.0,PE,80.85,80.85,22520.45,260780,7908,65
2026-10-09,IDO,2026-11-09,24750.0,PE,1864.2,2112.46,22520.45,0,0,65
2026-10-09,IDO,2026-11-09,24700.0,PE,1817.15,2063.26,22520.45,0,0,65
2026-10-09,IDO,2026-11-09,24300.0,PE,1450.85,1673.57,22520.45,0,0,65
2026-10-09,IDO,2026-11-09,21550.0,PE,78.6,43.38,22520.45,1365,22,65
2026-10-09,IDO,2026-10-13,20750.0,CE,3001.55,1783.52,22520.45,0,0,65
2026-10-09,IDO,2026-10-13,21200.0,CE,1376.0,1376.0,22520.45,130,4,65
2026-10-09,IDO,2026-10-13,21750.0,CE,815.85,815.85,22520.45,15795,309,65
2026-10-09,IDO,2026-10-13,22150.0,CE,426.8,426.8,22520.45,212810,53686,65
2026-10-09,IDO,2026-10-13,22400.0,CE,210.2,210.2,22520.45,2769130,3619371,65
2026-10-09,IDO,2026-10-13,23400.0,CE,1.25,1.25,22520.45,4578145,546333,65
2026-10-09,IDO,2026-10-13,24200.0,CE,0.5,0.5,22520.45,490685,56066,65
2026-10-09,IDO,2026-10-19,22200.0,CE,453.55,453.55,22520.45,177255,16238,65
2026-10-09,IDO,2026-10-19,23650.0,CE,4.1,4.1,22520.45,101985,4299,65
2026-10-09,IDO,2026-10-19,23750.0,CE,3.1,3.1,22520.45,39975,2622,65
2026-10-09,IDO,2026-10-19,23950.0,CE,2.05,2.05,22520.45,58630,420,65
2026-10-09,IDO,2026-11-09,21450.0,PE,43.3,33.57,22520.45,0,0,65
2026-10-09,IDO,2026-11-09,21300.0,PE,60.95,60.95,22520.45,2795,54,65
2026-10-09,IDO,2026-11-09,21050.0,PE,69.95,10.65,22520.45,390,0,65
2026-10-09,IDO,2026-11-03,24950.0,PE,1534.25,2332.1,22520.45,0,0,65
2026-10-09,IDO,2026-11-03,23800.0,PE,669.7,1211.96,22520.45,0,0,65
2026-10-09,IDO,2026-11-03,23700.0,PE,610.85,1120.13,22520.45,0,0,65
2026-10-09,IDO,2026-11-03,21400.0,PE,48.8,48.8,22520.45,20865,357,65
2026-10-09,IDO,2026-11-03,21200.0,PE,37.55,37.55,22520.45,8320,191,65
2026-10-09,IDO,2026-11-03,20850.0,PE,5.3,2.73,22520.45,0,0,65
2026-10-09,IDO,2026-10-19,24450.0,CE,1.15,1.15,22520.45,41600,371,65
2026-10-09,IDO,2026-10-27,26850.0,PE,2588.1,4253.52,22520.45,0,0,65
2026-10-09,IDO,2026-10-27,26000.0,PE,3362.95,3362.95,22520.45,1744535,1343,65
2026-10-09,IDO,2026-10-27,25200.0,PE,2592.1,2592.1,22520.45,33800,2,65
2026-10-09,IDO,2026-10-27,23600.0,PE,989.2,989.2,22520.45,682955,702,65
2026-10-09,IDO,2026-10-27,23000.0,PE,478.55,478.55,22520.45,3748550,32351,65
2026-10-09,IDO,2026-10-27,22400.0,PE,174.15,174.15,22520.45,1926990,78899,65
2026-10-09,IDO,2026-10-19,24800.0,CE,0.9,0.9,22520.45,56940,695,65
2026-10-09,IDO,2026-10-27,21500.0,CE,1146.8,1146.8,22520.45,664625,2751,65
2026-10-09,IDO,2026-10-27,21750.0,CE,862.05,864.45,22520.45,455,16,65
2026-10-09,IDO,2026-10-27,25000.0,CE,2.55,2.55,22520.45,2602340,13494,65
2026-10-09,IDO,2026-10-27,25250.0,CE,1.8,1.8,22520.45,1690,48,65
2026-10-09,IDO,2026-10-27,25900.0,CE,1.1,0.01,22520.45,17485,83,65
2026-10-09,IDO,2026-11-03,20350.0,CE,3118.95,2250.73,22520.45,0,0,65
2026-10-09,IDO,2026-11-03,20450.0,CE,3020.05,2151.3,22520.45,0,0,65
2026-10-09,IDO,2026-11-03,22200.0,CE,599.95,599.95,22520.45,7605,214,65
2026-10-09,IDO,2026-11-03,22700.0,CE,283.8,283.8,22520.45,41665,966,65
2026-10-09,IDO,2026-11-03,23750.0,CE,28.0,28.0,22520.45,3640,68,65
2026-10-09,IDO,2026-10-27,21450.0,PE,30.45,30.45,22520.45,64870,1326,65
2026-10-09,IDO,2026-10-27,21400.0,PE,28.35,28.35,22520.45,560430,14849,65
2026-10-09,IDO,2026-10-27,20950.0,PE,14.9,14.9,22520.45,19110,653,65
2026-10-09,IDO,2026-10-27,20250.0,PE,6.9,0.02,22520.45,845,14,65
2026-10-09,IDO,2026-10-19,24050.0,PE,962.95,1491.99,22520.45,0,0,65
2026-10-09,IDO,2026-10-19,24000.0,PE,1402.5,1402.5,22520.45,27300,217,65
2026-10-09,IDO,2026-10-19,22600.0,PE,188.65,188.65,22520.45,770120,53084,65
2026-10-09,IDO,2026-10-13,24900.0,PE,2284.95,2363.87,22520.45,650,0,65
2026-10-09,IDO,2026-10-13,24600.0,PE,2100.0,2064.05,22520.45,12415,12,65
2026-10-09,IDO,2026-10-13,23800.0,PE,1235.85,1235.85,22520.45,30290,77,65
2026-10-09,IDO,2026-10-13,22800.0,PE,260.4,260.4,22520.45,1017055,201396,65
2026-10-09,IDO,2026-10-13,22700.0,PE,182.45,182.45,22520.45,2886975,548899,65
2026-10-09,IDO,2026-11-09,21950.0,CE,1059.7,785.21,22520.45,0,0,65
2026-10-09,IDO,2026-11-09,22000.0,CE,1020.1,747.0,22520.45,0,0,65
2026-10-09,IDO,2026-11-09,22150.0,CE,905.35,637.91,22520.45,0,0,65
2026-10-09,IDO,2026-11-09,22250.0,CE,832.3,570.1,22520.45,0,0,65
2026-10-09,IDO,2026-11-09,23050.0,CE,205.0,184.35,22520.45,390,3,65
2026-10-09,IDO,2026-11-09,23100.0,CE,177.95,177.95,22520.45,6435,121,65
2026-10-09,IDO,2026-11-09,24000.0,CE,27.2,27.2,22520.45,975,15,65
2026-10-09,IDO,2026-11-23,20950.0,CE,3709.55,1737.81,22520.45,0,0,65
2026-10-09,IDO,2026-11-23,21050.0,CE,3613.45,1643.85,22520.45,0,0,65
2026-10-09,IDO,2026-11-23,21450.0,CE,3232.9,1281.8,22520.45,0,0,65
2026-10-09,IDO,2026-11-23,21650.0,CE,3045.65,1111.92,22520.45,0,0,65
2026-10-09,IDO,2026-11-23,21900.0,CE,1000.0,913.5,22520.45,3120,8,65
2026-10-09,IDO,2026-11-23,22700.0,CE,428.45,428.45,22520.45,230035,4044,65
2026-10-09,IDO,2026-11-23,22900.0,CE,330.0,330.0,22520.45,116675,1958,65
2026-10-09,IDO,2026-11-23,23700.0,CE,92.65,92.65,22520.45,197340,3258,65
2026-10-09,IDO,2026-11-23,24050.0,CE,52.0,52.0,22520.45,27950,210,65
2026-10-09,IDO,2026-11-23,24650.0,CE,23.0,23.0,22520.45,4615,8,65
2026-10-09,IDO,2026-11-23,25800.0,CE,7.3,1.07,22520.45,2015,9,65
2026-10-09,IDO,2026-11-23,25850.0,CE,6.4,0.93,22520.45,845,0,65
2026-10-09,IDO,2026-11-23,25950.0,CE,7.5,0.71,22520.45,1625,0,65
2026-10-09,IDO,2026-12-29,21500.0,CE,1488.05,1488.05,22520.45,38480,280,65
2026-10-09,IDO,2026-12-29,21550.0,CE,1207.0,1383.0,22520.45,3900,0,65
2026-10-09,IDO,2026-12-29,21850.0,CE,1295.25,1153.41,22520.45,2535,0,65
2026-10-09,IDO,2026-12-29,22250.0,CE,860.0,879.96,22520.45,2340,7,65
2026-10-09,IDO,2026-12-29,22600.0,CE,686.3,686.3,22520.45,34710,301,65
2026-10-09,IDO,2026-12-29,22800.0,CE,571.95,571.95,22520.45,53820,536,65
2026-10-09,IDO,2026-12-29,23000.0,CE,470.7,470.7,22520.45,1551165,10678,65
2026-10-09,IDO,2026-12-29,23150.0,CE,403.0,403.0,22520.45,8190,90,65
2026-10-09,IDO,2026-12-29,23250.0,CE,366.05,382.03,22520.45,12870,57,65
2026-10-09,IDO,2026-12-29,23300.0,CE,339.8,339.8,22520.45,60320,354,65
2026-10-09,IDO,2026-12-29,24000.0,CE,145.75,145.75,22520.45,3454980,23947,65
2026-10-09,IDO,2026-12-29,24050.0,CE,136.5,136.5,22520.45,40560,289,65
2026-10-09,IDO,2026-12-29,25000.0,CE,43.25,43.25,22520.45,4120465,17781,65
2026-10-09,IDO,2026-12-29,33000.0,CE,2.75,0.01,22520.45,103675,13,65
2026-10-09,IDO,2027-09-28,18000.0,CE,5788.3,5512.72,22520.45,0,0,65
2026-10-09,IDO,2027-09-28,28500.0,CE,291.55,130.19,22520.45,0,0,65
2026-10-09,IDO,2028-06-27,21000.0,CE,5226.55,3822.56,22520.45,0,0,65
2026-10-09,IDO,2028-06-27,25500.0,CE,1225.0,1324.73,22520.45,0,0,65
2026-10-09,IDO,2028-06-27,31500.0,CE,1784.8,183.38,22520.45,0,0,65
2026-10-09,IDO,2029-06-26,31500.0,CE,2878.65,639.36,22520.45,0,0,65
2026-10-09,IDO,2029-12-24,18000.0,CE,11362.4,7635.45,22520.45,0,0,65
2026-10-09,IDO,2029-12-24,33000.0,CE,3816.05,689.3,22520.45,0,0,65
2026-10-09,IDO,2030-12-31,18000.0,CE,12674.15,8497.76,22520.45,0,0,65
2026-10-09,IDO,2026-10-27,25900.0,PE,3200.0,3306.21,22520.45,1690,0,65
2026-10-09,IDO,2026-10-27,25050.0,PE,2430.0,2458.66,22520.45,910,0,65
2026-10-09,IDO,2026-10-27,23650.0,PE,1111.0,1080.65,22520.45,21125,11,65
2026-10-09,IDO,2026-10-27,22800.0,PE,350.35,350.35,22520.45,1428895,17714,65
2026-10-09,IDO,2026-10-27,22350.0,PE,159.55,159.55,22520.45,326755,10783,65
2026-10-09,IDO,2026-10-27,22300.0,PE,145.5,145.5,22520.45,3771950,55379,65
2026-10-09,IDO,2026-10-27,20750.0,PE,12.15,12.15,22520.45,34905,510,65
2026-10-09,IDO,2026-10-27,20700.0,PE,11.4,11.4,22520.45,136695,2409,65
2026-10-09,IDO,2026-10-19,24750.0,PE,2190.0,2190.59,22520.45,65,1,65
2026-10-09,IDO,2026-10-19,23750.0,PE,746.7,1193.93,22520.45,0,0,65
2026-10-09,IDO,2026-10-19,23400.0,PE,816.15,816.15,22520.45,12220,145,65
2026-10-09,IDO,2026-10-19,22800.0,PE,297.9,297.9,22520.45,228215,10408,65
2026-10-09,IDO,2026-10-19,21700.0,PE,18.4,18.4,22520.45,1256060,60802,65
2026-10-09,IDO,2026-10-19,21650.0,PE,16.7,16.7,22520.45,113100,10388,65
2026-10-09,IDO,2026-10-19,21100.0,PE,7.0,7.0,22520.45,258570,19729,65
2026-10-09,IDO,2026-10-19,20550.0,PE,4.0,4.0,22520.45,23075,439,65
2026-10-09,IDO,2026-10-13,24850.0,PE,2405.15,2313.9,22520.45,195,0,65
2026-10-09,IDO,2026-10-13,24250.0,PE,1765.0,1714.28,22520.45,1625,1,65
2026-10-09,IDO,2026-10-13,24000.0,PE,1435.65,1435.65,22520.45,301730,953,65
2026-10-09,IDO,2026-10-13,23300.0,PE,731.85,731.85,22520.45,250900,1743,65
2026-10-09,IDO,2026-10-13,22200.0,PE,19.15,19.15,22520.45,8626085,2973149,65
2026-10-09,IDO,2026-10-13,21300.0,PE,2.15,2.15,22520.45,4873570,706823,65
2026-10-09,IDO,2031-06-24,28500.0,CE,5048.95,2971.65,22520.45,0,0,65
2026-10-09,IDO,2030-12-31,30000.0,CE,5227.2,2057.1,22520.45,0,0,65
2026-10-09,IDO,2030-06-25,31500.0,CE,3984.8,1272.9,22520.45,0,0,65
2026-10-09,IDO,2030-06-25,25500.0,CE,7070.45,3308.65,22520.45,0,0,65
2026-10-09,IDO,2028-12-26,33000.0,CE,2477.5,244.75,22520.45,0,0,65
2026-10-09,IDO,2028-12-26,31500.0,CE,370.0,382.81,22520.45,1105,2,65
2026-10-09,IDO,2028-12-26,19500.0,CE,9716.4,5510.92,22520.45,0,0,65
2026-10-09,IDO,2028-12-26,18000.0,CE,9380.3,6733.74,22520.45,0,0,65
2026-10-09,IDO,2027-12-28,33000.0,CE,53.1,53.1,22520.45,12155,14,65
2026-10-09,IDO,2027-12-28,19500.0,CE,8684.7,4439.96,22520.45,0,0,65
2026-10-09,IDO,2027-06-29,19000.0,CE,7800.0,4320.12,22520.45,75,0,65
2026-10-09,IDO,2027-03-30,30000.0,CE,13.35,13.35,22520.45,175695,177,65
2026-10-09,IDO,2027-03-30,18000.0,CE,4943.5,4943.5,22520.45,2535,23,65
2026-10-09,IDO,2026-12-29,31000.0,CE,4.3,4.3,22520.45,126575,146,65
2026-10-09,IDO,2026-12-29,28000.0,CE,5.6,5.6,22520.45,1660865,1455,65
2026-10-09,IDO,2026-12-29,24150.0,CE,118.05,118.05,22520.45,11895,61,65
2026-10-09,IDO,2026-12-29,23900.0,CE,165.3,165.3,22520.45,60905,298,65
2026-10-09,IDO,2026-12-29,22650.0,CE,655.85,648.22,22520.45,22165,43,65
2026-10-09,IDO,2026-12-29,22000.0,CE,1086.25,1086.25,22520.45,788485,3189,65
2026-10-09,IDO,2026-12-29,21950.0,CE,1215.3,1081.36,22520.45,1755,0,65
2026-10-09,IDO,2026-12-29,21600.0,CE,1191.65,1343.41,22520.45,3380,0,65
2026-10-09,IDO,2026-12-29,21100.0,CE,2039.8,1759.82,22520.45,0,0,65
2026-10-09,IDO,2026-12-29,21000.0,CE,1909.75,1909.75,22520.45,880185,780,65
2026-10-09,IDO,2026-12-29,20800.0,CE,2299.35,2027.9,22520.45,0,0,65
2026-10-09,IDO,2026-12-29,20650.0,CE,2432.9,2165.78,22520.45,0,0,65
2026-10-09,IDO,2026-12-29,20350.0,CE,2706.3,2447.43,22520.45,0,0,65
2026-10-09,IDO,2026-12-29,20100.0,CE,2939.35,2686.63,22520.45,0,0,65
2026-10-09,IDO,2026-12-29,18000.0,CE,4727.5,4727.5,22520.45,20995,19,65
2026-10-09,IDO,2026-11-23,25650.0,CE,8.8,1.6,22520.45,1365,0,65
2026-10-09,IDO,2026-11-23,25450.0,CE,8.0,2.67,22520.45,1105,1,65
2026-10-09,IDO,2026-11-23,24200.0,CE,40.3,40.3,22520.45,189215,1572,65
2026-10-09,IDO,2026-11-23,22150.0,CE,780.0,733.54,22520.45,910,2,65
2026-10-09,IDO,2026-11-23,21850.0,CE,2860.95,951.8,22520.45,0,0,65
2026-10-09,IDO,2026-11-23,21300.0,CE,1485.0,1414.55,22520.45,260,6,65
2026-10-09,IDO,2026-11-23,20300.0,CE,4340.55,2366.99,22520.45,0,0,65
2026-10-09,IDO,2026-11-09,24700.0,CE,29.1,4.04,22520.45,0,0,65
2026-10-09,IDO,2026-11-09,23700.0,CE,50.1,50.1,22520.45,2275,54,65
2026-10-09,IDO,2026-11-09,22650.0,CE,351.65,351.65,22520.45,260,9,65
2026-10-09,IDO,2026-11-09,22550.0,CE,419.5,419.5,22520.45,1495,38,65
2026-10-09,IDO,2026-11-09,22400.0,CE,488.7,476.29,22520.45,520,15,65
2026-10-09,IDO,2026-11-09,21300.0,CE,1624.5,1346.57,22520.45,0,0,65
2026-10-09,IDO,2026-11-09,20650.0,CE,2245.75,1973.77,22520.45,0,0,65
2026-10-09,IDO,2026-11-09,20500.0,CE,2392.8,2121.86,22520.45,0,0,65
2026-10-09,IDO,2026-11-09,20450.0,CE,2441.95,2171.34,22520.45,0,0,65
2026-10-09,IDO,2026-11-03,23200.0,CE,100.25,100.25,22520.45,64740,1205,65
2026-10-09,IDO,2026-11-03,23150.0,CE,111.55,111.55,22520.45,11310,191,65
2026-10-09,IDO,2026-11-03,22850.0,CE,212.35,212.35,22520.45,12285,258,65
2026-10-09,IDO,2026-11-03,21750.0,CE,1767.5,908.83,22520.45,0,0,65
2026-10-09,IDO,2026-11-03,21650.0,CE,1859.6,995.99,22520.45,0,0,65
2026-10-09,IDO,2026-11-03,21000.0,CE,1357.5,1607.89,22520.45,65,0,65
2026-10-09,IDO,2026-11-03,20950.0,CE,2528.5,1656.84,22520.45,0,0,65
2026-10-09,IDO,2026-11-03,20850.0,CE,2626.3,1755.13,22520.45,0,0,65
2026-10-09,IDO,2026-11-03,20150.0,CE,3316.95,2449.75,22520.45,0,0,65
2026-10-09,IDO,2026-10-27,26800.0,CE,0.45,0.01,22520.45,2925,5,65
2026-10-09,IDO,2026-10-27,26350.0,CE,1.05,0.01,22520.45,1170,0,65
2026-10-09,IDO,2026-10-27,26200.0,CE,1.25,1.25,22520.45,19500,8,65
2026-10-09,IDO,2026-11-23,22750.0,PE,434.45,434.45,22520.45,33670,179,65
2026-10-09,IDO,2026-11-23,22850.0,PE,473.85,514.25,22520.45,9490,45,65
2026-10-09,IDO,2026-11-23,24800.0,PE,2060.0,2116.77,22520.45,5330,10,65
2026-10-09,IDO,2026-11-23,26000.0,PE,3222.75,3222.75,22520.45,403000,735,65
2026-10-09,IDO,2026-12-29,20750.0,PE,125.85,40.06,22520.45,1885,0,65
2026-10-09,IDO,2026-12-29,21850.0,PE,227.45,205.92,22520.45,11310,33,65
2026-10-09,IDO,2026-12-29,22550.0,PE,424.0,424.0,22520.45,11050,64,65
2026-10-09,IDO,2026-12-29,23050.0,PE,662.15,697.37,22520.45,4745,9,65
2026-10-09,IDO,2026-12-29,24250.0,PE,1453.95,1551.85,22520.45,4225,16,65
2026-10-09,IDO,2026-12-29,24650.0,PE,1779.6,1895.47,22520.45,0,0,65
2026-10-09,IDO,2026-12-29,25000.0,PE,2131.5,2131.5,22520.45,1578920,593,65
2026-10-09,IDO,2026-12-29,31500.0,PE,4059.3,8580.16,22520.45,0,0,65
2026-10-09,IDO,2026-10-27,25950.0,CE,0.95,0.95,22520.45,2925,8,65
2026-10-09,IDO,2026-10-27,25650.0,CE,1.35,0.01,22520.45,5850,0,65
2026-10-09,IDO,2026-10-27,23900.0,CE,8.8,8.8,22520.45,547755,5268,65
2026-10-09,IDO,2026-10-27,23700.0,CE,13.1,13.1,22520.45,991965,21866,65
2026-10-09,IDO,2026-10-27,23600.0,CE,16.8,16.8,22520.45,1276405,19671,65
2026-10-09,IDO,2026-10-27,22750.0,CE,193.85,193.85,22520.45,414180,8909,65
2026-10-09,IDO,2026-10-27,22700.0,CE,217.65,217.65,22520.45,3043495,68502,65
2026-10-09,IDO,2026-10-27,22250.0,CE,499.3,499.3,22520.45,235560,3608,65
2026-10-09,IDO,2026-12-29,20000.0,CE,2836.8,2836.8,22520.45,922830,1138,65
2026-10-09,IDO,2026-10-27,21400.0,CE,1281.6,1190.2,22520.45,2795,13,65
2026-10-09,IDO,2026-10-27,21250.0,CE,1356.25,1335.54,22520.45,65,0,65
2026-10-09,IDO,2026-10-27,20700.0,CE,1997.6,1879.38,22520.45,65,0,65
2026-10-09,IDO,2026-10-27,20650.0,CE,3662.6,1929.16,22520.45,0,0,65
2026-10-09,IDO,2026-10-27,20500.0,CE,2114.7,2114.7,22520.45,75595,207,65
2026-10-09,IDO,2026-10-27,20300.0,CE,3999.95,2277.96,22520.45,0,0,65
2026-10-09,IDO,2026-10-19,23350.0,CE,9.65,9.65,22520.45,156000,11945,65
2026-10-09,IDO,2026-10-19,23150.0,CE,20.45,20.45,22520.45,374595,26979,65
2026-10-09,IDO,2026-10-19,21550.0,CE,743.25,1007.96,22520.45,390,0,65
2026-10-09,IDO,2026-10-19,20700.0,CE,2534.65,1853.04,22520.45,0,0,65
2026-10-09,IDO,2026-10-19,20600.0,CE,2633.35,1952.88,22520.45,0,0,65
2026-10-09,IDO,2026-10-19,20150.0,CE,3079.15,2402.17,22520.45,0,0,65
2026-10-09,IDO,2026-10-13,23850.0,CE,0.6,0.6,22520.45,1147055,89355,65
2026-10-09,IDO,2026-10-13,23750.0,CE,0.7,0.7,22520.45,540865,49364,65
2026-10-09,IDO,2026-10-13,23550.0,CE,1.0,1.0,22520.45,997620,136741,65
2026-10-09,IDO,2026-10-13,23250.0,CE,2.0,2.0,22520.45,1625520,397375,65
2026-10-09,IDO,2026-10-13,23100.0,CE,3.35,3.35,22520.45,6798285,1024345,65
2026-10-09,IDO,2026-10-13,22650.0,CE,61.55,61.55,22520.45,3622710,3014830,65
2026-10-09,IDO,2026-10-13,22500.0,CE,138.0,138.0,22520.45,9524385,7729502,65
2026-10-09,IDO,2026-10-13,22000.0,CE,569.45,569.45,22520.45,498030,76163,65
2026-10-09,IDO,2026-10-13,20900.0,CE,2853.0,1633.61,22520.45,0,0,65
2026-10-09,IDO,2026-10-13,20150.0,CE,3597.35,2383.14,22520.45,0,0,65
2026-10-09,IDO,2027-03-30,18000.0,PE,51.65,51.65,22520.45,205855,1333,65
2026-10-09,IDO,2027-06-29,15000.0,PE,1173.2,0.02,22520.45,0,0,65
2026-10-09,IDO,2027-06-29,21000.0,PE,281.35,281.35,22520.45,93585,699,65
2026-10-09,IDO,2027-09-28,28500.0,PE,4441.5,4563.88,22520.45,0,0,65
2026-10-09,IDO,2027-12-28,33000.0,PE,4155.55,8270.19,22520.45,0,0,65
2026-10-09,IDO,2028-12-26,33000.0,PE,3315.4,6775.58,22520.45,0,0,65
2026-10-09,IDO,2029-06-26,19500.0,PE,56.0,171.84,22520.45,0,0,65
2026-10-09,IDO,2029-12-24,33000.0,PE,2953.7,5605.43,22520.45,0,0,65
2026-10-09,IDO,2030-06-25,15000.0,PE,29.65,11.64,22520.45,0,0,65
2026-10-09,IDO,2030-06-25,28500.0,PE,1167.6,2601.65,22520.45,0,0,65
2026-10-09,IDO,2030-06-25,31500.0,PE,2056.3,4197.69,22520.45,0,0,65
2026-10-09,IDO,2030-12-31,15000.0,PE,4.95,13.94,22520.45,0,0,65
2026-10-09,IDO,2031-06-24,16500.0,PE,95.65,41.53,22520.45,0,0,65
2026-10-09,IDO,2026-11-23,22350.0,PE,283.75,283.75,22520.45,15015,254,65
2026-10-09,IDO,2026-11-23,22250.0,PE,252.6,252.6,22520.45,107575,1904,65
2026-10-09,IDO,2026-11-09,22950.0,PE,463.95,535.18,22520.45,0,0,65
2026-10-09,IDO,2026-11-09,22850.0,PE,413.4,472.86,22520.45,0,0,65
2026-10-09,IDO,2026-11-09,22100.0,PE,170.0,170.0,22520.45,1105,23,65
2026-10-09,IDO,2026-11-09,20300.0,PE,2.15,0.68,22520.45,0,0,65
2026-10-09,IDO,2026-11-09,20200.0,PE,1.55,0.44,22520.45,0,0,65
2026-10-09,IDO,2026-11-03,24450.0,PE,1121.05,1837.15,22520.45,0,0,65
2026-10-09,IDO,2026-11-03,24350.0,PE,1045.45,1738.98,22520.45,0,0,65
2026-10-09,IDO,2026-11-03,24250.0,PE,970.25,1641.29,22520.45,0,0,65
2026-10-09,IDO,2026-11-03,24100.0,PE,863.85,1495.96,22520.45,0,0,65
2026-10-09,IDO,2026-11-03,23500.0,PE,896.4,896.4,22520.45,8970,68,65
2026-10-09,IDO,2026-11-03,23450.0,PE,927.35,899.59,22520.45,260,0,65
2026-10-09,IDO,2026-11-03,23050.0,PE,530.0,585.03,22520.45,6695,36,65
2026-10-09,IDO,2026-11-03,22400.0,PE,217.4,217.4,22520.45,27495,561,65
2026-10-09,IDO,2026-10-27,26650.0,PE,2415.2,4054.09,22520.45,0,0,65
2026-10-09,IDO,2026-10-27,26050.0,PE,3580.0,3455.79,22520.45,130,0,65
2026-10-09,IDO,2026-10-27,25950.0,PE,1842.3,3356.07,22520.45,0,0,65
2026-10-09,IDO,2026-12-29,24150.0,PE,1611.1,1469.58,22520.45,2015,0,65
2026-10-09,IDO,2026-12-29,29000.0,PE,6000.0,6111.88,22520.45,314030,35,65
2026-10-09,IDO,2027-03-30,24000.0,PE,1178.75,1178.75,22520.45,855530,1106,65
2026-10-09,IDO,2027-06-29,27000.0,PE,3393.0,3529.07,22520.45,325,2,65
2026-10-09,IDO,2027-06-29,30000.0,PE,6000.0,6278.14,22520.45,390,0,65
2026-10-09,IDO,2027-09-28,15000.0,PE,1.15,0.14,22520.45,0,0,65
2026-10-09,IDO,2027-09-28,21000.0,PE,357.75,255.17,22520.45,0,0,65
2026-10-09,IDO,2031-06-24,31500.0,PE,3185.85,3513.88,22520.45,0,0,65
2026-10-09,IDO,2029-06-26,33000.0,PE,3022.85,6153.51,22520.45,0,0,65
2026-10-09,IDO,2026-12-29,24350.0,PE,1526.65,1635.69,22520.45,1560,3,65
2026-10-09,IDO,2028-12-26,16500.0,PE,5.9,17.85,22520.45,0,0,65
2026-10-09,IDO,2028-06-27,22500.0,PE,206.95,669.4,22520.45,0,0,65
2026-10-09,IDO,2028-06-27,16500.0,PE,3.8,10.78,22520.45,0,0,65
2026-10-09,IDO,2026-10-13,20200.0,CE,3547.7,2333.17,22520.45,0,0,65
2026-10-09,IDO,2026-10-13,20550.0,CE,3200.0,1983.39,22520.45,0,0,65
2026-10-09,IDO,2026-10-13,21300.0,CE,1177.5,1233.87,22520.45,2665,10,65
2026-10-09,IDO,2026-10-13,22550.0,CE,108.5,108.5,22520.45,3786640,4918329,65
2026-10-09,IDO,2026-10-13,23600.0,CE,0.85,0.85,22520.45,2722850,305287,65
2026-10-09,IDO,2026-10-13,23950.0,CE,0.55,0.55,22520.45,864045,34629,65
2026-10-09,IDO,2026-10-13,24050.0,CE,0.55,0.55,22520.45,736970,25751,65
2026-10-09,IDO,2026-10-13,24350.0,CE,0.45,0.45,22520.45,91390,8752,65
2026-10-09,IDO,2026-10-13,24600.0,CE,0.45,0.45,22520.45,260195,4756,65
2026-10-09,IDO,2026-10-13,24700.0,CE,0.4,0.4,22520.45,174980,5633,65
2026-10-09,IDO,2026-10-13,25200.0,CE,0.4,0.4,22520.45,146575,6417,65
2026-10-09,IDO,2026-10-19,20250.0,CE,2979.9,2302.33,22520.45,0,0,65
2026-10-09,IDO,2026-10-19,21600.0,CE,1025.0,959.2,22520.45,1170,26,65
2026-10-09,IDO,2026-10-19,21700.0,CE,905.5,905.5,22520.45,1170,45,65
2026-10-09,IDO,2026-10-19,22100.0,CE,538.7,538.7,22520.45,22360,1751,65
2026-10-09,IDO,2026-10-19,22650.0,CE,152.9,152.9,22520.45,591435,28857,65
2026-10-09,IDO,2026-10-19,22750.0,CE,108.2,108.2,22520.45,303810,21984,65
2026-10-09,IDO,2026-10-19,23700.0,CE,3.3,3.3,22520.45,858390,30987,65
2026-10-09,IDO,2026-10-19,24250.0,CE,1.2,1.2,22520.45,40365,963,65
2026-10-09,IDO,2026-10-19,24900.0,CE,0.8,0.8,22520.45,10660,607,65
2026-10-09,IDO,2026-10-19,24950.0,CE,0.75,0.01,22520.45,780,15,65
2026-10-09,IDO,2026-10-19,25050.0,CE,1.0,1.0,22520.45,4095,47,65
2026-10-09,IDO,2026-10-27,20450.0,CE,3854.95,2128.43,22520.45,0,0,65
2026-10-09,IDO,2026-10-27,20850.0,CE,3471.7,1730.22,22520.45,0,0,65
2026-10-09,IDO,2026-10-27,21550.0,CE,997.3,1047.7,22520.45,65,0,65
2026-10-09,IDO,2026-10-27,22150.0,CE,576.75,576.75,22520.45,29640,322,65
2026-10-09,IDO,2026-10-27,22300.0,CE,462.8,462.8,22520.45,1304420,34666,65
2026-10-09,IDO,2026-10-27,24050.0,CE,7.15,7.15,22520.45,226655,1566,65
2026-10-09,IDO,2026-10-27,25550.0,CE,1.55,1.55,22520.45,1300,3,65
2026-10-09,IDO,2026-10-27,25600.0,CE,1.4,1.4,22520.45,39260,91,65
2026-10-09,IDO,2026-10-27,26250.0,CE,2.45,0.01,22520.45,2015,0,65
2026-10-09,IDO,2026-11-03,21400.0,CE,2094.4,1223.97,22520.45,0,0,65
2026-10-09,IDO,2026-11-03,21700.0,CE,1813.4,952.07,22520.45,0,0,65
2026-10-09,IDO,2026-11-03,22300.0,CE,522.3,522.3,22520.45,8385,262,65
2026-10-09,IDO,2026-11-03,24650.0,CE,6.2,6.2,22520.45,19110,504,65
2026-10-09,IDO,2026-11-03,25050.0,CE,11.35,0.42,22520.45,1885,0,65
2026-10-09,IDO,2026-11-09,21000.0,CE,1907.0,1631.84,22520.45,0,0,65
2026-10-09,IDO,2026-11-09,21650.0,CE,1310.2,1031.3,22520.45,0,0,65
2026-10-09,IDO,2026-11-09,21800.0,CE,1182.4,904.88,22520.45,0,0,65
2026-10-09,IDO,2026-11-09,22100.0,CE,942.85,673.31,22520.45,0,0,65
2026-10-09,IDO,2026-11-09,22450.0,CE,522.7,447.2,22520.45,1560,82,65
2026-10-09,IDO,2026-11-09,23500.0,CE,78.8,78.8,22520.45,100295,1886,65
2026-10-09,IDO,2026-11-09,23800.0,CE,136.2,42.17,22520.45,0,0,65
2026-10-09,IDO,2026-11-09,23950.0,CE,108.1,29.81,22520.45,0,0,65
2026-10-09,IDO,2026-11-09,24300.0,CE,60.55,12.4,22520.45,0,0,65
2026-10-09,IDO,2026-11-09,24350.0,CE,55.5,10.85,22520.45,0,0,65
2026-10-09,IDO,2026-11-09,24400.0,CE,15.2,15.2,22520.45,1365,34,65
2026-10-09,IDO,2026-11-23,20750.0,CE,3902.65,1928.6,22520.45,0,0,65
2026-10-09,IDO,2026-11-23,21100.0,CE,3565.5,1597.3,22520.45,0,0,65
2026-10-09,IDO,2026-11-23,21350.0,CE,3327.35,1369.84,22520.45,0,0,65
2026-10-09,IDO,2026-11-23,21600.0,CE,3092.25,1153.54,22520.45,0,0,65
2026-10-09,IDO,2026-11-23,21800.0,CE,1059.0,1059.0,22520.45,4420,25,65
2026-10-09,IDO,2026-11-23,22050.0,CE,735.65,803.12,22520.45,130,2,65
2026-10-09,IDO,2026-11-23,22550.0,CE,514.0,514.0,22520.45,21645,252,65
2026-10-09,IDO,2026-11-23,23800.0,CE,77.95,77.95,22520.45,423865,4558,65
2026-10-09,IDO,2026-11-23,24800.0,CE,19.85,19.85,22520.45,77740,727,65
2026-10-09,IDO,2026-11-23,25000.0,CE,16.1,16.1,22520.45,1152125,7804,65
2026-10-09,IDO,2026-11-23,25400.0,CE,16.15,3.03,22520.45,780,0,65
2026-10-09,IDO,2026-11-23,26000.0,CE,5.7,5.7,22520.45,565890,1571,65
2026-10-09,IDO,2026-12-29,20500.0,CE,2568.65,2305.74,22520.45,0,0,65
2026-10-09,IDO,2026-12-29,21350.0,CE,1418.3,1546.16,22520.45,2405,6,65
2026-10-09,IDO,2026-12-29,21900.0,CE,1177.05,1117.09,22520.45,2795,5,65
2026-10-09,IDO,2026-12-29,22850.0,CE,546.1,546.1,22520.45,5850,29,65
2026-10-09,IDO,2026-12-29,23100.0,CE,422.1,422.1,22520.45,20345,275,65
2026-10-09,IDO,2026-12-29,24400.0,CE,85.85,85.85,22520.45,109720,854,65
2026-10-09,IDO,2027-09-28,27000.0,CE,529.1,289.43,22520.45,0,0,65
2026-10-09,IDO,2027-12-28,25500.0,CE,2400.0,830.64,22520.45,0,0,65
2026-10-09,IDO,2027-12-28,27000.0,CE,361.7,361.7,22520.45,250535,410,65
2026-10-09,IDO,2027-12-28,28500.0,CE,223.0,223.0,22520.45,69485,83,65
2026-10-09,IDO,2028-06-27,27000.0,CE,1935.0,854.03,22520.45,65,0,65
2026-10-09,IDO,2028-12-26,28500.0,CE,3608.65,878.82,22520.45,0,0,65
2026-10-09,IDO,2029-06-26,16500.0,CE,12587.95,8429.87,22520.45,0,0,65
2026-10-09,IDO,2030-06-25,21000.0,CE,10421.65,5904.71,22520.45,0,0,65
2026-10-09,IDO,2030-06-25,28500.0,CE,5382.85,2100.21,22520.45,0,0,65
2026-10-09,IDO,2030-12-31,33000.0,CE,3948.25,1305.32,22520.45,0,0,65
2026-10-09,IDO,2026-10-13,20300.0,PE,1.0,1.0,22520.45,769210,86574,65
2026-10-09,IDO,2026-10-13,20550.0,PE,1.25,1.25,22520.45,335920,67238,65
2026-10-09,IDO,2026-10-13,20700.0,PE,1.3,1.3,22520.45,1455285,207054,65
2026-10-09,IDO,2026-10-13,20750.0,PE,1.4,1.4,22520.45,345865,62802,65
2026-10-09,IDO,2026-10-13,20800.0,PE,1.4,1.4,22520.45,1524640,308645,65
2026-10-09,IDO,2026-10-13,21800.0,PE,5.0,5.0,22520.45,8289190,1135818,65
2026-10-09,IDO,2026-10-13,22450.0,PE,59.9,59.9,22520.45,5275985,3956121,65
2026-10-09,IDO,2026-10-13,22750.0,PE,219.1,219.1,22520.45,553670,99403,65
2026-10-09,IDO,2026-10-13,23050.0,PE,491.2,491.2,22520.45,72085,1255,65
2026-10-09,IDO,2026-10-13,23850.0,PE,1594.0,1314.53,22520.45,1625,0,65
2026-10-09,IDO,2026-10-13,24700.0,PE,2197.3,2163.99,22520.45,780,17,65
2026-10-09,IDO,2026-10-13,24950.0,PE,2338.35,2413.83,22520.45,520,0,65
2026-10-09,IDO,2026-10-19,20300.0,PE,3.4,3.4,22520.45,82940,4619,65
2026-10-09,IDO,2026-10-19,20400.0,PE,3.7,3.7,22520.45,234455,6402,65
2026-10-09,IDO,2026-10-19,21600.0,PE,15.25,15.25,22520.45,527540,32887,65
2026-10-09,IDO,2026-10-19,21850.0,PE,26.45,26.45,22520.45,109200,9102,65
2026-10-09,IDO,2026-10-19,22400.0,PE,112.25,112.25,22520.45,727610,70029,65
2026-10-09,IDO,2026-10-19,22550.0,PE,165.45,165.45,22520.45,238745,19460,65
2026-10-09,IDO,2026-10-19,24200.0,PE,1606.0,1606.0,22520.45,910,7,65
2026-10-09,IDO,2026-10-19,24900.0,PE,1686.55,2340.36,22520.45,0,0,65
2026-10-09,IDO,2026-10-27,20150.0,PE,6.8,6.8,22520.45,3770,45,65
2026-10-09,IDO,2026-10-27,22100.0,PE,98.9,98.9,22520.45,750555,27602,65
2026-10-09,IDO,2026-10-27,23200.0,PE,628.05,628.05,22520.45,1857830,5375,65
2026-10-09,IDO,2026-11-03,22650.0,CE,307.3,307.3,22520.45,13910,302,65
2026-10-09,IDO,2026-11-03,23000.0,CE,155.0,155.0,22520.45,71370,4277,65
2026-10-09,IDO,2026-11-03,24050.0,CE,14.8,12.91,22520.45,1755,4,65
2026-10-09,IDO,2026-11-03,24700.0,CE,6.35,6.35,22520.45,25350,365,65
2026-10-09,IDO,2026-11-09,20850.0,CE,2051.25,1777.56,22520.45,0,0,65
2026-10-09,IDO,2026-11-09,21050.0,CE,1859.3,1583.64,22520.45,0,0,65
2026-10-09,IDO,2026-11-09,23200.0,CE,145.5,145.5,22520.45,15925,334,65
2026-10-09,IDO,2026-11-09,23600.0,CE,182.15,65.17,22520.45,0,0,65
2026-10-09,IDO,2026-11-09,24450.0,CE,12.25,12.25,22520.45,715,3,65
2026-10-09,IDO,2026-11-09,24500.0,CE,11.95,11.95,22520.45,8905,279,65
2026-10-09,IDO,2026-11-23,20200.0,CE,4438.3,2465.42,22520.45,0,0,65
2026-10-09,IDO,2026-12-29,21300.0,PE,145.55,145.55,22520.45,13130,319,65
2026-10-09,IDO,2026-12-29,20550.0,PE,108.0,27.87,22520.45,2470,0,65
2026-10-09,IDO,2026-12-29,18000.0,PE,24.7,24.7,22520.45,1361510,7367,65
2026-10-09,IDO,2026-12-29,16500.0,PE,13.8,0.01,22520.45,7930,4,65
2026-10-09,IDO,2026-11-23,26050.0,PE,1637.9,3346.07,22520.45,0,0,65
2026-10-09,IDO,2026-11-23,25300.0,PE,1600.0,2604.71,22520.45,65,0,65
2026-10-09,IDO,2026-11-23,24000.0,PE,1319.1,1319.1,22520.45,297830,914,65
2026-10-09,IDO,2026-11-23,23600.0,PE,977.15,977.15,22520.45,32370,90,65
2026-10-09,IDO,2026-11-23,22050.0,PE,203.1,203.1,22520.45,23920,197,65
2026-10-09,IDO,2026-11-23,21100.0,PE,74.1,74.1,22520.45,45760,1746,65
2026-10-09,IDO,2026-11-23,20950.0,PE,65.45,65.45,22520.45,25935,395,65
2026-10-09,IDO,2026-11-09,23950.0,PE,1150.3,1342.69,22520.45,0,0,65
2026-10-09,IDO,2026-11-09,23750.0,PE,990.05,1161.0,22520.45,0,0,65
2026-10-09,IDO,2026-11-09,23050.0,PE,518.1,601.61,22520.45,0,0,65
2026-10-09,IDO,2026-11-09,23000.0,PE,540.0,540.0,22520.45,260,31,65
2026-10-09,IDO,2026-11-09,22800.0,PE,389.45,443.3,22520.45,0,0,65
2026-10-09,IDO,2026-11-09,22700.0,PE,376.0,376.0,22520.45,1430,23,65
2026-10-09,IDO,2026-11-09,21600.0,PE,87.0,87.0,22520.45,780,29,65
2026-10-09,IDO,2026-11-09,20850.0,PE,10.5,5.54,22520.45,0,0,65
2026-10-09,IDO,2026-11-09,20250.0,PE,1.85,0.55,22520.45,0,0,65
2026-10-09,IDO,2026-11-03,24850.0,PE,1448.0,2232.78,22520.45,0,0,65
2026-10-09,IDO,2026-11-03,24150.0,PE,898.65,1544.22,22520.45,0,0,65
2026-10-09,IDO,2026-11-03,23100.0,PE,608.0,621.14,22520.45,5135,3,65
2026-10-09,IDO,2026-11-03,22200.0,PE,160.3,160.3,22520.45,19760,601,65
2026-10-09,IDO,2026-11-03,21700.0,PE,74.15,74.15,22520.45,44200,806,65
2026-10-09,IDO,2026-11-03,21600.0,PE,63.7,63.7,22520.45,15925,276,65
2026-10-09,IDO,2026-11-03,21500.0,PE,55.65,55.65,22520.45,29640,952,65
2026-10-09,IDO,2026-11-03,20200.0,PE,11.5,0.13,22520.45,130,21,65
2026-10-09,IDO,2026-10-27,26300.0,PE,3699.95,3705.08,22520.45,33020,63,65
2026-10-09,IDO,2026-10-27,26150.0,PE,2950.0,3555.5,22520.45,195,0,65
2026-10-09,IDO,2026-10-27,25450.0,PE,1850.0,2857.49,22520.45,325,0,65
2026-10-09,IDO,2026-10-27,25400.0,PE,2735.0,2807.63,22520.45,8840,1,65
2026-10-09,IDO,2026-10-27,24850.0,PE,2096.95,2259.31,22520.45,1365,0,65
2026-10-09,IDO,2026-10-27,24200.0,PE,1567.1,1567.1,22520.45,365950,173,65
2026-10-09,IDO,2026-10-27,24050.0,PE,1418.05,1418.05,22520.45,3965,3,65
2026-10-09,IDO,2026-10-27,22200.0,PE,120.35,120.35,22520.45,2266485,113005,65
2026-10-09,IDO,2026-10-27,21950.0,PE,74.6,74.6,22520.45,98800,4273,65
2026-10-09,IDO,2026-10-27,21550.0,PE,35.75,35.75,22520.45,249990,10288,65
2026-10-09,IDO,2026-10-19,23600.0,PE,996.0,1046.33,22520.45,7215,96,65
2026-10-09,IDO,2026-10-19,23150.0,PE,576.4,576.4,22520.45,13195,70,65
2026-10-09,IDO,2026-10-19,22750.0,PE,269.25,269.25,22520.45,88595,2726,65
2026-10-09,IDO,2026-11-03,22400.0,CE,456.4,456.4,22520.45,8775,407,65
2026-10-09,IDO,2026-11-03,22250.0,CE,572.75,572.75,22520.45,9945,543,65
2026-10-09,IDO,2026-11-03,21850.0,CE,1676.7,824.56,22520.45,0,0,65
