TradDt,FinInstrmTp,XpryDt,StrkPric,OptnTp,ClsPric,SttlmPric,UndrlygPric,OpnIntrst,TtlTradgVol,NewBrdLotQty
2026-09-30,IDO,2028-06-27,15000.0,CE,8633.05,9199.15,22620.45,0,0,65
2026-09-30,IDO,2028-12-26,18000.0,CE,9380.3,7121.46,22620.45,0,0,65
2026-09-30,IDO,2028-12-26,24000.0,CE,3065.0,3078.16,22620.45,2665,2,65
2026-09-30,IDO,2028-12-26,25500.0,CE,1900.05,2374.66,22620.45,585,0,65
2026-09-30,IDO,2028-12-26,28000.0,CE,1131.0,1131.0,22620.45,11125,17,65
2026-09-30,IDO,2028-12-26,28500.0,CE,3608.65,1340.74,22620.45,0,0,65
2026-09-30,IDO,2028-12-26,30000.0,CE,651.0,651.0,22620.45,21380,21,65
2026-09-30,IDO,2030-06-25,24000.0,CE,8591.55,4788.4,22620.45,0,0,65
2026-09-30,IDO,2030-06-25,33000.0,CE,4416.45,1561.57,22620.45,0,0,65
2026-09-30,IDO,2030-12-31,22500.0,CE,9536.95,6162.18,22620.45,0,0,65
2026-09-30,IDO,2030-12-31,27000.0,CE,6772.8,3926.94,22620.45,0,0,65
2026-09-30,IDO,2026-10-06,20550.0,PE,1.0,1.0,22620.45,261950,23641,65
2026-09-30,IDO,2026-10-06,22050.0,PE,13.1,13.1,22620.45,814190,288628,65
2026-09-30,IDO,2026-10-06,22350.0,PE,42.35,42.35,22620.45,1110200,608765,65
2026-09-30,IDO,2026-10-06,23700.0,PE,1049.15,1049.15,22620.45,140270,327,65
2026-09-30,IDO,2026-10-06,23950.0,PE,1294.15,1294.15,22620.45,45175,88,65
2026-09-30,IDO,2026-10-06,24450.0,PE,1655.0,1805.78,22620.45,1040,0,65
2026-09-30,IDO,2026-10-06,24850.0,PE,2125.0,2205.38,22620.45,390,0,65
2026-09-30,IDO,2026-10-13,20850.0,PE,5.55,5.55,22620.45,14820,505,65
2026-09-30,IDO,2026-10-19,21650.0,PE,33.0,36.79,22620.45,65,0,65
2026-09-30,IDO,2026-10-19,21750.0,PE,41.4,41.4,22620.45,5850,183,65
2026-09-30,IDO,2026-10-19,21900.0,PE,57.05,57.05,22620.45,9165,359,65
2026-09-30,IDO,2026-10-19,22600.0,PE,218.95,218.95,22620.45,43875,1944,65
2026-09-30,IDO,2026-10-19,22800.0,PE,313.05,313.05,22620.45,77415,2872,65
2026-09-30,IDO,2026-10-19,24500.0,PE,1329.5,1809.38,22620.45,0,0,65
2026-09-30,IDO,2026-10-19,24900.0,PE,1686.55,2204.33,22620.45,0,0,65
2026-09-30,IDO,2026-10-19,25050.0,PE,1825.8,2353.29,22620.45,0,0,65
2026-09-30,IDO,2026-10-27,22300.0,PE,161.7,161.7,22620.45,1120340,23476,65
2026-09-30,IDO,2026-10-27,23500.0,PE,832.15,832.15,22620.45,6094010,14037,65
2026-09-30,IDO,2026-10-27,25350.0,PE,2416.7,2620.61,22620.45,1495,0,65
2026-09-30,IDO,2026-10-27,25950.0,PE,1842.3,3216.46,22620.45,0,0,65
2026-09-30,IDO,2026-11-03,21950.0,PE,114.65,114.65,22620.45,2665,85,65
2026-09-30,IDO,2026-11-03,22900.0,PE,417.05,417.05,22620.45,6565,75,65
2026-09-30,IDO,2026-11-03,23100.0,PE,546.05,546.05,22620.45,2015,10,65
2026-09-30,IDO,2026-11-03,23600.0,PE,555.1,985.89,22620.45,0,0,65
2026-09-30,IDO,2026-11-03,24750.0,PE,1363.45,2002.76,22620.45,0,0,65
2026-09-30,IDO,2026-11-23,20500.0,PE,43.3,43.3,22620.45,228735,7596,65
2026-09-30,IDO,2026-11-23,20750.0,PE,47.55,33.05,22620.45,390,6,65
2026-09-30,IDO,2026-11-23,20950.0,PE,13.75,47.44,22620.45,0,0,65
2026-09-30,IDO,2026-11-23,22700.0,PE,369.35,369.35,22620.45,128440,2001,65
2026-09-30,IDO,2026-11-23,23450.0,PE,787.75,915.23,22620.45,5655,17,65
2026-09-30,IDO,2026-11-23,23650.0,PE,896.95,1054.74,22620.45,9490,10,65
2026-09-30,IDO,2026-11-23,25700.0,PE,2700.0,2853.94,22620.45,1235,1,65
2026-09-30,IDO,2026-12-29,19000.0,PE,34.3,34.3,22620.45,933555,5573,65
2026-09-30,IDO,2026-12-29,21100.0,PE,107.0,121.61,22620.45,1885,33,65
2026-09-30,IDO,2026-12-29,21250.0,PE,118.9,118.9,22620.45,1170,22,65
2026-09-30,IDO,2026-12-29,21300.0,PE,122.5,153.71,22620.45,1495,28,65
2026-09-30,IDO,2026-12-29,21400.0,PE,162.3,172.01,22620.45,0,0,65
2026-09-30,IDO,2026-12-29,22000.0,PE,223.6,223.6,22620.45,3495805,25006,65
2026-09-30,IDO,2026-12-29,22100.0,PE,241.1,241.1,22620.45,8515,205,65
2026-09-30,IDO,2026-12-29,22250.0,PE,233.25,398.76,22620.45,650,11,65
2026-09-30,IDO,2026-12-29,22600.0,PE,382.55,382.55,22620.45,8645,311,65
2026-09-30,IDO,2026-12-29,23450.0,PE,758.4,974.24,22620.45,585,9,65
2026-09-30,IDO,2026-12-29,23850.0,PE,1037.4,1233.04,22620.45,3835,66,65
2026-09-30,IDO,2026-12-29,23950.0,PE,1009.7,1302.45,22620.45,910,14,65
2026-09-30,IDO,2026-12-29,24200.0,PE,1202.8,1484.72,22620.45,390,6,65
2026-09-30,IDO,2027-03-30,18000.0,PE,46.25,46.25,22620.45,81575,408,65
2026-09-30,IDO,2027-06-29,18000.0,PE,70.0,22.11,22620.45,230,0,65
2026-09-30,IDO,2026-10-13,21000.0,CE,2754.15,1665.79,22620.45,0,0,65
2026-09-30,IDO,2026-10-06,25750.0,CE,0.55,0.55,22620.45,56355,2451,65
2026-09-30,IDO,2026-10-06,25600.0,CE,0.55,0.55,22620.45,214500,6513,65
2026-09-30,IDO,2026-10-06,25550.0,CE,0.6,0.6,22620.45,18850,578,65
2026-09-30,IDO,2026-10-19,24750.0,PE,1549.95,2055.72,22620.45,0,0,65
2026-09-30,IDO,2026-10-19,24300.0,PE,1400.0,1614.32,22620.45,975,0,65
2026-09-30,IDO,2026-10-19,24100.0,PE,1001.35,1422.22,22620.45,0,0,65
2026-09-30,IDO,2026-10-19,23900.0,PE,777.4,1234.58,22620.45,0,0,65
2026-09-30,IDO,2026-10-19,23600.0,PE,776.0,965.92,22620.45,3510,13,65
2026-09-30,IDO,2026-10-19,23450.0,PE,628.25,839.56,22620.45,3185,3,65
2026-09-30,IDO,2026-10-19,23250.0,PE,600.95,682.81,22620.45,2795,11,65
2026-09-30,IDO,2026-10-19,22650.0,PE,239.65,239.65,22620.45,10985,474,65
2026-09-30,IDO,2026-10-19,22050.0,PE,76.5,76.5,22620.45,20410,370,65
2026-09-30,IDO,2026-10-19,21000.0,PE,13.8,13.8,22620.45,37960,1049,65
2026-09-30,IDO,2026-10-13,25100.0,PE,1406.65,2426.74,22620.45,0,0,65
2026-09-30,IDO,2026-10-27,21200.0,PE,31.6,31.6,22620.45,249795,9198,65
2026-09-30,IDO,2026-10-27,20950.0,PE,23.6,23.6,22620.45,8905,266,65
2026-09-30,IDO,2026-10-27,20600.0,PE,17.05,17.05,22620.45,20995,1252,65
2026-09-30,IDO,2026-10-27,23200.0,PE,593.25,593.25,22620.45,2271815,6429,65
2026-09-30,IDO,2026-10-27,23700.0,PE,1003.4,1003.4,22620.45,396175,529,65
2026-09-30,IDO,2026-10-27,24450.0,PE,1740.0,1740.0,22620.45,8775,7,65
2026-09-30,IDO,2026-10-27,25800.0,PE,2901.5,3067.29,22620.45,11895,0,65
2026-09-30,IDO,2026-10-27,26050.0,PE,2789.0,3315.94,22620.45,260,0,65
2026-09-30,IDO,2026-11-03,21100.0,PE,9.85,27.06,22620.45,0,0,65
2026-09-30,IDO,2026-11-03,21300.0,PE,15.7,42.13,22620.45,0,0,65
2026-09-30,IDO,2026-11-03,21450.0,PE,21.85,57.46,22620.45,0,0,65
2026-09-30,IDO,2026-11-03,22500.0,PE,245.3,245.3,22620.45,15080,329,65
2026-09-30,IDO,2026-11-03,23950.0,PE,763.55,1272.24,22620.45,0,0,65
2026-09-30,IDO,2026-11-03,24050.0,PE,829.7,1358.68,22620.45,0,0,65
2026-09-30,IDO,2026-10-13,25050.0,PE,1363.6,2376.87,22620.45,0,0,65
2026-09-30,IDO,2026-10-13,24900.0,PE,1237.05,2227.27,22620.45,0,0,65
2026-09-30,IDO,2026-10-13,23750.0,PE,1060.45,1097.39,22620.45,4225,11,65
2026-09-30,IDO,2026-10-13,23100.0,PE,482.9,482.9,22620.45,176865,2168,65
2026-09-30,IDO,2026-10-13,22800.0,PE,281.25,281.25,22620.45,804245,42351,65
2026-09-30,IDO,2026-10-13,21950.0,PE,38.2,38.2,22620.45,36660,2792,65
2026-09-30,IDO,2026-10-13,21650.0,PE,19.3,19.3,22620.45,27950,1729,65
2026-09-30,IDO,2026-10-13,20550.0,PE,4.7,4.7,22620.45,13780,332,65
2026-09-30,IDO,2026-10-06,25650.0,PE,2795.5,3004.6,22620.45,260,0,65
2026-09-30,IDO,2026-10-06,25450.0,PE,1346.9,2804.8,22620.45,0,0,65
2026-09-30,IDO,2026-10-06,25400.0,PE,2715.0,2754.84,22620.45,1560,0,65
2026-09-30,IDO,2026-10-06,24650.0,PE,1900.0,2005.58,22620.45,3835,5,65
2026-09-30,IDO,2026-10-06,24300.0,PE,1631.4,1631.4,22620.45,57655,173,65
2026-09-30,IDO,2026-10-06,23000.0,PE,379.9,379.9,22620.45,2335255,234984,65
2026-09-30,IDO,2026-10-06,22700.0,PE,163.35,163.35,22620.45,5785000,4527489,65
2026-09-30,IDO,2026-10-06,20500.0,PE,1.05,1.05,22620.45,6029140,152009,65
2026-09-30,IDO,2031-06-24,24000.0,CE,7181.9,5834.47,22620.45,0,0,65
2026-09-30,IDO,2030-12-31,30000.0,CE,5227.2,2820.68,22620.45,0,0,65
2026-09-30,IDO,2030-06-25,22500.0,CE,9012.4,5619.9,22620.45,0,0,65
2026-09-30,IDO,2029-12-24,31500.0,CE,3429.3,1482.19,22620.45,0,0,65
2026-09-30,IDO,2029-12-24,15000.0,CE,13369.45,10432.23,22620.45,0,0,65
2026-09-30,IDO,2029-06-26,30000.0,CE,5268.4,1411.16,22620.45,0,0,65
2026-09-30,IDO,2029-06-26,28500.0,CE,4213.3,1824.12,22620.45,0,0,65
2026-09-30,IDO,2028-06-27,18000.0,CE,6809.35,6594.54,22620.45,0,0,65
2026-09-30,IDO,2030-06-25,27000.0,CE,6972.5,3388.58,22620.45,0,0,65
2026-09-30,IDO,2029-06-26,16500.0,CE,12587.95,8811.4,22620.45,0,0,65
2026-09-30,IDO,2028-06-27,33000.0,CE,2004.15,259.52,22620.45,0,0,65
2026-09-30,IDO,2027-12-28,27000.0,CE,319.0,319.0,22620.45,235185,859,65
2026-09-30,IDO,2027-12-28,19500.0,CE,8684.7,4769.14,22620.45,0,0,65
2026-09-30,IDO,2027-12-28,15000.0,CE,7931.05,8762.27,22620.45,0,0,65
2026-09-30,IDO,2027-06-29,22500.0,CE,5539.6,1870.88,22620.45,0,0,65
2026-09-30,IDO,2027-03-30,25500.0,CE,149.45,149.45,22620.45,723515,4368,65
2026-09-30,IDO,2026-12-29,33000.0,CE,3.2,3.2,22620.45,105235,99,65
2026-09-30,IDO,2026-12-29,24350.0,CE,269.85,246.33,22620.45,0,0,65
2026-09-30,IDO,2026-12-29,23900.0,CE,196.05,196.05,22620.45,14430,322,65
2026-09-30,IDO,2026-12-29,23200.0,CE,435.1,435.1,22620.45,6240,346,65
2026-09-30,IDO,2026-12-29,23150.0,CE,456.65,456.65,22620.45,910,20,65
2026-09-30,IDO,2026-12-29,22900.0,CE,583.3,583.3,22620.45,6045,165,65
2026-09-30,IDO,2026-12-29,20950.0,CE,2168.25,2097.07,22620.45,0,0,65
2026-09-30,IDO,2026-11-23,25050.0,CE,24.0,40.77,22620.45,780,0,65
2026-09-30,IDO,2026-11-23,23050.0,CE,326.45,326.45,22620.45,6695,63,65
2026-09-30,IDO,2026-11-23,22150.0,CE,883.8,947.0,22620.45,260,3,65
2026-09-30,IDO,2026-11-23,21900.0,CE,1153.45,1124.5,22620.45,0,0,65
2026-09-30,IDO,2026-11-23,21350.0,CE,3327.35,1561.64,22620.45,0,0,65
2026-09-30,IDO,2026-11-23,21150.0,CE,3517.65,1734.83,22620.45,0,0,65
2026-09-30,IDO,2026-11-03,25200.0,CE,5.75,7.3,22620.45,1040,0,65
2026-09-30,IDO,2026-11-03,25000.0,CE,11.55,11.55,22620.45,5005,78,65
2026-09-30,IDO,2026-11-03,24950.0,CE,9.0,12.63,22620.45,585,9,65
2026-09-30,IDO,2026-11-03,24350.0,CE,190.35,41.68,22620.45,0,0,65
2026-09-30,IDO,2026-11-03,23750.0,CE,380.65,115.76,22620.45,0,0,65
2026-09-30,IDO,2026-11-03,23000.0,CE,230.15,230.15,22620.45,11700,404,65
2026-09-30,IDO,2026-11-03,22350.0,CE,1246.8,663.46,22620.45,0,0,65
2026-09-30,IDO,2026-11-03,22150.0,CE,1413.3,796.57,22620.45,0,0,65
2026-09-30,IDO,2026-11-03,22050.0,CE,1499.4,868.97,22620.45,0,0,65
2026-09-30,IDO,2026-11-03,21500.0,CE,1999.75,1310.72,22620.45,0,0,65
2026-09-30,IDO,2026-11-03,20700.0,CE,2773.55,2052.58,22620.45,0,0,65
2026-09-30,IDO,2026-10-27,26900.0,CE,1.45,1.45,22620.45,32695,105,65
2026-09-30,IDO,2026-10-27,26400.0,CE,1.5,0.07,22620.45,4550,0,65
2026-09-30,IDO,2026-10-27,24700.0,CE,7.65,7.65,22620.45,284570,2128,65
2026-09-30,IDO,2026-10-27,24300.0,CE,12.55,12.55,22620.45,586170,5293,65
2026-09-30,IDO,2026-10-27,24150.0,CE,15.25,15.25,22620.45,87945,930,65
2026-09-30,IDO,2026-10-27,23550.0,CE,50.5,50.5,22620.45,138060,2753,65
2026-09-30,IDO,2026-10-27,21100.0,CE,1850.0,1629.33,22620.45,65,0,65
2026-09-30,IDO,2026-10-19,23500.0,CE,34.85,34.85,22620.45,168740,4749,65
2026-09-30,IDO,2026-10-19,23450.0,CE,40.6,40.6,22620.45,14105,314,65
2026-09-30,IDO,2026-10-19,23050.0,CE,115.1,115.1,22620.45,8710,378,65
2026-09-30,IDO,2026-10-19,22750.0,CE,232.1,232.1,22620.45,17030,959,65
2026-09-30,IDO,2026-10-19,22500.0,CE,377.85,377.85,22620.45,8450,346,65
2026-09-30,IDO,2026-10-19,22100.0,CE,1223.75,698.59,22620.45,0,0,65
2026-09-30,IDO,2026-10-19,21450.0,CE,1807.8,1257.18,22620.45,0,0,65
2026-09-30,IDO,2026-10-13,24250.0,CE,3.7,3.7,22620.45,31720,752,65
2026-09-30,IDO,2026-10-13,24000.0,CE,5.65,5.65,22620.45,1005485,31740,65
2026-09-30,IDO,2026-10-13,23850.0,CE,7.65,7.65,22620.45,85085,3079,65
2026-09-30,IDO,2026-10-13,23600.0,CE,13.5,13.5,22620.45,594035,36383,65
2026-09-30,IDO,2026-10-13,23200.0,CE,46.75,46.75,22620.45,1170065,43788,65
2026-09-30,IDO,2026-10-13,22400.0,CE,383.3,383.3,22620.45,27690,876,65
2026-09-30,IDO,2026-10-13,22300.0,CE,462.3,462.3,22620.45,21255,643,65
2026-09-30,IDO,2026-10-13,20500.0,CE,3249.65,2163.69,22620.45,0,0,65
2026-09-30,IDO,2026-10-06,25800.0,CE,0.55,0.55,22620.45,500110,20262,65
2026-09-30,IDO,2026-10-06,25650.0,CE,0.55,0.55,22620.45,31980,1629,65
2026-09-30,IDO,2026-10-06,24400.0,CE,0.95,0.95,22620.45,2401750,139937,65
2026-09-30,IDO,2026-10-06,23800.0,CE,2.3,2.3,22620.45,3458780,385539,65
2026-09-30,IDO,2026-10-06,23650.0,CE,3.2,3.2,22620.45,1143935,177364,65
2026-09-30,IDO,2026-10-06,22700.0,CE,113.15,113.15,22620.45,8734700,3308049,65
2026-09-30,IDO,2026-10-06,21500.0,CE,1142.45,1142.45,22620.45,5005,73,65
2026-09-30,IDO,2026-10-06,21350.0,CE,2831.3,1291.47,22620.45,0,0,65
2026-09-30,IDO,2026-10-06,21000.0,CE,1648.05,1648.05,22620.45,1950,31,65
2026-09-30,IDO,2026-10-06,20950.0,CE,3227.45,1690.83,22620.45,0,0,65
2026-09-30,IDO,2026-10-06,20800.0,CE,3376.3,1840.68,22620.45,0,0,65
2026-09-30,IDO,2026-10-06,20650.0,CE,3525.3,1990.54,22620.45,0,0,65
2026-09-30,IDO,2026-11-23,25300.0,PE,1600.0,2470.9,22620.45,65,0,65
2026-09-30,IDO,2026-12-29,23000.0,PE,538.75,538.75,22620.45,2954315,11950,65
2026-09-30,IDO,2026-12-29,23500.0,PE,812.35,812.35,22620.45,37180,1146,65
2026-09-30,IDO,2026-12-29,24100.0,PE,1125.8,1409.89,22620.45,455,7,65
2026-09-30,IDO,2026-12-29,30000.0,PE,6806.3,6806.3,22620.45,501790,221,65
2026-09-30,IDO,2027-03-30,24000.0,PE,1074.05,1074.05,22620.45,826995,1280,65
2026-09-30,IDO,2027-06-29,22500.0,PE,509.1,509.1,22620.45,13390,77,65
2026-09-30,IDO,2027-09-28,27000.0,PE,3265.0,3251.08,22620.45,0,0,65
2026-09-30,IDO,2027-09-28,28500.0,PE,4441.5,4423.51,22620.45,0,0,65
2026-09-30,IDO,2027-12-28,25000.0,PE,1457.7,1457.7,22620.45,164515,307,65
2026-09-30,IDO,2027-12-28,26000.0,PE,1956.95,1956.95,22620.45,77225,142,65
2026-09-30,IDO,2028-06-27,33000.0,PE,3707.8,7182.49,22620.45,0,0,65
2026-09-30,IDO,2028-12-26,23000.0,PE,839.0,949.33,22620.45,3040,3,65
2026-09-30,IDO,2028-12-26,26000.0,PE,1600.0,2099.78,22620.45,6940,0,65
2026-09-30,IDO,2029-06-26,25500.0,PE,624.25,1752.32,22620.45,0,0,65
2026-09-30,IDO,2029-06-26,27000.0,PE,1252.35,2399.98,22620.45,0,0,65
2026-09-30,IDO,2029-06-26,30000.0,PE,2031.05,4000.31,22620.45,0,0,65
2026-09-30,IDO,2029-12-24,24000.0,PE,1133.0,1157.09,22620.45,585,1,65
2026-09-30,IDO,2029-12-24,33000.0,PE,2953.7,5424.93,22620.45,0,0,65
2026-09-30,IDO,2030-06-25,28500.0,PE,1167.6,2677.47,22620.45,0,0,65
2026-09-30,IDO,2030-12-31,24000.0,PE,1000.0,1037.25,22620.45,520,0,65
2026-09-30,IDO,2031-06-24,19500.0,PE,289.2,281.27,22620.45,0,0,65
2026-09-30,IDO,2026-11-23,24900.0,PE,1925.0,2097.47,22620.45,1040,0,65
2026-09-30,IDO,2026-11-23,24600.0,PE,1735.35,1826.67,22620.45,3575,0,65
2026-09-30,IDO,2026-10-13,23400.0,CE,24.35,24.35,22620.45,623545,28444,65
2026-09-30,IDO,2031-06-24,19500.0,CE,9840.6,8464.79,22620.45,0,0,65
2026-09-30,IDO,2031-06-24,25500.0,CE,6409.8,5090.66,22620.45,0,0,65
2026-09-30,IDO,2026-10-06,22200.0,PE,23.1,23.1,22620.45,4256330,772366,65
2026-09-30,IDO,2026-10-06,22550.0,PE,94.8,94.8,22620.45,1458535,1211382,65
2026-09-30,IDO,2026-10-06,23400.0,PE,754.0,754.0,22620.45,638365,3907,65
2026-09-30,IDO,2026-10-06,23550.0,PE,900.5,900.5,22620.45,69355,181,65
2026-09-30,IDO,2026-10-06,23800.0,PE,1147.8,1147.8,22620.45,119405,219,65
2026-09-30,IDO,2026-10-06,24050.0,PE,1237.65,1406.36,22620.45,5395,36,65
2026-09-30,IDO,2026-10-06,24100.0,PE,1442.8,1442.8,22620.45,70720,86,65
2026-09-30,IDO,2026-10-06,24200.0,PE,1525.0,1556.08,22620.45,103545,56,65
2026-09-30,IDO,2026-10-06,24750.0,PE,1438.5,2105.48,22620.45,195,0,65
2026-09-30,IDO,2026-10-06,25200.0,PE,2402.0,2555.04,22620.45,520,1,65
2026-09-30,IDO,2026-10-06,25300.0,PE,1222.15,2654.94,22620.45,0,0,65
2026-09-30,IDO,2026-10-06,25550.0,PE,1432.35,2904.7,22620.45,0,0,65
2026-09-30,IDO,2026-10-13,21250.0,PE,9.55,9.55,22620.45,26325,633,65
2026-09-30,IDO,2026-10-13,22250.0,PE,79.1,79.1,22620.45,165360,5892,65
2026-09-30,IDO,2026-10-13,23050.0,PE,449.5,449.5,22620.45,29835,481,65
2026-09-30,IDO,2026-10-13,23200.0,PE,567.65,567.65,22620.45,195130,2639,65
2026-09-30,IDO,2026-10-13,24800.0,PE,1155.2,2127.58,22620.45,0,0,65
2026-09-30,IDO,2026-10-19,21350.0,PE,20.1,15.23,22620.45,1170,0,65
2026-09-30,IDO,2026-10-19,22850.0,PE,339.05,339.05,22620.45,28925,369,65
2026-09-30,IDO,2026-10-19,23550.0,PE,772.05,923.11,22620.45,3250,0,65
2026-09-30,IDO,2026-10-19,23850.0,PE,815.85,1188.59,22620.45,0,0,65
2026-09-30,IDO,2026-10-27,20500.0,PE,15.9,15.9,22620.45,544440,16253,65
2026-09-30,IDO,2026-10-27,20700.0,PE,18.4,18.4,22620.45,72410,1817,65
2026-09-30,IDO,2026-10-27,23400.0,PE,746.95,746.95,22620.45,1519115,1863,65
2026-09-30,IDO,2026-10-27,23600.0,PE,922.75,922.75,22620.45,697255,1274,65
2026-09-30,IDO,2026-10-27,23650.0,PE,959.0,959.0,22620.45,23205,109,65
2026-09-30,IDO,2026-10-27,24200.0,PE,1491.1,1491.1,22620.45,399360,182,65
2026-09-30,IDO,2026-10-27,24650.0,PE,1750.0,1933.4,22620.45,2860,1,65
2026-09-30,IDO,2026-10-27,24700.0,PE,1790.65,1981.86,22620.45,219245,65,65
2026-09-30,IDO,2026-10-27,24950.0,PE,2141.9,2225.98,22620.45,3705,0,65
2026-09-30,IDO,2026-10-27,26550.0,PE,2330.1,3813.58,22620.45,0,0,65
2026-09-30,IDO,2026-10-27,26850.0,PE,2588.1,4112.24,22620.45,0,0,65
2026-09-30,IDO,2026-10-27,27150.0,PE,3860.6,4410.92,22620.45,325,0,65
2026-09-30,IDO,2026-10-27,27200.0,PE,4401.75,4460.7,22620.45,58110,2,65
2026-09-30,IDO,2026-11-03,21500.0,PE,62.3,62.3,22620.45,4355,208,65
2026-09-30,IDO,2026-11-03,21600.0,PE,71.2,71.2,22620.45,2535,68,65
2026-09-30,IDO,2026-11-03,22100.0,PE,141.25,141.25,22620.45,1495,30,65
2026-09-30,IDO,2026-11-03,22200.0,PE,160.2,160.2,22620.45,3900,121,65
2026-09-30,IDO,2026-11-03,22650.0,PE,302.6,302.6,22620.45,4225,68,65
2026-09-30,IDO,2026-11-03,22850.0,PE,387.15,387.15,22620.45,5265,68,65
2026-09-30,IDO,2026-11-03,23300.0,PE,660.0,764.9,22620.45,2600,27,65
2026-09-30,IDO,2026-11-03,23400.0,PE,765.7,765.7,22620.45,1170,129,65
2026-09-30,IDO,2026-11-03,23450.0,PE,707.45,872.1,22620.45,195,0,65
2026-09-30,IDO,2026-11-03,24100.0,PE,863.85,1402.56,22620.45,0,0,65
2026-09-30,IDO,2026-11-03,24150.0,PE,898.65,1446.84,22620.45,0,0,65
2026-09-30,IDO,2026-11-23,21150.0,PE,18.9,66.61,22620.45,0,0,65
2026-09-30,IDO,2026-11-23,21550.0,PE,103.2,103.2,22620.45,4290,136,65
2026-09-30,IDO,2026-11-23,22000.0,PE,168.75,168.75,22620.45,1156350,12907,65
2026-09-30,IDO,2026-11-23,23800.0,PE,1057.85,1057.85,22620.45,71955,306,65
2026-09-30,IDO,2026-11-23,24000.0,PE,1218.75,1218.75,22620.45,325260,538,65
2026-09-30,IDO,2026-11-23,24500.0,PE,1662.35,1662.35,22620.45,243035,182,65
2026-09-30,IDO,2031-06-24,31500.0,PE,3185.85,3509.25,22620.45,0,0,65
2026-09-30,IDF,2026-12-29,,,22973.4,22973.4,22620.45,89050,1933,65
2026-09-30,IDO,2026-10-06,20600.0,CE,3574.95,2040.49,22620.45,0,0,65
2026-09-30,IDO,2026-10-06,20900.0,CE,3277.05,1740.78,22620.45,0,0,65
2026-09-30,IDO,2026-10-06,21200.0,CE,2979.65,1441.14,22620.45,0,0,65
2026-09-30,IDO,2026-10-06,21900.0,CE,760.9,760.9,22620.45,1820,36,65
2026-09-30,IDO,2026-10-06,22950.0,CE,37.9,37.9,22620.45,2501785,912785,65
2026-09-30,IDO,2026-10-06,23000.0,CE,30.4,30.4,22620.45,11726325,2395137,65
2026-09-30,IDO,2026-10-06,23450.0,CE,5.35,5.35,22620.45,1745705,274463,65
2026-09-30,IDO,2026-10-06,23700.0,CE,2.85,2.85,22620.45,3862755,563479,65
2026-09-30,IDO,2026-10-13,20950.0,CE,2803.55,1715.44,22620.45,0,0,65
2026-09-30,IDO,2026-10-13,21300.0,CE,2458.75,1369.83,22620.45,0,0,65
2026-09-30,IDO,2026-10-13,21400.0,CE,2360.9,1272.41,22620.45,0,0,65
2026-09-30,IDO,2026-10-13,22000.0,CE,711.8,711.8,22620.45,28405,190,65
2026-09-30,IDO,2026-10-13,23250.0,CE,39.25,39.25,22620.45,324025,16910,65
2026-09-30,IDO,2026-10-13,23550.0,CE,15.15,15.15,22620.45,375245,15415,65
2026-09-30,IDO,2026-10-13,24200.0,CE,4.05,4.05,22620.45,295230,7336,65
2026-09-30,IDO,2026-10-13,25250.0,CE,1.9,0.03,22620.45,780,0,65
2026-09-30,IDO,2026-10-19,20900.0,CE,2338.15,1787.9,22620.45,0,0,65
2026-09-30,IDO,2026-10-19,22850.0,CE,186.2,186.2,22620.45,12220,340,65
2026-09-30,IDO,2026-10-19,24250.0,CE,121.35,11.04,22620.45,0,0,65
2026-09-30,IDO,2026-10-19,24650.0,CE,7.0,3.23,22620.45,845,0,65
2026-09-30,IDO,2026-10-19,24900.0,CE,4.4,4.4,22620.45,1495,28,65
2026-09-30,IDO,2026-10-27,20600.0,CE,3710.55,2114.19,22620.45,0,0,65
2026-09-30,IDO,2026-10-27,21350.0,CE,3002.9,1395.51,22620.45,0,0,65
2026-09-30,IDO,2026-10-27,22100.0,CE,722.45,722.45,22620.45,9360,164,65
2026-09-30,IDO,2026-10-27,23100.0,CE,142.65,142.65,22620.45,1237535,22849,65
2026-09-30,IDO,2026-10-27,23350.0,CE,80.2,80.2,22620.45,141765,3665,65
2026-09-30,IDO,2026-10-27,23400.0,CE,71.0,71.0,22620.45,2212470,24823,65
2026-09-30,IDO,2026-10-27,23700.0,CE,35.45,35.45,22620.45,1060020,30869,65
2026-09-30,IDO,2026-10-27,24800.0,CE,6.6,6.6,22620.45,400205,3786,65
2026-09-30,IDO,2026-10-27,24950.0,CE,5.9,5.9,22620.45,62400,117,65
2026-09-30,IDO,2026-10-27,25000.0,CE,5.5,5.5,22620.45,2961595,21198,65
2026-09-30,IDO,2026-10-27,25400.0,CE,3.85,3.85,22620.45,94575,683,65
2026-09-30,IDO,2026-10-27,26050.0,CE,2.1,2.1,22620.45,6630,24,65
2026-09-30,IDO,2026-10-27,26850.0,CE,0.7,0.7,22620.45,6760,356,65
2026-09-30,IDO,2026-10-27,27000.0,CE,0.8,0.8,22620.45,985790,2645,65
2026-09-30,IDO,2026-10-27,27100.0,CE,1.0,0.01,22620.45,9360,22,65
2026-09-30,IDO,2026-11-03,21300.0,CE,2189.8,1488.2,22620.45,0,0,65
2026-09-30,IDO,2026-11-03,21350.0,CE,2142.0,1443.18,22620.45,0,0,65
2026-09-30,IDO,2026-11-03,22250.0,CE,1329.0,728.35,22620.45,0,0,65
2026-09-30,IDO,2026-11-03,22400.0,CE,1206.5,632.31,22620.45,0,0,65
2026-09-30,IDO,2026-11-03,23100.0,CE,193.85,193.85,22620.45,4485,136,65
2026-09-30,IDO,2026-11-03,23300.0,CE,128.75,128.75,22620.45,5395,69,65
2026-09-30,IDO,2026-11-03,23550.0,CE,76.75,76.75,22620.45,3900,68,65
2026-09-30,IDO,2026-11-23,20500.0,CE,2523.05,2332.48,22620.45,65,1,65
2026-09-30,IDO,2026-11-23,20650.0,CE,3999.6,2190.88,22620.45,0,0,65
2026-09-30,IDO,2026-11-23,22200.0,CE,841.0,841.0,22620.45,1235,13,65
2026-09-30,IDO,2026-11-23,22250.0,CE,898.3,880.95,22620.45,195,0,65
2026-09-30,IDO,2026-11-23,22500.0,CE,628.1,628.1,22620.45,123305,1363,65
2026-09-30,IDO,2026-11-23,22800.0,CE,451.15,451.15,22620.45,114725,1856,65
2026-09-30,IDO,2026-11-23,23200.0,CE,265.6,265.6,22620.45,230555,1934,65
2026-09-30,IDO,2026-11-23,24850.0,CE,118.8,54.51,22620.45,390,0,65
2026-09-30,IDO,2026-11-23,25200.0,CE,18.85,18.85,22620.45,7410,174,65
2026-09-30,IDO,2026-11-23,25250.0,CE,550.35,30.16,22620.45,0,0,65
2026-09-30,IDO,2026-12-29,21650.0,CE,1482.05,1531.71,22620.45,1365,21,65
2026-09-30,IDO,2026-12-29,24100.0,CE,331.0,304.75,22620.45,0,0,65
2026-09-30,IDO,2026-12-29,28000.0,CE,7.45,7.45,22620.45,1729345,988,65
2026-09-30,IDO,2027-06-29,28500.0,CE,1711.9,141.59,22620.45,0,0,65
2026-09-30,IDO,2027-12-28,25000.0,CE,927.55,927.55,22620.45,226665,693,65
2026-09-30,IDO,2027-12-28,26000.0,CE,556.1,556.1,22620.45,201280,1027,65
2026-09-30,IDO,2027-12-28,30000.0,CE,118.55,118.55,22620.45,240500,246,65
2026-09-30,IDO,2027-12-28,31500.0,CE,100.95,157.49,22620.45,2275,0,65
2026-09-30,IDO,2028-06-27,16500.0,CE,11752.8,7878.29,22620.45,0,0,65
2026-09-30,IDO,2029-06-26,19500.0,CE,10206.95,6501.13,22620.45,0,0,65
2026-09-30,IDO,2029-12-24,19500.0,CE,10678.8,7020.18,22620.45,0,0,65
2026-09-30,IDO,2030-06-25,25500.0,CE,7070.45,4043.94,22620.45,0,0,65
2026-09-30,IDO,2030-12-31,24000.0,CE,8563.3,5339.88,22620.45,0,0,65
2026-09-30,IDO,2031-06-24,16500.0,CE,11849.25,10488.98,22620.45,0,0,65
2026-09-30,IDO,2026-10-06,20700.0,PE,1.2,1.2,22620.45,494975,36348,65
2026-09-30,IDO,2026-10-06,21250.0,PE,2.1,2.1,22620.45,447720,45283,65
2026-09-30,IDO,2026-10-06,22300.0,PE,34.65,34.65,22620.45,3687060,1026665,65
2026-09-30,IDO,2026-10-06,23300.0,PE,655.85,655.85,22620.45,1124175,8803,65
2026-09-30,IDO,2026-10-06,25350.0,PE,1263.25,2704.89,22620.45,0,0,65
2026-09-30,IDO,2026-10-13,21100.0,PE,7.5,7.5,22620.45,62855,1886,65
2026-09-30,IDO,2026-10-13,22050.0,PE,48.95,48.95,22620.45,64350,6683,65
2026-09-30,IDO,2026-10-13,22950.0,PE,377.45,377.45,22620.45,21775,1956,65
2026-09-30,IDO,2026-10-13,23800.0,PE,1121.4,1144.58,22620.45,11960,33,65
2026-09-30,IDO,2026-10-13,23850.0,PE,1151.1,1192.14,22620.45,1755,5,65
2026-09-30,IDO,2026-10-13,23950.0,PE,563.2,1288.18,22620.45,0,0,65
2026-09-30,IDO,2026-10-13,24450.0,PE,886.75,1779.35,22620.45,0,0,65
2026-09-30,IDO,2026-10-13,24650.0,PE,1036.55,1978.17,22620.45,0,0,65
2026-09-30,IDO,2026-10-13,25250.0,PE,1538.35,2576.39,22620.45,0,0,65
2026-09-30,IDO,2026-10-19,20800.0,PE,10.75,10.75,22620.45,2600,39,65
2026-09-30,IDO,2026-10-19,20900.0,PE,10.35,3.14,22620.45,65,2,65
2026-09-30,IDO,2026-10-19,21100.0,PE,9.25,6.59,22620.45,0,0,65
2026-09-30,IDO,2026-10-19,23300.0,PE,654.1,720.03,22620.45,7020,43,65
2026-09-30,IDO,2026-10-19,24400.0,PE,1450.0,1711.56,22620.45,650,0,65
2026-09-30,IDO,2026-10-19,24650.0,PE,1460.6,1956.94,22620.45,0,0,65
2026-09-30,IDO,2026-10-19,24800.0,PE,1850.0,2105.21,22620.45,1170,0,65
2026-09-30,IDO,2026-10-19,24850.0,PE,1640.7,2154.74,22620.45,0,0,65
2026-09-30,IDO,2026-10-27,22150.0,PE,125.3,125.3,22620.45,53560,1886,65
2026-09-30,IDO,2026-10-27,22600.0,PE,258.05,258.05,22620.45,903435,31228,65
2026-09-30,IDO,2026-10-27,22750.0,PE,324.25,324.25,22620.45,290615,8366,65
2026-09-30,IDO,2026-10-27,23000.0,PE,460.7,460.7,22620.45,6277310,44206,65
2026-09-30,IDO,2026-10-27,24600.0,PE,1876.75,1876.75,22620.45,190775,134,65
2026-09-30,IDO,2026-10-27,24900.0,PE,2170.1,2170.1,22620.45,142155,123,65
2026-09-30,IDO,2026-10-27,25100.0,PE,2355.15,2355.15,22620.45,43680,6,65
2026-09-30,IDO,2026-12-29,22100.0,CE,1189.35,1212.31,22620.45,585,9,65
2026-09-30,IDO,2026-12-29,21600.0,CE,1506.9,1506.9,22620.45,585,9,65
2026-09-30,IDO,2026-12-29,21450.0,CE,1752.0,1685.44,22620.45,0,0,65
2026-09-30,IDO,2026-12-29,19500.0,CE,7586.85,3434.55,22620.45,0,0,65
2026-09-30,IDO,2026-12-29,22750.0,CE,873.05,824.62,22620.45,0,0,65
2026-09-30,IDO,2026-12-29,23400.0,CE,349.05,349.05,22620.45,5655,152,65
2026-09-30,IDO,2026-12-29,23800.0,CE,219.55,219.55,22620.45,29055,736,65
2026-09-30,IDO,2026-12-29,25500.0,CE,35.0,35.0,22620.45,1039870,7799,65
2026-09-30,IDO,2027-03-30,15000.0,CE,8379.85,8085.44,22620.45,0,0,65
2026-09-30,IDO,2027-03-30,21000.0,CE,2429.3,2429.3,22620.45,34450,251,65
2026-09-30,IDO,2027-03-30,30000.0,CE,16.6,16.6,22620.45,170625,207,65
2026-09-30,IDO,2027-06-29,15000.0,CE,5367.85,8313.99,22620.45,0,0,65
2026-09-30,IDO,2027-06-29,16500.0,CE,10867.2,6886.28,22620.45,0,0,65
2026-09-30,IDO,2027-06-29,19500.0,CE,8143.4,4118.36,22620.45,0,0,65
2026-09-30,IDO,2027-09-28,15000.0,CE,8577.25,8539.53,22620.45,0,0,65
2026-09-30,IDO,2027-12-28,21000.0,CE,4902.4,3610.59,22620.45,0,0,65
2026-09-30,IDO,2028-06-27,27000.0,CE,1935.0,1271.44,22620.45,65,0,65
2026-09-30,IDO,2029-06-26,25500.0,CE,5917.35,2944.61,22620.45,0,0,65
2026-09-30,IDO,2029-12-24,21000.0,CE,9463.95,6003.7,22620.45,0,0,65
2026-09-30,IDO,2030-12-31,19500.0,CE,11601.15,8020.99,22620.45,0,0,65
2026-09-30,IDO,2030-12-31,25500.0,CE,7639.65,4593.49,22620.45,0,0,65
2026-09-30,IDO,2031-06-24,18000.0,CE,10825.95,9455.7,22620.45,0,0,65
2026-09-30,IDO,2031-06-24,30000.0,CE,4459.9,3279.8,22620.45,0,0,65
2026-09-30,IDO,2026-10-06,21600.0,PE,3.7,3.7,22620.45,1496365,233426,65
2026-09-30,IDO,2026-10-06,21700.0,PE,4.65,4.65,22620.45,2284425,302174,65
2026-09-30,IDO,2026-10-06,21800.0,PE,6.1,6.1,22620.45,3322800,368692,65
2026-09-30,IDO,2026-10-06,23150.0,PE,514.1,514.1,22620.45,153010,7379,65
2026-09-30,IDO,2026-10-06,23500.0,PE,851.9,851.9,22620.45,1081275,5938,65
2026-09-30,IDO,2026-10-06,24900.0,PE,2040.0,2255.33,22620.45,130,0,65
2026-09-30,IDO,2026-10-13,22350.0,PE,100.7,100.7,22620.45,67470,4533,65
2026-09-30,IDO,2026-10-13,22450.0,PE,128.5,128.5,22620.45,81900,8137,65
2026-09-30,IDO,2026-10-13,22750.0,PE,252.95,252.95,22620.45,313495,18197,65
2026-09-30,IDO,2026-10-13,23400.0,PE,747.35,747.35,22620.45,66950,212,65
2026-09-30,IDO,2026-10-13,23550.0,PE,694.75,913.18,22620.45,5720,17,65
2026-09-30,IDO,2026-10-13,24050.0,PE,1200.0,1385.22,22620.45,65,0,65
2026-09-30,IDO,2026-10-13,24300.0,PE,1480.0,1630.78,22620.45,2860,4,65
2026-09-30,IDO,2026-10-13,24400.0,PE,1480.0,1729.76,22620.45,1300,0,65
2026-09-30,IDO,2026-10-13,24600.0,PE,1800.0,1928.41,22620.45,1885,7,65
2026-09-30,IDO,2026-10-13,25200.0,PE,1494.1,2526.51,22620.45,0,0,65
2026-09-30,IDO,2026-10-19,22200.0,PE,102.15,102.15,22620.45,21190,946,65
2026-09-30,IDO,2026-10-19,22450.0,PE,166.3,166.3,22620.45,13585,367,65
2026-09-30,IDO,2026-10-19,23700.0,PE,900.0,1053.38,22620.45,1885,1,65
2026-09-30,IDO,2026-10-19,24150.0,PE,1040.4,1469.9,22620.45,0,0,65
2026-09-30,IDO,2026-10-19,24350.0,PE,1202.45,1662.86,22620.45,0,0,65
2026-09-30,IDO,2026-10-19,25000.0,PE,1779.1,2303.6,22620.45,0,0,65
2026-09-30,IDO,2026-11-23,25900.0,CE,9.6,9.6,22620.45,1755,25,65
2026-09-30,IDO,2026-11-23,25300.0,CE,532.0,27.92,22620.45,0,0,65
2026-09-30,IDO,2026-11-23,24800.0,CE,26.0,26.0,22620.45,60905,498,65
2026-09-30,IDO,2026-11-23,24300.0,CE,46.75,46.75,22620.45,123630,2179,65
2026-09-30,IDO,2026-11-23,22300.0,CE,884.5,848.93,22620.45,845,0,65
2026-09-30,IDO,2026-11-23,21950.0,CE,2769.65,1087.85,22620.45,0,0,65
2026-09-30,IDO,2026-11-23,21100.0,CE,3565.5,1779.06,22620.45,0,0,65
2026-09-30,IDO,2026-11-03,24850.0,CE,8.3,8.3,22620.45,325,12,65
2026-09-30,IDO,2026-11-03,24650.0,CE,14.5,23.45,22620.45,130,2,65
2026-09-30,IDO,2026-11-03,24000.0,CE,31.85,31.85,22620.45,77090,987,65
2026-09-30,IDO,2026-11-03,23950.0,CE,305.7,83.94,22620.45,0,0,65
2026-09-30,IDO,2026-11-03,21800.0,CE,1721.95,1059.79,22620.45,0,0,65
2026-09-30,IDO,2026-11-03,21100.0,CE,2382.6,1671.95,22620.45,0,0,65
2026-09-30,IDO,2026-11-03,21050.0,CE,2431.1,1718.69,22620.45,0,0,65
2026-09-30,IDO,2026-11-03,20800.0,CE,2675.3,1956.17,22620.45,0,0,65
2026-09-30,IDO,2026-10-27,26450.0,CE,8.15,0.06,22620.45,520,0,65
2026-09-30,IDO,2026-10-19,25100.0,PE,1872.7,2403.0,22620.45,0,0,65
2026-09-30,IDO,2026-10-27,20850.0,PE,21.55,21.55,22620.45,7540,358,65
2026-09-30,IDO,2026-10-27,21050.0,PE,26.3,26.3,22620.45,6110,289,65
2026-09-30,IDO,2026-10-27,21300.0,PE,35.95,35.95,22620.45,293150,6912,65
2026-09-30,IDO,2026-10-27,21850.0,PE,77.8,77.8,22620.45,44200,725,65
2026-09-30,IDO,2026-10-27,22550.0,PE,238.7,238.7,22620.45,85085,2682,65
2026-09-30,IDO,2026-10-27,22700.0,PE,299.15,299.15,22620.45,2061085,52639,65
2026-09-30,IDO,2026-10-27,23550.0,PE,887.45,887.45,22620.45,18590,36,65
2026-09-30,IDO,2026-10-27,23850.0,PE,1156.9,1190.7,22620.45,11375,36,65
2026-09-30,IDO,2026-10-27,24600.0,CE,8.45,8.45,22620.45,346970,5465,65
2026-09-30,IDO,2026-10-27,24100.0,CE,16.75,16.75,22620.45,703820,9870,65
2026-09-30,IDO,2026-10-27,23650.0,CE,40.1,40.1,22620.45,131235,4120,65
2026-09-30,IDO,2026-10-27,23250.0,CE,101.8,101.8,22620.45,156130,3337,65
2026-09-30,IDO,2026-10-27,22650.0,CE,343.45,343.45,22620.45,89830,3054,65
2026-09-30,IDO,2026-10-27,21950.0,CE,900.0,882.06,22620.45,65,0,65
2026-09-30,IDO,2026-10-27,21800.0,CE,973.0,973.0,22620.45,17940,500,65
2026-09-30,IDO,2026-10-27,20800.0,CE,3519.25,1918.37,22620.45,0,0,65
2026-09-30,IDO,2026-10-19,23950.0,CE,186.0,25.12,22620.45,65,0,65
2026-09-30,IDO,2026-10-19,22900.0,CE,165.45,165.45,22620.45,31980,1048,65
2026-09-30,IDO,2026-10-19,22250.0,CE,704.15,589.13,22620.45,585,0,65
2026-09-30,IDO,2026-10-19,22000.0,CE,771.15,776.37,22620.45,910,9,65
2026-09-30,IDO,2026-10-19,21750.0,CE,1122.75,985.38,22620.45,65,0,65
2026-09-30,IDO,2026-10-19,20950.0,CE,2289.2,1738.72,22620.45,0,0,65
2026-09-30,IDO,2026-10-19,20550.0,CE,2682.75,2134.41,22620.45,0,0,65
2026-09-30,IDO,2026-10-27,24350.0,PE,1586.85,1646.36,22620.45,15340,16,65
2026-09-30,IDO,2026-10-27,24400.0,PE,1661.8,1661.8,22620.45,153790,57,65
2026-09-30,IDO,2026-10-27,24500.0,PE,1780.35,1780.35,22620.45,1512810,857,65
2026-09-30,IDO,2026-10-27,25550.0,PE,2725.0,2818.93,22620.45,910,0,65
2026-09-30,IDO,2026-10-13,23000.0,CE,86.95,86.95,22620.45,1640600,97423,65
2026-09-30,IDO,2026-10-13,22950.0,CE,100.55,100.55,22620.45,130000,9515,65
2026-09-30,IDO,2026-10-13,22700.0,CE,200.65,200.65,22620.45,1497340,45236,65
2026-09-30,IDO,2026-10-13,22650.0,CE,227.65,227.65,22620.45,90545,7611,65
2026-09-30,IDO,2026-10-13,22250.0,CE,502.25,502.25,22620.45,585,14,65
2026-09-30,IDO,2026-10-13,21150.0,CE,2606.15,1517.3,22620.45,0,0,65
2026-09-30,IDO,2026-10-13,20550.0,CE,3200.0,2113.82,22620.45,0,0,65
2026-09-30,IDO,2026-10-06,25400.0,CE,0.6,0.6,22620.45,74360,4019,65
2026-09-30,IDO,2026-10-06,23900.0,CE,1.95,1.95,22620.45,2644265,214616,65
2026-09-30,IDO,2026-10-06,23300.0,CE,8.45,8.45,22620.45,7281105,714929,65
2026-09-30,IDO,2026-10-06,22650.0,CE,137.25,137.25,22620.45,2523625,1003091,65
2026-09-30,IDO,2026-10-06,22250.0,CE,426.05,426.05,22620.45,46150,3109,65
2026-09-30,IDO,2026-10-06,20850.0,CE,3326.65,1790.73,22620.45,0,0,65
2026-09-30,IDO,2026-10-13,23950.0,CE,6.25,6.25,22620.45,90220,7766,65
2026-09-30,IDO,2026-10-13,24700.0,CE,1.8,1.8,22620.45,272350,10096,65
2026-09-30,IDO,2026-10-13,24950.0,CE,1.45,1.45,22620.45,12935,177,65
2026-09-30,IDO,2026-10-19,20500.0,CE,2732.2,2184.11,22620.45,0,0,65
2026-09-30,IDO,2026-10-19,20750.0,CE,2485.4,1936.02,22620.45,0,0,65
2026-09-30,IDO,2026-10-19,20800.0,CE,2436.25,1886.57,22620.45,0,0,65
2026-09-30,IDO,2026-10-19,21050.0,CE,2191.7,1640.73,22620.45,0,0,65
2026-09-30,IDO,2026-10-19,22300.0,CE,664.8,554.8,22620.45,1040,0,65
2026-09-30,IDO,2026-10-19,22350.0,CE,626.2,521.57,22620.45,520,0,65
2026-09-30,IDO,2026-10-19,23300.0,CE,59.5,59.5,22620.45,103350,3213,65
2026-09-30,IDO,2026-10-19,23750.0,CE,19.05,19.05,22620.45,1885,29,65
2026-09-30,IDO,2026-10-19,24100.0,CE,10.15,10.15,22620.45,72865,1394,65
2026-09-30,IDO,2026-10-19,24150.0,CE,8.7,8.7,22620.45,4355,160,65
2026-09-30,IDO,2026-10-19,24850.0,CE,6.8,1.65,22620.45,2015,0,65
2026-09-30,IDO,2026-10-27,21600.0,CE,1245.0,1171.58,22620.45,845,2,65
2026-09-30,IDO,2026-10-27,22050.0,CE,2377.1,805.82,22620.45,0,0,65
2026-09-30,IDO,2026-10-27,23000.0,CE,177.8,177.8,22620.45,5451030,95942,65
2026-09-30,IDO,2026-10-27,23050.0,CE,159.75,159.75,22620.45,122525,4172,65
2026-09-30,IDO,2026-10-27,25050.0,CE,5.4,5.4,22620.45,157170,1493,65
2026-09-30,IDO,2026-10-27,25150.0,CE,5.85,5.85,22620.45,17810,2,65
2026-09-30,IDO,2026-10-27,25650.0,CE,2.65,0.76,22620.45,4290,0,65
2026-09-30,IDO,2026-10-27,27200.0,CE,0.7,0.7,22620.45,59670,406,65
2026-09-30,IDO,2026-11-03,20650.0,CE,2822.75,2101.02,22620.45,0,0,65
2026-09-30,IDO,2026-11-03,20900.0,CE,2577.35,1860.5,22620.45,0,0,65
2026-09-30,IDO,2026-11-03,21200.0,CE,2285.9,1579.39,22620.45,0,0,65
2026-09-30,IDO,2026-11-03,22650.0,CE,400.05,400.05,22620.45,910,20,65
2026-09-30,IDO,2026-11-03,22700.0,CE,372.15,372.15,22620.45,6435,492,65
2026-09-30,IDO,2026-11-03,23400.0,CE,104.4,104.4,22620.45,6240,131,65
2026-09-30,IDO,2026-11-03,24250.0,CE,214.4,50.01,22620.45,0,0,65
2026-09-30,IDO,2026-11-03,25150.0,CE,10.45,8.17,22620.45,1235,13,65
2026-09-30,IDO,2026-11-23,20600.0,CE,4048.2,2237.89,22620.45,0,0,65
2026-09-30,IDO,2026-11-23,20900.0,CE,3757.7,1959.31,22620.45,0,0,65
2026-09-30,IDO,2026-11-23,21700.0,CE,2999.2,1275.61,22620.45,0,0,65
2026-09-30,IDO,2026-11-23,22700.0,CE,504.55,504.55,22620.45,56030,1204,65
2026-09-30,IDO,2026-11-23,23100.0,CE,306.65,306.65,22620.45,277030,1237,65
2026-09-30,IDO,2026-11-23,23400.0,CE,195.5,195.5,22620.45,164450,1905,65
2026-09-30,IDO,2026-11-23,23450.0,CE,182.45,182.45,22620.45,13845,102,65
2026-09-30,IDO,2026-11-23,23600.0,CE,143.3,143.3,22620.45,110110,1918,65
2026-09-30,IDO,2026-11-23,24250.0,CE,48.65,48.65,22620.45,10595,95,65
2026-09-30,IDO,2026-11-23,24600.0,CE,32.3,32.3,22620.45,57980,798,65
2026-09-30,IDO,2026-11-23,25450.0,CE,15.1,22.06,22620.45,455,16,65
2026-09-30,IDO,2026-11-23,25550.0,CE,12.6,18.8,22620.45,650,34,65
2026-09-30,IDO,2026-12-29,16000.0,CE,6810.0,6869.02,22620.45,520,4,65
2026-09-30,IDO,2026-12-29,21050.0,CE,2082.3,2011.94,22620.45,0,0,65
2026-09-30,IDO,2026-12-29,22050.0,CE,1228.0,1245.81,22620.45,390,6,65
2026-09-30,IDO,2026-12-29,22500.0,CE,824.45,824.45,22620.45,199290,2131,65
2026-09-30,IDO,2026-12-29,22700.0,CE,700.1,700.1,22620.45,10205,350,65
2026-09-30,IDO,2026-12-29,23300.0,CE,390.25,390.25,22620.45,6305,137,65
2026-09-30,IDO,2026-12-29,24400.0,CE,257.7,235.75,22620.45,0,0,65
2026-09-30,IDO,2027-06-29,25500.0,CE,292.3,292.3,22620.45,23530,382,65
2026-09-30,IDO,2027-06-29,33000.0,CE,1122.75,9.58,22620.45,0,0,65
2026-09-30,IDO,2027-09-28,24000.0,CE,1478.35,1468.04,22620.45,0,0,65
2026-09-30,IDO,2027-12-28,33000.0,CE,61.0,87.51,22620.45,9295,3,65
2026-09-30,IDO,2028-06-27,19500.0,CE,9209.1,5378.93,22620.45,0,0,65
2026-09-30,IDO,2029-06-26,18000.0,CE,11678.65,7626.37,22620.45,0,0,65
2026-09-30,IDO,2029-06-26,21000.0,CE,9799.75,5456.19,22620.45,0,0,65
2026-09-30,IDO,2029-06-26,33000.0,CE,4179.45,822.49,22620.45,0,0,65
2026-09-30,IDO,2029-12-24,16500.0,CE,12984.85,9251.25,22620.45,0,0,65
2026-09-30,IDO,2029-12-24,28500.0,CE,4802.1,2316.22,22620.45,0,0,65
2026-09-30,IDO,2030-06-25,15000.0,CE,14543.9,10820.19,22620.45,0,0,65
2026-09-30,IDO,2030-06-25,18000.0,CE,12423.9,8576.31,22620.45,0,0,65
2026-09-30,IDO,2030-06-25,31500.0,CE,3984.8,1912.04,22620.45,0,0,65
2026-09-30,IDO,2030-12-31,15000.0,CE,14862.95,11207.43,22620.45,0,0,65
2026-09-30,IDO,2030-12-31,16500.0,CE,13763.55,10107.29,22620.45,0,0,65
2026-09-30,IDO,2030-12-31,28500.0,CE,5968.3,3337.12,22620.45,0,0,65
2026-09-30,IDO,2031-06-24,31500.0,CE,3928.35,2808.5,22620.45,0,0,65
2026-09-30,IDO,2026-10-06,20600.0,PE,1.05,1.05,22620.45,853775,50525,65
2026-09-30,IDO,2026-10-06,21450.0,PE,2.85,2.85,22620.45,231075,50222,65
2026-09-30,IDO,2026-10-06,22100.0,PE,15.55,15.55,22620.45,3018470,468314,65
2026-09-30,IDO,2026-10-06,22750.0,PE,192.35,192.35,22620.45,1274845,2399680,65
2026-09-30,IDO,2026-10-06,23100.0,PE,466.8,466.8,22620.45,1289470,40773,65
2026-09-30,IDO,2026-10-06,23250.0,PE,608.45,608.45,22620.45,281840,6493,65
2026-09-30,IDO,2026-10-06,23750.0,PE,1099.2,1099.2,22620.45,6500,61,65
2026-09-30,IDO,2026-10-06,24150.0,PE,1416.35,1506.16,22620.45,2145,5,65
2026-09-30,IDO,2026-10-06,24500.0,PE,1836.0,1836.0,22620.45,359515,51,65
2026-09-30,IDO,2026-10-06,24950.0,PE,1475.85,2305.28,22620.45,65,0,65
2026-09-30,IDO,2026-10-06,25700.0,PE,2575.0,3054.55,22620.45,715,0,65
2026-09-30,IDO,2026-10-13,20600.0,PE,4.9,4.9,22620.45,40885,2169,65
2026-09-30,IDO,2026-10-13,21900.0,PE,33.85,33.85,22620.45,329810,18335,65
2026-09-30,IDO,2026-10-13,22000.0,PE,43.15,43.15,22620.45,816010,39066,65
2026-09-30,IDO,2026-10-13,22150.0,PE,62.1,62.1,22620.45,51350,4916,65
2026-09-30,IDO,2026-10-13,23150.0,PE,531.65,531.65,22620.45,16770,291,65
2026-09-30,IDO,2026-10-13,24000.0,PE,1321.95,1321.95,22620.45,29835,104,65
2026-09-30,IDO,2026-10-13,24100.0,PE,1414.7,1414.7,22620.45,14560,144,65
2026-09-30,IDO,2026-10-13,24200.0,PE,1500.0,1532.16,22620.45,3380,80,65
2026-09-30,IDO,2026-10-13,24350.0,PE,1430.0,1680.23,22620.45,520,0,65
2026-09-30,IDO,2026-10-13,24500.0,PE,1815.0,1828.99,22620.45,11180,36,65
2026-09-30,IDO,2026-10-13,25150.0,PE,1450.15,2476.62,22620.45,0,0,65
2026-09-30,IDO,2026-10-19,20600.0,PE,2.2,0.91,22620.45,0,0,65
2026-09-30,IDO,2026-10-19,21050.0,PE,8.1,5.51,22620.45,0,0,65
2026-09-30,IDO,2026-10-19,22100.0,PE,83.45,83.45,22620.45,14885,552,65
2026-09-30,IDO,2026-10-19,22300.0,PE,124.3,124.3,22620.45,33670,990,65
2026-09-30,IDO,2026-10-19,22350.0,PE,137.55,137.55,22620.45,12805,436,65
2026-09-30,IDO,2026-10-19,23050.0,PE,473.4,539.0,22620.45,3835,19,65
2026-09-30,IDO,2026-10-19,24950.0,PE,1732.7,2253.95,22620.45,0,0,65
2026-09-30,IDO,2026-10-27,20750.0,PE,19.3,19.3,22620.45,8190,374,65
2026-09-30,IDO,2026-10-27,21100.0,PE,27.8,27.8,22620.45,41340,1473,65
2026-09-30,IDO,2026-10-27,21400.0,PE,40.5,40.5,22620.45,351195,7125,65
2026-09-30,IDO,2026-10-27,22100.0,PE,115.85,115.85,22620.45,325455,11503,65
2026-09-30,IDO,2026-10-27,22500.0,PE,220.2,220.2,22620.45,3367585,73219,65
2026-09-30,IDO,2026-10-27,26200.0,PE,3341.0,3465.2,22620.45,18525,10,65
2026-09-30,IDO,2026-10-27,26350.0,PE,2163.0,3614.49,22620.45,0,0,65
2026-09-30,IDO,2026-10-27,26700.0,PE,3900.0,3962.9,22620.45,260,0,65
2026-09-30,IDO,2026-11-03,23550.0,PE,528.4,947.35,22620.45,0,0,65
2026-09-30,IDO,2026-11-03,23700.0,PE,610.85,1064.86,22620.45,0,0,65
2026-09-30,IDO,2026-11-23,20600.0,PE,7.6,24.82,22620.45,0,0,65
2026-09-30,IDO,2026-11-23,21700.0,PE,121.2,121.2,22620.45,66755,1060,65
2026-09-30,IDO,2026-10-13,23900.0,CE,6.8,6.8,22620.45,144820,11248,65
2026-09-30,IDO,2026-11-23,23600.0,PE,897.15,897.15,22620.45,46345,147,65
2026-09-30,IDO,2026-11-23,25000.0,PE,2143.75,2143.75,22620.45,308165,123,65
2026-09-30,IDO,2026-11-23,25050.0,PE,2152.6,2236.09,22620.45,65,0,65
2026-09-30,IDO,2026-11-23,25850.0,PE,2901.65,2999.27,22620.45,65,1,65
2026-09-30,IDO,2026-11-23,25900.0,PE,1526.4,3047.87,22620.45,0,0,65
2026-09-30,IDO,2026-12-29,19500.0,PE,43.9,43.9,22620.45,180635,758,65
2026-09-30,IDO,2026-12-29,21850.0,PE,261.4,275.86,22620.45,0,0,65
2026-09-30,IDO,2026-12-29,23550.0,PE,755.0,1036.01,22620.45,780,12,65
2026-09-30,IDO,2026-12-29,23600.0,PE,785.5,1067.64,22620.45,975,15,65
2026-09-30,IDO,2026-12-29,24450.0,PE,1364.5,1675.25,22620.45,455,8,65
2026-09-30,IDO,2026-12-29,25000.0,PE,2003.3,2003.3,22620.45,2039235,1548,65
2026-09-30,IDO,2026-12-29,28500.0,PE,3320.25,5438.66,22620.45,130,0,65
2026-09-30,IDO,2027-03-30,25500.0,PE,2159.3,2159.3,22620.45,246805,295,65
2026-09-30,IDO,2027-03-30,30000.0,PE,6273.1,6461.9,22620.45,2470,1,65
2026-09-30,IDO,2026-10-27,25850.0,PE,3040.7,3117.0,22620.45,65,2,65
2026-09-30,IDO,2026-10-27,26450.0,PE,3460.0,3714.03,22620.45,195,0,65
2026-09-30,IDO,2026-10-27,26650.0,PE,2415.2,3913.13,22620.45,0,0,65
2026-09-30,IDO,2026-10-27,26800.0,PE,3900.0,4062.46,22620.45,585,0,65
2026-09-30,IDO,2026-10-27,27050.0,PE,2764.35,4311.36,22620.45,0,0,65
2026-09-30,IDO,2026-10-27,27100.0,PE,3809.35,4361.14,22620.45,260,0,65
2026-09-30,IDO,2026-11-03,20600.0,PE,2.7,7.66,22620.45,0,0,65
2026-09-30,IDO,2026-11-03,20750.0,PE,4.05,11.46,22620.45,0,0,65
2026-09-30,IDO,2026-11-03,21700.0,PE,80.55,80.55,22620.45,4875,107,65
2026-09-30,IDO,2026-11-03,21900.0,PE,105.2,131.44,22620.45,65,1,65
2026-09-30,IDO,2026-11-03,22150.0,PE,148.2,195.49,22620.45,1625,6,65
2026-09-30,IDO,2026-11-03,22400.0,PE,212.9,212.9,22620.45,4810,167,65
2026-09-30,IDO,2026-11-03,23050.0,PE,385.2,601.88,22620.45,1170,16,65
2026-09-30,IDO,2026-11-03,23350.0,PE,592.95,799.89,22620.45,325,3,65
2026-09-30,IDO,2026-11-03,24200.0,PE,934.1,1491.51,22620.45,0,0,65
2026-09-30,IDO,2026-11-03,24300.0,PE,1010.0,1581.92,22620.45,65,0,65
2026-09-30,IDO,2026-11-03,25150.0,PE,1711.15,2389.39,22620.45,0,0,65
2026-09-30,IDO,2026-11-23,21500.0,PE,98.7,98.7,22620.45,726765,11606,65
2026-09-30,IDO,2026-11-23,22100.0,PE,187.7,187.7,22620.45,79625,1663,65
2026-09-30,IDO,2026-11-23,24350.0,PE,1134.85,1609.17,22620.45,4030,0,65
2026-09-30,IDO,2026-11-23,24850.0,PE,860.35,2051.7,22620.45,0,0,65
2026-09-30,IDO,2026-11-23,24950.0,PE,915.05,2143.46,22620.45,0,0,65
2026-09-30,IDO,2026-11-23,25750.0,PE,1419.55,2902.3,22620.45,0,0,65
2026-09-30,IDO,2026-12-29,17000.0,PE,15.85,15.85,22620.45,241485,669,65
2026-09-30,IDO,2026-12-29,21700.0,PE,172.2,172.2,22620.45,19565,382,65
2026-09-30,IDO,2026-12-29,22500.0,PE,347.1,347.1,22620.45,1779895,13130,65
2026-09-30,IDO,2026-12-29,22550.0,PE,365.0,365.0,22620.45,910,29,65
2026-09-30,IDO,2026-12-29,22650.0,PE,394.75,394.75,22620.45,845,18,65
2026-09-30,IDO,2026-12-29,22700.0,PE,415.75,415.75,22620.45,10205,328,65
2026-09-30,IDO,2026-10-13,24350.0,CE,3.3,3.3,22620.45,6240,505,65
2026-09-30,IDO,2026-10-13,23450.0,CE,20.95,20.95,22620.45,169910,7440,65
2026-09-30,IDO,2026-10-13,22050.0,CE,1739.4,681.27,22620.45,0,0,65
2026-09-30,IDO,2026-10-13,21950.0,CE,1832.65,764.82,22620.45,0,0,65
2026-09-30,IDO,2026-10-13,21750.0,CE,2022.25,941.72,22620.45,0,0,65
2026-09-30,IDO,2026-12-29,23100.0,PE,580.0,580.0,22620.45,10465,250,65
2026-09-30,IDO,2026-12-29,24400.0,PE,1444.9,1636.24,22620.45,51155,1139,65
2026-09-30,IDO,2026-12-29,27000.0,PE,3914.3,3914.3,22620.45,1530185,584,65
2026-09-30,IDO,2026-12-29,29000.0,PE,5865.7,5865.7,22620.45,316955,27,65
2026-09-30,IDO,2027-03-30,15000.0,PE,22.95,22.95,22620.45,8385,62,65
2026-09-30,IDO,2027-06-29,28500.0,PE,1807.05,4703.91,22620.45,0,0,65
2026-09-30,IDO,2027-06-29,30000.0,PE,6000.0,6054.34,22620.45,455,1,65
2026-09-30,IDO,2027-09-28,30000.0,PE,5717.3,5694.83,22620.45,0,0,65
2026-09-30,IDO,2027-12-28,23000.0,PE,813.9,813.9,22620.45,185345,1015,65
2026-09-30,IDO,2028-06-27,16500.0,PE,3.8,29.55,22620.45,0,0,65
2026-09-30,IDO,2028-12-26,20000.0,PE,320.0,310.95,22620.45,5545,4,65
2026-09-30,IDO,2030-06-25,31500.0,PE,2056.3,4137.4,22620.45,0,0,65
2026-09-30,IDO,2031-06-24,21000.0,PE,450.5,452.91,22620.45,0,0,65
2026-09-30,IDO,2026-10-13,21450.0,CE,2312.1,1224.06,22620.45,0,0,65
2026-09-30,IDO,2026-10-13,20850.0,CE,2902.5,1814.87,22620.45,0,0,65
2026-09-30,IDO,2026-10-06,25250.0,CE,0.65,0.65,22620.45,14430,1112,65
2026-09-30,IDO,2026-10-06,25050.0,CE,0.7,0.7,22620.45,25480,943,65
2026-09-30,IDO,2026-10-06,24900.0,CE,0.7,0.7,22620.45,311480,24774,65
2026-09-30,IDO,2026-10-06,23750.0,CE,2.65,2.65,22620.45,1037335,186085,65
2026-09-30,IDO,2026-10-06,23600.0,CE,3.7,3.7,22620.45,6222970,505365,65
2026-09-30,IDO,2026-10-06,22900.0,CE,47.5,47.5,22620.45,8757515,2087607,65
2026-09-30,IDO,2026-10-06,22500.0,CE,226.75,226.75,22620.45,2293265,302227,65
2026-09-30,IDO,2026-10-06,22400.0,CE,301.05,301.05,22620.45,260000,49002,65
2026-09-30,IDO,2026-10-06,22350.0,CE,340.4,340.4,22620.45,63245,7141,65
2026-09-30,IDO,2026-10-06,22300.0,CE,382.5,382.5,22620.45,175500,14879,65
2026-09-30,IDO,2026-10-06,22100.0,CE,567.05,567.05,22620.45,54210,781,65
2026-09-30,IDF,2026-10-27,,,22707.3,22707.3,22620.45,18015075,58953,65
2026-09-30,IDO,2026-12-29,22300.0,CE,976.9,976.9,22620.45,1170,24,65
2026-09-30,IDO,2026-11-03,22950.0,PE,428.2,542.53,22620.45,4680,34,65
2026-09-30,IDO,2026-11-03,23150.0,PE,538.0,664.64,22620.45,195,0,65
2026-09-30,IDO,2026-11-03,23200.0,PE,593.3,697.26,22620.45,4680,21,65
2026-09-30,IDO,2026-11-03,25100.0,PE,1666.4,2340.65,22620.45,0,0,65
2026-09-30,IDO,2026-11-23,21850.0,PE,141.6,141.6,22620.45,4030,79,65
2026-09-30,IDO,2026-11-23,21900.0,PE,149.15,149.15,22620.45,76505,2663,65
2026-09-30,IDO,2026-11-23,22350.0,PE,247.4,247.4,22620.45,6370,50,65
2026-09-30,IDO,2026-11-23,23000.0,PE,507.9,507.9,22620.45,1001390,5904,65
2026-09-30,IDO,2026-10-19,23150.0,CE,88.8,88.8,22620.45,11115,391,65
2026-09-30,IDO,2028-12-26,22500.0,CE,7382.9,3915.03,22620.45,0,0,65
2026-09-30,IDO,2028-06-27,30000.0,CE,2278.45,597.68,22620.45,0,0,65
2026-09-30,IDO,2028-06-27,24000.0,CE,3918.85,2460.77,22620.45,0,0,65
2026-09-30,IDO,2027-12-28,18000.0,CE,6285.7,6044.7,22620.45,0,0,65
2026-09-30,IDO,2027-03-30,33000.0,CE,10.75,10.75,22620.45,9425,16,65
2026-09-30,IDO,2027-03-30,19500.0,CE,3865.0,3777.39,22620.45,195,0,65
2026-09-30,IDO,2026-12-29,24450.0,CE,246.8,225.55,22620.45,0,0,65
2026-09-30,IDO,2026-12-29,23050.0,CE,504.45,504.45,22620.45,1105,22,65
2026-09-30,IDO,2026-12-29,22600.0,CE,756.65,756.65,22620.45,845,29,65
2026-09-30,IDO,2026-12-29,22450.0,CE,1045.55,992.32,22620.45,0,0,65
2026-09-30,IDO,2026-12-29,21700.0,CE,1453.2,1494.36,22620.45,1365,21,65
2026-09-30,IDO,2026-12-29,19000.0,CE,3906.3,3906.3,22620.45,252135,586,65
2026-09-30,IDO,2026-12-29,16500.0,CE,10405.0,6376.79,22620.45,0,0,65
2026-09-30,IDO,2026-11-23,25650.0,CE,11.5,15.97,22620.45,195,1,65
2026-09-30,IDO,2026-11-23,25600.0,CE,12.75,17.33,22620.45,1170,16,65
2026-09-30,IDO,2026-11-23,25400.0,CE,13.7,23.88,22620.45,260,5,65
2026-09-30,IDO,2026-11-23,23950.0,CE,80.75,80.75,22620.45,12740,148,65
2026-09-30,IDO,2026-11-23,23750.0,CE,112.5,112.5,22620.45,11180,205,65
2026-09-30,IDO,2026-11-23,23550.0,CE,155.55,155.55,22620.45,15080,170,65
2026-09-30,IDO,2026-11-23,22750.0,CE,475.3,475.3,22620.45,3185,109,65
2026-09-30,IDO,2026-11-23,21850.0,CE,2860.95,1160.78,22620.45,0,0,65
2026-09-30,IDO,2026-11-23,20750.0,CE,3902.65,2097.52,22620.45,0,0,65
2026-09-30,IDO,2026-11-03,24800.0,CE,103.45,17.3,22620.45,0,0,65
2026-09-30,IDO,2026-11-03,24600.0,CE,14.85,14.85,22620.45,26910,251,65
2026-09-30,IDO,2026-11-03,24150.0,CE,242.15,59.72,22620.45,0,0,65
2026-09-30,IDO,2026-11-03,24050.0,CE,272.55,70.97,22620.45,0,0,65
2026-09-30,IDO,2026-11-03,23900.0,CE,323.3,91.13,22620.45,0,0,65
2026-09-30,IDO,2026-11-03,23150.0,CE,174.0,174.0,22620.45,3185,42,65
2026-09-30,IDO,2026-11-03,22600.0,CE,428.75,428.75,22620.45,1820,43,65
2026-09-30,IDO,2026-11-03,21700.0,CE,1813.4,1141.12,22620.45,0,0,65
2026-09-30,IDO,2027-03-30,16500.0,PE,29.6,29.6,22620.45,3120,23,65
2026-09-30,IDO,2027-06-29,19000.0,PE,105.0,61.71,22620.45,1460,0,65
2026-09-30,IDO,2027-06-29,19500.0,PE,17.3,96.65,22620.45,0,0,65
2026-09-30,IDO,2026-12-29,23300.0,PE,629.15,885.43,22620.45,715,13,65
2026-09-30,IDO,2026-12-29,21050.0,PE,86.55,114.46,22620.45,1365,24,65
2026-09-30,IDO,2026-11-03,21550.0,CE,1952.8,1267.52,22620.45,0,0,65
2026-09-30,IDO,2026-10-27,26650.0,CE,6.95,0.03,22620.45,390,0,65
2026-09-30,IDO,2026-10-27,26200.0,CE,1.2,1.2,22620.45,20345,47,65
2026-09-30,IDO,2026-10-27,25350.0,CE,4.0,1.83,22620.45,1235,3,65
2026-09-30,IDO,2026-10-27,24250.0,CE,13.25,13.25,22620.45,116935,1589,65
2026-09-30,IDO,2026-10-27,23500.0,CE,56.5,56.5,22620.45,9010560,93302,65
2026-09-30,IDO,2026-10-27,20500.0,CE,2202.95,2202.95,22620.45,6825,95,65
2026-09-30,IDO,2026-11-23,26000.0,PE,3106.45,3106.45,22620.45,133250,715,65
2026-09-30,IDO,2026-11-23,25350.0,PE,1152.95,2518.35,22620.45,0,0,65
2026-09-30,IDO,2028-12-26,31500.0,CE,480.0,480.0,22620.45,585,1,65
2026-09-30,IDO,2029-06-26,31500.0,CE,2878.65,1082.14,22620.45,0,0,65
2026-09-30,IDO,2029-12-24,24000.0,CE,3915.0,3915.0,22620.45,195,2,65
2026-09-30,IDO,2029-12-24,33000.0,CE,3816.05,1174.43,22620.45,0,0,65
2026-09-30,IDO,2030-12-31,18000.0,CE,12674.15,9041.11,22620.45,0,0,65
2026-09-30,IDO,2026-10-06,20750.0,PE,1.3,1.3,22620.45,67470,20483,65
2026-09-30,IDO,2026-10-06,21050.0,PE,1.75,1.75,22620.45,59540,5664,65
2026-09-30,IDO,2026-10-06,21100.0,PE,1.7,1.7,22620.45,522145,56291,65
2026-09-30,IDO,2026-10-06,21150.0,PE,1.85,1.85,22620.45,92495,14174,65
2026-09-30,IDO,2026-10-06,21300.0,PE,2.2,2.2,22620.45,1236300,119190,65
2026-09-30,IDO,2026-10-06,22600.0,PE,114.65,114.65,22620.45,5789875,3038799,65
2026-09-30,IDO,2026-10-06,22900.0,PE,297.15,297.15,22620.45,1394445,451590,65
2026-09-30,IDO,2026-10-06,23650.0,PE,997.05,997.05,22620.45,75790,316,65
2026-09-30,IDO,2026-11-23,25100.0,PE,2203.1,2282.7,22620.45,325,0,65
2026-09-30,IDO,2026-11-23,24400.0,PE,1429.0,1651.99,22620.45,11310,16,65
2026-09-30,IDO,2026-11-23,24150.0,PE,1325.0,1441.72,22620.45,1365,0,65
2026-09-30,IDO,2026-10-19,24600.0,CE,4.75,4.75,22620.45,14755,195,65
2026-09-30,IDO,2026-10-19,24200.0,CE,8.45,8.45,22620.45,2795,81,65
2026-09-30,IDO,2026-10-19,24050.0,CE,162.9,19.27,22620.45,0,0,65
2026-09-30,IDO,2026-10-19,23900.0,CE,13.8,13.8,22620.45,27885,838,65
2026-09-30,IDO,2026-11-23,23350.0,PE,720.0,849.15,22620.45,8320,35,65
2026-09-30,IDO,2026-10-19,22450.0,CE,528.75,458.56,22620.45,325,3,65
2026-09-30,IDO,2026-10-19,21650.0,CE,1621.35,1073.85,22620.45,0,0,65
2026-09-30,IDO,2026-10-19,21200.0,CE,2046.4,1495.0,22620.45,0,0,65
2026-09-30,IDO,2026-10-13,25400.0,CE,1.3,1.3,22620.45,143975,1774,65
2026-09-30,IDO,2026-10-13,25350.0,CE,1.4,1.4,22620.45,7800,199,65
2026-09-30,IDO,2026-10-13,25200.0,CE,1.4,1.4,22620.45,6760,238,65
2026-09-30,IDO,2026-10-13,24650.0,CE,2.05,2.05,22620.45,37895,827,65
2026-09-30,IDO,2026-10-13,24300.0,CE,3.55,3.55,22620.45,143000,4748,65
2026-09-30,IDO,2026-10-13,22850.0,CE,134.95,134.95,22620.45,122785,12283,65
2026-09-30,IDO,2026-10-13,22550.0,CE,284.9,284.9,22620.45,23270,949,65
2026-09-30,IDO,2026-10-13,21350.0,CE,2409.75,1321.01,22620.45,0,0,65
2026-09-30,IDO,2026-10-13,21250.0,CE,2507.8,1418.84,22620.45,0,0,65
2026-09-30,IDO,2026-10-06,24050.0,CE,1.55,1.55,22620.45,545610,36736,65
2026-09-30,IDO,2026-10-06,23050.0,CE,24.1,24.1,22620.45,2678650,795851,65
2026-09-30,IDO,2026-10-06,22600.0,CE,164.5,164.5,22620.45,3123900,947018,65
2026-09-30,IDO,2026-10-06,24250.0,PE,1587.5,1587.5,22620.45,4810,20,65
2026-09-30,IDO,2026-10-13,20750.0,PE,5.2,5.2,22620.45,10530,610,65
2026-09-30,IDO,2026-10-13,20900.0,PE,5.9,5.9,22620.45,24505,2779,65
2026-09-30,IDO,2026-10-13,21000.0,PE,6.75,6.75,22620.45,508625,24616,65
2026-09-30,IDO,2026-10-13,21300.0,PE,10.25,10.25,22620.45,57590,4244,65
2026-09-30,IDO,2026-10-13,21600.0,PE,17.2,17.2,22620.45,231530,20576,65
2026-09-30,IDO,2026-10-13,21700.0,PE,21.65,21.65,22620.45,185900,12274,65
2026-09-30,IDO,2026-10-13,23000.0,PE,412.45,412.45,22620.45,591240,27255,65
2026-09-30,IDO,2026-10-13,23250.0,PE,609.9,609.9,22620.45,10465,144,65
2026-09-30,IDO,2026-10-13,23700.0,PE,1027.15,1027.15,22620.45,14105,32,65
2026-09-30,IDO,2026-10-13,23900.0,PE,1105.0,1240.01,22620.45,4030,3,65
2026-09-30,IDO,2026-10-19,21250.0,PE,13.6,11.02,22620.45,0,0,65
2026-09-30,IDO,2026-10-19,21300.0,PE,20.05,20.05,22620.45,21060,559,65
2026-09-30,IDO,2026-10-19,21450.0,PE,22.0,20.73,22620.45,0,0,65
2026-09-30,IDO,2026-10-19,22550.0,PE,200.3,200.3,22620.45,9750,522,65
2026-09-30,IDO,2026-10-19,22900.0,PE,371.5,371.5,22620.45,21580,429,65
2026-09-30,IDO,2026-10-19,23000.0,PE,434.45,434.45,22620.45,51610,688,65
2026-09-30,IDO,2026-10-06,21850.0,CE,2340.55,799.02,22620.45,0,0,65
2026-09-30,IDO,2026-10-06,21800.0,CE,857.35,857.35,22620.45,16445,284,65
2026-09-30,IDO,2026-10-06,21400.0,CE,1463.8,1241.64,22620.45,910,0,65
2026-09-30,IDO,2026-10-06,21050.0,CE,3128.25,1590.94,22620.45,0,0,65
2026-09-30,IDO,2026-10-06,20750.0,CE,3425.95,1890.63,22620.45,0,0,65
2026-09-30,IDO,2031-06-24,30000.0,PE,2616.25,2870.01,22620.45,0,0,65
2026-09-30,IDO,2026-10-19,23800.0,PE,890.0,1143.04,22620.45,65,0,65
2026-09-30,IDO,2026-10-19,24000.0,PE,1126.0,1327.73,22620.45,1755,13,65
2026-09-30,IDO,2026-10-19,24050.0,PE,962.95,1374.82,22620.45,0,0,65
2026-09-30,IDO,2027-03-30,31500.0,PE,7066.15,7906.39,22620.45,0,0,65
2026-09-30,IDO,2027-06-29,15000.0,PE,1173.2,0.26,22620.45,0,0,65
2026-09-30,IDO,2027-06-29,24000.0,PE,1081.55,1081.55,22620.45,23075,109,65
2026-09-30,IDO,2027-06-29,31500.0,PE,3604.7,7448.61,22620.45,0,0,65
2026-09-30,IDO,2027-12-28,15000.0,PE,21.7,2.64,22620.45,755,0,65
2026-09-30,IDO,2027-12-28,22000.0,PE,553.45,553.45,22620.45,111545,375,65
2026-09-30,IDO,2028-06-27,21000.0,PE,371.1,446.26,22620.45,260,0,65
2026-09-30,IDO,2028-12-26,18000.0,PE,250.0,113.36,22620.45,75,0,65
2026-09-30,IDO,2028-12-26,25000.0,PE,1400.0,1657.99,22620.45,13735,9,65
2026-09-30,IDO,2028-12-26,33000.0,PE,3315.4,6512.95,22620.45,0,0,65
2026-09-30,IDO,2029-06-26,21000.0,PE,320.25,482.46,22620.45,0,0,65
2026-09-30,IDO,2029-06-26,31500.0,PE,2443.35,4931.76,22620.45,0,0,65
2026-09-30,IDO,2030-06-25,16500.0,PE,12.0,74.22,22620.45,0,0,65
2026-09-30,IDO,2030-06-25,19500.0,PE,64.95,283.15,22620.45,0,0,65
2026-09-30,IDO,2030-06-25,33000.0,PE,3143.9,4970.06,22620.45,0,0,65
2026-09-30,IDO,2026-10-13,23700.0,CE,10.45,10.45,22620.45,473070,26033,65
2026-09-30,IDO,2027-09-28,18000.0,PE,40.2,39.6,22620.45,0,0,65
2026-09-30,IDO,2027-12-28,19500.0,PE,29.25,167.77,22620.45,0,0,65
2026-09-30,IDO,2027-12-28,22500.0,PE,665.0,785.18,22620.45,65,2,65
2026-09-30,IDO,2027-12-28,30000.0,PE,4907.0,5376.6,22620.45,6435,2,65
2026-09-30,IDO,2028-06-27,18000.0,PE,396.75,88.69,22620.45,0,0,65
2026-09-30,IDO,2028-06-27,22000.0,PE,550.0,673.01,22620.45,2145,0,65
2026-09-30,IDO,2028-06-27,25500.0,PE,1034.0,2000.57,22620.45,0,0,65
2026-09-30,IDO,2028-12-26,21000.0,PE,410.4,472.05,22620.45,11115,3,65
2026-09-30,IDO,2027-03-30,33000.0,PE,8415.45,9357.41,22620.45,0,0,65
2026-09-30,IDO,2028-12-26,22500.0,PE,218.8,810.01,22620.45,0,0,65
2026-09-30,IDO,2028-12-26,30000.0,PE,3500.0,4385.42,22620.45,325,0,65
2026-09-30,IDO,2029-06-26,22500.0,PE,224.45,795.84,22620.45,0,0,65
2026-09-30,IDO,2029-06-26,26000.0,PE,1650.0,1956.05,22620.45,50,0,65
2026-09-30,IDO,2029-12-24,19500.0,PE,61.2,278.02,22620.45,0,0,65
2026-09-30,IDO,2030-12-31,27000.0,PE,779.5,1914.03,22620.45,0,0,65
2026-09-30,IDO,2030-12-31,33000.0,PE,2387.3,4553.53,22620.45,0,0,65
2026-09-30,IDO,2026-10-06,21700.0,CE,953.9,953.9,22620.45,1300,24,65
2026-09-30,IDO,2026-10-06,22050.0,CE,609.3,609.3,22620.45,5460,232,65
2026-09-30,IDO,2026-10-06,23200.0,CE,12.35,12.35,22620.45,7324070,1068216,65
2026-09-30,IDO,2026-10-06,23850.0,CE,2.15,2.15,22620.45,659685,81866,65
2026-09-30,IDO,2026-10-06,25700.0,CE,0.5,0.5,22620.45,181610,6867,65
2026-09-30,IDO,2026-10-13,20700.0,CE,3051.15,1964.27,22620.45,0,0,65
2026-09-30,IDO,2026-10-13,20900.0,CE,2853.0,1765.13,22620.45,0,0,65
2026-09-30,IDO,2026-10-13,21900.0,CE,1879.7,807.92,22620.45,0,0,65
2026-09-30,IDO,2026-10-13,22150.0,CE,1647.3,601.7,22620.45,0,0,65
2026-09-30,IDO,2026-10-13,22450.0,CE,349.25,349.25,22620.45,5980,292,65
2026-09-30,IDO,2026-10-13,23050.0,CE,73.85,73.85,22620.45,245375,11062,65
2026-09-30,IDO,2026-10-13,23500.0,CE,17.85,17.85,22620.45,1222000,48092,65
2026-09-30,IDO,2026-10-19,21150.0,CE,2094.65,1543.38,22620.45,0,0,65
2026-09-30,IDO,2026-10-19,21700.0,CE,1575.5,1029.31,22620.45,0,0,65
2026-09-30,IDO,2026-10-19,23100.0,CE,101.05,101.05,22620.45,26325,935,65
2026-09-30,IDO,2026-10-19,24350.0,CE,8.85,8.85,22620.45,2665,14,65
2026-09-30,IDO,2026-10-19,24950.0,CE,3.15,1.17,22620.45,650,76,65
2026-09-30,IDO,2026-10-27,20850.0,CE,3471.7,1869.73,22620.45,0,0,65
2026-09-30,IDO,2026-10-27,21500.0,CE,1247.2,1247.2,22620.45,393055,1444,65
2026-09-30,IDO,2026-10-27,22000.0,CE,805.25,805.25,22620.45,1074710,5956,65
2026-09-30,IDO,2026-10-27,22250.0,CE,603.3,603.3,22620.45,17745,92,65
2026-09-30,IDO,2026-10-27,22450.0,CE,467.45,467.45,22620.45,7930,99,65
2026-09-30,IDO,2026-10-27,22750.0,CE,289.55,289.55,22620.45,121030,6773,65
2026-09-30,IDO,2026-10-27,23150.0,CE,128.15,128.15,22620.45,95030,2497,65
2026-09-30,IDO,2026-10-27,24550.0,CE,9.1,9.1,22620.45,92040,1485,65
2026-09-30,IDO,2026-10-27,25200.0,CE,4.55,4.55,22620.45,163670,2098,65
2026-09-30,IDO,2026-10-27,26250.0,CE,2.45,0.11,22620.45,2015,0,65
2026-09-30,IDO,2026-10-27,26350.0,CE,8.0,0.08,22620.45,520,0,65
2026-09-30,IDO,2026-11-03,21400.0,CE,2094.4,1398.58,22620.45,0,0,65
2026-09-30,IDO,2026-11-03,21650.0,CE,1859.6,1182.7,22620.45,0,0,65
2026-09-30,IDO,2026-11-03,21750.0,CE,1767.5,1100.15,22620.45,0,0,65
2026-09-30,IDO,2026-11-03,22550.0,CE,471.6,544.13,22620.45,65,1,65
2026-09-30,IDO,2026-11-03,22850.0,CE,294.4,294.4,22620.45,1755,20,65
2026-09-30,IDO,2026-11-03,22900.0,CE,272.2,272.2,22620.45,4485,128,65
2026-09-30,IDO,2026-11-03,24900.0,CE,9.65,14.05,22620.45,1430,23,65
2026-09-30,IDO,2026-11-03,25050.0,CE,11.35,10.18,22620.45,1885,0,65
2026-09-30,IDO,2026-11-23,22650.0,CE,533.95,533.95,22620.45,2015,41,65
2026-09-30,IDO,2026-11-23,23000.0,CE,348.75,348.75,22620.45,765115,8262,65
2026-09-30,IDO,2026-11-23,23850.0,CE,95.05,95.05,22620.45,11180,210,65
2026-09-30,IDO,2026-11-23,24950.0,CE,670.25,47.21,22620.45,0,0,65
2026-09-30,IDO,2026-11-23,25950.0,CE,10.7,9.63,22620.45,1495,23,65
2026-09-30,IDO,2026-11-23,26000.0,CE,9.8,9.8,22620.45,423410,2105,65
2026-09-30,IDO,2026-12-29,18000.0,CE,4844.1,4844.1,22620.45,12805,150,65
2026-09-30,IDO,2026-12-29,21150.0,CE,1997.6,1928.12,22620.45,0,0,65
2026-09-30,IDO,2026-12-29,22350.0,CE,993.65,1052.54,22620.45,715,11,65
2026-09-30,IDO,2026-12-29,22400.0,CE,892.4,892.4,22620.45,650,14,65
2026-09-30,IDO,2026-12-29,23350.0,CE,369.3,369.3,22620.45,910,19,65
2026-09-30,IDO,2026-12-29,34500.0,CE,1.35,1.35,22620.45,1235,2,65
2026-09-30,IDO,2027-03-30,22500.0,CE,1283.2,1283.2,22620.45,274105,2348,65
2026-09-30,IDO,2028-12-26,16500.0,CE,12176.65,8352.98,22620.45,0,0,65
2026-09-30,IDO,2029-06-26,27000.0,CE,6570.4,2331.79,22620.45,0,0,65
2026-09-30,IDO,2029-12-24,25500.0,CE,6500.6,3498.0,22620.45,0,0,65
2026-09-30,IDO,2029-12-24,30000.0,CE,1599.8,1860.01,22620.45,11005,1,65
2026-09-30,IDO,2030-12-31,21000.0,CE,10552.5,7058.23,22620.45,0,0,65
2026-09-30,IDO,2031-06-24,27000.0,CE,5699.0,4417.25,22620.45,0,0,65
2026-09-30,IDO,2026-10-06,21550.0,PE,3.4,3.4,22620.45,283335,65651,65
2026-09-30,IDO,2026-10-06,21650.0,PE,4.15,4.15,22620.45,544375,86518,65
2026-09-30,IDO,2026-10-06,21750.0,PE,5.3,5.3,22620.45,618410,150750,65
2026-09-30,IDO,2026-10-06,22500.0,PE,77.5,77.5,22620.45,6628375,2063409,65
2026-09-30,IDO,2026-10-06,22650.0,PE,137.5,137.5,22620.45,1935310,2445565,65
2026-09-30,IDO,2026-10-06,22800.0,PE,224.7,224.7,22620.45,3424525,2201571,65
2026-09-30,IDO,2026-10-06,23050.0,PE,425.0,425.0,22620.45,509990,25239,65
2026-09-30,IDO,2026-10-06,23900.0,PE,1245.15,1245.15,22620.45,119860,321,65
2026-09-30,IDO,2026-10-06,24400.0,PE,1745.0,1745.0,22620.45,67015,21,65
2026-09-30,IDO,2026-10-06,24700.0,PE,1920.0,2055.53,22620.45,2665,0,65
2026-09-30,IDO,2026-10-06,25000.0,PE,2339.4,2339.4,22620.45,114855,349,65
2026-09-30,IDO,2026-10-06,25050.0,PE,1932.0,2405.18,22620.45,65,0,65
2026-09-30,IDO,2026-10-06,25750.0,PE,2830.0,3104.5,22620.45,130,0,65
2026-09-30,IDO,2026-10-13,20500.0,PE,4.8,4.8,22620.45,1478620,41610,65
2026-09-30,IDO,2026-10-13,22300.0,PE,89.3,89.3,22620.45,365820,24542,65
2026-09-30,IDO,2026-10-13,22400.0,PE,113.95,113.95,22620.45,473005,28377,65
2026-09-30,IDO,2026-10-13,22600.0,PE,182.2,182.2,22620.45,471055,30555,65
2026-09-30,IDO,2026-10-13,22700.0,PE,226.65,226.65,22620.45,1562340,66812,65
2026-09-30,IDO,2026-10-13,22850.0,PE,309.65,309.65,22620.45,271700,9120,65
2026-09-30,IDO,2026-10-13,23500.0,PE,841.45,841.45,22620.45,145600,692,65
2026-09-30,IDO,2026-10-13,24150.0,PE,1248.0,1483.03,22620.45,520,0,65
2026-09-30,IDO,2026-10-13,24700.0,PE,1075.5,2027.95,22620.45,0,0,65
2026-09-30,IDO,2026-10-13,24850.0,PE,1184.15,2177.42,22620.45,195,0,65
2026-09-30,IDO,2026-10-19,20650.0,PE,2.6,1.13,22620.45,0,0,65
2026-09-30,IDO,2026-10-19,20950.0,PE,12.0,3.81,22620.45,195,19,65
2026-09-30,IDO,2026-10-19,21400.0,PE,24.1,24.1,22620.45,20345,531,65
2026-09-30,IDO,2026-10-19,22000.0,PE,68.85,68.85,22620.45,113230,2942,65
2026-09-30,IDO,2026-10-19,22250.0,PE,108.9,108.9,22620.45,16055,487,65
2026-09-30,IDO,2026-10-19,22400.0,PE,151.55,151.55,22620.45,27105,743,65
2026-09-30,IDO,2026-10-19,22750.0,PE,289.85,289.85,22620.45,13260,572,65
2026-09-30,IDO,2026-10-19,23200.0,PE,589.35,589.35,22620.45,16965,114,65
2026-09-30,IDO,2026-10-19,23650.0,PE,958.1,1009.35,22620.45,1040,9,65
2026-09-30,IDO,2026-10-27,20650.0,PE,16.1,16.1,22620.45,7865,215,65
2026-09-30,IDO,2026-10-27,20800.0,PE,20.3,20.3,22620.45,220350,4335,65
2026-09-30,IDO,2026-10-27,20900.0,PE,22.5,22.5,22620.45,57070,2348,65
2026-09-30,IDO,2026-10-27,21000.0,PE,25.25,25.25,22620.45,1168960,30142,65
2026-09-30,IDO,2026-10-27,22050.0,PE,107.55,107.55,22620.45,76375,1252,65
2026-09-30,IDO,2026-10-27,22200.0,PE,135.5,135.5,22620.45,837850,22053,65
2026-09-30,IDO,2026-10-27,23100.0,PE,521.15,521.15,22620.45,1734850,5719,65
2026-09-30,IDO,2026-10-27,23450.0,PE,788.5,788.5,22620.45,50895,218,65
2026-09-30,IDO,2026-10-27,24300.0,PE,1583.05,1583.05,22620.45,232050,163,65
2026-09-30,IDO,2026-10-27,24800.0,PE,2045.0,2079.18,22620.45,317330,59,65
2026-09-30,IDO,2026-10-27,24850.0,PE,2100.0,2128.01,22620.45,1560,0,65
2026-09-30,IDO,2026-10-27,25000.0,PE,2262.45,2262.45,22620.45,2234635,1860,65
2026-09-30,IDO,2026-10-27,25200.0,PE,2430.0,2472.22,22620.45,34450,11,65
2026-09-30,IDO,2026-10-27,25600.0,PE,2735.0,2868.57,22620.45,9555,1,65
2026-09-30,IDO,2026-10-27,26000.0,PE,3262.4,3262.4,22620.45,1886885,1053,65
2026-09-30,IDO,2026-10-27,26600.0,PE,3700.0,3863.35,22620.45,455,0,65
2026-09-30,IDO,2026-11-03,20550.0,PE,2.35,6.67,22620.45,0,0,65
2026-09-30,IDO,2026-11-03,22000.0,PE,120.05,120.05,22620.45,14365,314,65
2026-09-30,IDO,2026-11-03,22600.0,PE,283.25,283.25,22620.45,9360,243,65
2026-09-30,IDO,2026-11-03,22800.0,PE,367.6,367.6,22620.45,7800,99,65
2026-09-30,IDO,2026-11-03,23250.0,PE,567.45,730.69,22620.45,455,2,65
2026-09-30,IDO,2026-11-03,24400.0,PE,1082.55,1673.63,22620.45,0,0,65
2026-09-30,IDO,2026-11-03,24850.0,PE,1448.0,2098.59,22620.45,0,0,65
2026-09-30,IDO,2026-11-03,25200.0,PE,1756.2,2438.23,22620.45,0,0,65
2026-09-30,IDO,2026-11-23,20800.0,PE,52.35,52.35,22620.45,22490,309,65
2026-09-30,IDO,2026-11-23,22450.0,PE,277.4,277.4,22620.45,21515,387,65
2026-09-30,IDO,2026-11-23,22950.0,PE,486.8,486.8,22620.45,7475,162,65
2026-09-30,IDO,2026-11-23,23950.0,PE,1067.5,1281.08,22620.45,1040,0,65
2026-09-30,IDO,2026-11-23,24100.0,PE,1135.0,1400.88,22620.45,10270,1,65
2026-09-30,IDO,2026-11-23,24550.0,PE,1567.5,1782.52,22620.45,195,10,65
2026-09-30,IDO,2026-11-23,25250.0,PE,1090.7,2423.61,22620.45,0,0,65
2026-09-30,IDO,2026-11-23,26100.0,PE,1675.5,3242.92,22620.45,0,0,65
2026-09-30,IDO,2026-12-29,12000.0,PE,5.8,5.8,22620.45,21075,51,65
2026-09-30,IDO,2026-12-29,21750.0,PE,235.75,249.98,22620.45,0,0,65
2026-09-30,IDO,2026-12-29,22400.0,PE,318.05,318.05,22620.45,3185,107,65
2026-09-30,IDO,2026-12-29,22450.0,PE,333.05,333.05,22620.45,1885,54,65
2026-09-30,IDO,2026-12-29,23050.0,PE,545.2,747.9,22620.45,4615,87,65
2026-09-30,IDO,2026-12-29,23900.0,PE,1063.75,1267.52,22620.45,1365,27,65
2026-09-30,IDO,2027-06-29,33000.0,PE,4691.7,8863.93,22620.45,0,0,65
2026-09-30,IDO,2026-10-27,22800.0,CE,264.65,264.65,22620.45,1941875,58967,65
2026-09-30,IDO,2026-10-27,21550.0,CE,2819.8,1215.4,22620.45,0,0,65
2026-09-30,IDO,2026-10-27,21200.0,CE,1750.0,1534.84,22620.45,65,0,65
2026-09-30,IDO,2026-10-27,20900.0,CE,1980.0,1821.26,22620.45,65,0,65
2026-09-30,IDO,2026-10-27,20550.0,CE,3758.6,2163.4,22620.45,0,0,65
2026-09-30,IDO,2026-10-19,24300.0,CE,112.45,9.54,22620.45,0,0,65
2026-09-30,IDO,2026-10-19,23550.0,CE,31.2,31.2,22620.45,15145,215,65
2026-09-30,IDO,2026-10-19,23250.0,CE,69.8,69.8,22620.45,10855,321,65
2026-09-30,IDO,2026-10-19,22800.0,CE,211.0,211.0,22620.45,82160,3620,65
2026-09-30,IDO,2026-10-19,22650.0,CE,284.15,284.15,22620.45,8320,370,65
2026-09-30,IDO,2026-10-19,22050.0,CE,1266.05,737.02,22620.45,0,0,65
2026-09-30,IDO,2026-10-19,21850.0,CE,1032.85,899.51,22620.45,65,0,65
2026-09-30,IDO,2026-10-13,24600.0,CE,2.1,2.1,22620.45,325000,10447,65
2026-09-30,IDO,2026-10-13,24500.0,CE,2.75,2.75,22620.45,700180,19472,65
2026-09-30,IDO,2031-06-24,28500.0,PE,2104.2,2294.53,22620.45,0,0,65
2026-09-30,IDO,2031-06-24,25500.0,PE,1262.85,1349.28,22620.45,0,0,65
2026-09-30,IDO,2031-06-24,24000.0,PE,933.85,982.55,22620.45,65,0,65
2026-09-30,IDO,2030-12-31,30000.0,PE,1450.1,3097.51,22620.45,0,0,65
2026-09-30,IDO,2028-12-26,22000.0,PE,640.0,640.0,22620.45,10515,8,65
2026-09-30,IDO,2028-06-27,28500.0,PE,1560.85,3776.02,22620.45,0,0,65
2026-09-30,IDO,2027-12-28,20000.0,PE,248.95,248.95,22620.45,80955,241,65
2026-09-30,IDO,2027-12-28,19000.0,PE,150.2,150.2,22620.45,36305,115,65
2026-09-30,IDO,2027-12-28,18000.0,PE,120.55,120.55,22620.45,26740,70,65
2026-09-30,IDO,2027-09-28,24000.0,PE,1386.25,1378.8,22620.45,0,0,65
2026-09-30,IDO,2026-10-19,24700.0,PE,1505.1,2006.29,22620.45,0,0,65
2026-09-30,IDO,2026-10-19,25150.0,PE,1919.85,2452.73,22620.45,0,0,65
2026-09-30,IDO,2026-10-27,21450.0,PE,43.95,43.95,22620.45,19825,372,65
2026-09-30,IDO,2026-10-27,21750.0,PE,66.2,66.2,22620.45,38480,1217,65
2026-09-30,IDO,2026-10-27,22400.0,PE,188.55,188.55,22620.45,491335,12709,65
2026-09-30,IDO,2026-10-27,24100.0,PE,1390.5,1390.5,22620.45,223210,290,65
2026-09-30,IDO,2026-10-27,24150.0,PE,1418.2,1459.8,22620.45,15990,41,65
2026-09-30,IDO,2026-10-27,25050.0,PE,2145.0,2324.28,22620.45,325,0,65
2026-09-30,IDO,2026-10-27,25250.0,PE,2249.0,2521.64,22620.45,260,0,65
2026-09-30,IDO,2026-10-27,26100.0,PE,3200.0,3365.69,22620.45,195,0,65
2026-09-30,IDO,2026-10-27,26900.0,PE,3583.15,4162.02,22620.45,1430,0,65
2026-09-30,IDO,2026-11-03,20800.0,PE,37.0,13.05,22620.45,650,0,65
2026-09-30,IDO,2026-11-03,21000.0,PE,33.55,33.55,22620.45,3965,110,65
2026-09-30,IDO,2026-12-29,23350.0,PE,639.3,914.51,22620.45,910,15,65
2026-09-30,IDO,2026-11-23,23300.0,PE,680.35,680.35,22620.45,54860,198,65
2026-09-30,IDO,2026-11-23,23200.0,PE,623.65,623.65,22620.45,173550,443,65
2026-09-30,IDO,2026-11-03,22050.0,PE,132.0,168.48,22620.45,1560,17,65
2026-09-30,IDO,2026-11-03,22350.0,PE,195.25,261.2,22620.45,2535,48,65
2026-09-30,IDO,2026-10-06,21950.0,CE,707.5,707.5,22620.45,780,22,65
2026-09-30,IDO,2026-10-06,21250.0,CE,2930.15,1391.23,22620.45,0,0,65
2026-09-30,IDO,2026-10-27,21400.0,CE,1440.0,1349.82,22620.45,1690,1,65
2026-09-30,IDO,2026-11-03,21450.0,CE,2046.95,1354.42,22620.45,0,0,65
2026-09-30,IDO,2026-11-23,21250.0,CE,3422.3,1647.45,22620.45,0,0,65
2026-09-30,IDO,2026-11-23,23500.0,CE,169.0,169.0,22620.45,908245,10533,65
2026-09-30,IDO,2026-11-23,23800.0,CE,103.45,103.45,22620.45,224900,3275,65
2026-09-30,IDO,2026-12-29,21550.0,CE,1673.2,1607.72,22620.45,0,0,65
2026-09-30,IDO,2026-12-29,21850.0,CE,1386.5,1385.76,22620.45,390,6,65
2026-09-30,IDO,2026-12-29,23250.0,CE,411.0,411.0,22620.45,975,17,65
2026-09-30,IDO,2026-12-29,31500.0,CE,4.65,0.01,22620.45,33085,5,65
2026-09-30,IDO,2027-03-30,24000.0,CE,485.9,485.9,22620.45,740870,4336,65
2026-09-30,IDO,2026-10-06,25600.0,PE,2443.05,2954.65,22620.45,130,0,65
2026-09-30,IDO,2026-10-13,25350.0,PE,1628.0,2676.17,22620.45,0,0,65
2026-09-30,IDO,2026-10-19,20850.0,PE,4.65,2.59,22620.45,0,0,65
2026-09-30,IDO,2026-10-19,21800.0,PE,46.6,46.6,22620.45,37310,1254,65
2026-09-30,IDO,2026-10-19,22700.0,PE,262.3,262.3,22620.45,67925,1948,65
2026-09-30,IDO,2026-11-23,23250.0,PE,651.85,651.85,22620.45,13585,275,65
2026-09-30,IDO,2026-11-23,25450.0,PE,1217.0,2613.64,22620.45,0,0,65
2026-09-30,IDO,2026-12-29,21950.0,PE,287.05,302.86,22620.45,0,0,65
2026-09-30,IDO,2026-12-29,23700.0,PE,918.8,1132.37,22620.45,1690,29,65
2026-09-30,IDO,2026-10-06,25450.0,CE,0.65,0.65,22620.45,10660,480,65
2026-09-30,IDO,2026-10-13,21800.0,CE,1974.5,896.43,22620.45,0,0,65
2026-09-30,IDO,2026-10-06,24550.0,CE,0.9,0.9,22620.45,286845,30620,65
2026-09-30,IDO,2026-10-13,21550.0,PE,15.5,15.5,22620.45,52975,2834,65
2026-09-30,IDO,2026-10-13,22500.0,PE,144.95,144.95,22620.45,605930,43141,65
2026-09-30,IDO,2026-10-13,22550.0,PE,162.95,162.95,22620.45,63310,7138,65
2026-09-30,IDO,2026-10-13,24250.0,PE,1053.4,1581.42,22620.45,195,0,65
2026-09-30,IDO,2026-10-19,22500.0,PE,182.55,182.55,22620.45,54795,2230,65
2026-09-30,IDO,2026-10-19,22950.0,PE,392.7,473.93,22620.45,6435,35,65
2026-09-30,IDO,2026-10-19,23750.0,PE,746.7,1097.95,22620.45,0,0,65
2026-09-30,IDO,2026-10-19,24450.0,PE,1286.65,1760.41,22620.45,0,0,65
2026-09-30,IDO,2026-10-06,21500.0,PE,3.2,3.2,22620.45,5457530,429339,65
2026-09-30,IDO,2026-10-06,21000.0,PE,1.65,1.65,22620.45,3398785,185150,65
2026-09-30,IDO,2026-10-06,20850.0,PE,1.4,1.4,22620.45,85410,18324,65
2026-09-30,IDO,2030-12-31,33000.0,CE,3948.25,1986.98,22620.45,0,0,65
2026-09-30,IDO,2029-12-24,27000.0,CE,6201.65,2859.79,22620.45,0,0,65
2026-09-30,IDO,2029-06-26,24000.0,CE,8085.35,3669.27,22620.45,0,0,65
2026-09-30,IDO,2028-12-26,33000.0,CE,2477.5,510.76,22620.45,0,0,65
2026-09-30,IDO,2028-12-26,19500.0,CE,9716.4,5954.42,22620.45,0,0,65
2026-09-30,IDO,2028-06-27,21000.0,CE,5226.55,4266.35,22620.45,0,0,65
2026-09-30,IDO,2027-09-28,28500.0,CE,291.55,288.14,22620.45,0,0,65
2026-09-30,IDO,2027-09-28,27000.0,CE,529.1,523.91,22620.45,0,0,65
2026-09-30,IDO,2027-09-28,25500.0,CE,908.35,900.85,22620.45,0,0,65
2026-09-30,IDO,2027-09-28,18000.0,CE,5788.3,5761.64,22620.45,0,0,65
2026-09-30,IDO,2027-06-29,18000.0,CE,4066.45,5474.49,22620.45,0,0,65
2026-09-30,IDO,2026-10-19,25200.0,PE,1967.2,2502.48,22620.45,0,0,65
2026-09-30,IDO,2026-10-27,20550.0,PE,16.35,16.35,22620.45,12350,468,65
2026-09-30,IDO,2026-10-27,21250.0,PE,34.1,34.1,22620.45,13650,498,65
2026-09-30,IDO,2026-10-27,21350.0,PE,38.3,38.3,22620.45,324285,2577,65
2026-09-30,IDO,2026-10-27,21500.0,PE,45.65,45.65,22620.45,2090140,31903,65
2026-09-30,IDO,2026-10-27,21650.0,PE,57.0,57.0,22620.45,56290,2581,65
2026-09-30,IDO,2026-10-27,21800.0,PE,71.55,71.55,22620.45,679770,17476,65
2026-09-30,IDO,2026-10-27,22350.0,PE,173.6,173.6,22620.45,57980,1412,65
2026-09-30,IDO,2026-10-27,22450.0,PE,203.4,203.4,22620.45,74945,1720,65
2026-09-30,IDO,2026-10-27,23250.0,PE,633.55,633.55,22620.45,65390,141,65
2026-09-30,IDO,2026-12-29,30000.0,CE,5.9,5.9,22620.45,799880,807,65
2026-09-30,IDO,2026-10-27,23900.0,PE,1195.9,1195.9,22620.45,226850,474,65
2026-09-30,IDO,2026-10-27,24050.0,PE,1348.8,1368.48,22620.45,4355,17,65
2026-09-30,IDO,2026-10-27,24250.0,PE,1537.2,1552.49,22620.45,12870,11,65
2026-09-30,IDO,2026-10-27,25300.0,PE,2500.0,2571.11,22620.45,10465,7,65
2026-09-30,IDO,2026-10-27,26300.0,PE,3500.0,3564.72,22620.45,34970,3,65
2026-09-30,IDO,2026-10-27,27000.0,PE,4236.6,4236.6,22620.45,942955,443,65
2026-09-30,IDO,2026-11-03,20650.0,PE,3.1,8.78,22620.45,0,0,65
2026-09-30,IDO,2026-11-03,20900.0,PE,32.0,16.79,22620.45,1300,2,65
2026-09-30,IDO,2026-11-03,20950.0,PE,27.3,18.98,22620.45,1105,0,65
2026-09-30,IDO,2026-11-03,21150.0,PE,11.1,30.32,22620.45,0,0,65
2026-09-30,IDO,2026-11-03,22450.0,PE,217.8,299.18,22620.45,2795,53,65
2026-09-30,IDO,2026-11-03,22750.0,PE,349.45,349.45,22620.45,5915,95,65
2026-09-30,IDO,2026-11-03,23000.0,PE,474.15,474.15,22620.45,5720,137,65
2026-09-30,IDO,2026-11-03,23650.0,PE,463.5,1025.07,22620.45,195,0,65
2026-09-30,IDO,2026-11-03,23750.0,PE,639.9,1105.25,22620.45,0,0,65
2026-09-30,IDO,2026-11-03,24000.0,PE,788.3,1315.24,22620.45,65,0,65
2026-09-30,IDO,2026-11-03,24600.0,PE,1240.0,1860.35,22620.45,0,0,65
2026-09-30,IDO,2026-11-03,24650.0,PE,1280.65,1907.62,22620.45,0,0,65
2026-09-30,IDO,2026-11-23,21200.0,PE,73.4,73.4,22620.45,41665,423,65
2026-09-30,IDO,2026-11-23,21250.0,PE,22.05,78.3,22620.45,0,0,65
2026-09-30,IDO,2026-11-23,21450.0,PE,90.3,106.52,22620.45,260,6,65
2026-09-30,IDO,2026-12-29,24000.0,CE,173.1,173.1,22620.45,3181195,27355,65
2026-09-30,IDO,2026-12-29,23650.0,CE,263.75,263.75,22620.45,2535,44,65
2026-09-30,IDO,2026-12-29,23550.0,CE,297.65,472.32,22620.45,3510,62,65
2026-09-30,IDO,2026-12-29,21900.0,CE,1277.5,1349.31,22620.45,1365,21,65
2026-09-30,IDO,2026-12-29,21500.0,CE,1581.55,1581.55,22620.45,975,20,65
2026-09-30,IDO,2026-12-29,15000.0,CE,5977.65,7853.48,22620.45,0,0,65
2026-09-30,IDO,2026-11-23,26100.0,CE,9.4,9.4,22620.45,12220,113,65
2026-09-30,IDO,2026-11-23,25800.0,CE,10.8,12.44,22620.45,715,10,65
2026-09-30,IDO,2026-11-23,25750.0,CE,10.8,10.8,22620.45,390,15,65
2026-09-30,IDO,2026-11-23,22200.0,PE,209.95,209.95,22620.45,197080,1760,65
2026-09-30,IDO,2026-11-23,22550.0,PE,313.4,313.4,22620.45,4940,74,65
2026-09-30,IDO,2026-11-23,23050.0,PE,541.75,541.75,22620.45,5590,34,65
2026-09-30,IDO,2026-11-23,23150.0,PE,585.95,585.95,22620.45,129350,31,65
2026-09-30,IDO,2026-11-23,23400.0,PE,751.6,751.6,22620.45,94835,363,65
2026-09-30,IDO,2026-11-23,25200.0,PE,1060.25,2376.47,22620.45,0,0,65
2026-09-30,IDO,2026-11-23,25400.0,PE,2300.0,2565.93,22620.45,325,0,65
2026-09-30,IDO,2026-11-23,25950.0,PE,1562.8,3096.54,22620.45,0,0,65
2026-09-30,IDO,2026-12-29,21000.0,PE,101.0,101.0,22620.45,2218425,21549,65
2026-09-30,IDO,2026-12-29,21200.0,PE,98.0,136.94,22620.45,910,14,65
2026-09-30,IDO,2026-12-29,21350.0,PE,109.65,162.67,22620.45,260,4,65
2026-09-30,IDO,2026-12-29,21550.0,PE,148.25,202.48,22620.45,1170,19,65
2026-09-30,IDO,2026-12-29,22150.0,PE,216.4,364.75,22620.45,390,7,65
2026-09-30,IDO,2026-12-29,22900.0,PE,496.0,496.0,22620.45,3250,101,65
2026-09-30,IDO,2026-12-29,28000.0,PE,4881.75,4881.75,22620.45,1053215,333,65
2026-09-30,IDO,2026-12-29,31500.0,PE,4059.3,8390.19,22620.45,0,0,65
2026-09-30,IDO,2027-03-30,27000.0,PE,3465.9,3465.9,22620.45,64285,108,65
2026-09-30,IDO,2027-09-28,19500.0,PE,136.85,135.39,22620.45,0,0,65
2026-09-30,IDO,2027-12-28,16500.0,PE,52.05,14.75,22620.45,130,0,65
2026-09-30,IDO,2027-12-28,27000.0,PE,2604.25,2604.25,22620.45,59500,65,65
2026-09-30,IDO,2029-12-24,15000.0,PE,29.0,25.85,22620.45,65,0,65
2026-09-30,IDO,2030-06-25,15000.0,PE,29.65,31.08,22620.45,0,0,65
2026-09-30,IDO,2030-06-25,18000.0,PE,116.65,153.47,22620.45,0,0,65
2026-09-30,IDO,2026-11-23,25150.0,CE,588.45,35.11,22620.45,0,0,65
2026-09-30,IDO,2026-11-23,25100.0,CE,19.1,19.1,22620.45,40755,281,65
2026-09-30,IDO,2026-11-23,24550.0,CE,34.2,34.2,22620.45,8320,4,65
2026-09-30,IDO,2026-11-23,24350.0,CE,44.45,107.31,22620.45,18330,248,65
2026-09-30,IDO,2026-11-23,24050.0,CE,68.15,68.15,22620.45,11635,236,65
2026-09-30,IDO,2026-11-23,23250.0,CE,244.9,244.9,22620.45,20800,287,65
2026-09-30,IDO,2026-11-23,22600.0,CE,564.15,564.15,22620.45,28665,617,65
2026-09-30,IDO,2026-11-23,22100.0,CE,913.4,913.4,22620.45,975,12,65
2026-09-30,IDO,2026-11-23,21650.0,CE,3045.65,1314.98,22620.45,0,0,65
2026-09-30,IDO,2026-11-03,24450.0,CE,166.6,34.57,22620.45,0,0,65
2026-09-30,IDO,2026-11-03,24300.0,CE,201.5,45.69,22620.45,0,0,65
2026-09-30,IDO,2030-06-25,22500.0,PE,223.75,746.45,22620.45,0,0,65
2026-09-30,IDO,2030-06-25,27000.0,PE,1286.05,2064.54,22620.45,0,0,65
2026-09-30,IDO,2030-06-25,30000.0,PE,2100.85,3370.68,22620.45,0,0,65
2026-09-30,IDO,2030-12-31,18000.0,PE,32.3,159.03,22620.45,0,0,65
2026-09-30,IDO,2031-06-24,16500.0,PE,95.65,84.39,22620.45,0,0,65
2026-09-30,IDO,2026-11-03,23600.0,CE,70.7,70.7,22620.45,12805,234,65
2026-09-30,IDO,2026-11-03,23350.0,CE,115.0,115.0,22620.45,2275,8,65
2026-09-30,IDO,2026-11-03,23250.0,CE,141.75,141.75,22620.45,3575,40,65
2026-09-30,IDO,2026-11-03,22800.0,CE,319.15,319.15,22620.45,4615,210,65
2026-09-30,IDO,2026-11-03,22750.0,CE,343.85,343.85,22620.45,1560,48,65
2026-09-30,IDO,2026-11-03,22500.0,CE,488.0,488.0,22620.45,715,16,65
2026-09-30,IDO,2026-11-03,20500.0,CE,2970.65,2247.14,22620.45,0,0,65
2026-09-30,IDO,2026-10-27,27150.0,CE,1.0,0.0,22620.45,2210,0,65
2026-09-30,IDO,2026-10-27,27050.0,CE,1.05,1.05,22620.45,10075,108,65
2026-09-30,IDO,2026-10-27,25900.0,CE,2.35,2.35,22620.45,17810,527,65
2026-09-30,IDO,2026-10-27,25700.0,CE,2.8,2.8,22620.45,48490,714,65
2026-09-30,IDO,2026-10-27,25550.0,CE,3.35,1.02,22620.45,1365,0,65
2026-09-30,IDO,2026-10-27,24900.0,CE,6.0,6.0,22620.45,208845,2445,65
2026-09-30,IDO,2026-10-27,24450.0,CE,10.1,10.1,22620.45,94380,1197,65
2026-09-30,IDO,2026-10-27,24400.0,CE,10.9,10.9,22620.45,383110,6130,65
2026-09-30,IDO,2026-10-27,24000.0,CE,20.3,20.3,22620.45,6318650,75604,65
2026-09-30,IDO,2026-10-27,22850.0,CE,239.6,239.6,22620.45,129870,7430,65
2026-09-30,IDO,2026-10-27,22700.0,CE,316.25,316.25,22620.45,1509105,47709,65
2026-09-30,IDO,2026-10-27,22600.0,CE,372.9,372.9,22620.45,717600,20170,65
2026-09-30,IDO,2026-10-27,22400.0,CE,501.15,501.15,22620.45,48425,1042,65
2026-09-30,IDO,2026-10-27,22300.0,CE,571.4,571.4,22620.45,92950,2172,65
2026-09-30,IDO,2026-10-27,22150.0,CE,685.25,685.25,22620.45,2470,14,65
2026-09-30,IDO,2026-10-27,21000.0,CE,1724.65,1724.65,22620.45,264485,1029,65
2026-09-30,IDO,2026-10-27,20750.0,CE,3566.95,1967.14,22620.45,0,0,65
2026-09-30,IDO,2026-10-19,25200.0,CE,2.4,2.4,22620.45,4680,68,65
2026-09-30,IDO,2026-10-19,25150.0,CE,1.95,1.95,22620.45,650,16,65
2026-09-30,IDO,2026-10-19,25100.0,CE,2.05,0.68,22620.45,1430,0,65
2026-09-30,IDO,2026-10-19,25050.0,CE,3.2,0.82,22620.45,780,0,65
2026-09-30,IDO,2026-10-19,24700.0,CE,4.05,4.05,22620.45,2600,66,65
2026-09-30,IDO,2026-10-19,24500.0,CE,5.5,5.5,22620.45,57265,998,65
2026-09-30,IDO,2026-10-19,24000.0,CE,11.75,11.75,22620.45,187590,3793,65
2026-09-30,IDO,2026-10-19,23850.0,CE,14.9,14.9,22620.45,15535,127,65
2026-09-30,IDO,2026-10-19,23800.0,CE,17.35,17.35,22620.45,95225,3123,65
2026-09-30,IDO,2026-10-19,23700.0,CE,22.05,22.05,22620.45,80210,1957,65
2026-09-30,IDO,2026-10-19,23650.0,CE,24.1,24.1,22620.45,10985,183,65
2026-09-30,IDO,2026-10-19,23600.0,CE,27.1,27.1,22620.45,112385,1873,65
2026-09-30,IDO,2026-10-19,23400.0,CE,45.1,45.1,22620.45,58695,1149,65
2026-09-30,IDO,2026-10-13,25100.0,CE,1.3,1.3,22620.45,10790,275,65
2026-09-30,IDO,2026-10-13,24100.0,CE,4.8,4.8,22620.45,152295,6445,65
2026-09-30,IDO,2026-10-13,23350.0,CE,28.75,28.75,22620.45,162955,8642,65
2026-09-30,IDO,2026-10-13,23150.0,CE,54.35,54.35,22620.45,144755,9263,65
2026-09-30,IDO,2026-10-13,22600.0,CE,255.2,255.2,22620.45,350350,17088,65
2026-09-30,IDO,2026-10-13,22350.0,CE,423.1,423.1,22620.45,2080,53,65
2026-09-30,IDO,2026-10-13,21700.0,CE,2070.15,987.6,22620.45,0,0,65
2026-09-30,IDO,2026-10-13,21600.0,CE,2166.5,1080.94,22620.45,0,0,65
2026-09-30,IDO,2026-10-06,25300.0,CE,0.6,0.6,22620.45,432120,7249,65
2026-09-30,IDO,2026-10-06,25200.0,CE,0.65,0.65,22620.45,282360,16717,65
2026-09-30,IDO,2026-10-06,24950.0,CE,0.75,0.75,22620.45,34190,1359,65
2026-09-30,IDO,2026-10-06,24850.0,CE,0.75,0.75,22620.45,63310,5585,65
2026-09-30,IDO,2026-10-06,24650.0,CE,0.85,0.85,22620.45,158145,14861,65
2026-09-30,IDO,2026-10-06,24500.0,CE,0.95,0.95,22620.45,6556355,292448,65
2026-09-30,IDO,2026-10-06,24200.0,CE,1.3,1.3,22620.45,3293420,135988,65
2026-09-30,IDO,2026-10-06,24100.0,CE,1.5,1.5,22620.45,2337660,143381,65
2026-09-30,IDO,2026-10-06,23350.0,CE,7.15,7.15,22620.45,1777035,382083,65
2026-09-30,IDO,2026-10-06,23100.0,CE,19.25,19.25,22620.45,5597020,1047116,65
2026-09-30,IDO,2026-10-06,22750.0,CE,92.35,92.35,22620.45,3982875,2297193,65
2026-09-30,IDO,2026-10-06,22200.0,CE,472.1,472.1,22620.45,125125,6189,65
2026-09-30,IDO,2026-10-06,20700.0,CE,3475.65,1940.58,22620.45,0,0,65
2026-09-30,IDO,2031-06-24,27000.0,PE,1653.15,1786.4,22620.45,0,0,65
2026-09-30,IDO,2029-12-24,28500.0,PE,1255.9,2902.5,22620.45,0,0,65
2026-09-30,IDO,2029-12-24,27000.0,PE,1177.9,2224.66,22620.45,0,0,65
2026-09-30,IDO,2029-12-24,22500.0,PE,225.7,773.67,22620.45,0,0,65
2026-09-30,IDO,2029-06-26,33000.0,PE,3022.85,5932.6,22620.45,0,0,65
2026-09-30,IDO,2029-06-26,28500.0,PE,1349.1,3152.78,22620.45,0,0,65
2026-09-30,IDO,2028-12-26,25500.0,PE,648.2,1871.7,22620.45,0,0,65
2026-09-30,IDO,2028-12-26,15000.0,PE,22.25,13.65,22620.45,0,0,65
2026-09-30,IDO,2028-06-27,24000.0,PE,680.05,1326.44,22620.45,65,0,65
2026-09-30,IDO,2027-12-28,21000.0,PE,363.65,363.65,22620.45,72995,267,65
2026-09-30,IDO,2027-12-28,17000.0,PE,72.55,24.03,22620.45,17775,0,65
2026-09-30,IDO,2027-06-29,25500.0,PE,667.15,2306.62,22620.45,0,0,65
2026-09-30,IDO,2027-06-29,21000.0,PE,234.6,234.6,22620.45,36255,236,65
2026-09-30,IDO,2026-12-29,22200.0,PE,265.55,265.55,22620.45,16835,575,65
2026-09-30,IDO,2026-12-29,21900.0,PE,202.9,202.9,22620.45,6825,155,65
2026-09-30,IDO,2026-12-29,21150.0,PE,112.15,129.1,22620.45,1365,23,65
2026-09-30,IDO,2026-11-23,25550.0,PE,1282.8,2709.44,22620.45,0,0,65
2026-09-30,IDO,2026-11-23,24800.0,PE,1972.85,1972.85,22620.45,5200,3,65
2026-09-30,IDO,2026-11-03,22100.0,CE,1456.1,831.9,22620.45,0,0,65
2026-09-30,IDO,2026-11-03,23450.0,CE,94.6,94.6,22620.45,3380,48,65
2026-09-30,IDO,2026-11-03,24200.0,CE,23.2,23.2,22620.45,3510,86,65
2026-09-30,IDO,2026-11-23,20700.0,CE,3951.1,2144.09,22620.45,0,0,65
2026-09-30,IDO,2026-11-23,20800.0,CE,3854.3,2051.19,22620.45,0,0,65
2026-09-30,IDO,2026-11-23,20850.0,CE,3805.95,2005.12,22620.45,0,0,65
2026-09-30,IDO,2026-11-23,20950.0,CE,3709.55,1913.79,22620.45,0,0,65
2026-09-30,IDO,2026-11-23,22000.0,CE,994.6,994.6,22620.45,66430,741,65
2026-09-30,IDO,2026-11-23,22400.0,CE,694.2,694.2,22620.45,3705,73,65
2026-09-30,IDO,2026-11-23,23350.0,CE,212.1,212.1,22620.45,15470,162,65
2026-09-30,IDO,2026-11-23,24150.0,CE,58.7,58.7,22620.45,16835,192,65
2026-09-30,IDO,2026-11-23,24500.0,CE,37.0,37.0,22620.45,760760,7644,65
2026-09-30,IDO,2026-12-29,21250.0,CE,1914.3,1845.72,22620.45,0,0,65
2026-09-30,IDO,2026-12-29,21800.0,CE,1340.0,1340.0,22620.45,585,10,65
2026-09-30,IDO,2026-12-29,22000.0,CE,1182.15,1182.15,22620.45,902170,2745,65
2026-09-30,IDO,2026-12-29,22850.0,CE,819.85,773.08,22620.45,0,0,65
2026-09-30,IDO,2026-12-29,23750.0,CE,235.15,235.15,22620.45,5460,113,65
2026-09-30,IDO,2026-12-29,23850.0,CE,404.1,374.01,22620.45,0,0,65
2026-09-30,IDO,2026-12-29,24050.0,CE,344.75,317.73,22620.45,0,0,65
2026-09-30,IDO,2026-12-29,24250.0,CE,293.4,269.49,22620.45,0,0,65
2026-09-30,IDO,2026-12-29,24300.0,CE,281.4,257.28,22620.45,0,0,65
2026-09-30,IDO,2026-12-29,27000.0,CE,12.4,12.4,22620.45,1818045,3349,65
2026-09-30,IDO,2026-12-29,28500.0,CE,6.65,6.65,22620.45,94965,405,65
2026-09-30,IDO,2026-12-29,29000.0,CE,6.5,6.5,22620.45,409595,492,65
2026-09-30,IDO,2026-12-29,31000.0,CE,5.5,5.5,22620.45,130410,166,65
2026-09-30,IDO,2027-03-30,27000.0,CE,55.65,55.65,22620.45,1033500,2303,65
2026-09-30,IDO,2027-03-30,31500.0,CE,15.0,3.29,22620.45,910,0,65
2026-09-30,IDO,2027-09-28,16500.0,CE,7170.5,7138.46,22620.45,0,0,65
2026-09-30,IDO,2027-09-28,19500.0,CE,4470.95,4449.22,22620.45,0,0,65
2026-09-30,IDO,2027-09-28,22500.0,CE,2267.95,2254.35,22620.45,0,0,65
2026-09-30,IDO,2027-12-28,16500.0,CE,11316.4,7388.29,22620.45,0,0,65
2026-09-30,IDO,2029-12-24,18000.0,CE,11362.4,8108.2,22620.45,0,0,65
2026-09-30,IDO,2030-06-25,21000.0,CE,10421.65,6533.43,22620.45,0,0,65
2026-09-30,IDO,2030-12-31,31500.0,CE,4554.55,2372.58,22620.45,0,0,65
2026-09-30,IDO,2031-06-24,15000.0,CE,12902.2,11554.16,22620.45,0,0,65
2026-09-30,IDO,2031-06-24,21000.0,CE,8900.75,7525.89,22620.45,0,0,65
2026-09-30,IDO,2031-06-24,33000.0,CE,3451.55,2396.25,22620.45,0,0,65
2026-09-30,IDO,2026-10-06,20800.0,PE,1.45,1.45,22620.45,3099265,100133,65
2026-09-30,IDO,2026-10-06,20950.0,PE,1.6,1.6,22620.45,69615,13819,65
2026-09-30,IDO,2026-10-06,21900.0,PE,7.9,7.9,22620.45,2095470,348615,65
2026-09-30,IDO,2026-10-06,22000.0,PE,11.1,11.1,22620.45,7889245,891746,65
2026-09-30,IDO,2026-10-06,23450.0,PE,804.85,804.85,22620.45,51610,387,65
2026-09-30,IDO,2026-10-06,24000.0,PE,1348.55,1348.55,22620.45,530985,900,65
2026-09-30,IDO,2026-10-06,25800.0,PE,2977.45,3154.45,22620.45,10075,0,65
2026-09-30,IDO,2026-10-13,20650.0,PE,4.9,4.9,22620.45,10075,351,65
2026-09-30,IDO,2026-10-13,21050.0,PE,7.1,7.1,22620.45,5460,313,65
2026-09-30,IDO,2026-10-13,21750.0,PE,24.35,24.35,22620.45,37050,3316,65
2026-09-30,IDO,2026-10-13,23350.0,PE,697.15,697.15,22620.45,7605,83,65
2026-09-30,IDO,2026-10-13,23650.0,PE,979.85,979.85,22620.45,6175,20,65
2026-09-30,IDO,2026-10-13,25000.0,PE,2180.0,2326.99,22620.45,1495,13,65
2026-09-30,IDO,2026-10-19,21850.0,PE,53.3,61.82,22620.45,3055,94,65
2026-09-30,IDO,2026-10-19,21950.0,PE,85.8,78.61,22620.45,390,0,65
2026-09-30,IDO,2026-10-19,23400.0,PE,769.85,798.9,22620.45,9100,9,65
2026-09-30,IDO,2026-10-19,24200.0,PE,1460.0,1517.82,22620.45,390,0,65
2026-09-30,IDO,2026-10-27,23450.0,CE,63.8,63.8,22620.45,148915,3665,65
2026-09-30,IDO,2026-10-19,24550.0,PE,1372.75,1858.47,22620.45,0,0,65
2026-09-30,IDO,2026-10-19,24600.0,PE,1500.0,1907.66,22620.45,325,0,65
2026-09-30,IDO,2026-10-27,21600.0,PE,52.6,52.6,22620.45,372450,10017,65
2026-09-30,IDO,2026-10-27,21900.0,PE,84.25,84.25,22620.45,533910,16114,65
2026-09-30,IDO,2026-10-27,21950.0,PE,91.15,91.15,22620.45,33865,1085,65
2026-09-30,IDO,2026-10-27,22000.0,PE,98.15,98.15,22620.45,3873545,73831,65
2026-09-30,IDO,2026-10-27,22900.0,PE,399.85,399.85,22620.45,968760,16051,65
2026-09-30,IDO,2026-10-27,22950.0,PE,428.35,428.35,22620.45,51155,722,65
2026-09-30,IDO,2026-10-27,23150.0,PE,557.6,557.6,22620.45,36335,251,65
2026-09-30,IDO,2026-10-27,23750.0,PE,1065.0,1104.7,22620.45,13195,65,65
2026-09-30,IDO,2026-10-27,23800.0,PE,1101.8,1101.8,22620.45,557570,826,65
2026-09-30,IDO,2026-10-27,25700.0,PE,2835.0,2967.9,22620.45,7150,28,65
2026-09-30,IDO,2026-10-27,26250.0,PE,3000.0,3514.96,22620.45,260,0,65
2026-09-30,IDO,2026-10-27,26400.0,PE,3550.0,3664.26,22620.45,195,0,65
2026-09-30,IDO,2026-11-03,20700.0,PE,3.55,10.05,22620.45,0,0,65
2026-09-30,IDO,2026-11-03,21200.0,PE,12.5,33.91,22620.45,0,0,65
2026-09-30,IDO,2026-11-03,21400.0,PE,42.35,51.92,22620.45,1170,22,65
2026-09-30,IDO,2026-11-03,21650.0,PE,33.15,84.56,22620.45,0,0,65
2026-09-30,IDO,2026-11-03,21800.0,PE,44.45,110.78,22620.45,0,0,65
2026-09-30,IDO,2026-11-03,21850.0,PE,48.85,120.77,22620.45,0,0,65
2026-09-30,IDO,2026-11-03,22300.0,PE,184.45,184.45,22620.45,4420,161,65
2026-09-30,IDO,2026-11-03,24700.0,PE,1321.8,1955.09,22620.45,0,0,65
2026-09-30,IDO,2026-11-03,24900.0,PE,1490.95,2146.75,22620.45,0,0,65
2026-09-30,IDO,2026-11-03,25000.0,PE,1577.95,2243.46,22620.45,0,0,65
2026-09-30,IDO,2026-11-23,20650.0,PE,54.0,27.34,22620.45,520,12,65
2026-09-30,IDO,2026-11-23,21000.0,PE,61.35,61.35,22620.45,624390,11242,65
2026-09-30,IDO,2026-11-23,21350.0,PE,84.65,84.65,22620.45,9295,61,65
2026-09-30,IDO,2026-11-23,21950.0,PE,158.5,158.5,22620.45,2600,40,65
2026-09-30,IDO,2026-11-23,22050.0,PE,175.0,175.0,22620.45,6370,58,65
2026-09-30,IDO,2026-11-23,22150.0,PE,198.3,198.3,22620.45,7150,28,65
2026-09-30,IDO,2026-10-13,24750.0,CE,1.9,1.9,22620.45,4615,382,65
2026-09-30,IDO,2026-10-13,24150.0,CE,4.35,4.35,22620.45,33995,702,65
2026-09-30,IDO,2026-10-13,23750.0,CE,9.4,9.4,22620.45,114725,5395,65
2026-09-30,IDO,2026-10-13,21850.0,CE,1927.0,851.81,22620.45,0,0,65
2026-09-30,IDO,2026-10-13,21650.0,CE,2118.25,1034.03,22620.45,0,0,65
2026-09-30,IDO,2026-10-13,21500.0,CE,1277.25,1176.0,22620.45,130,2,65
2026-09-30,IDO,2026-10-13,21100.0,CE,2655.45,1566.71,22620.45,0,0,65
2026-09-30,IDO,2026-10-13,20750.0,CE,3001.55,1914.45,22620.45,0,0,65
2026-09-30,IDO,2026-10-06,24750.0,CE,0.8,0.8,22620.45,78325,6700,65
2026-09-30,IDO,2026-10-06,23550.0,CE,4.05,4.05,22620.45,1279330,235399,65
2026-09-30,IDO,2026-10-06,23400.0,CE,6.1,6.1,22620.45,4711200,569834,65
2026-09-30,IDO,2026-10-06,23250.0,CE,10.2,10.2,22620.45,2600910,441146,65
2026-09-30,IDO,2026-10-06,22850.0,CE,59.85,59.85,22620.45,3460080,1353891,65
2026-09-30,IDO,2026-10-06,21150.0,CE,3029.15,1491.07,22620.45,0,0,65
2026-09-30,IDO,2026-10-06,20550.0,CE,3624.65,2090.44,22620.45,0,0,65
2026-09-30,IDO,2026-10-06,22400.0,PE,52.1,52.1,22620.45,2829710,1070574,65
2026-09-30,IDO,2026-10-06,22850.0,PE,259.95,259.95,22620.45,537355,489223,65
2026-09-30,IDO,2026-10-06,24550.0,PE,1790.0,1905.67,22620.45,585,1,65
2026-09-30,IDO,2026-10-06,24600.0,PE,1871.75,1955.62,22620.45,19500,2,65
2026-09-30,IDO,2026-10-06,25250.0,PE,2349.0,2604.99,22620.45,130,0,65
2026-09-30,IDO,2026-10-13,21350.0,PE,11.05,11.05,22620.45,46020,2226,65
2026-09-30,IDO,2026-10-13,21400.0,PE,11.95,11.95,22620.45,349895,12895,65
2026-09-30,IDO,2026-10-13,21450.0,PE,12.95,12.95,22620.45,31460,1526,65
2026-09-30,IDO,2026-10-13,21050.0,CE,2704.75,1616.21,22620.45,0,0,65
2026-09-30,IDO,2026-10-13,21200.0,CE,2556.95,1468.0,22620.45,0,0,65
2026-09-30,IDO,2026-10-13,21550.0,CE,2214.9,1128.28,22620.45,0,0,65
2026-09-30,IDO,2026-10-13,22900.0,CE,116.9,116.9,22620.45,470990,23501,65
2026-09-30,IDO,2026-10-13,24400.0,CE,3.1,3.1,22620.45,319800,7200,65
2026-09-30,IDO,2026-10-13,24800.0,CE,1.8,1.8,22620.45,64935,2077,65
2026-09-30,IDO,2026-10-19,20650.0,CE,2584.0,2035.12,22620.45,0,0,65
2026-09-30,IDO,2026-10-19,20850.0,CE,2387.15,1837.19,22620.45,0,0,65
2026-09-30,IDO,2026-10-19,21100.0,CE,2143.1,1591.97,22620.45,0,0,65
2026-09-30,IDO,2026-10-19,21400.0,CE,1444.1,1304.09,22620.45,65,0,65
2026-09-30,IDO,2027-06-29,16500.0,PE,32.0,32.0,22620.45,780,3,65
2026-09-30,IDO,2026-10-06,24800.0,CE,0.8,0.8,22620.45,879255,22195,65
2026-09-30,IDO,2026-10-06,24600.0,CE,0.9,0.9,22620.45,2174445,131980,65
2026-09-30,IDO,2026-10-06,23950.0,CE,1.9,1.9,22620.45,549055,53859,65
2026-09-30,IDO,2026-10-06,22800.0,CE,74.55,74.55,22620.45,8231730,3126638,65
2026-09-30,IDO,2026-10-06,22000.0,CE,657.95,657.95,22620.45,417430,11258,65
2026-09-30,IDO,2026-10-06,21600.0,CE,1047.5,1047.5,22620.45,2015,75,65
2026-09-30,IDO,2026-10-06,21550.0,CE,1181.35,1092.53,22620.45,390,0,65
2026-09-30,IDO,2027-09-28,16500.0,PE,8.4,8.22,22620.45,0,0,65
2026-09-30,IDO,2027-09-28,21000.0,PE,357.75,354.84,22620.45,0,0,65
2026-09-30,IDO,2027-12-28,25500.0,PE,676.05,2141.9,22620.45,0,0,65
2026-09-30,IDO,2028-06-27,22500.0,PE,206.95,809.44,22620.45,0,0,65
2026-09-30,IDO,2026-10-19,21900.0,CE,1396.0,857.66,22620.45,0,0,65
2026-09-30,IDO,2026-10-19,22200.0,CE,747.65,624.53,22620.45,780,0,65
2026-09-30,IDO,2026-10-19,22550.0,CE,344.25,344.25,22620.45,3315,36,65
2026-09-30,IDO,2026-10-19,23000.0,CE,130.7,130.7,22620.45,154245,4762,65
2026-09-30,IDO,2026-10-19,24550.0,CE,5.6,4.46,22620.45,1365,8,65
2026-09-30,IDO,2026-10-27,20650.0,CE,3662.6,2065.07,22620.45,0,0,65
2026-09-30,IDO,2026-10-27,20700.0,CE,3614.75,2016.05,22620.45,0,0,65
2026-09-30,IDO,2026-10-27,20950.0,CE,3376.9,1772.96,22620.45,0,0,65
2026-09-30,IDO,2026-10-27,21250.0,CE,3095.5,1488.05,22620.45,0,0,65
2026-09-30,IDO,2026-10-27,21450.0,CE,2911.0,1304.55,22620.45,0,0,65
2026-09-30,IDO,2026-10-27,21700.0,CE,1200.0,1085.63,22620.45,195,0,65
2026-09-30,IDO,2026-10-27,21900.0,CE,893.65,893.65,22620.45,6110,128,65
2026-09-30,IDO,2026-10-27,22200.0,CE,646.6,646.6,22620.45,24245,544,65
2026-09-30,IDO,2026-10-27,22900.0,CE,217.25,217.25,22620.45,910065,23653,65
2026-09-30,IDO,2026-10-27,23300.0,CE,90.0,90.0,22620.45,3210870,29827,65
2026-09-30,IDO,2026-10-27,24350.0,CE,11.6,11.6,22620.45,159575,2599,65
2026-09-30,IDO,2026-10-27,26150.0,CE,4.85,0.15,22620.45,455,0,65
2026-09-30,IDO,2026-10-27,26550.0,CE,1.25,0.04,22620.45,780,0,65
2026-09-30,IDO,2026-10-27,26800.0,CE,1.05,0.02,22620.45,390,0,65
2026-09-30,IDO,2026-10-27,26950.0,CE,4.25,0.01,22620.45,780,0,65
2026-09-30,IDO,2028-06-27,31500.0,PE,2935.6,5977.46,22620.45,0,0,65
2026-09-30,IDO,2028-12-26,19500.0,PE,49.0,247.35,22620.45,0,0,65
2026-09-30,IDO,2030-12-31,22500.0,PE,219.35,714.69,22620.45,0,0,65
2026-09-30,IDO,2030-12-31,28500.0,PE,1083.1,2469.08,22620.45,0,0,65
2026-09-30,IDO,2031-06-24,33000.0,PE,3810.15,4207.53,22620.45,0,0,65
2026-09-30,IDO,2031-06-24,22500.0,PE,663.6,684.58,22620.45,0,0,65
2026-09-30,IDO,2026-11-23,23750.0,PE,974.8,1128.96,22620.45,2925,4,65
2026-09-30,IDO,2030-12-31,31500.0,PE,1885.5,3794.27,22620.45,0,0,65
2026-09-30,IDO,2026-11-03,20750.0,CE,2724.4,2004.29,22620.45,0,0,65
2026-09-30,IDO,2026-11-03,21600.0,CE,1906.05,1224.84,22620.45,0,0,65
2026-09-30,IDO,2026-11-03,21850.0,CE,1676.7,1020.09,22620.45,0,0,65
2026-09-30,IDO,2026-11-03,21950.0,CE,1587.3,942.7,22620.45,0,0,65
2026-09-30,IDO,2026-11-03,23200.0,CE,158.6,158.6,22620.45,7020,123,65
2026-09-30,IDO,2026-11-03,23850.0,CE,341.7,98.81,22620.45,0,0,65
2026-09-30,IDO,2026-11-03,25100.0,CE,9.85,9.85,22620.45,19565,235,65
2026-09-30,IDO,2026-11-23,21200.0,CE,3469.95,1690.95,22620.45,0,0,65
2026-09-30,IDO,2026-11-23,21550.0,CE,3139.0,1395.28,22620.45,0,0,65
2026-09-30,IDO,2026-11-23,22050.0,CE,946.3,1015.67,22620.45,195,3,65
2026-09-30,IDO,2026-11-23,22550.0,CE,603.45,603.45,22620.45,650,15,65
2026-09-30,IDO,2027-03-30,28500.0,PE,2937.15,5037.42,22620.45,65,0,65
2026-09-30,IDO,2027-03-30,21000.0,PE,175.75,175.75,22620.45,1138280,4402,65
2026-09-30,IDO,2026-12-29,25500.0,PE,2459.7,2459.7,22620.45,356070,235,65
2026-09-30,IDO,2026-12-29,24250.0,PE,1181.2,1522.3,22620.45,4160,69,65
2026-09-30,IDO,2026-12-29,24150.0,PE,1164.75,1447.55,22620.45,390,6,65
2026-09-30,IDO,2026-12-29,23800.0,PE,1005.9,1199.01,22620.45,1950,49,65
2026-09-30,IDO,2026-12-29,23750.0,PE,962.5,962.5,22620.45,2795,47,65
2026-09-30,IDO,2026-12-29,23650.0,PE,819.45,1099.76,22620.45,910,14,65
2026-09-30,IDO,2026-12-29,22850.0,PE,469.95,469.95,22620.45,1820,37,65
2026-09-30,IDO,2026-12-29,21500.0,PE,146.2,146.2,22620.45,62335,1848,65
2026-09-30,IDO,2026-12-29,21450.0,PE,171.55,181.75,22620.45,0,0,65
2026-09-30,IDO,2026-11-23,26050.0,PE,1637.9,3194.07,22620.45,0,0,65
2026-09-30,IDO,2026-11-23,25800.0,PE,2725.0,2950.75,22620.45,585,0,65
2026-09-30,IDO,2026-11-23,24750.0,PE,807.55,1960.89,22620.45,0,0,65
2026-09-30,IDO,2026-11-23,24300.0,PE,1463.55,1566.72,22620.45,15145,6,65
2026-09-30,IDO,2026-11-23,22900.0,PE,457.95,457.95,22620.45,60125,726,65
2026-09-30,IDO,2026-11-23,22850.0,PE,433.0,433.0,22620.45,22490,428,65
2026-09-30,IDO,2026-11-23,22250.0,PE,223.9,223.9,22620.45,10075,75,65
2026-09-30,IDO,2026-11-23,21750.0,PE,127.0,127.0,22620.45,3835,77,65
2026-09-30,IDO,2026-11-23,21100.0,PE,67.0,61.32,22620.45,975,32,65
2026-09-30,IDO,2026-11-03,24500.0,PE,1160.15,1766.49,22620.45,0,0,65
2026-09-30,IDO,2026-11-23,22900.0,CE,397.95,397.95,22620.45,69810,1416,65
2026-09-30,IDO,2026-11-23,24400.0,CE,40.45,40.45,22620.45,90220,1350,65
2026-09-30,IDO,2026-11-23,24700.0,CE,29.7,29.7,22620.45,46735,350,65
2026-09-30,IDO,2026-11-23,25000.0,CE,22.1,22.1,22620.45,1153230,5985,65
2026-09-30,IDO,2026-11-23,25350.0,CE,15.0,25.83,22620.45,455,0,65
2026-09-30,IDO,2026-11-23,26050.0,CE,10.8,8.1,22620.45,2015,30,65
2026-09-30,IDO,2026-12-29,23000.0,CE,530.1,530.1,22620.45,1540395,9508,65
2026-09-30,IDO,2026-12-29,23450.0,CE,336.3,509.0,22620.45,3250,81,65
2026-09-30,IDO,2026-12-29,23600.0,CE,276.85,276.85,22620.45,14235,324,65
2026-09-30,IDO,2027-06-29,19000.0,CE,7800.0,4560.3,22620.45,75,0,65
2026-09-30,IDO,2027-06-29,31500.0,CE,769.15,24.94,22620.45,0,0,65
2026-09-30,IDO,2027-09-28,21000.0,CE,3277.85,3260.48,22620.45,0,0,65
2026-09-30,IDO,2026-11-23,22800.0,PE,412.4,412.4,22620.45,271700,3590,65
2026-09-30,IDO,2026-11-23,23100.0,PE,564.5,564.5,22620.45,50895,669,65
2026-09-30,IDO,2026-11-23,23500.0,PE,818.15,818.15,22620.45,557050,1259,65
2026-09-30,IDO,2026-11-23,23700.0,PE,959.05,959.05,22620.45,36075,28,65
2026-09-30,IDO,2026-11-23,23900.0,PE,1137.0,1137.0,22620.45,12935,24,65
2026-09-30,IDO,2026-11-23,24700.0,PE,1752.25,1915.87,22620.45,3705,0,65
2026-09-30,IDO,2026-11-03,21900.0,CE,1631.8,981.05,22620.45,0,0,65
2026-09-30,IDO,2026-11-03,21150.0,CE,2334.2,1625.51,22620.45,0,0,65
2026-09-30,IDO,2026-11-03,20950.0,CE,2528.5,1812.98,22620.45,0,0,65
2026-09-30,IDO,2026-10-27,26300.0,CE,1.15,0.09,22620.45,39910,0,65
2026-09-30,IDO,2026-10-27,25850.0,CE,2.35,0.41,22620.45,585,0,65
2026-09-30,IDO,2026-10-27,25750.0,CE,2.8,2.8,22620.45,73645,266,65
2026-09-30,IDO,2026-10-27,24850.0,CE,6.5,6.5,22620.45,39390,618,65
2026-09-30,IDO,2026-10-27,24750.0,CE,7.3,7.3,22620.45,33930,495,65
2026-09-30,IDO,2026-10-27,24050.0,CE,18.3,18.3,22620.45,232375,2674,65
2026-09-30,IDO,2026-10-27,23600.0,CE,44.25,44.25,22620.45,1369680,27877,65
2026-09-30,IDO,2026-10-27,23200.0,CE,114.15,114.15,22620.45,2615665,28170,65
2026-09-30,IDO,2026-10-27,25150.0,PE,2150.0,2422.85,22620.45,260,0,65
2026-09-30,IDO,2026-10-27,25400.0,PE,2500.0,2670.15,22620.45,8775,0,65
2026-09-30,IDO,2026-10-27,25500.0,PE,2760.9,2760.9,22620.45,890500,590,65
2026-09-30,IDO,2026-10-27,26950.0,PE,2675.85,4211.8,22620.45,0,0,65
2026-09-30,IDO,2026-11-03,21550.0,PE,27.0,69.98,22620.45,0,0,65
2026-09-30,IDO,2026-11-03,23900.0,PE,731.5,1229.72,22620.45,0,0,65
2026-09-30,IDO,2026-11-03,24350.0,PE,1045.45,1627.63,22620.45,0,0,65
2026-09-30,IDO,2026-11-03,24800.0,PE,1405.5,2050.59,22620.45,0,0,65
2026-09-30,IDO,2026-11-03,25050.0,PE,1622.0,2292.0,22620.45,0,0,65
2026-09-30,IDO,2026-11-23,20550.0,PE,42.2,22.49,22620.45,325,6,65
2026-09-30,IDO,2026-11-23,20900.0,PE,44.5,43.43,22620.45,1365,35,65
2026-09-30,IDO,2026-11-23,21300.0,PE,80.8,80.8,22620.45,23985,406,65
2026-09-30,IDO,2026-11-23,21600.0,PE,109.15,109.15,22620.45,24700,534,65
2026-09-30,IDO,2026-11-23,21800.0,PE,134.4,134.4,22620.45,94705,1893,65
2026-09-30,IDO,2026-11-23,22400.0,PE,264.65,264.65,22620.45,89570,2016,65
2026-09-30,IDO,2026-11-23,22650.0,PE,347.3,347.3,22620.45,12805,237,65
2026-09-30,IDO,2026-11-23,23550.0,PE,857.55,857.55,22620.45,15860,19,65
2026-09-30,IDO,2026-11-23,24050.0,PE,1132.55,1360.49,22620.45,1040,0,65
2026-09-30,IDO,2026-11-23,24450.0,PE,1500.2,1695.16,22620.45,455,0,65
2026-09-30,IDO,2026-11-23,24650.0,PE,1463.55,1871.13,22620.45,260,0,65
2026-09-30,IDO,2026-12-29,15000.0,PE,8.75,8.75,22620.45,156440,395,65
2026-09-30,IDO,2026-12-29,16000.0,PE,10.65,10.65,22620.45,137340,84,65
2026-09-30,IDO,2026-12-29,22050.0,PE,220.85,332.8,22620.45,130,2,65
2026-09-30,IDO,2026-12-29,22350.0,PE,293.35,434.87,22620.45,520,10,65
2026-09-30,IDO,2026-12-29,23250.0,PE,557.4,856.86,22620.45,2145,35,65
2026-09-30,IDO,2026-12-29,24000.0,PE,1148.75,1148.75,22620.45,2202160,5017,65
2026-09-30,IDO,2026-12-29,24300.0,PE,1214.1,1559.32,22620.45,390,6,65
2026-09-30,IDO,2026-12-29,33000.0,PE,5263.45,9866.88,22620.45,0,0,65
2026-09-30,IDO,2027-12-28,28500.0,PE,2979.7,4181.46,22620.45,260,0,65
2026-09-30,IDO,2027-12-28,31500.0,PE,3240.0,6644.78,22620.45,0,0,65
2026-09-30,IDO,2027-12-28,33000.0,PE,4155.55,7960.88,22620.45,0,0,65
2026-09-30,IDO,2028-06-27,19500.0,PE,40.05,215.95,22620.45,0,0,65
2026-09-30,IDO,2028-06-27,30000.0,PE,3779.25,4834.88,22620.45,0,0,65
2026-09-30,IDO,2028-12-26,16500.0,PE,5.9,43.85,22620.45,0,0,65
2026-09-30,IDO,2029-06-26,15000.0,PE,30.9,19.98,22620.45,0,0,65
2026-09-30,IDO,2029-12-24,18000.0,PE,96.5,144.63,22620.45,0,0,65
2026-09-30,IDO,2029-12-24,23000.0,PE,725.05,890.91,22620.45,1625,0,65
2026-09-30,IDO,2029-12-24,26000.0,PE,1900.0,1825.05,22620.45,4380,0,65
2026-09-30,IDO,2030-06-25,24000.0,PE,698.15,1098.09,22620.45,0,0,65
2026-09-30,IDO,2030-12-31,25500.0,PE,538.25,1435.73,22620.45,0,0,65
2026-09-30,IDO,2026-10-27,22250.0,PE,147.15,147.15,22620.45,239395,2151,65
2026-09-30,IDO,2026-10-27,22650.0,PE,279.7,279.7,22620.45,232830,6396,65
2026-09-30,IDO,2026-10-27,22800.0,PE,347.85,347.85,22620.45,2625610,55767,65
2026-09-30,IDO,2026-10-27,22850.0,PE,372.55,372.55,22620.45,127465,4517,65
2026-09-30,IDO,2026-10-27,25750.0,PE,1659.3,3017.59,22620.45,325,0,65
2026-09-30,IDO,2026-11-03,21050.0,PE,8.75,24.09,22620.45,0,0,65
2026-09-30,IDO,2026-10-27,26150.0,PE,2950.0,3415.44,22620.45,195,0,65
2026-09-30,IDO,2026-10-27,25900.0,PE,2945.2,2945.2,22620.45,1690,1,65
2026-09-30,IDF,2026-11-23,,,22828.3,22828.3,22620.45,2116335,5653,65
2026-09-30,IDO,2026-10-06,23500.0,CE,4.7,4.7,22620.45,9790495,741731,65
2026-09-30,IDO,2026-10-06,24150.0,CE,1.4,1.4,22620.45,530920,37361,65
2026-09-30,IDO,2026-10-06,24700.0,CE,0.85,0.85,22620.45,906620,30373,65
2026-09-30,IDO,2026-10-06,25100.0,CE,0.7,0.7,22620.45,65975,3227,65
2026-09-30,IDO,2026-10-06,25150.0,CE,0.7,0.7,22620.45,23530,1201,65
2026-09-30,IDO,2026-10-13,22500.0,CE,316.65,316.65,22620.45,180375,7288,65
2026-09-30,IDO,2026-10-13,23300.0,CE,33.65,33.65,22620.45,730990,34473,65
2026-09-30,IDO,2026-10-13,23650.0,CE,11.9,11.9,22620.45,146445,8883,65
2026-09-30,IDO,2026-10-13,24450.0,CE,2.95,2.95,22620.45,11440,384,65
2026-09-30,IDO,2026-10-13,25050.0,CE,1.3,1.3,22620.45,2275,150,65
2026-09-30,IDO,2026-10-13,25150.0,CE,1.8,1.8,22620.45,4810,130,65
2026-09-30,IDO,2026-10-19,21000.0,CE,2240.4,1689.66,22620.45,0,0,65
2026-09-30,IDO,2026-10-19,21300.0,CE,1950.35,1398.97,22620.45,0,0,65
2026-09-30,IDO,2026-10-19,21600.0,CE,1667.5,1118.95,22620.45,0,0,65
2026-09-30,IDO,2026-10-19,21800.0,CE,1484.95,942.09,22620.45,0,0,65
2026-09-30,IDO,2026-10-19,21950.0,CE,942.85,816.6,22620.45,65,0,65
2026-09-30,IDO,2026-10-19,22600.0,CE,314.25,314.25,22620.45,44655,1340,65
2026-09-30,IDO,2026-10-19,24400.0,CE,5.5,5.5,22620.45,35295,840,65
2026-09-30,IDO,2026-10-19,24800.0,CE,4.2,1.96,22620.45,1755,28,65
2026-09-30,IDO,2026-10-19,25000.0,CE,3.7,3.7,22620.45,77610,1054,65
2026-09-30,IDO,2026-10-27,21150.0,CE,3188.75,1581.94,22620.45,0,0,65
2026-09-30,IDO,2026-10-27,21300.0,CE,1630.0,1441.6,22620.45,65,0,65
2026-09-30,IDO,2026-10-27,21650.0,CE,2729.45,1128.31,22620.45,0,0,65
2026-09-30,IDO,2026-10-27,21850.0,CE,2551.3,961.39,22620.45,0,0,65
2026-09-30,IDO,2026-10-27,22350.0,CE,535.3,535.3,22620.45,9555,74,65
2026-09-30,IDO,2026-10-27,22950.0,CE,197.0,197.0,22620.45,65910,2567,65
2026-09-30,IDO,2026-10-27,23900.0,CE,23.5,23.5,22620.45,533130,12334,65
2026-09-30,IDO,2026-10-27,24200.0,CE,14.35,14.35,22620.45,1042405,15262,65
2026-09-30,IDO,2026-10-27,24500.0,CE,9.7,9.7,22620.45,2481830,21630,65
2026-09-30,IDO,2026-10-27,25450.0,CE,3.4,3.4,22620.45,4550,16,65
2026-09-30,IDO,2026-10-27,26000.0,CE,2.1,2.1,22620.45,1931410,15024,65
2026-09-30,IDO,2026-10-27,26600.0,CE,0.7,0.7,22620.45,2275,23,65
2026-09-30,IDO,2026-10-27,26750.0,CE,6.35,0.02,22620.45,975,0,65
2026-09-30,IDO,2026-11-03,20550.0,CE,2921.3,2198.31,22620.45,0,0,65
2026-09-30,IDO,2026-11-03,21250.0,CE,2237.75,1533.61,22620.45,0,0,65
2026-09-30,IDO,2026-11-03,22200.0,CE,713.05,713.05,22620.45,130,2,65
2026-09-30,IDO,2026-11-03,23050.0,CE,208.1,208.1,22620.45,3185,49,65
2026-09-30,IDO,2026-11-03,23500.0,CE,85.7,85.7,22620.45,28145,716,65
2026-09-30,IDO,2026-11-23,21500.0,CE,1406.85,1406.85,22620.45,7085,85,65
2026-09-30,IDO,2026-11-23,21600.0,CE,3092.25,1354.88,22620.45,0,0,65
2026-09-30,IDO,2026-11-23,22350.0,CE,820.25,817.59,22620.45,195,0,65
2026-09-30,IDO,2026-11-23,22950.0,CE,370.75,370.75,22620.45,7215,203,65
2026-09-30,IDO,2026-11-23,23300.0,CE,228.75,228.75,22620.45,103870,1557,65
2026-09-30,IDO,2026-11-23,24000.0,CE,75.95,75.95,22620.45,1249885,14816,65
2026-09-30,IDO,2026-11-23,24100.0,CE,63.4,63.4,22620.45,135655,2137,65
2026-09-30,IDO,2026-11-23,24750.0,CE,25.6,25.6,22620.45,17810,59,65
2026-09-30,IDO,2026-11-23,25850.0,CE,10.45,11.43,22620.45,195,10,65
2026-09-30,IDO,2026-12-29,21000.0,CE,2028.05,2028.05,22620.45,466590,589,65
2026-09-30,IDO,2026-12-29,21100.0,CE,2039.8,1969.86,22620.45,0,0,65
2026-09-30,IDO,2026-12-29,21350.0,CE,1832.4,1764.8,22620.45,0,0,65
2026-09-30,IDO,2026-12-29,22800.0,CE,639.05,639.05,22620.45,4680,160,65
2026-09-30,IDO,2026-12-29,23700.0,CE,247.75,247.75,22620.45,19695,461,65
2026-09-30,IDO,2026-12-29,24200.0,CE,304.8,281.14,22620.45,0,0,65
2026-09-30,IDO,2027-03-30,18000.0,CE,5643.55,5185.93,22620.45,0,0,65
2026-09-30,IDO,2027-06-29,21000.0,CE,3061.8,2890.15,22620.45,0,0,65
2026-09-30,IDO,2027-06-29,24000.0,CE,779.0,779.0,22620.45,30955,386,65
2026-09-30,IDO,2027-06-29,27000.0,CE,136.95,136.95,22620.45,39065,283,65
2026-09-30,IDO,2027-12-28,22500.0,CE,3011.0,2614.39,22620.45,65,0,65
2026-09-30,IDO,2027-12-28,25500.0,CE,2400.0,1198.95,22620.45,0,0,65
2026-09-30,IDO,2027-12-28,28500.0,CE,209.9,209.9,22620.45,68965,164,65
2026-09-30,IDO,2028-06-27,25500.0,CE,1900.0,1792.01,22620.45,195,0,65
2026-09-30,IDO,2028-06-27,31500.0,CE,1784.8,397.37,22620.45,0,0,65
2026-09-30,IDO,2028-12-26,15000.0,CE,11381.75,9623.81,22620.45,0,0,65
2026-09-30,IDO,2028-12-26,21000.0,CE,7512.5,4878.09,22620.45,0,0,65
2026-09-30,IDO,2029-06-26,15000.0,CE,13671.85,10035.63,22620.45,0,0,65
2026-09-30,IDO,2029-12-24,22500.0,CE,8486.15,5073.02,22620.45,0,0,65
2026-09-30,IDO,2030-06-25,16500.0,CE,13374.05,9680.2,22620.45,0,0,65
2026-09-30,IDO,2030-06-25,19500.0,CE,11140.25,7522.86,22620.45,0,0,65
2026-09-30,IDO,2031-06-24,28500.0,CE,5048.95,3814.85,22620.45,0,0,65
2026-09-30,IDO,2026-10-06,20650.0,PE,1.2,1.2,22620.45,48230,4444,65
2026-09-30,IDO,2026-10-06,20900.0,PE,1.45,1.45,22620.45,502450,37005,65
2026-09-30,IDO,2031-06-24,15000.0,PE,47.5,39.04,22620.45,0,0,65
2026-09-30,IDO,2030-12-31,21000.0,PE,450.0,465.87,22620.45,845,0,65
2026-09-30,IDO,2030-06-25,25500.0,PE,568.55,1536.76,22620.45,0,0,65
2026-09-30,IDO,2030-06-25,21000.0,PE,220.0,476.85,22620.45,65,0,65
2026-09-30,IDO,2029-12-24,31500.0,PE,2240.25,4511.29,22620.45,0,0,65
2026-09-30,IDO,2029-12-24,25500.0,PE,597.3,1641.47,22620.45,0,0,65
2026-09-30,IDO,2029-06-26,24000.0,PE,850.0,1216.5,22620.45,155,0,65
2026-09-30,IDO,2028-12-26,28500.0,PE,1451.15,3439.84,22620.45,0,0,65
2026-09-30,IDO,2028-12-26,27000.0,PE,2097.95,2097.95,22620.45,17845,12,65
2026-09-30,IDO,2027-03-30,19500.0,PE,75.35,75.35,22620.45,296595,1026,65
2026-09-30,IDO,2026-12-29,26000.0,PE,2939.75,2939.75,22620.45,1612575,1087,65
2026-09-30,IDO,2026-12-29,22750.0,PE,420.5,600.74,22620.45,1495,29,65
2026-09-30,IDO,2026-12-29,22300.0,PE,289.15,289.15,22620.45,7280,247,65
2026-09-30,IDO,2026-12-29,21650.0,PE,156.15,224.91,22620.45,65,1,65
2026-09-30,IDO,2026-10-06,21850.0,PE,6.9,6.9,22620.45,1033110,202172,65
2026-09-30,IDO,2026-10-06,22450.0,PE,63.5,63.5,22620.45,1020305,754562,65
2026-09-30,IDO,2026-10-06,22950.0,PE,337.35,337.35,22620.45,469040,94021,65
2026-09-30,IDO,2026-10-06,23200.0,PE,560.05,560.05,22620.45,606840,19519,65
2026-09-30,IDO,2026-10-06,23350.0,PE,707.0,707.0,22620.45,85735,964,65
2026-09-30,IDO,2026-10-06,23850.0,PE,1198.2,1198.2,22620.45,9945,25,65
2026-09-30,IDO,2026-10-06,24350.0,PE,1580.0,1705.89,22620.45,1105,0,65
2026-09-30,IDO,2026-10-06,25100.0,PE,2279.9,2455.14,22620.45,5330,0,65
2026-09-30,IDO,2026-10-06,25150.0,PE,1102.0,2505.09,22620.45,0,0,65
2026-09-30,IDO,2026-10-06,25500.0,PE,2830.0,2854.75,22620.45,66365,3,65
2026-09-30,IDO,2026-10-13,21150.0,PE,8.2,8.2,22620.45,6110,230,65
2026-09-30,IDO,2026-10-13,21200.0,PE,8.7,8.7,22620.45,124930,4412,65
2026-09-30,IDO,2026-10-13,21500.0,PE,14.05,14.05,22620.45,638105,27908,65
2026-09-30,IDO,2026-10-13,21800.0,PE,27.25,27.25,22620.45,349505,20153,65
2026-09-30,IDO,2026-12-29,13000.0,PE,4.85,0.0,22620.45,9305,0,65
2026-09-30,IDO,2026-11-23,25500.0,PE,2615.0,2615.0,22620.45,223210,158,65
2026-09-30,IDO,2026-11-23,25150.0,PE,1030.25,2329.5,22620.45,0,0,65
2026-09-30,IDO,2026-11-23,24250.0,PE,1293.1,1524.65,22620.45,780,0,65
2026-09-30,IDO,2026-11-23,24200.0,PE,1350.0,1482.98,22620.45,11310,11,65
2026-09-30,IDO,2026-11-23,23850.0,PE,1038.55,1203.61,22620.45,2080,15,65
2026-09-30,IDO,2026-11-23,22750.0,PE,392.4,392.4,22620.45,15015,285,65
2026-09-30,IDO,2026-11-23,22300.0,PE,235.05,235.05,22620.45,78390,1093,65
2026-09-30,IDO,2026-11-23,21650.0,PE,114.05,114.05,22620.45,3575,126,65
2026-09-30,IDO,2026-11-23,21050.0,PE,60.25,60.25,22620.45,5525,3,65
2026-09-30,IDO,2026-11-23,20850.0,PE,47.55,39.71,22620.45,195,2,65
2026-09-30,IDO,2026-11-03,24550.0,PE,1199.8,1813.3,22620.45,0,0,65
2026-09-30,IDO,2026-11-03,23850.0,PE,700.25,1187.7,22620.45,0,0,65
2026-09-30,IDO,2026-11-03,22550.0,PE,262.55,262.55,22620.45,3380,97,65
2026-09-30,IDO,2026-11-03,21250.0,PE,14.0,37.84,22620.45,0,0,65
2026-09-30,IDO,2026-10-13,21850.0,PE,30.45,30.45,22620.45,55575,3919,65
2026-09-30,IDO,2026-10-13,22200.0,PE,70.3,70.3,22620.45,557505,27579,65
2026-09-30,IDO,2026-10-13,24750.0,PE,1115.1,2077.76,22620.45,0,0,65
2026-09-30,IDO,2026-10-13,24950.0,PE,1278.75,2277.13,22620.45,0,0,65
2026-09-30,IDO,2026-10-13,25300.0,PE,1583.0,2626.28,22620.45,0,0,65
2026-09-30,IDO,2026-10-19,20500.0,PE,7.95,7.95,22620.45,6305,136,65
2026-09-30,IDO,2026-10-19,20550.0,PE,1.9,0.73,22620.45,0,0,65
2026-09-30,IDO,2026-10-19,20750.0,PE,3.5,1.73,22620.45,0,0,65
2026-09-30,IDO,2026-10-19,21150.0,PE,14.15,14.15,22620.45,1495,4,65
2026-09-30,IDO,2026-10-19,21500.0,PE,27.8,27.8,22620.45,54730,1325,65
2026-09-30,IDO,2026-10-19,21600.0,PE,33.25,33.25,22620.45,15795,498,65
2026-09-30,IDO,2026-10-19,22150.0,PE,90.6,90.6,22620.45,5265,89,65
2026-09-30,IDO,2026-10-19,23150.0,PE,454.3,608.37,22620.45,2665,0,65
2026-09-30,IDO,2026-10-19,23350.0,PE,639.45,759.05,22620.45,2145,3,65
2026-09-30,IDO,2026-10-19,23950.0,PE,887.9,1280.98,22620.45,0,0,65
2026-09-30,IDO,2026-10-27,21150.0,PE,29.8,29.8,22620.45,12480,343,65
2026-09-30,IDO,2030-12-31,19500.0,PE,67.4,283.77,22620.45,0,0,65
2026-09-30,IDO,2026-10-06,20500.0,CE,3674.35,2140.39,22620.45,0,0,65
2026-09-30,IDO,2026-10-06,21300.0,CE,2880.7,1341.34,22620.45,0,0,65
2026-09-30,IDO,2026-10-06,22550.0,CE,194.65,194.65,22620.45,540150,165054,65
2026-09-30,IDO,2026-10-06,24000.0,CE,1.8,1.8,22620.45,9175660,601953,65
2026-09-30,IDO,2026-10-06,25350.0,CE,0.65,0.65,22620.45,9620,570,65
2026-09-30,IDO,2026-10-13,20600.0,CE,3150.35,2063.96,22620.45,0,0,65
2026-09-30,IDO,2026-10-13,23800.0,CE,8.4,8.4,22620.45,1041560,41796,65
2026-09-30,IDO,2026-10-13,25000.0,CE,1.35,1.35,22620.45,196040,8013,65
2026-09-30,IDO,2026-10-13,25300.0,CE,1.35,1.35,22620.45,3770,77,65
2026-09-30,IDO,2026-10-19,20600.0,CE,2633.35,2084.75,22620.45,0,0,65
2026-09-30,IDO,2026-10-19,20700.0,CE,2534.65,1985.55,22620.45,0,0,65
2026-09-30,IDO,2026-10-19,21250.0,CE,1998.25,1446.86,22620.45,0,0,65
2026-09-30,IDO,2026-10-19,21350.0,CE,1902.6,1351.37,22620.45,0,0,65
2026-09-30,IDO,2026-10-19,22400.0,CE,443.05,443.05,22620.45,1690,21,65
2026-09-30,IDO,2026-10-19,22950.0,CE,147.7,147.7,22620.45,9685,589,65
2026-09-30,IDO,2026-10-19,24450.0,CE,5.6,5.6,22620.45,2340,23,65
2026-09-30,IDO,2026-10-27,22500.0,CE,434.35,434.35,22620.45,1039285,23118,65
2026-09-30,IDO,2026-10-27,23750.0,CE,32.05,32.05,22620.45,135915,3432,65
2026-09-30,IDO,2026-10-27,23800.0,CE,28.1,28.1,22620.45,1692600,31134,65
2026-09-30,IDO,2026-10-27,23850.0,CE,25.95,25.95,22620.45,104065,3042,65
2026-09-30,IDO,2026-10-27,24650.0,CE,8.1,8.1,22620.45,38415,422,65
2026-09-30,IDO,2026-10-27,25250.0,CE,5.9,2.43,22620.45,2080,0,65
2026-09-30,IDO,2026-10-27,25950.0,CE,2.15,2.15,22620.45,3380,45,65
2026-09-30,IDO,2026-10-27,26500.0,CE,1.0,1.0,22620.45,738010,2112,65
2026-09-30,IDO,2026-11-03,20850.0,CE,2626.3,1908.23,22620.45,0,0,65
2026-09-30,IDO,2026-11-03,21000.0,CE,2479.75,1765.71,22620.45,0,0,65
2026-09-30,IDO,2026-11-03,22000.0,CE,1543.15,905.08,22620.45,0,0,65
2026-09-30,IDO,2026-11-03,22950.0,CE,249.65,249.65,22620.45,1950,26,65
2026-09-30,IDO,2026-11-03,23650.0,CE,181.9,134.99,22620.45,1495,0,65
2026-09-30,IDO,2026-11-03,23700.0,CE,401.3,125.08,22620.45,0,0,65
2026-09-30,IDO,2026-11-03,23800.0,CE,46.25,46.25,22620.45,18200,409,65
2026-09-30,IDO,2026-11-03,24500.0,CE,156.05,31.43,22620.45,0,0,65
2026-09-30,IDO,2026-11-03,24550.0,CE,17.3,17.3,22620.45,260,9,65
2026-09-30,IDO,2026-11-03,24700.0,CE,12.9,12.9,22620.45,21190,146,65
2026-09-30,IDO,2026-11-03,24750.0,CE,111.0,19.17,22620.45,0,0,65
2026-09-30,IDO,2026-11-23,21050.0,CE,3613.45,1823.65,22620.45,0,0,65
2026-09-30,IDO,2026-11-23,21300.0,CE,3374.8,1604.34,22620.45,0,0,65
2026-09-30,IDO,2026-11-23,21400.0,CE,3280.1,1519.37,22620.45,0,0,65
2026-09-30,IDO,2026-11-23,21800.0,CE,1571.45,1198.49,22620.45,130,0,65
2026-09-30,IDO,2026-11-23,22850.0,CE,422.25,422.25,22620.45,5915,106,65
2026-09-30,IDO,2026-11-23,23150.0,CE,283.6,283.6,22620.45,129935,172,65
2026-09-30,IDO,2026-11-23,23650.0,CE,132.4,132.4,22620.45,12805,408,65
2026-09-30,IDO,2026-11-23,24200.0,CE,54.15,54.15,22620.45,169390,2530,65
2026-09-30,IDO,2026-11-23,25700.0,CE,11.1,14.7,22620.45,715,8,65
2026-09-30,IDO,2026-12-29,20000.0,CE,2948.45,2948.45,22620.45,765075,333,65
2026-09-30,IDO,2026-12-29,21200.0,CE,1955.8,1886.74,22620.45,0,0,65
2026-09-30,IDO,2026-12-29,22200.0,CE,1036.7,1036.7,22620.45,780,13,65
2026-09-30,IDO,2026-12-29,22250.0,CE,1019.75,1114.88,22620.45,845,16,65
2026-09-30,IDO,2026-12-29,22650.0,CE,928.4,878.34,22620.45,0,0,65
2026-09-30,IDO,2026-12-29,23100.0,CE,479.65,479.65,22620.45,5590,161,65
2026-09-30,IDO,2026-12-29,23950.0,CE,373.5,344.98,22620.45,0,0,65
2026-09-30,IDO,2026-12-29,24150.0,CE,317.7,293.19,22620.45,0,0,65
2026-09-30,IDO,2027-03-30,16500.0,CE,6995.9,6632.48,22620.45,0,0,65
2026-09-30,IDO,2027-03-30,28500.0,CE,26.6,26.6,22620.45,200720,441,65
2026-09-30,IDO,2028-06-27,22500.0,CE,6796.05,3286.65,22620.45,0,0,65
2026-09-30,IDO,2028-06-27,28500.0,CE,2990.0,881.7,22620.45,0,0,65
2026-09-30,IDO,2028-12-26,27000.0,CE,1411.2,1799.23,22620.45,4615,1,65
2026-09-30,IDO,2029-06-26,22500.0,CE,7946.5,4509.09,22620.45,0,0,65
2026-09-30,IDO,2030-06-25,28500.0,CE,5382.85,2818.39,22620.45,0,0,65
2026-09-30,IDO,2030-06-25,30000.0,CE,5580.35,2328.46,22620.45,0,0,65
2026-09-30,IDO,2031-06-24,22500.0,CE,8012.75,6647.03,22620.45,0,0,65
2026-09-30,IDO,2026-10-06,21200.0,PE,1.95,1.95,22620.45,1366755,98715,65
2026-09-30,IDO,2026-10-06,21350.0,PE,2.5,2.5,22620.45,633360,41598,65
2026-09-30,IDO,2026-10-06,21400.0,PE,2.7,2.7,22620.45,1886430,127552,65
2026-09-30,IDO,2026-10-06,21950.0,PE,9.45,9.45,22620.45,1059175,270495,65
2026-09-30,IDO,2026-10-06,22150.0,PE,18.95,18.95,22620.45,1108380,352163,65
2026-09-30,IDO,2026-10-06,22250.0,PE,28.15,28.15,22620.45,1529905,458936,65
2026-09-30,IDO,2026-10-06,23600.0,PE,951.1,951.1,22620.45,184275,603,65
2026-09-30,IDO,2026-10-06,24800.0,PE,1970.0,2155.43,22620.45,20410,0,65
2026-09-30,IDO,2026-10-13,20700.0,PE,5.05,5.05,22620.45,74880,3833,65
2026-09-30,IDO,2026-10-13,20800.0,PE,5.45,5.45,22620.45,52910,3408,65
2026-09-30,IDO,2026-10-13,20950.0,PE,6.3,6.3,22620.45,5915,311,65
2026-09-30,IDO,2026-10-13,22100.0,PE,55.25,55.25,22620.45,297895,16617,65
2026-09-30,IDO,2026-10-13,22650.0,PE,204.5,204.5,22620.45,89635,13386,65
2026-09-30,IDO,2026-10-13,22900.0,PE,342.3,342.3,22620.45,300300,15338,65
2026-09-30,IDO,2026-10-13,23300.0,PE,655.25,655.25,22620.45,135265,1179,65
2026-09-30,IDO,2026-10-13,23450.0,PE,792.5,792.5,22620.45,10075,57,65
2026-09-30,IDO,2026-10-13,23600.0,PE,932.95,932.95,22620.45,42770,303,65
2026-09-30,IDO,2026-10-13,24550.0,PE,961.3,1878.68,22620.45,0,0,65
2026-09-30,IDO,2026-10-13,25400.0,PE,2600.0,2726.06,22620.45,65,0,65
2026-09-30,IDO,2026-10-19,20700.0,PE,3.0,1.4,22620.45,0,0,65
2026-09-30,IDO,2026-10-19,21200.0,PE,17.0,17.0,22620.45,2275,30,65
2026-09-30,IDO,2026-10-19,21550.0,PE,27.65,27.81,22620.45,0,0,65
2026-09-30,IDO,2026-10-19,21700.0,PE,38.55,38.55,22620.45,8320,324,65
2026-09-30,IDO,2026-10-19,23100.0,PE,497.45,497.45,22620.45,7215,101,65
2026-09-30,IDO,2026-10-19,23500.0,PE,819.65,819.65,22620.45,20540,56,65
2026-09-30,IDO,2026-10-19,24250.0,PE,1180.0,1565.97,22620.45,65,0,65
2026-09-30,IDO,2026-10-27,21550.0,PE,49.65,49.65,22620.45,26975,537,65
2026-09-30,IDO,2026-10-27,21700.0,PE,61.9,61.9,22620.45,516750,16586,65
2026-09-30,IDO,2026-10-27,23050.0,PE,494.0,494.0,22620.45,59410,316,65
2026-09-30,IDO,2026-10-27,23300.0,PE,666.85,666.85,22620.45,2660515,6157,65
2026-09-30,IDO,2026-10-27,23350.0,PE,716.25,716.25,22620.45,31980,79,65
2026-09-30,IDO,2026-10-27,23950.0,PE,1255.75,1278.7,22620.45,4810,7,65
2026-09-30,IDO,2026-10-27,24000.0,PE,1291.15,1291.15,22620.45,2900365,6433,65
2026-09-30,IDO,2026-10-27,24550.0,PE,1661.85,1836.95,22620.45,6630,4,65
2026-09-30,IDO,2026-10-27,24750.0,PE,1810.0,2030.46,22620.45,715,0,65
2026-09-30,IDO,2026-10-27,25450.0,PE,1850.0,2719.72,22620.45,325,0,65
2026-09-30,IDO,2026-10-27,25650.0,PE,2492.35,2918.23,22620.45,195,0,65
2026-09-30,IDO,2026-10-27,26500.0,PE,3747.15,3747.15,22620.45,542425,297,65
2026-09-30,IDO,2026-10-27,26750.0,PE,2501.2,4012.68,22620.45,0,0,65
2026-09-30,IDO,2026-11-03,20500.0,PE,2.05,5.79,22620.45,0,0,65
2026-09-30,IDO,2026-11-03,20850.0,PE,5.3,14.82,22620.45,0,0,65
2026-09-30,IDO,2026-11-03,21350.0,PE,17.55,46.82,22620.45,0,0,65
2026-09-30,IDO,2026-11-03,21750.0,PE,85.75,85.75,22620.45,1235,18,65
2026-09-30,IDO,2026-11-03,22250.0,PE,165.1,226.68,22620.45,2275,36,65
2026-09-30,IDO,2026-11-03,22700.0,PE,321.05,321.05,22620.45,8710,202,65
2026-09-30,IDO,2026-11-03,23500.0,PE,828.4,828.4,22620.45,9360,295,65
2026-09-30,IDO,2026-11-03,23800.0,PE,669.7,1146.2,22620.45,0,0,65
2026-09-30,IDO,2026-11-03,24250.0,PE,970.25,1536.55,22620.45,0,0,65
2026-09-30,IDO,2026-11-03,24450.0,PE,1121.05,1719.93,22620.45,0,0,65
2026-09-30,IDO,2026-11-03,24950.0,PE,1534.25,2195.04,22620.45,0,0,65
2026-09-30,IDO,2026-11-23,20700.0,PE,44.85,44.85,22620.45,390,11,65
2026-09-30,IDO,2026-11-23,21400.0,PE,88.85,88.85,22620.45,37960,499,65
2026-09-30,IDO,2026-11-23,22500.0,PE,293.35,293.35,22620.45,1331395,10274,65
2026-09-30,IDO,2026-11-23,22600.0,PE,330.95,330.95,22620.45,83135,1396,65
2026-09-30,IDO,2026-11-23,25600.0,PE,2600.0,2757.51,22620.45,195,0,65
2026-09-30,IDO,2026-11-23,25650.0,PE,1350.35,2805.68,22620.45,0,0,65
2026-09-30,IDO,2026-12-29,14000.0,PE,6.95,6.95,22620.45,14030,26,65
2026-09-30,IDO,2026-12-29,16500.0,PE,13.55,13.55,22620.45,5395,17,65
2026-09-30,IDO,2026-12-29,18000.0,PE,23.0,23.0,22620.45,759805,2066,65
2026-09-30,IDO,2026-12-29,20000.0,PE,56.35,56.35,22620.45,1792795,11392,65
2026-09-30,IDO,2026-12-29,20950.0,PE,95.0,95.0,22620.45,780,16,65
2026-09-30,IDO,2026-12-29,21600.0,PE,156.8,156.8,22620.45,11180,178,65
2026-09-30,IDO,2026-12-29,21800.0,PE,187.55,187.55,22620.45,26000,712,65
2026-09-30,IDO,2026-12-29,22800.0,PE,454.65,454.65,22620.45,28795,684,65
2026-09-30,IDO,2026-12-29,22950.0,PE,517.4,517.4,22620.45,4745,91,65
2026-09-30,IDO,2026-12-29,23150.0,PE,609.9,801.31,22620.45,6955,118,65
2026-09-30,IDO,2026-12-29,23200.0,PE,640.05,640.05,22620.45,5265,133,65
2026-09-30,IDO,2026-12-29,23400.0,PE,745.0,745.0,22620.45,715,15,65
2026-09-30,IDO,2026-12-29,24050.0,PE,1075.15,1373.65,22620.45,845,13,65
2026-09-30,IDO,2026-12-29,24350.0,PE,1261.6,1597.59,22620.45,390,6,65
2026-09-30,IDO,2027-03-30,22500.0,PE,451.75,451.75,22620.45,833170,2849,65
2026-09-30,IDO,2027-09-28,22500.0,PE,761.85,756.92,22620.45,0,0,65
2026-09-30,IDO,2027-09-28,25500.0,PE,2230.25,2219.82,22620.45,0,0,65
2026-09-30,IDO,2027-12-28,24000.0,PE,1108.1,1108.1,22620.45,259965,367,65
2026-09-30,IDO,2029-12-24,16500.0,PE,10.15,66.27,22620.45,0,0,65
2026-09-30,IDO,2029-12-24,21000.0,PE,418.05,482.95,22620.45,1885,0,65
2026-09-30,IDO,2029-12-24,30000.0,PE,3150.0,3667.7,22620.45,1365,0,65
2026-09-30,IDO,2030-12-31,16500.0,PE,13.65,80.35,22620.45,0,0,65
2026-09-30,IDO,2027-06-29,27000.0,PE,2325.1,3436.12,22620.45,195,0,65
2026-09-30,IDO,2031-06-24,18000.0,PE,173.45,161.65,22620.45,0,0,65
2026-09-30,IDO,2030-12-31,15000.0,PE,4.95,35.62,22620.45,0,0,65
2026-09-30,IDO,2029-12-24,25000.0,PE,1405.05,1468.91,22620.45,1655,27,65
2026-09-30,IDO,2029-06-26,19500.0,PE,56.0,266.92,22620.45,0,0,65
2026-09-30,IDO,2029-06-26,18000.0,PE,118.45,131.68,22620.45,0,0,65
2026-09-30,IDO,2029-06-26,16500.0,PE,8.1,56.23,22620.45,0,0,65
2026-09-30,IDO,2028-12-26,31500.0,PE,2673.4,5414.76,22620.45,0,0,65
2026-09-30,IDO,2028-12-26,24000.0,PE,1085.0,1274.17,22620.45,5525,11,65
2026-09-30,IDO,2028-06-27,27000.0,PE,2752.35,2822.88,22620.45,0,0,65
2026-09-30,IDO,2028-06-27,15000.0,PE,127.2,7.52,22620.45,0,0,65
2026-09-30,IDO,2027-09-28,15000.0,PE,1.15,1.09,22620.45,0,0,65
2026-09-30,IDO,2026-10-06,21100.0,CE,3078.7,1541.0,22620.45,0,0,65
2026-09-30,IDO,2026-10-06,21450.0,CE,1326.1,1191.86,22620.45,260,0,65
2026-09-30,IDO,2026-10-06,21650.0,CE,1003.75,1003.75,22620.45,12415,195,65
2026-09-30,IDO,2026-10-06,21750.0,CE,1061.0,895.7,22620.45,130,0,65
2026-09-30,IDO,2026-10-06,22150.0,CE,520.55,520.55,22620.45,20020,753,65
2026-09-30,IDO,2026-10-06,22450.0,CE,262.85,262.85,22620.45,260325,27134,65
2026-09-30,IDO,2026-10-06,23150.0,CE,15.4,15.4,22620.45,3129035,669518,65
2026-09-30,IDO,2026-10-06,24250.0,CE,1.15,1.15,22620.45,589940,38359,65
2026-09-30,IDO,2026-10-06,24300.0,CE,1.1,1.1,22620.45,2849990,144417,65
2026-09-30,IDO,2026-10-06,24350.0,CE,1.0,1.0,22620.45,919360,63384,65
2026-09-30,IDO,2026-10-06,24450.0,CE,0.95,0.95,22620.45,161460,13024,65
2026-09-30,IDO,2026-10-06,25000.0,CE,0.75,0.75,22620.45,2256410,55919,65
2026-09-30,IDO,2026-10-06,25500.0,CE,0.6,0.6,22620.45,778245,22924,65
2026-09-30,IDO,2026-10-13,20650.0,CE,3100.75,2014.11,22620.45,0,0,65
2026-09-30,IDO,2026-10-13,20800.0,CE,2952.0,1864.65,22620.45,0,0,65
2026-09-30,IDO,2026-10-13,22100.0,CE,626.9,626.9,22620.45,520,11,65
2026-09-30,IDO,2026-10-13,22200.0,CE,543.8,543.8,22620.45,12935,387,65
2026-09-30,IDO,2026-10-13,22750.0,CE,176.65,176.65,22620.45,334035,16465,65
2026-09-30,IDO,2026-10-13,22800.0,CE,154.15,154.15,22620.45,1028820,52980,65
2026-09-30,IDO,2026-10-13,23100.0,CE,63.25,63.25,22620.45,822510,32726,65
2026-09-30,IDO,2026-10-13,24050.0,CE,5.2,5.2,22620.45,102375,1594,65
2026-09-30,IDO,2026-10-13,24550.0,CE,2.45,2.45,22620.45,10140,242,65
2026-09-30,IDO,2026-10-13,24850.0,CE,1.65,1.65,22620.45,6695,160,65
2026-09-30,IDO,2026-10-13,24900.0,CE,1.45,1.45,22620.45,39260,1382,65
2026-09-30,IDO,2026-10-19,21500.0,CE,1760.75,1210.65,22620.45,0,0,65
2026-09-30,IDO,2026-10-19,21550.0,CE,1714.0,1164.57,22620.45,0,0,65
2026-09-30,IDO,2026-10-19,22150.0,CE,1182.0,661.98,22620.45,0,0,65
2026-09-30,IDO,2026-10-19,22700.0,CE,258.6,258.6,22620.45,41535,2188,65
2026-09-30,IDO,2026-10-19,23200.0,CE,78.1,78.1,22620.45,88010,2419,65
2026-09-30,IDO,2026-10-19,23350.0,CE,53.15,53.15,22620.45,15210,165,65
2026-09-30,IDO,2026-10-19,24750.0,CE,3.65,3.65,22620.45,975,19,65
2026-09-30,IDO,2026-10-27,21050.0,CE,3282.55,1676.97,22620.45,0,0,65
2026-09-30,IDO,2026-10-27,21750.0,CE,1127.45,1043.56,22620.45,260,0,65
2026-09-30,IDO,2026-10-27,22550.0,CE,402.1,402.1,22620.45,108095,980,65
2026-09-30,IDO,2026-10-27,23950.0,CE,21.85,21.85,22620.45,245310,3848,65
2026-09-30,IDO,2026-10-27,25100.0,CE,5.15,5.15,22620.45,90155,1402,65
2026-09-30,IDO,2026-10-27,25300.0,CE,4.1,4.1,22620.45,31395,343,65
2026-09-30,IDO,2026-10-27,25500.0,CE,3.45,3.45,22620.45,1029860,7015,65
2026-09-30,IDO,2026-10-27,25600.0,CE,3.3,3.3,22620.45,42705,595,65
2026-09-30,IDO,2026-10-27,25800.0,CE,2.65,2.65,22620.45,82355,596,65
2026-09-30,IDO,2026-10-27,26100.0,CE,1.8,0.18,22620.45,18395,0,65
2026-09-30,IDO,2026-10-27,26700.0,CE,0.75,0.02,22620.45,715,0,65
2026-09-30,IDO,2026-11-03,20600.0,CE,2872.0,2149.6,22620.45,0,0,65
2026-09-30,IDO,2026-11-03,22300.0,CE,1287.65,695.48,22620.45,0,0,65
2026-09-30,IDO,2026-11-03,22450.0,CE,1166.8,602.03,22620.45,0,0,65
2026-09-30,IDO,2026-11-03,24100.0,CE,257.0,65.14,22620.45,0,0,65
2026-09-30,IDO,2026-11-03,24400.0,CE,177.75,37.99,22620.45,0,0,65
2026-09-30,IDO,2026-11-23,20550.0,CE,4096.8,2285.09,22620.45,0,0,65
2026-09-30,IDO,2026-11-23,21000.0,CE,1860.9,1860.9,22620.45,9425,161,65
2026-09-30,IDO,2026-11-23,21450.0,CE,3232.9,1477.54,22620.45,0,0,65
2026-09-30,IDO,2026-11-23,21750.0,CE,2952.95,1236.77,22620.45,0,0,65
2026-09-30,IDO,2026-11-23,22450.0,CE,772.5,756.99,22620.45,260,0,65
2026-09-30,IDO,2026-11-23,23700.0,CE,122.0,122.0,22620.45,109525,3317,65
2026-09-30,IDO,2026-11-23,23900.0,CE,87.75,87.75,22620.45,111345,1465,65
2026-09-30,IDO,2026-11-23,24450.0,CE,39.45,39.45,22620.45,17095,32,65
2026-09-30,IDO,2026-11-23,24650.0,CE,34.8,72.07,22620.45,3900,3,65
2026-09-30,IDO,2026-11-23,24900.0,CE,691.9,50.74,22620.45,0,0,65
2026-09-30,IDO,2026-11-23,25500.0,CE,14.15,14.15,22620.45,370110,2298,65
2026-09-30,IDO,2026-12-29,21300.0,CE,1873.15,1805.07,22620.45,0,0,65
2026-09-30,IDO,2026-12-29,21400.0,CE,1792.0,1724.92,22620.45,0,0,65
2026-09-30,IDO,2026-12-29,21750.0,CE,1377.9,1458.33,22620.45,780,12,65
2026-09-30,IDO,2026-12-29,21950.0,CE,1255.95,1314.31,22620.45,975,15,65
2026-09-30,IDO,2026-12-29,22150.0,CE,1149.55,1179.32,22620.45,195,3,65
2026-09-30,IDO,2026-12-29,22550.0,CE,985.9,934.25,22620.45,0,0,65
2026-09-30,IDO,2026-12-29,22950.0,CE,554.3,554.3,22620.45,1885,35,65
2026-09-30,IDO,2026-12-29,23500.0,CE,313.25,313.25,22620.45,165555,5463,65
2026-09-30,IDO,2026-12-29,25000.0,CE,56.1,56.1,22620.45,4045020,22677,65
2026-09-30,IDO,2026-12-29,26000.0,CE,24.95,24.95,22620.45,4165775,12913,65
2026-09-30,IDO,2027-06-29,30000.0,CE,56.8,61.34,22620.45,3900,3,65
2026-09-30,IDO,2027-09-28,30000.0,CE,153.4,151.26,22620.45,0,0,65
2026-09-30,IDO,2027-12-28,24000.0,CE,1543.75,1543.75,22620.45,156780,461,65
